date,time,pair,side,occurrences
2025-10-22,10:38,KDAUSDT,SELL,11
2025-10-22,10:38,FETUSDT,SELL,9
2025-10-22,10:39,FETUSDT,SELL,9
2025-10-22,10:39,EVAAUSDT,BUY,7
2025-10-22,10:40,COAIUSDT,SELL,8
2025-10-22,10:40,XRPUSDT,SELL,7
2025-10-22,10:40,SNXUSDT,SELL,8
2025-10-22,10:41,币安人生USDT,SELL,12
2025-10-22,10:41,SNXUSDT,SELL,8
2025-10-22,10:41,RIVERUSDT,BUY,10
2025-10-22,10:42,XRPUSDT,SELL,10
2025-10-22,10:42,RIVERUSDT,BUY,8
2025-10-22,10:42,币安人生USDT,SELL,27
2025-10-22,10:42,ETHUSDT,SELL,8
2025-10-22,10:42,ASTERUSDT,SELL,8
2025-10-22,10:43,BNBUSDT,SELL,10
2025-10-22,10:43,ASTERUSDT,SELL,20
2025-10-22,10:43,ETHUSDT,SELL,10
2025-10-22,10:43,XRPUSDT,SELL,10
2025-10-22,10:43,SNXUSDT,SELL,8
2025-10-22,10:43,4USDT,SELL,9
2025-10-22,10:43,LINKUSDT,SELL,7
2025-10-22,10:44,ETHUSDT,SELL,7
2025-10-22,10:44,BNBUSDT,SELL,11
2025-10-22,10:44,ASTERUSDT,SELL,29
2025-10-22,10:44,4USDT,SELL,13
2025-10-22,10:44,XPLUSDT,SELL,7
2025-10-22,10:44,YBUSDT,SELL,7
2025-10-22,10:45,ZECUSDT,SELL,12
2025-10-22,10:45,ASTERUSDT,SELL,19
2025-10-22,10:45,XPLUSDT,SELL,7
2025-10-22,10:45,BNBUSDT,SELL,15
2025-10-22,10:45,币安人生USDT,SELL,7
2025-10-22,10:45,ETHUSDT,SELL,18
2025-10-22,10:45,SOLUSDT,SELL,10
2025-10-22,10:45,4USDT,SELL,8
2025-10-22,10:45,FETUSDT,SELL,11
2025-10-22,10:45,FARTCOINUSDT,SELL,7
2025-10-22,10:45,RIVERUSDT,BUY,12
2025-10-22,10:46,ETHUSDT,SELL,17
2025-10-22,10:46,FETUSDT,SELL,10
2025-10-22,10:46,SOLUSDT,SELL,9
2025-10-22,10:46,BTCUSDT,SELL,13
2025-10-22,10:46,ZECUSDT,SELL,9
2025-10-22,10:46,RIVERUSDT,BUY,17
2025-10-22,10:48,KDAUSDT,SELL,11
2025-10-22,10:49,ZECUSDT,SELL,9
2025-10-22,10:49,AIAUSDT,SELL,9
2025-10-22,10:50,KGENUSDT,SELL,8
2025-10-22,10:50,AIAUSDT,SELL,10
2025-10-22,10:50,BLUAIUSDT,SELL,8
2025-10-22,10:51,RVVUSDT,SELL,9
2025-10-22,10:51,AIAUSDT,SELL,13
2025-10-22,10:51,RIVERUSDT,BUY,9
2025-10-22,10:51,BLUAIUSDT,SELL,9
2025-10-22,10:51,COAIUSDT,SELL,19
2025-10-22,10:52,COAIUSDT,SELL,14
2025-10-22,10:52,EVAAUSDT,BUY,7
2025-10-22,10:54,FETUSDT,SELL,12
2025-10-22,10:55,FETUSDT,SELL,14
2025-10-22,10:55,EVAAUSDT,BUY,50
2025-10-22,10:59,RIVERUSDT,BUY,12
2025-10-22,11:00,KDAUSDT,BUY,18
2025-10-22,11:00,RIVERUSDT,BUY,24
2025-10-22,11:00,RVVUSDT,SELL,14
2025-10-22,11:00,EVAAUSDT,BUY,36
2025-10-22,11:00,LIGHTUSDT,SELL,14
2025-10-22,11:01,RVVUSDT,SELL,14
2025-10-22,11:01,RIVERUSDT,BUY,20
2025-10-22,11:01,EVAAUSDT,BUY,40
2025-10-22,11:01,KDAUSDT,BUY,12
2025-10-22,11:01,LIGHTUSDT,SELL,14
2025-10-22,11:01,YBUSDT,SELL,12
2025-10-22,11:01,BNBUSDT,SELL,10
2025-10-22,11:02,COAIUSDT,BUY,8
2025-10-22,11:02,CAKEUSDT,SELL,10
2025-10-22,11:02,BNBUSDT,SELL,12
2025-10-22,11:02,币安人生USDT,SELL,10
2025-10-22,11:04,ASTERUSDT,BUY,8
2025-10-22,11:04,RIVERUSDT,SELL,12
2025-10-22,11:04,EVAAUSDT,SELL,8
2025-10-22,11:06,TRUTHUSDT,BUY,12
2025-10-22,11:06,RIVERUSDT,BUY,8
2025-10-22,11:06,COAIUSDT,BUY,14
2025-10-22,11:06,ZECUSDT,BUY,10
2025-10-22,11:07,AIAUSDT,SELL,8
2025-10-22,11:07,BLESSUSDT,SELL,12
2025-10-22,11:07,COAIUSDT,BUY,16
2025-10-22,11:07,FUSDT,BUY,8
2025-10-22,11:07,ETHUSDT,BUY,12
2025-10-22,11:07,ZECUSDT,BUY,10
2025-10-22,11:09,币安人生USDT,BUY,7
2025-10-22,11:09,ARCUSDT,SELL,17
2025-10-22,11:10,BLUAIUSDT,BUY,11
2025-10-22,11:11,BLUAIUSDT,BUY,14
2025-10-22,11:11,RIVERUSDT,BUY,20
2025-10-22,11:11,XPINUSDT,SELL,10
2025-10-22,11:12,EVAAUSDT,BUY,30
2025-10-22,11:12,XPINUSDT,SELL,10
2025-10-22,11:12,BASUSDT,BUY,10
2025-10-22,11:13,BASUSDT,BUY,10
2025-10-22,11:13,AIAUSDT,BUY,10
2025-10-22,11:13,BLESSUSDT,SELL,8
2025-10-22,11:13,BLUAIUSDT,BUY,9
2025-10-22,11:14,BLESSUSDT,SELL,8
2025-10-22,11:14,RIVERUSDT,BUY,16
2025-10-22,11:14,BLUAIUSDT,BUY,17
2025-10-22,11:14,AIAUSDT,BUY,12
2025-10-22,11:15,BLUAIUSDT,BUY,8
2025-10-22,11:15,BLESSUSDT,SELL,7
2025-10-22,11:15,XPINUSDT,BUY,8
2025-10-22,11:16,4USDT,BUY,13
2025-10-22,11:16,XPINUSDT,BUY,14
2025-10-22,11:17,NILUSDT,SELL,18
2025-10-22,11:17,4USDT,BUY,8
2025-10-22,11:17,RIVERUSDT,BUY,8
2025-10-22,11:18,NILUSDT,SELL,14
2025-10-22,11:18,KDAUSDT,SELL,16
2025-10-22,11:18,RIVERUSDT,BUY,8
2025-10-22,11:18,AIAUSDT,SELL,18
2025-10-22,11:19,RIVERUSDT,BUY,20
2025-10-22,11:19,KDAUSDT,SELL,14
2025-10-22,11:19,AIAUSDT,SELL,24
2025-10-22,11:20,RIVERUSDT,BUY,18
2025-10-22,11:20,AUCTIONUSDT,SELL,20
2025-10-22,11:21,RIVERUSDT,BUY,8
2025-10-22,11:21,AUCTIONUSDT,SELL,16
2025-10-22,11:21,币安人生USDT,BUY,8
2025-10-22,11:22,1000FLOKIUSDT,SELL,10
2025-10-22,11:22,NILUSDT,SELL,8
2025-10-22,11:23,AIAUSDT,SELL,40
2025-10-22,11:23,NILUSDT,SELL,8
2025-10-22,11:23,EVAAUSDT,SELL,20
2025-10-22,11:23,RIVERUSDT,SELL,10
2025-10-22,11:24,EVAAUSDT,SELL,38
2025-10-22,11:24,RIVERUSDT,SELL,28
2025-10-22,11:24,BLUAIUSDT,SELL,12
2025-10-22,11:25,RIVERUSDT,SELL,54
2025-10-22,11:25,BLUAIUSDT,SELL,18
2025-10-22,11:26,KDAUSDT,SELL,14
2025-10-22,11:27,ZECUSDT,BUY,8
2025-10-22,11:29,币安人生USDT,SELL,10
2025-10-22,11:30,币安人生USDT,SELL,20
2025-10-22,11:30,XRPUSDT,SELL,8
2025-10-22,11:32,EVAAUSDT,SELL,16
2025-10-22,11:33,PORT3USDT,SELL,16
2025-10-22,11:33,TUTUSDT,SELL,8
2025-10-22,11:34,TUTUSDT,SELL,14
2025-10-22,11:34,PORT3USDT,SELL,12
2025-10-22,11:34,RIVERUSDT,BUY,18
2025-10-22,11:35,EVAAUSDT,BUY,20
2025-10-22,11:35,BLUAIUSDT,SELL,10
2025-10-22,11:35,1000FLOKIUSDT,SELL,10
2025-10-22,11:36,1000FLOKIUSDT,SELL,12
2025-10-22,11:36,NILUSDT,SELL,8
2025-10-22,11:37,KDAUSDT,SELL,12
2025-10-22,11:37,RIVERUSDT,BUY,8
2025-10-22,11:37,NILUSDT,SELL,8
2025-10-22,11:37,PORT3USDT,SELL,8
2025-10-22,11:38,LIGHTUSDT,SELL,14
2025-10-22,11:38,TUTUSDT,SELL,8
2025-10-22,11:39,LIGHTUSDT,SELL,16
2025-10-22,11:39,ZECUSDT,SELL,8
2025-10-22,11:39,TUTUSDT,SELL,8
2025-10-22,11:39,ZBTUSDT,BUY,10
2025-10-22,11:39,QUSDT,BUY,8
2025-10-22,11:40,ZBTUSDT,BUY,8
2025-10-22,11:40,QUSDT,BUY,8
2025-10-22,11:40,RVVUSDT,BUY,8
2025-10-22,11:41,RIVERUSDT,BUY,12
2025-10-22,11:41,RVVUSDT,BUY,8
2025-10-22,11:41,AIAUSDT,BUY,8
2025-10-22,11:41,1000FLOKIUSDT,SELL,12
2025-10-22,11:41,ZECUSDT,SELL,10
2025-10-22,11:41,XRPUSDT,SELL,8
2025-10-22,11:41,PAXGUSDT,SELL,8
2025-10-22,11:42,ZECUSDT,SELL,14
2025-10-22,11:42,1000FLOKIUSDT,SELL,10
2025-10-22,11:42,XRPUSDT,SELL,8
2025-10-22,11:42,ETHUSDT,SELL,10
2025-10-22,11:42,PAXGUSDT,SELL,8
2025-10-22,11:42,NILUSDT,SELL,8
2025-10-22,11:42,KDAUSDT,BUY,10
2025-10-22,11:43,ETHUSDT,SELL,10
2025-10-22,11:43,LISTAUSDT,SELL,8
2025-10-22,11:43,KDAUSDT,BUY,26
2025-10-22,11:43,ZECUSDT,SELL,14
2025-10-22,11:43,SOLUSDT,SELL,12
2025-10-22,11:43,DOGEUSDT,SELL,8
2025-10-22,11:44,SOLUSDT,SELL,12
2025-10-22,11:44,ZECUSDT,SELL,10
2025-10-22,11:44,TRUMPUSDT,SELL,8
2025-10-22,11:44,RVVUSDT,SELL,8
2025-10-22,11:44,DOGEUSDT,SELL,8
2025-10-22,11:45,RVVUSDT,SELL,10
2025-10-22,11:45,LIGHTUSDT,SELL,22
2025-10-22,11:45,EDUUSDT,SELL,8
2025-10-22,11:45,BLUAIUSDT,SELL,8
2025-10-22,11:46,NILUSDT,BUY,8
2025-10-22,11:46,EDUUSDT,SELL,26
2025-10-22,11:46,SOLUSDT,SELL,10
2025-10-22,11:47,BASUSDT,SELL,8
2025-10-22,11:47,RIVERUSDT,BUY,18
2025-10-22,11:47,SOLUSDT,SELL,16
2025-10-22,11:47,EDUUSDT,SELL,18
2025-10-22,11:47,BTCUSDT,SELL,12
2025-10-22,11:47,KDAUSDT,BUY,10
2025-10-22,11:48,XPINUSDT,SELL,28
2025-10-22,11:48,BTCUSDT,SELL,14
2025-10-22,11:48,ZECUSDT,SELL,10
2025-10-22,11:48,RVVUSDT,SELL,14
2025-10-22,11:48,SOLUSDT,SELL,12
2025-10-22,11:48,PUMPUSDT,SELL,8
2025-10-22,11:49,PUMPUSDT,SELL,8
2025-10-22,11:49,COAIUSDT,SELL,24
2025-10-22,11:49,RVVUSDT,SELL,30
2025-10-22,11:49,AVNTUSDT,BUY,10
2025-10-22,11:50,RVVUSDT,SELL,18
2025-10-22,11:50,AVNTUSDT,BUY,16
2025-10-22,11:50,NILUSDT,BUY,8
2025-10-22,11:50,COAIUSDT,SELL,18
2025-10-22,11:50,DOGEUSDT,SELL,8
2025-10-22,11:50,ETHUSDT,SELL,16
2025-10-22,11:50,BTCUSDT,SELL,16
2025-10-22,11:51,DOGEUSDT,SELL,12
2025-10-22,11:51,NILUSDT,BUY,10
2025-10-22,11:51,BTCUSDT,SELL,20
2025-10-22,11:51,ETHUSDC,SELL,8
2025-10-22,11:51,RIVERUSDT,SELL,12
2025-10-22,11:52,币安人生USDT,SELL,12
2025-10-22,11:52,CUDISUSDT,SELL,10
2025-10-22,11:52,LABUSDT,BUY,10
2025-10-22,11:53,币安人生USDT,SELL,10
2025-10-22,11:53,RIVERUSDT,BUY,8
2025-10-22,11:53,AIAUSDT,SELL,8
2025-10-22,11:53,LABUSDT,BUY,18
2025-10-22,11:54,LABUSDT,BUY,10
2025-10-22,11:54,PAXGUSDT,SELL,12
2025-10-22,11:54,币安人生USDT,SELL,8
2025-10-22,11:55,币安人生USDT,SELL,8
2025-10-22,11:55,TRXUSDT,SELL,14
2025-10-22,11:55,PAXGUSDT,SELL,12
2025-10-22,11:56,TRXUSDT,SELL,8
2025-10-22,11:56,PAXGUSDT,SELL,12
2025-10-22,11:56,币安人生USDT,SELL,12
2025-10-22,11:57,PAXGUSDT,SELL,8
2025-10-22,11:57,币安人生USDT,SELL,34
2025-10-22,11:57,RVVUSDT,SELL,8
2025-10-22,11:58,币安人生USDT,SELL,42
2025-10-22,11:58,RIVERUSDT,BUY,10
2025-10-22,11:58,RVVUSDT,SELL,10
2025-10-22,11:58,BIOUSDT,SELL,8
2025-10-22,11:58,ETHUSDT,SELL,18
2025-10-22,11:58,BLUAIUSDT,SELL,22
2025-10-22,11:59,ETHUSDT,SELL,24
2025-10-22,11:59,BTCUSDT,SELL,12
2025-10-22,11:59,币安人生USDT,SELL,24
2025-10-22,11:59,BLUAIUSDT,SELL,26
2025-10-22,11:59,RIVERUSDT,BUY,8
2025-10-22,12:00,AIAUSDT,SELL,8
2025-10-22,12:00,CUDISUSDT,SELL,12
2025-10-22,12:01,CUDISUSDT,SELL,12
2025-10-22,12:01,LABUSDT,BUY,16
2025-10-22,12:02,LABUSDT,BUY,28
2025-10-22,12:02,XRPUSDT,SELL,12
2025-10-22,12:02,TRUMPUSDT,SELL,14
2025-10-22,12:02,币安人生USDT,SELL,8
2025-10-22,12:02,HUSDT,BUY,8
2025-10-22,12:02,PAXGUSDT,SELL,14
2025-10-22,12:02,1000PEPEUSDT,SELL,8
2025-10-22,12:02,BTCUSDT,SELL,22
2025-10-22,12:02,DOGEUSDT,SELL,8
2025-10-22,12:02,DOTUSDT,SELL,8
2025-10-22,12:02,ETHUSDC,SELL,8
2025-10-22,12:03,LABUSDT,BUY,14
2025-10-22,12:03,TREEUSDT,SELL,12
2025-10-22,12:03,CUSDT,SELL,8
2025-10-22,12:03,PAXGUSDT,SELL,22
2025-10-22,12:03,AIAUSDT,SELL,12
2025-10-22,12:03,TRUMPUSDT,SELL,26
2025-10-22,12:03,RECALLUSDT,BUY,10
2025-10-22,12:03,1000PEPEUSDT,SELL,24
2025-10-22,12:03,FILUSDT,SELL,12
2025-10-22,12:03,FETUSDT,SELL,16
2025-10-22,12:03,SNXUSDT,SELL,14
2025-10-22,12:03,WLDUSDT,SELL,18
2025-10-22,12:03,DOGEUSDT,SELL,26
2025-10-22,12:03,ETCUSDT,SELL,10
2025-10-22,12:03,ADAUSDT,SELL,18
2025-10-22,12:03,DOTUSDT,SELL,24
2025-10-22,12:03,FUNUSDT,SELL,8
2025-10-22,12:03,OMUSDT,SELL,12
2025-10-22,12:03,ENAUSDT,SELL,12
2025-10-22,12:03,ETHUSDC,SELL,24
2025-10-22,12:03,XRPUSDT,SELL,30
2025-10-22,12:03,SOLUSDT,SELL,28
2025-10-22,12:03,ORDIUSDT,SELL,12
2025-10-22,12:03,LTCUSDT,SELL,16
2025-10-22,12:03,SANDUSDT,SELL,10
2025-10-22,12:03,NEIROUSDT,SELL,10
2025-10-22,12:03,ENJUSDT,SELL,8
2025-10-22,12:03,GALAUSDT,SELL,20
2025-10-22,12:03,ONDOUSDT,SELL,14
2025-10-22,12:03,TIAUSDT,SELL,12
2025-10-22,12:03,OPUSDT,SELL,16
2025-10-22,12:03,TAOUSDT,SELL,12
2025-10-22,12:03,SUIUSDT,SELL,16
2025-10-22,12:03,PENGUUSDT,SELL,18
2025-10-22,12:03,BTCUSDC,SELL,24
2025-10-22,12:03,BNBUSDT,SELL,26
2025-10-22,12:03,PNUTUSDT,SELL,10
2025-10-22,12:03,ZKUSDT,SELL,10
2025-10-22,12:03,HBARUSDT,SELL,14
2025-10-22,12:03,TURBOUSDT,SELL,12
2025-10-22,12:03,ETHFIUSDT,SELL,10
2025-10-22,12:03,MIRAUSDT,SELL,10
2025-10-22,12:03,XLMUSDT,SELL,10
2025-10-22,12:03,SEIUSDT,SELL,12
2025-10-22,12:03,CRVUSDT,SELL,16
2025-10-22,12:03,BCHUSDT,SELL,14
2025-10-22,12:03,ARBUSDT,SELL,10
2025-10-22,12:03,WLDUSDC,SELL,8
2025-10-22,12:03,SOMIUSDT,SELL,10
2025-10-22,12:03,WIFUSDT,SELL,10
2025-10-22,12:03,SOLUSDC,SELL,16
2025-10-22,12:03,BNBUSDC,SELL,8
2025-10-22,12:03,1000PEPEUSDC,SELL,10
2025-10-22,12:03,AVAXUSDT,SELL,16
2025-10-22,12:03,AAVEUSDT,SELL,10
2025-10-22,12:03,LINKUSDT,SELL,16
2025-10-22,12:03,MUBARAKUSDT,SELL,10
2025-10-22,12:03,HYPEUSDT,SELL,10
2025-10-22,12:03,KAITOUSDT,SELL,8
2025-10-22,12:03,EIGENUSDT,SELL,18
2025-10-22,12:03,WLFIUSDT,SELL,8
2025-10-22,12:03,1000SATSUSDT,SELL,10
2025-10-22,12:03,CATIUSDT,SELL,8
2025-10-22,12:03,ARKMUSDT,SELL,10
2025-10-22,12:03,DOGEUSDC,SELL,10
2025-10-22,12:03,WUSDT,SELL,8
2025-10-22,12:03,POLUSDT,SELL,10
2025-10-22,12:03,VETUSDT,SELL,8
2025-10-22,12:03,1000SHIBUSDT,SELL,16
2025-10-22,12:03,APTUSDT,SELL,8
2025-10-22,12:03,NEARUSDT,SELL,12
2025-10-22,12:03,MYXUSDT,SELL,8
2025-10-22,12:03,BLESSUSDT,SELL,10
2025-10-22,12:03,DASHUSDT,SELL,10
2025-10-22,12:03,XRPUSDC,SELL,10
2025-10-22,12:03,PORTALUSDT,SELL,8
2025-10-22,12:03,EVAAUSDT,BUY,58
2025-10-22,12:03,METUSDT,SELL,18
2025-10-22,12:03,1000FLOKIUSDT,SELL,10
2025-10-22,12:03,BBUSDT,SELL,8
2025-10-22,12:03,RVVUSDT,SELL,36
2025-10-22,12:03,HANAUSDT,SELL,8
2025-10-22,12:03,SUSDT,SELL,8
2025-10-22,12:03,ASTERUSDT,SELL,14
2025-10-22,12:03,SIGNUSDT,SELL,10
2025-10-22,12:03,ADAUSDC,SELL,8
2025-10-22,12:03,MEMEUSDT,SELL,8
2025-10-22,12:03,LINEAUSDT,SELL,10
2025-10-22,12:03,CFXUSDT,SELL,8
2025-10-22,12:03,SPKUSDT,SELL,8
2025-10-22,12:03,ALGOUSDT,SELL,8
2025-10-22,12:03,MBOXUSDT,SELL,8
2025-10-22,12:03,KGENUSDT,SELL,8
2025-10-22,12:03,ZBTUSDT,SELL,10
2025-10-22,12:03,CAKEUSDT,SELL,10
2025-10-22,12:03,LISTAUSDT,SELL,10
2025-10-22,12:03,CELOUSDT,SELL,8
2025-10-22,12:03,TLMUSDT,SELL,8
2025-10-22,12:03,VIRTUALUSDT,SELL,8
2025-10-22,12:03,ICPUSDT,SELL,8
2025-10-22,12:03,RENDERUSDT,SELL,8
2025-10-22,12:03,ZILUSDT,SELL,8
2025-10-22,12:03,MANTAUSDT,SELL,8
2025-10-22,12:03,BIOUSDT,SELL,8
2025-10-22,12:03,1000BONKUSDT,SELL,8
2025-10-22,12:03,UNIUSDT,SELL,8
2025-10-22,12:03,INJUSDT,SELL,8
2025-10-22,12:04,EVAAUSDT,BUY,36
2025-10-22,12:04,RVVUSDT,SELL,34
2025-10-22,12:04,BLESSUSDT,SELL,8
2025-10-22,12:04,BNBUSDT,SELL,20
2025-10-22,12:04,AIAUSDT,SELL,8
2025-10-22,12:04,RIVERUSDT,BUY,10
2025-10-22,12:04,HANAUSDT,SELL,8
2025-10-22,12:04,LINKUSDT,SELL,20
2025-10-22,12:04,SUIUSDT,SELL,16
2025-10-22,12:04,METUSDT,SELL,28
2025-10-22,12:04,PAXGUSDT,SELL,8
2025-10-22,12:04,BTCUSDC,SELL,20
2025-10-22,12:04,TRUMPUSDT,SELL,14
2025-10-22,12:04,NEIROUSDT,SELL,8
2025-10-22,12:04,XRPUSDT,SELL,22
2025-10-22,12:04,SOLUSDT,SELL,26
2025-10-22,12:04,OPENUSDT,SELL,12
2025-10-22,12:04,SUSDT,SELL,8
2025-10-22,12:04,AUSDT,SELL,8
2025-10-22,12:04,1000SHIBUSDT,SELL,16
2025-10-22,12:04,HYPEUSDT,SELL,8
2025-10-22,12:04,DOGEUSDT,SELL,24
2025-10-22,12:04,WLDUSDT,SELL,14
2025-10-22,12:04,BRETTUSDT,SELL,8
2025-10-22,12:04,ASTERUSDT,SELL,14
2025-10-22,12:04,DOTUSDT,SELL,16
2025-10-22,12:04,PENGUUSDT,SELL,14
2025-10-22,12:04,ENAUSDT,SELL,10
2025-10-22,12:04,BCHUSDT,SELL,12
2025-10-22,12:04,ETHUSDC,SELL,16
2025-10-22,12:04,FETUSDT,SELL,14
2025-10-22,12:04,SIGNUSDT,SELL,10
2025-10-22,12:04,GALAUSDT,SELL,16
2025-10-22,12:04,SEIUSDT,SELL,10
2025-10-22,12:04,ADAUSDC,SELL,8
2025-10-22,12:04,LTCUSDT,SELL,14
2025-10-22,12:04,AVAXUSDT,SELL,20
2025-10-22,12:04,OPUSDT,SELL,10
2025-10-22,12:04,MEMEUSDT,SELL,8
2025-10-22,12:04,1000PEPEUSDT,SELL,22
2025-10-22,12:04,ADAUSDT,SELL,12
2025-10-22,12:04,1000PEPEUSDC,SELL,10
2025-10-22,12:04,HBARUSDT,SELL,10
2025-10-22,12:04,LINEAUSDT,SELL,12
2025-10-22,12:04,EIGENUSDT,SELL,18
2025-10-22,12:04,MUBARAKUSDT,SELL,10
2025-10-22,12:04,SNXUSDT,SELL,10
2025-10-22,12:04,CFXUSDT,SELL,8
2025-10-22,12:04,BIOUSDC,SELL,8
2025-10-22,12:04,SPKUSDT,SELL,8
2025-10-22,12:04,SOLUSDC,SELL,14
2025-10-22,12:04,1000SATSUSDT,SELL,8
2025-10-22,12:04,DASHUSDT,SELL,10
2025-10-22,12:04,ALGOUSDT,SELL,8
2025-10-22,12:04,CRVUSDT,SELL,12
2025-10-22,12:04,MBOXUSDT,SELL,8
2025-10-22,12:04,KGENUSDT,SELL,8
2025-10-22,12:04,ZBTUSDT,SELL,10
2025-10-22,12:04,AAVEUSDT,SELL,10
2025-10-22,12:04,FILUSDT,SELL,10
2025-10-22,12:04,POLUSDT,SELL,8
2025-10-22,12:04,CAKEUSDT,SELL,10
2025-10-22,12:04,LISTAUSDT,SELL,10
2025-10-22,12:04,ORDIUSDT,SELL,10
2025-10-22,12:04,STORJUSDT,SELL,8
2025-10-22,12:04,XAIUSDT,SELL,10
2025-10-22,12:04,CELOUSDT,SELL,8
2025-10-22,12:04,TLMUSDT,SELL,14
2025-10-22,12:04,XRPUSDC,SELL,8
2025-10-22,12:04,PNUTUSDT,SELL,10
2025-10-22,12:04,TURBOUSDT,SELL,8
2025-10-22,12:04,SANDUSDT,SELL,8
2025-10-22,12:04,VIRTUALUSDT,SELL,8
2025-10-22,12:04,ARBUSDT,SELL,8
2025-10-22,12:04,ICPUSDT,SELL,10
2025-10-22,12:04,DOGEUSDC,SELL,12
2025-10-22,12:04,ZKUSDT,SELL,8
2025-10-22,12:04,ONDOUSDT,SELL,12
2025-10-22,12:04,DYDXUSDT,SELL,8
2025-10-22,12:04,OMUSDT,SELL,10
2025-10-22,12:04,BNBUSDC,SELL,8
2025-10-22,12:04,ARKMUSDT,SELL,10
2025-10-22,12:04,RENDERUSDT,SELL,8
2025-10-22,12:04,TIAUSDT,SELL,10
2025-10-22,12:04,TAOUSDT,SELL,12
2025-10-22,12:04,ENJUSDT,SELL,8
2025-10-22,12:04,ZILUSDT,SELL,8
2025-10-22,12:04,MANTAUSDT,SELL,10
2025-10-22,12:04,XLMUSDT,SELL,8
2025-10-22,12:04,APEUSDT,SELL,8
2025-10-22,12:04,JTOUSDT,SELL,8
2025-10-22,12:04,BIOUSDT,SELL,10
2025-10-22,12:04,ATOMUSDT,SELL,8
2025-10-22,12:04,1000BONKUSDT,SELL,10
2025-10-22,12:04,UNIUSDT,SELL,10
2025-10-22,12:04,1000FLOKIUSDT,SELL,14
2025-10-22,12:04,BBUSDT,SELL,8
2025-10-22,12:04,INJUSDT,SELL,8
2025-10-22,12:04,APTUSDT,SELL,8
2025-10-22,12:04,SOMIUSDT,SELL,8
2025-10-22,12:04,HOOKUSDT,SELL,8
2025-10-22,12:04,MELANIAUSDT,SELL,8
2025-10-22,12:04,EDENUSDT,SELL,10
2025-10-22,12:04,FARTCOINUSDT,SELL,8
2025-10-22,12:05,OPENUSDT,SELL,8
2025-10-22,12:05,AVAXUSDT,SELL,8
2025-10-22,12:05,METUSDT,SELL,12
2025-10-22,12:05,EVAAUSDT,SELL,8
2025-10-22,12:06,EVAAUSDT,SELL,8
2025-10-22,12:06,BTCUSDT,BUY,8
2025-10-22,12:06,BASUSDT,BUY,16
2025-10-22,12:06,CUDISUSDT,SELL,8
2025-10-22,12:07,CUDISUSDT,SELL,8
2025-10-22,12:07,RVVUSDT,SELL,38
2025-10-22,12:07,币安人生USDT,SELL,18
2025-10-22,12:07,BLUAIUSDT,SELL,8
2025-10-22,12:07,XPINUSDT,BUY,18
2025-10-22,12:07,BASUSDT,BUY,10
2025-10-22,12:08,币安人生USDT,SELL,16
2025-10-22,12:08,CUDISUSDT,SELL,8
2025-10-22,12:09,HUSDT,BUY,8
2025-10-22,12:10,HUSDT,BUY,8
2025-10-22,12:10,AIAUSDT,SELL,8
2025-10-22,12:11,BTCUSDT,BUY,20
2025-10-22,12:11,SOLUSDT,BUY,22
2025-10-22,12:11,FFUSDT,BUY,10
2025-10-22,12:11,HUSDT,BUY,16
2025-10-22,12:11,NILUSDT,BUY,8
2025-10-22,12:11,XRPUSDT,BUY,12
2025-10-22,12:12,KDAUSDT,BUY,8
2025-10-22,12:12,BTCUSDT,BUY,40
2025-10-22,12:12,SOLUSDT,BUY,34
2025-10-22,12:12,HUSDT,BUY,18
2025-10-22,12:12,FFUSDT,BUY,8
2025-10-22,12:12,4USDT,BUY,14
2025-10-22,12:12,NILUSDT,BUY,10
2025-10-22,12:12,XRPUSDT,BUY,20
2025-10-22,12:12,DOGEUSDT,BUY,8
2025-10-22,12:12,KGENUSDT,BUY,12
2025-10-22,12:12,ZECUSDT,BUY,12
2025-10-22,12:12,BNBUSDT,BUY,8
2025-10-22,12:13,RIVERUSDT,BUY,10
2025-10-22,12:13,4USDT,BUY,16
2025-10-22,12:13,KGENUSDT,BUY,12
2025-10-22,12:13,SOLUSDT,BUY,20
2025-10-22,12:13,BLUAIUSDT,BUY,12
2025-10-22,12:13,ETHUSDT,BUY,26
2025-10-22,12:13,XRPUSDT,BUY,8
2025-10-22,12:13,BNBUSDT,BUY,8
2025-10-22,12:13,CLOUSDT,BUY,8
2025-10-22,12:13,ENAUSDT,BUY,10
2025-10-22,12:13,NILUSDT,BUY,8
2025-10-22,12:14,RIVERUSDT,BUY,30
2025-10-22,12:14,ENAUSDT,BUY,12
2025-10-22,12:14,4USDT,BUY,32
2025-10-22,12:15,4USDT,BUY,26
2025-10-22,12:15,ENAUSDT,BUY,8
2025-10-22,12:15,RIVERUSDT,BUY,52
2025-10-22,12:15,LIGHTUSDT,SELL,14
2025-10-22,12:15,UBUSDT,SELL,10
2025-10-22,12:15,LABUSDT,SELL,10
2025-10-22,12:16,LIGHTUSDT,SELL,18
2025-10-22,12:16,RIVERUSDT,BUY,48
2025-10-22,12:16,UBUSDT,SELL,10
2025-10-22,12:16,LABUSDT,SELL,12
2025-10-22,12:16,ENAUSDT,BUY,10
2025-10-22,12:17,AIAUSDT,SELL,10
2025-10-22,12:17,ENAUSDT,BUY,8
2025-10-22,12:17,COAIUSDT,SELL,18
2025-10-22,12:17,ETHUSDT,SELL,12
2025-10-22,12:18,KGENUSDT,BUY,8
2025-10-22,12:18,XPINUSDT,BUY,18
2025-10-22,12:18,KDAUSDT,SELL,12
2025-10-22,12:18,FFUSDT,BUY,10
2025-10-22,12:19,KDAUSDT,SELL,12
2025-10-22,12:19,BTCUSDT,BUY,12
2025-10-22,12:19,FFUSDT,BUY,18
2025-10-22,12:19,ETHUSDT,BUY,12
2025-10-22,12:20,FFUSDT,BUY,10
2025-10-22,12:20,COAIUSDT,SELL,20
2025-10-22,12:20,STBLUSDT,BUY,20
2025-10-22,12:20,SOLUSDT,BUY,16
2025-10-22,12:20,ETHUSDT,BUY,14
2025-10-22,12:20,BTCUSDT,BUY,8
2025-10-22,12:21,STBLUSDT,BUY,14
2025-10-22,12:21,SOLUSDT,BUY,14
2025-10-22,12:21,ETHUSDT,BUY,18
2025-10-22,12:21,BTCUSDT,BUY,12
2025-10-22,12:21,RIVERUSDT,BUY,8
2025-10-22,12:21,XRPUSDT,BUY,10
2025-10-22,12:21,USELESSUSDT,BUY,10
2025-10-22,12:22,ETHUSDT,BUY,10
2025-10-22,12:22,MLNUSDT,BUY,10
2025-10-22,12:22,USELESSUSDT,BUY,10
2025-10-22,12:23,RIVERUSDT,SELL,16
2025-10-22,12:24,LABUSDT,SELL,10
2025-10-22,12:24,LIGHTUSDT,SELL,14
2025-10-22,12:25,LIGHTUSDT,SELL,28
2025-10-22,12:25,RIVERUSDT,BUY,34
2025-10-22,12:25,LABUSDT,SELL,12
2025-10-22,12:26,LABUSDT,SELL,10
2025-10-22,12:26,LIGHTUSDT,SELL,16
2025-10-22,12:26,COAIUSDT,SELL,36
2025-10-22,12:27,COAIUSDT,SELL,40
2025-10-22,12:27,KGENUSDT,BUY,14
2025-10-22,12:28,KGENUSDT,BUY,14
2025-10-22,12:28,BLUAIUSDT,BUY,8
2025-10-22,12:28,COAIUSDT,SELL,28
2025-10-22,12:28,BLESSUSDT,SELL,16
2025-10-22,12:29,RIVERUSDT,SELL,28
2025-10-22,12:29,BLESSUSDT,SELL,14
2025-10-22,12:29,COAIUSDT,SELL,22
2025-10-22,12:29,RVVUSDT,BUY,10
2025-10-22,12:29,BLUAIUSDT,BUY,8
2025-10-22,12:30,COAIUSDT,SELL,8
2025-10-22,12:30,KDAUSDT,SELL,8
2025-10-22,12:31,KDAUSDT,SELL,8
2025-10-22,12:32,BLESSUSDT,SELL,8
2025-10-22,12:33,BLESSUSDT,SELL,8
2025-10-22,12:34,ENAUSDT,BUY,10
2025-10-22,12:34,币安人生USDT,SELL,8
2025-10-22,12:34,KGENUSDT,BUY,10
2025-10-22,12:35,KGENUSDT,BUY,14
2025-10-22,12:35,RIVERUSDT,BUY,10
2025-10-22,12:35,ENAUSDT,BUY,8
2025-10-22,12:36,RIVERUSDT,BUY,8
2025-10-22,12:37,RIVERUSDT,BUY,14
2025-10-22,12:37,KDAUSDT,SELL,8
2025-10-22,12:38,KDAUSDT,SELL,8
2025-10-22,12:38,RIVERUSDT,BUY,12
2025-10-22,12:38,币安人生USDT,BUY,22
2025-10-22,12:38,HUSDT,SELL,14
2025-10-22,12:39,币安人生USDT,BUY,16
2025-10-22,12:39,HUSDT,SELL,8
2025-10-22,12:39,KGENUSDT,BUY,8
2025-10-22,12:39,BROCCOLIF3BUSDT,BUY,8
2025-10-22,12:39,EVAAUSDT,SELL,28
2025-10-22,12:40,EVAAUSDT,SELL,32
2025-10-22,12:41,RIVERUSDT,SELL,24
2025-10-22,12:41,AIAUSDT,SELL,12
2025-10-22,12:41,COAIUSDT,BUY,10
2025-10-22,12:42,AIAUSDT,SELL,12
2025-10-22,12:42,BASUSDT,SELL,10
2025-10-22,12:42,XPINUSDT,SELL,10
2025-10-22,12:42,BROCCOLIF3BUSDT,SELL,10
2025-10-22,12:43,BASUSDT,SELL,10
2025-10-22,12:43,XPINUSDT,SELL,10
2025-10-22,12:43,KDAUSDT,SELL,8
2025-10-22,12:43,币安人生USDT,SELL,8
2025-10-22,12:43,BLESSUSDT,SELL,8
2025-10-22,12:43,BROCCOLIF3BUSDT,SELL,10
2025-10-22,12:44,BTCUSDT,SELL,8
2025-10-22,12:45,BROCCOLIF3BUSDT,SELL,14
2025-10-22,12:46,BROCCOLIF3BUSDT,SELL,14
2025-10-22,12:46,BTCUSDT,SELL,12
2025-10-22,12:46,BLUAIUSDT,BUY,8
2025-10-22,12:47,BTCUSDT,SELL,24
2025-10-22,12:47,BLUAIUSDT,BUY,10
2025-10-22,12:48,BTCUSDT,SELL,12
2025-10-22,12:49,RIVERUSDT,SELL,16
2025-10-22,12:49,LABUSDT,SELL,12
2025-10-22,12:49,BTCUSDT,SELL,10
2025-10-22,12:49,TRUTHUSDT,SELL,12
2025-10-22,12:50,LABUSDT,SELL,24
2025-10-22,12:50,RIVERUSDT,SELL,28
2025-10-22,12:50,BTCUSDT,SELL,32
2025-10-22,12:50,TRUTHUSDT,SELL,14
2025-10-22,12:50,BASUSDT,SELL,8
2025-10-22,12:50,COAIUSDT,SELL,10
2025-10-22,12:51,BTCUSDT,SELL,24
2025-10-22,12:51,COAIUSDT,SELL,10
2025-10-22,12:51,LABUSDT,SELL,12
2025-10-22,12:51,ETHUSDT,SELL,16
2025-10-22,12:52,RVVUSDT,SELL,8
2025-10-22,12:52,TAGUSDT,SELL,10
2025-10-22,12:52,LABUSDT,SELL,20
2025-10-22,12:53,LABUSDT,SELL,20
2025-10-22,12:53,XPINUSDT,SELL,10
2025-10-22,12:53,BASUSDT,SELL,8
2025-10-22,12:53,BLUAIUSDT,SELL,12
2025-10-22,12:54,BLUAIUSDT,SELL,12
2025-10-22,12:54,BASUSDT,SELL,10
2025-10-22,12:54,LIGHTUSDT,SELL,8
2025-10-22,12:55,EVAAUSDT,BUY,8
2025-10-22,12:55,LIGHTUSDT,SELL,8
2025-10-22,12:55,TANSSIUSDT,BUY,8
2025-10-22,12:56,TANSSIUSDT,BUY,20
2025-10-22,12:56,LIGHTUSDT,SELL,10
2025-10-22,12:57,TANSSIUSDT,BUY,14
2025-10-22,12:57,UBUSDT,SELL,10
2025-10-22,12:57,RIVERUSDT,BUY,10
2025-10-22,12:58,RIVERUSDT,BUY,10
2025-10-22,12:58,EVAAUSDT,SELL,14
2025-10-22,12:59,EVAAUSDT,SELL,12
2025-10-22,13:00,AIAUSDT,SELL,8
2025-10-22,13:00,RIVERUSDT,BUY,14
2025-10-22,13:01,RIVERUSDT,BUY,44
2025-10-22,13:01,币安人生USDT,BUY,12
2025-10-22,13:01,KDAUSDT,BUY,10
2025-10-22,13:01,FFUSDT,BUY,8
2025-10-22,13:02,BLUAIUSDT,BUY,8
2025-10-22,13:02,KDAUSDT,BUY,10
2025-10-22,13:02,FFUSDT,BUY,8
2025-10-22,13:02,DOODUSDT,BUY,8
2025-10-22,13:03,DOODUSDT,BUY,8
2025-10-22,13:03,AVNTUSDT,SELL,8
2025-10-22,13:03,UBUSDT,SELL,10
2025-10-22,13:04,MUSDT,BUY,8
2025-10-22,13:04,UBUSDT,SELL,12
2025-10-22,13:05,UBUSDT,SELL,10
2025-10-22,13:05,TAUSDT,SELL,10
2025-10-22,13:05,MUSDT,BUY,8
2025-10-22,13:06,MUSDT,BUY,8
2025-10-22,13:06,UBUSDT,SELL,12
2025-10-22,13:06,TAUSDT,SELL,8
2025-10-22,13:06,RVVUSDT,BUY,8
2025-10-22,13:06,KDAUSDT,BUY,10
2025-10-22,13:06,EVAAUSDT,BUY,20
2025-10-22,13:07,KDAUSDT,BUY,12
2025-10-22,13:07,KGENUSDT,SELL,12
2025-10-22,13:07,EVAAUSDT,BUY,36
2025-10-22,13:07,RVVUSDT,BUY,18
2025-10-22,13:07,AIAUSDT,SELL,8
2025-10-22,13:08,RVVUSDT,BUY,18
2025-10-22,13:08,BLUAIUSDT,BUY,8
2025-10-22,13:08,KDAUSDT,BUY,8
2025-10-22,13:08,FUSDT,BUY,18
2025-10-22,13:09,BLUAIUSDT,BUY,14
2025-10-22,13:09,币安人生USDT,BUY,8
2025-10-22,13:09,FUSDT,BUY,30
2025-10-22,13:09,RIVERUSDT,SELL,10
2025-10-22,13:10,BLUAIUSDT,BUY,12
2025-10-22,13:10,FUSDT,BUY,24
2025-10-22,13:10,RIVERUSDT,SELL,26
2025-10-22,13:10,KDAUSDT,BUY,8
2025-10-22,13:11,FUSDT,BUY,12
2025-10-22,13:11,AIAUSDT,SELL,8
2025-10-22,13:12,AIAUSDT,SELL,16
2025-10-22,13:12,BLUAIUSDT,BUY,14
2025-10-22,13:12,COAIUSDT,BUY,16
2025-10-22,13:13,AIAUSDT,SELL,12
2025-10-22,13:13,ETHUSDT,BUY,8
2025-10-22,13:13,BLUAIUSDT,BUY,40
2025-10-22,13:13,COAIUSDT,BUY,38
2025-10-22,13:14,COAIUSDT,BUY,22
2025-10-22,13:15,RIVERUSDT,BUY,8
2025-10-22,13:15,ETHUSDT,BUY,22
2025-10-22,13:15,ZECUSDT,BUY,14
2025-10-22,13:16,ZECUSDT,BUY,20
2025-10-22,13:16,SOLUSDT,BUY,18
2025-10-22,13:16,ETHUSDC,BUY,8
2025-10-22,13:16,1000PEPEUSDT,BUY,8
2025-10-22,13:16,BASUSDT,SELL,8
2025-10-22,13:17,XPINUSDT,BUY,12
2025-10-22,13:17,ZECUSDT,BUY,8
2025-10-22,13:17,SOLUSDT,BUY,18
2025-10-22,13:17,BTCUSDT,BUY,12
2025-10-22,13:17,1000PEPEUSDT,BUY,14
2025-10-22,13:17,XRPUSDT,BUY,10
2025-10-22,13:17,AIAUSDT,SELL,10
2025-10-22,13:17,RIVERUSDT,BUY,10
2025-10-22,13:17,DAMUSDT,BUY,8
2025-10-22,13:18,XPINUSDT,BUY,8
2025-10-22,13:18,1000PEPEUSDT,BUY,12
2025-10-22,13:18,ETHUSDT,BUY,26
2025-10-22,13:18,SOLUSDT,BUY,14
2025-10-22,13:18,BTCUSDT,BUY,10
2025-10-22,13:18,XRPUSDT,BUY,14
2025-10-22,13:18,DAMUSDT,BUY,8
2025-10-22,13:19,XRPUSDT,BUY,8
2025-10-22,13:19,SOLUSDT,BUY,16
2025-10-22,13:19,BTCUSDT,BUY,12
2025-10-22,13:19,ETHUSDT,BUY,18
2025-10-22,13:19,XPINUSDT,BUY,8
2025-10-22,13:20,KDAUSDT,SELL,8
2025-10-22,13:21,KDAUSDT,SELL,8
2025-10-22,13:21,RIVERUSDT,SELL,8
2025-10-22,13:21,币安人生USDT,BUY,8
2025-10-22,13:22,币安人生USDT,BUY,10
2025-10-22,13:22,RIVERUSDT,SELL,10
2025-10-22,13:22,RVVUSDT,SELL,10
2025-10-22,13:23,RVVUSDT,SELL,12
2025-10-22,13:24,币安人生USDT,BUY,10
2025-10-22,13:25,币安人生USDT,BUY,28
2025-10-22,13:25,AIAUSDT,SELL,10
2025-10-22,13:26,币安人生USDT,BUY,22
2025-10-22,13:26,KDAUSDT,SELL,8
2025-10-22,13:26,AIAUSDT,SELL,28
2025-10-22,13:27,AIAUSDT,SELL,22
2025-10-22,13:27,KDAUSDT,SELL,8
2025-10-22,13:27,YBUSDT,BUY,14
2025-10-22,13:27,FFUSDT,BUY,8
2025-10-22,13:27,COAIUSDT,BUY,10
2025-10-22,13:27,BTCUSDT,BUY,8
2025-10-22,13:27,EVAAUSDT,SELL,8
2025-10-22,13:28,COAIUSDT,BUY,8
2025-10-22,13:28,BTCUSDT,BUY,8
2025-10-22,13:28,YBUSDT,BUY,8
2025-10-22,13:28,EVAAUSDT,SELL,8
2025-10-22,13:29,HANAUSDT,SELL,8
2025-10-22,13:29,FUSDT,SELL,12
2025-10-22,13:30,HANAUSDT,SELL,8
2025-10-22,13:30,FUSDT,SELL,16
2025-10-22,13:31,币安人生USDT,BUY,12
2025-10-22,13:31,UBUSDT,SELL,12
2025-10-22,13:32,UBUSDT,SELL,16
2025-10-22,13:32,AIAUSDT,SELL,14
2025-10-22,13:32,KDAUSDT,SELL,8
2025-10-22,13:32,AUCTIONUSDT,SELL,12
2025-10-22,13:32,XPINUSDT,SELL,8
2025-10-22,13:33,AUCTIONUSDT,SELL,12
2025-10-22,13:33,XPINUSDT,SELL,8
2025-10-22,13:33,KDAUSDT,SELL,8
2025-10-22,13:33,AIAUSDT,SELL,12
2025-10-22,13:33,COAIUSDT,BUY,12
2025-10-22,13:34,COAIUSDT,BUY,14
2025-10-22,13:34,KDAUSDT,SELL,8
2025-10-22,13:34,RIVERUSDT,BUY,10
2025-10-22,13:35,COAIUSDT,BUY,12
2025-10-22,13:36,COAIUSDT,BUY,10
2025-10-22,13:38,ETHUSDT,BUY,8
2025-10-22,13:38,BLUAIUSDT,BUY,26
2025-10-22,13:39,ETHUSDT,BUY,10
2025-10-22,13:39,BTCUSDT,BUY,12
2025-10-22,13:40,RIVERUSDT,BUY,18
2025-10-22,13:40,BTCUSDT,BUY,14
2025-10-22,13:41,BLUAIUSDT,SELL,10
2025-10-22,13:41,RIVERUSDT,BUY,20
2025-10-22,13:42,BTCUSDT,BUY,20
2025-10-22,13:42,币安人生USDT,BUY,20
2025-10-22,13:42,ETHUSDT,BUY,10
2025-10-22,13:43,BTCUSDT,BUY,18
2025-10-22,13:43,ETHUSDT,BUY,10
2025-10-22,13:43,BLESSUSDT,BUY,12
2025-10-22,13:45,币安人生USDT,BUY,8
2025-10-22,13:45,4USDT,SELL,8
2025-10-22,13:45,EVAAUSDT,SELL,8
2025-10-22,13:46,4USDT,SELL,10
2025-10-22,13:46,BLUAIUSDT,SELL,14
2025-10-22,13:46,STBLUSDT,SELL,14
2025-10-22,13:46,币安人生USDT,BUY,14
2025-10-22,13:47,STBLUSDT,SELL,8
2025-10-22,13:47,4USDT,SELL,18
2025-10-22,13:48,4USDT,SELL,16
2025-10-22,13:48,KDAUSDT,SELL,12
2025-10-22,13:48,UBUSDT,SELL,10
2025-10-22,13:50,RIVERUSDT,BUY,22
2025-10-22,13:50,EVAAUSDT,SELL,8
2025-10-22,13:50,BLUAIUSDT,SELL,16
2025-10-22,13:50,币安人生USDT,SELL,10
2025-10-22,13:51,BLUAIUSDT,SELL,12
2025-10-22,13:53,BLUAIUSDT,BUY,10
2025-10-22,13:53,BNBUSDT,BUY,8
2025-10-22,13:54,BLUAIUSDT,BUY,30
2025-10-22,13:54,BNBUSDT,BUY,8
2025-10-22,13:54,4USDT,SELL,10
2025-10-22,13:54,XPINUSDT,BUY,8
2025-10-22,13:54,BLESSUSDT,BUY,16
2025-10-22,13:54,UBUSDT,SELL,10
2025-10-22,13:55,BLUAIUSDT,BUY,30
2025-10-22,13:55,UBUSDT,SELL,10
2025-10-22,13:55,BLESSUSDT,BUY,16
2025-10-22,13:55,KGENUSDT,BUY,10
2025-10-22,13:55,BNBUSDT,BUY,14
2025-10-22,13:56,BNBUSDT,BUY,14
2025-10-22,13:56,BLUAIUSDT,BUY,8
2025-10-22,13:56,KGENUSDT,BUY,8
2025-10-22,13:57,BLUAIUSDT,BUY,30
2025-10-22,13:58,UBUSDT,SELL,8
2025-10-22,13:59,EVAAUSDT,BUY,12
2025-10-22,14:00,BLUAIUSDT,BUY,10
2025-10-22,14:01,RIVERUSDT,BUY,16
2025-10-22,14:01,AVNTUSDT,BUY,8
2025-10-22,14:02,AVNTUSDT,BUY,10
2025-10-22,14:03,EVAAUSDT,SELL,18
2025-10-22,14:03,SOLUSDT,SELL,10
2025-10-22,14:04,EVAAUSDT,SELL,12
2025-10-22,14:04,SOLUSDT,SELL,10
2025-10-22,14:05,ASTERUSDT,SELL,8
2025-10-22,14:05,4USDT,SELL,8
2025-10-22,14:05,ETHUSDT,SELL,10
2025-10-22,14:06,ETHUSDT,SELL,10
2025-10-22,14:07,EVAAUSDT,BUY,8
2025-10-22,14:07,RVVUSDT,SELL,8
2025-10-22,14:07,AIAUSDT,SELL,18
2025-10-22,14:08,RVVUSDT,SELL,12
2025-10-22,14:08,AIAUSDT,SELL,20
2025-10-22,14:08,EVAAUSDT,BUY,8
2025-10-22,14:08,XPINUSDT,SELL,12
2025-10-22,14:08,4USDT,SELL,14
2025-10-22,14:09,4USDT,SELL,8
2025-10-22,14:09,RVVUSDT,SELL,18
2025-10-22,14:09,AIAUSDT,SELL,16
2025-10-22,14:10,AIAUSDT,SELL,12
2025-10-22,14:10,AVNTUSDT,BUY,24
2025-10-22,14:11,AVNTUSDT,BUY,26
2025-10-22,14:11,BLUAIUSDT,BUY,10
2025-10-22,14:11,BLESSUSDT,BUY,10
2025-10-22,14:11,ETHUSDT,BUY,18
2025-10-22,14:11,BTCUSDT,BUY,8
2025-10-22,14:12,ETHUSDT,BUY,22
2025-10-22,14:12,BTCUSDT,BUY,14
2025-10-22,14:12,COAIUSDT,BUY,10
2025-10-22,14:13,AVNTUSDT,BUY,10
2025-10-22,14:13,BTCUSDT,BUY,10
2025-10-22,14:13,BNBUSDT,BUY,10
2025-10-22,14:13,COAIUSDT,BUY,26
2025-10-22,14:13,ETHUSDT,BUY,12
2025-10-22,14:13,RIVERUSDT,SELL,8
2025-10-22,14:14,ETHUSDT,BUY,8
2025-10-22,14:14,COAIUSDT,BUY,22
2025-10-22,14:14,AVNTUSDT,BUY,8
2025-10-22,14:14,RIVERUSDT,SELL,10
2025-10-22,14:14,币安人生USDT,SELL,8
2025-10-22,14:14,ZECUSDT,SELL,8
2025-10-22,14:14,RVVUSDT,BUY,12
2025-10-22,14:15,RVVUSDT,BUY,12
2025-10-22,14:15,RIVERUSDT,SELL,8
2025-10-22,14:15,ZECUSDT,SELL,10
2025-10-22,14:15,LIGHTUSDT,SELL,62
2025-10-22,14:15,COAIUSDT,BUY,8
2025-10-22,14:15,HUSDT,SELL,10
2025-10-22,14:16,KDAUSDT,SELL,14
2025-10-22,14:16,HANAUSDT,SELL,24
2025-10-22,14:16,ZORAUSDT,SELL,10
2025-10-22,14:16,HUSDT,SELL,12
2025-10-22,14:17,KDAUSDT,SELL,12
2025-10-22,14:17,HANAUSDT,SELL,20
2025-10-22,14:17,TAGUSDT,SELL,12
2025-10-22,14:18,TAGUSDT,SELL,10
2025-10-22,14:19,LABUSDT,SELL,8
2025-10-22,14:19,AVNTUSDT,BUY,12
2025-10-22,14:20,AVNTUSDT,BUY,14
2025-10-22,14:20,TRUTHUSDT,BUY,8
2025-10-22,14:20,COAIUSDT,BUY,24
2025-10-22,14:21,COAIUSDT,BUY,22
2025-10-22,14:21,QUSDT,SELL,10
2025-10-22,14:22,BLESSUSDT,SELL,8
2025-10-22,14:22,AIAUSDT,SELL,12
2025-10-22,14:22,币安人生USDT,SELL,14
2025-10-22,14:22,BLUAIUSDT,SELL,28
2025-10-22,14:22,QUSDT,SELL,14
2025-10-22,14:23,币安人生USDT,SELL,22
2025-10-22,14:23,AIAUSDT,SELL,10
2025-10-22,14:23,BLUAIUSDT,SELL,36
2025-10-22,14:24,AVNTUSDT,BUY,14
2025-10-22,14:24,币安人生USDT,SELL,10
2025-10-22,14:27,KDAUSDT,SELL,14
2025-10-22,14:28,KDAUSDT,SELL,14
2025-10-22,14:28,BLUAIUSDT,SELL,8
2025-10-22,14:28,LIGHTUSDT,SELL,8
2025-10-22,14:29,LIGHTUSDT,SELL,8
2025-10-22,14:29,RIVERUSDT,BUY,10
2025-10-22,14:29,BLUAIUSDT,SELL,10
2025-10-22,14:29,EVAAUSDT,SELL,8
2025-10-22,14:30,ZECUSDT,SELL,12
2025-10-22,14:30,ETHUSDT,SELL,14
2025-10-22,14:31,ETHUSDT,SELL,14
2025-10-22,14:31,KDAUSDT,SELL,8
2025-10-22,14:32,BTCUSDT,SELL,18
2025-10-22,14:32,ETHUSDT,SELL,14
2025-10-22,14:33,BLESSUSDT,SELL,8
2025-10-22,14:33,BTCUSDT,SELL,34
2025-10-22,14:33,HANAUSDT,SELL,34
2025-10-22,14:33,ETHUSDT,SELL,28
2025-10-22,14:33,BLUAIUSDT,SELL,26
2025-10-22,14:34,BTCUSDT,SELL,22
2025-10-22,14:34,ETHUSDT,SELL,24
2025-10-22,14:34,ZECUSDT,SELL,8
2025-10-22,14:34,LINKUSDT,SELL,8
2025-10-22,14:34,ASTERUSDT,SELL,16
2025-10-22,14:34,DOGEUSDT,SELL,10
2025-10-22,14:34,HANAUSDT,SELL,46
2025-10-22,14:34,LABUSDT,SELL,8
2025-10-22,14:34,BLUAIUSDT,SELL,52
2025-10-22,14:34,RVVUSDT,SELL,8
2025-10-22,14:34,币安人生USDT,SELL,10
2025-10-22,14:34,TRUTHUSDT,BUY,8
2025-10-22,14:34,XPINUSDT,SELL,14
2025-10-22,14:35,BLUAIUSDT,SELL,42
2025-10-22,14:35,HANAUSDT,SELL,16
2025-10-22,14:35,LINKUSDT,SELL,10
2025-10-22,14:35,SOLUSDT,SELL,18
2025-10-22,14:35,ASTERUSDT,SELL,22
2025-10-22,14:35,1000PEPEUSDT,SELL,8
2025-10-22,14:35,DOGEUSDT,SELL,10
2025-10-22,14:35,ETHUSDT,SELL,14
2025-10-22,14:35,BTCUSDT,SELL,14
2025-10-22,14:35,XPINUSDT,SELL,14
2025-10-22,14:35,STBLUSDT,SELL,8
2025-10-22,14:36,RIVERUSDT,BUY,32
2025-10-22,14:36,SOLUSDT,SELL,10
2025-10-22,14:36,ASTERUSDT,SELL,10
2025-10-22,14:36,STBLUSDT,SELL,8
2025-10-22,14:36,BASUSDT,BUY,8
2025-10-22,14:37,BASUSDT,BUY,8
2025-10-22,14:37,ETHUSDT,BUY,22
2025-10-22,14:37,RIVERUSDT,BUY,26
2025-10-22,14:37,ZECUSDT,BUY,8
2025-10-22,14:37,EVAAUSDT,BUY,18
2025-10-22,14:37,XPINUSDT,BUY,8
2025-10-22,14:37,ETHUSDC,BUY,8
2025-10-22,14:38,ETHUSDT,BUY,18
2025-10-22,14:38,ETHUSDC,BUY,8
2025-10-22,14:38,EVAAUSDT,BUY,14
2025-10-22,14:38,ASTERUSDT,BUY,8
2025-10-22,14:39,BTCUSDT,BUY,26
2025-10-22,14:39,BLUAIUSDT,BUY,10
2025-10-22,14:39,SOLUSDT,BUY,14
2025-10-22,14:39,KDAUSDT,BUY,8
2025-10-22,14:39,BROCCOLIF3BUSDT,BUY,8
2025-10-22,14:39,EVAAUSDT,BUY,10
2025-10-22,14:40,KDAUSDT,BUY,8
2025-10-22,14:40,BTCUSDT,BUY,18
2025-10-22,14:40,SOLUSDT,BUY,12
2025-10-22,14:40,BROCCOLIF3BUSDT,BUY,12
2025-10-22,14:41,KDAUSDT,SELL,12
2025-10-22,14:41,YBUSDT,SELL,8
2025-10-22,14:42,KDAUSDT,SELL,30
2025-10-22,14:42,YBUSDT,SELL,8
2025-10-22,14:42,ZORAUSDT,SELL,8
2025-10-22,14:42,BTCUSDT,SELL,8
2025-10-22,14:42,ETHUSDT,SELL,8
2025-10-22,14:42,AIAUSDT,SELL,10
2025-10-22,14:43,AIAUSDT,SELL,12
2025-10-22,14:43,EDUUSDT,BUY,8
2025-10-22,14:44,RIVERUSDT,SELL,8
2025-10-22,14:44,EVAAUSDT,SELL,10
2025-10-22,14:45,KDAUSDT,SELL,16
2025-10-22,14:45,NILUSDT,BUY,10
2025-10-22,14:45,BROCCOLIF3BUSDT,BUY,8
2025-10-22,14:46,NILUSDT,BUY,10
2025-10-22,14:46,BROCCOLIF3BUSDT,BUY,10
2025-10-22,14:46,EVAAUSDT,SELL,14
2025-10-22,14:47,ETHUSDT,SELL,8
2025-10-22,14:47,EDUUSDT,BUY,8
2025-10-22,14:47,EVAAUSDT,SELL,14
2025-10-22,14:47,币安人生USDT,SELL,8
2025-10-22,14:47,BTCUSDT,SELL,12
2025-10-22,14:47,SOLUSDT,SELL,8
2025-10-22,14:48,BTCUSDT,SELL,10
2025-10-22,14:49,币安人生USDT,SELL,24
2025-10-22,14:50,币安人生USDT,SELL,36
2025-10-22,14:51,币安人生USDT,SELL,12
2025-10-22,14:51,RVVUSDT,SELL,8
2025-10-22,14:51,METUSDT,SELL,10
2025-10-22,14:52,METUSDT,SELL,8
2025-10-22,14:52,EVAAUSDT,BUY,42
2025-10-22,14:52,BLUAIUSDT,BUY,10
2025-10-22,14:53,EVAAUSDT,BUY,22
2025-10-22,14:54,BASUSDT,BUY,10
2025-10-22,14:54,BTCUSDT,BUY,8
2025-10-22,14:54,YBUSDT,BUY,8
2025-10-22,14:55,EVAAUSDT,SELL,8
2025-10-22,14:55,BTCUSDT,BUY,10
2025-10-22,14:55,BLUAIUSDT,SELL,8
2025-10-22,14:55,BASUSDT,BUY,16
2025-10-22,14:55,BROCCOLIF3BUSDT,SELL,10
2025-10-22,14:56,BASUSDT,BUY,8
2025-10-22,14:56,COAIUSDT,BUY,10
2025-10-22,14:56,RVVUSDT,SELL,12
2025-10-22,14:57,COAIUSDT,BUY,8
2025-10-22,14:57,RVVUSDT,SELL,14
2025-10-22,14:57,RECALLUSDT,BUY,10
2025-10-22,14:58,1000PEPEUSDT,BUY,8
2025-10-22,14:58,TRUMPUSDT,BUY,8
2025-10-22,14:58,ASTERUSDT,BUY,10
2025-10-22,14:58,ETHUSDT,BUY,26
2025-10-22,14:58,SOLUSDT,BUY,20
2025-10-22,14:58,ZECUSDT,BUY,8
2025-10-22,14:58,BTCUSDT,BUY,28
2025-10-22,14:58,KDAUSDT,BUY,20
2025-10-22,14:58,XRPUSDT,BUY,10
2025-10-22,14:58,BTCUSDC,BUY,14
2025-10-22,14:58,DOGEUSDT,BUY,12
2025-10-22,14:58,LINKUSDT,BUY,10
2025-10-22,14:58,GALAUSDT,BUY,8
2025-10-22,14:58,BNBUSDT,BUY,14
2025-10-22,14:58,BNBUSDC,BUY,8
2025-10-22,14:59,KDAUSDT,BUY,14
2025-10-22,14:59,SOLUSDT,BUY,20
2025-10-22,14:59,1000PEPEUSDT,BUY,12
2025-10-22,14:59,ASTERUSDT,BUY,10
2025-10-22,14:59,XRPUSDT,BUY,12
2025-10-22,14:59,BTCUSDC,BUY,14
2025-10-22,14:59,ZECUSDT,BUY,8
2025-10-22,14:59,DOGEUSDT,BUY,14
2025-10-22,14:59,LINKUSDT,BUY,14
2025-10-22,14:59,GALAUSDT,BUY,8
2025-10-22,14:59,BNBUSDT,BUY,16
2025-10-22,14:59,BNBUSDC,BUY,10
2025-10-22,14:59,ETHUSDC,BUY,10
2025-10-22,14:59,AVAXUSDT,BUY,8
2025-10-22,14:59,CAKEUSDT,BUY,8
2025-10-22,14:59,COAIUSDT,BUY,46
2025-10-22,15:00,COAIUSDT,BUY,80
2025-10-22,15:00,BROCCOLIF3BUSDT,BUY,20
2025-10-22,15:00,NILUSDT,BUY,14
2025-10-22,15:01,COAIUSDT,BUY,34
2025-10-22,15:01,NILUSDT,BUY,36
2025-10-22,15:01,TRUTHUSDT,BUY,12
2025-10-22,15:01,BROCCOLIF3BUSDT,BUY,20
2025-10-22,15:02,TRUTHUSDT,BUY,12
2025-10-22,15:02,NILUSDT,BUY,22
2025-10-22,15:02,EVAAUSDT,SELL,8
2025-10-22,15:03,XPINUSDT,SELL,8
2025-10-22,15:03,RVVUSDT,SELL,26
2025-10-22,15:03,ETHUSDT,SELL,10
2025-10-22,15:04,XRPUSDT,SELL,14
2025-10-22,15:04,ETHUSDT,SELL,30
2025-10-22,15:04,BTCUSDT,SELL,28
2025-10-22,15:04,SOLUSDT,SELL,14
2025-10-22,15:05,4USDT,SELL,10
2025-10-22,15:05,ETHUSDT,SELL,30
2025-10-22,15:05,BTCUSDT,SELL,26
2025-10-22,15:05,XRPUSDT,SELL,16
2025-10-22,15:05,SOLUSDC,SELL,8
2025-10-22,15:05,TAGUSDT,SELL,10
2025-10-22,15:05,FUSDT,SELL,8
2025-10-22,15:05,COAIUSDT,SELL,8
2025-10-22,15:06,COAIUSDT,SELL,8
2025-10-22,15:06,BTCUSDT,SELL,18
2025-10-22,15:06,ETHUSDT,SELL,16
2025-10-22,15:06,BLUAIUSDT,SELL,10
2025-10-22,15:06,4USDT,SELL,12
2025-10-22,15:07,ETHUSDT,SELL,10
2025-10-22,15:07,SOLUSDT,SELL,8
2025-10-22,15:07,RIVERUSDT,SELL,54
2025-10-22,15:07,币安人生USDT,SELL,8
2025-10-22,15:07,BLUAIUSDT,SELL,8
2025-10-22,15:07,COAIUSDT,SELL,8
2025-10-22,15:08,币安人生USDT,SELL,8
2025-10-22,15:08,BTCUSDT,BUY,8
2025-10-22,15:08,BASUSDT,BUY,12
2025-10-22,15:08,RIVERUSDT,SELL,22
2025-10-22,15:08,COAIUSDT,SELL,12
2025-10-22,15:09,BLUAIUSDT,BUY,16
2025-10-22,15:10,BLUAIUSDT,BUY,14
2025-10-22,15:10,RIVERUSDT,BUY,12
2025-10-22,15:10,4USDT,SELL,20
2025-10-22,15:10,B2USDT,SELL,10
2025-10-22,15:11,4USDT,SELL,30
2025-10-22,15:11,B2USDT,SELL,12
2025-10-22,15:11,KDAUSDT,SELL,8
2025-10-22,15:12,FFUSDT,SELL,8
2025-10-22,15:12,4USDT,SELL,12
2025-10-22,15:12,KDAUSDT,SELL,14
2025-10-22,15:12,B2USDT,SELL,8
2025-10-22,15:12,LIGHTUSDT,SELL,14
2025-10-22,15:12,ETHUSDT,SELL,12
2025-10-22,15:12,XRPUSDT,SELL,8
2025-10-22,15:13,XRPUSDT,SELL,8
2025-10-22,15:13,ETHUSDT,SELL,12
2025-10-22,15:13,LIGHTUSDT,SELL,10
2025-10-22,15:13,NILUSDT,SELL,8
2025-10-22,15:14,EVAAUSDT,BUY,10
2025-10-22,15:14,RIVERUSDT,BUY,14
2025-10-22,15:17,EVAAUSDT,BUY,14
2025-10-22,15:18,BASUSDT,SELL,8
2025-10-22,15:18,BTCUSDT,SELL,8
2025-10-22,15:18,COAIUSDT,SELL,12
2025-10-22,15:19,COAIUSDT,SELL,12
2025-10-22,15:19,BASUSDT,SELL,8
2025-10-22,15:19,BTCUSDT,SELL,8
2025-10-22,15:20,4USDT,SELL,12
2025-10-22,15:21,4USDT,SELL,28
2025-10-22,15:21,BASUSDT,SELL,12
2025-10-22,15:21,BLESSUSDT,SELL,8
2025-10-22,15:21,SOLUSDT,SELL,10
2025-10-22,15:22,BNBUSDT,SELL,16
2025-10-22,15:22,ENAUSDT,SELL,8
2025-10-22,15:22,XRPUSDT,SELL,26
2025-10-22,15:22,ADAUSDT,SELL,12
2025-10-22,15:22,SOLUSDC,SELL,16
2025-10-22,15:22,4USDT,SELL,18
2025-10-22,15:22,BLESSUSDT,SELL,8
2025-10-22,15:22,SOLUSDT,SELL,46
2025-10-22,15:22,ZECUSDT,SELL,12
2025-10-22,15:22,ETHUSDT,SELL,44
2025-10-22,15:22,LINKUSDT,SELL,16
2025-10-22,15:22,DOGEUSDT,SELL,16
2025-10-22,15:22,STBLUSDT,SELL,10
2025-10-22,15:22,AVNTUSDT,SELL,12
2025-10-22,15:22,ASTERUSDT,SELL,24
2025-10-22,15:22,BTCUSDT,SELL,20
2025-10-22,15:22,OPUSDT,SELL,8
2025-10-22,15:22,1000PEPEUSDT,SELL,14
2025-10-22,15:22,ETHUSDC,SELL,18
2025-10-22,15:22,BDXNUSDT,SELL,8
2025-10-22,15:22,AVAXUSDT,SELL,8
2025-10-22,15:23,STBLUSDT,SELL,14
2025-10-22,15:23,BNBUSDT,SELL,38
2025-10-22,15:23,ASTERUSDT,SELL,30
2025-10-22,15:23,BTCUSDT,SELL,44
2025-10-22,15:23,SOLUSDT,SELL,58
2025-10-22,15:23,IMXUSDT,SELL,8
2025-10-22,15:23,AVNTUSDT,SELL,10
2025-10-22,15:23,XRPUSDT,SELL,42
2025-10-22,15:23,OPUSDT,SELL,12
2025-10-22,15:23,LINKUSDT,SELL,28
2025-10-22,15:23,1000PEPEUSDT,SELL,30
2025-10-22,15:23,ETHUSDT,SELL,82
2025-10-22,15:23,DOTUSDT,SELL,10
2025-10-22,15:23,ADAUSDT,SELL,20
2025-10-22,15:23,SOLUSDC,SELL,20
2025-10-22,15:23,HBARUSDT,SELL,8
2025-10-22,15:23,ETHUSDC,SELL,34
2025-10-22,15:23,DOGEUSDT,SELL,32
2025-10-22,15:23,ENAUSDT,SELL,18
2025-10-22,15:23,SPXUSDT,SELL,8
2025-10-22,15:23,BDXNUSDT,SELL,8
2025-10-22,15:23,CLOUSDT,SELL,10
2025-10-22,15:23,ZECUSDT,SELL,12
2025-10-22,15:23,SUIUSDT,SELL,16
2025-10-22,15:23,ZORAUSDT,SELL,14
2025-10-22,15:23,GALAUSDT,SELL,8
2025-10-22,15:23,DOGEUSDC,SELL,8
2025-10-22,15:23,XRPUSDC,SELL,10
2025-10-22,15:23,AVAXUSDT,SELL,12
2025-10-22,15:23,WLDUSDT,SELL,8
2025-10-22,15:23,ETHFIUSDT,SELL,8
2025-10-22,15:23,EIGENUSDT,SELL,8
2025-10-22,15:23,PENGUUSDT,SELL,10
2025-10-22,15:23,币安人生USDT,SELL,18
2025-10-22,15:23,HYPEUSDT,SELL,10
2025-10-22,15:23,NEARUSDT,SELL,8
2025-10-22,15:23,PUMPUSDT,SELL,8
2025-10-22,15:23,FILUSDT,SELL,8
2025-10-22,15:23,ARBUSDT,SELL,8
2025-10-22,15:23,BTCUSDC,SELL,12
2025-10-22,15:23,FETUSDT,SELL,8
2025-10-22,15:23,TAUSDT,SELL,20
2025-10-22,15:23,1000SHIBUSDT,SELL,10
2025-10-22,15:23,EPTUSDT,SELL,8
2025-10-22,15:24,SOLUSDT,SELL,30
2025-10-22,15:24,ZORAUSDT,SELL,12
2025-10-22,15:24,DOTUSDT,SELL,8
2025-10-22,15:24,BNBUSDT,SELL,30
2025-10-22,15:24,ADAUSDT,SELL,20
2025-10-22,15:24,DOGEUSDT,SELL,26
2025-10-22,15:24,1000PEPEUSDT,SELL,20
2025-10-22,15:24,ETHUSDC,SELL,24
2025-10-22,15:24,AVAXUSDT,SELL,8
2025-10-22,15:24,SOLUSDC,SELL,10
2025-10-22,15:24,SPXUSDT,SELL,8
2025-10-22,15:24,LINKUSDT,SELL,20
2025-10-22,15:24,XRPUSDT,SELL,28
2025-10-22,15:24,FETUSDT,SELL,10
2025-10-22,15:24,ENAUSDT,SELL,16
2025-10-22,15:24,BTCUSDT,SELL,36
2025-10-22,15:24,BTCUSDC,SELL,16
2025-10-22,15:24,TAUSDT,SELL,20
2025-10-22,15:24,EIGENUSDT,SELL,8
2025-10-22,15:24,1000SHIBUSDT,SELL,10
2025-10-22,15:24,NEARUSDT,SELL,8
2025-10-22,15:24,ETHFIUSDT,SELL,8
2025-10-22,15:24,FILUSDT,SELL,10
2025-10-22,15:24,PUMPUSDT,SELL,8
2025-10-22,15:24,XRPUSDC,SELL,10
2025-10-22,15:24,CLOUSDT,SELL,8
2025-10-22,15:24,ARBUSDT,SELL,8
2025-10-22,15:24,HYPEUSDT,SELL,10
2025-10-22,15:24,BLUAIUSDT,SELL,18
2025-10-22,15:24,WLDUSDT,SELL,8
2025-10-22,15:24,RIVERUSDT,SELL,18
2025-10-22,15:24,EPTUSDT,SELL,10
2025-10-22,15:25,SOLUSDT,SELL,8
2025-10-22,15:25,BLUAIUSDT,SELL,10
2025-10-22,15:25,RIVERUSDT,SELL,12
2025-10-22,15:25,KDAUSDT,BUY,16
2025-10-22,15:26,ETHUSDT,BUY,28
2025-10-22,15:26,BTCUSDT,BUY,18
2025-10-22,15:26,BDXNUSDT,SELL,8
2025-10-22,15:27,BDXNUSDT,SELL,8
2025-10-22,15:27,SOLUSDT,SELL,14
2025-10-22,15:27,BLUAIUSDT,SELL,14
2025-10-22,15:28,SOLUSDT,SELL,22
2025-10-22,15:28,BLUAIUSDT,SELL,14
2025-10-22,15:28,RIVERUSDT,BUY,12
2025-10-22,15:28,ZECUSDT,SELL,8
2025-10-22,15:29,ZECUSDT,SELL,10
2025-10-22,15:29,SOLUSDT,SELL,10
2025-10-22,15:29,RIVERUSDT,BUY,10
2025-10-22,15:29,BROCCOLIF3BUSDT,BUY,10
2025-10-22,15:30,BROCCOLIF3BUSDT,BUY,10
2025-10-22,15:30,RVVUSDT,SELL,10
2025-10-22,15:30,ETHUSDT,SELL,12
2025-10-22,15:30,SOLUSDT,SELL,12
2025-10-22,15:30,AVNTUSDT,SELL,14
2025-10-22,15:31,RVVUSDT,SELL,8
2025-10-22,15:31,ETHUSDT,SELL,38
2025-10-22,15:31,DOGEUSDT,SELL,18
2025-10-22,15:31,SOLUSDT,SELL,46
2025-10-22,15:31,SOLUSDC,SELL,22
2025-10-22,15:31,BTCUSDT,SELL,10
2025-10-22,15:31,ENAUSDT,SELL,12
2025-10-22,15:31,XRPUSDT,SELL,18
2025-10-22,15:32,BTCUSDT,SELL,10
2025-10-22,15:32,ENAUSDT,SELL,12
2025-10-22,15:32,ETHUSDT,SELL,30
2025-10-22,15:32,SOLUSDT,SELL,36
2025-10-22,15:32,DOGEUSDT,SELL,16
2025-10-22,15:32,XRPUSDT,SELL,18
2025-10-22,15:32,SOLUSDC,SELL,20
2025-10-22,15:34,ETHUSDT,BUY,8
2025-10-22,15:34,BROCCOLIF3BUSDT,BUY,8
2025-10-22,15:35,BROCCOLIF3BUSDT,BUY,12
2025-10-22,15:35,ZECUSDT,SELL,22
2025-10-22,15:35,EVAAUSDT,SELL,8
2025-10-22,15:36,ZECUSDT,SELL,20
2025-10-22,15:36,BROCCOLIF3BUSDT,BUY,10
2025-10-22,15:36,YBUSDT,BUY,18
2025-10-22,15:36,RIVERUSDT,SELL,8
2025-10-22,15:37,YBUSDT,BUY,16
2025-10-22,15:37,SOLUSDT,BUY,12
2025-10-22,15:37,EVAAUSDT,BUY,14
2025-10-22,15:37,ENAUSDT,SELL,12
2025-10-22,15:37,BROCCOLIF3BUSDT,BUY,16
2025-10-22,15:37,币安人生USDT,SELL,22
2025-10-22,15:37,BTRUSDT,BUY,12
2025-10-22,15:38,币安人生USDT,SELL,28
2025-10-22,15:38,BROCCOLIF3BUSDT,BUY,12
2025-10-22,15:38,BLUAIUSDT,SELL,10
2025-10-22,15:38,EVAAUSDT,BUY,10
2025-10-22,15:38,BTRUSDT,BUY,18
2025-10-22,15:40,BASUSDT,SELL,10
2025-10-22,15:40,KDAUSDT,BUY,12
2025-10-22,15:40,YBUSDT,BUY,8
2025-10-22,15:41,KDAUSDT,BUY,8
2025-10-22,15:41,BASUSDT,SELL,10
2025-10-22,15:41,RIVERUSDT,BUY,8
2025-10-22,15:41,YBUSDT,BUY,10
2025-10-22,15:41,BROCCOLIF3BUSDT,BUY,8
2025-10-22,15:41,EVAAUSDT,BUY,8
2025-10-22,15:42,BROCCOLIF3BUSDT,BUY,8
2025-10-22,15:42,ZECUSDT,SELL,24
2025-10-22,15:42,YBUSDT,BUY,36
2025-10-22,15:43,ASTERUSDT,SELL,8
2025-10-22,15:43,ZECUSDT,SELL,28
2025-10-22,15:43,ETHUSDT,SELL,14
2025-10-22,15:44,ETHUSDT,SELL,18
2025-10-22,15:44,ZECUSDT,SELL,12
2025-10-22,15:44,币安人生USDT,SELL,8
2025-10-22,15:45,RIVERUSDT,SELL,8
2025-10-22,15:45,ETHUSDT,SELL,16
2025-10-22,15:45,ARIAUSDT,SELL,8
2025-10-22,15:45,ZECUSDT,SELL,50
2025-10-22,15:45,SOLUSDT,SELL,8
2025-10-22,15:45,EVAAUSDT,SELL,8
2025-10-22,15:45,RVVUSDT,SELL,12
2025-10-22,15:45,ENAUSDT,SELL,18
2025-10-22,15:46,RVVUSDT,SELL,12
2025-10-22,15:46,ENAUSDT,SELL,20
2025-10-22,15:46,SOLUSDT,SELL,16
2025-10-22,15:46,BTCUSDT,SELL,12
2025-10-22,15:46,ETHUSDT,SELL,36
2025-10-22,15:46,GIGGLEUSDT,SELL,8
2025-10-22,15:46,PUMPUSDT,SELL,8
2025-10-22,15:46,ETHUSDC,SELL,18
2025-10-22,15:46,XVGUSDT,SELL,8
2025-10-22,15:46,1000PEPEUSDT,SELL,8
2025-10-22,15:46,BIDUSDT,SELL,8
2025-10-22,15:47,XVGUSDT,SELL,8
2025-10-22,15:47,BTCUSDT,SELL,8
2025-10-22,15:47,ETHUSDC,SELL,14
2025-10-22,15:47,SOLUSDT,SELL,10
2025-10-22,15:47,1000PEPEUSDT,SELL,8
2025-10-22,15:47,TRUTHUSDT,SELL,12
2025-10-22,15:47,EVAAUSDT,BUY,30
2025-10-22,15:47,BIDUSDT,SELL,10
2025-10-22,15:47,XPINUSDT,BUY,10
2025-10-22,15:48,TRUTHUSDT,SELL,8
2025-10-22,15:48,KGENUSDT,BUY,8
2025-10-22,15:48,XPINUSDT,BUY,12
2025-10-22,15:48,ETHUSDT,BUY,12
2025-10-22,15:48,BNBUSDT,BUY,10
2025-10-22,15:49,RVVUSDT,SELL,14
2025-10-22,15:49,BNBUSDT,BUY,10
2025-10-22,15:49,KGENUSDT,BUY,10
2025-10-22,15:49,YBUSDT,BUY,8
2025-10-22,15:49,ENAUSDT,SELL,24
2025-10-22,15:50,ENAUSDT,SELL,68
2025-10-22,15:50,ENAUSDC,SELL,30
2025-10-22,15:50,RVVUSDT,SELL,12
2025-10-22,15:50,RIVERUSDT,SELL,24
2025-10-22,15:50,BROCCOLIF3BUSDT,BUY,10
2025-10-22,15:51,ENAUSDC,SELL,28
2025-10-22,15:51,BROCCOLIF3BUSDT,BUY,12
2025-10-22,15:51,KDAUSDT,SELL,8
2025-10-22,15:52,KDAUSDT,SELL,10
2025-10-22,15:52,ETHUSDT,BUY,8
2025-10-22,15:52,TRUTHUSDT,SELL,8
2025-10-22,15:53,AIAUSDT,SELL,26
2025-10-22,15:53,TRUTHUSDT,SELL,20
2025-10-22,15:53,BASUSDT,SELL,24
2025-10-22,15:53,KDAUSDT,SELL,12
2025-10-22,15:54,KDAUSDT,SELL,18
2025-10-22,15:54,AIAUSDT,SELL,48
2025-10-22,15:54,BASUSDT,SELL,22
2025-10-22,15:54,TRUTHUSDT,SELL,12
2025-10-22,15:54,EVAAUSDT,SELL,8
2025-10-22,15:54,ENAUSDT,SELL,10
2025-10-22,15:55,AIAUSDT,SELL,60
2025-10-22,15:55,EVAAUSDT,SELL,10
2025-10-22,15:55,KDAUSDT,SELL,8
2025-10-22,15:55,XPLUSDT,BUY,10
2025-10-22,15:56,HEMIUSDT,BUY,8
2025-10-22,15:56,BTCUSDT,BUY,30
2025-10-22,15:56,XPLUSDT,BUY,26
2025-10-22,15:56,BTCUSDC,BUY,8
2025-10-22,15:56,ETHUSDT,BUY,36
2025-10-22,15:56,AIAUSDT,SELL,48
2025-10-22,15:56,BROCCOLIF3BUSDT,BUY,8
2025-10-22,15:56,BLUAIUSDT,BUY,8
2025-10-22,15:56,ALCHUSDT,BUY,16
2025-10-22,15:56,BNBUSDT,BUY,16
2025-10-22,15:56,1000PEPEUSDT,BUY,10
2025-10-22,15:56,SOLUSDT,BUY,14
2025-10-22,15:56,KDAUSDT,BUY,8
2025-10-22,15:57,BTCUSDT,BUY,32
2025-10-22,15:57,ALCHUSDT,BUY,12
2025-10-22,15:57,AVNTUSDT,BUY,10
2025-10-22,15:57,XPLUSDT,BUY,16
2025-10-22,15:57,1000PEPEUSDT,BUY,10
2025-10-22,15:57,LINKUSDT,BUY,8
2025-10-22,15:57,ETHUSDC,BUY,8
2025-10-22,15:57,SOLUSDT,BUY,18
2025-10-22,15:57,KDAUSDT,BUY,8
2025-10-22,15:57,ASTERUSDT,BUY,8
2025-10-22,15:58,BTCUSDT,BUY,28
2025-10-22,15:58,SOLUSDT,BUY,8
2025-10-22,15:58,ASTERUSDT,BUY,8
2025-10-22,15:58,LINKUSDT,BUY,8
2025-10-22,15:58,ZECUSDT,BUY,10
2025-10-22,15:58,YBUSDT,BUY,8
2025-10-22,15:59,币安人生USDT,SELL,8
2025-10-22,15:59,ZECUSDT,BUY,12
2025-10-22,15:59,BTCUSDT,BUY,32
2025-10-22,15:59,DOGEUSDT,BUY,10
2025-10-22,15:59,ETHUSDT,BUY,36
2025-10-22,15:59,SOLUSDT,BUY,10
2025-10-22,15:59,ETHUSDC,BUY,14
2025-10-22,15:59,YBUSDT,BUY,8
2025-10-22,15:59,KGENUSDT,BUY,12
2025-10-22,15:59,EVAAUSDT,SELL,12
2025-10-22,16:00,BLESSUSDT,BUY,16
2025-10-22,16:00,ETHUSDT,BUY,28
2025-10-22,16:00,ETHUSDC,BUY,12
2025-10-22,16:00,KGENUSDT,BUY,16
2025-10-22,16:00,BLUAIUSDT,SELL,8
2025-10-22,16:01,ETHUSDT,BUY,34
2025-10-22,16:01,ETHUSDC,BUY,8
2025-10-22,16:01,SUIUSDT,BUY,10
2025-10-22,16:01,YBUSDT,BUY,8
2025-10-22,16:01,BUSDT,BUY,8
2025-10-22,16:01,SOLUSDC,BUY,12
2025-10-22,16:01,XRPUSDT,BUY,18
2025-10-22,16:01,KGENUSDT,BUY,16
2025-10-22,16:01,BLESSUSDT,BUY,24
2025-10-22,16:01,BROCCOLIF3BUSDT,BUY,8
2025-10-22,16:01,AVNTUSDT,BUY,10
2025-10-22,16:01,DOGEUSDT,BUY,20
2025-10-22,16:01,XPLUSDT,BUY,12
2025-10-22,16:01,SOLUSDT,BUY,12
2025-10-22,16:01,TAOUSDT,BUY,8
2025-10-22,16:01,DMCUSDT,BUY,8
2025-10-22,16:01,CLOUSDT,BUY,8
2025-10-22,16:02,AVNTUSDT,BUY,16
2025-10-22,16:02,BTCUSDT,BUY,26
2025-10-22,16:02,DOGEUSDT,BUY,20
2025-10-22,16:02,SUIUSDT,BUY,8
2025-10-22,16:02,XPLUSDT,BUY,12
2025-10-22,16:02,XRPUSDT,BUY,16
2025-10-22,16:02,SOLUSDC,BUY,10
2025-10-22,16:02,SOLUSDT,BUY,12
2025-10-22,16:02,TAOUSDT,BUY,8
2025-10-22,16:02,DMCUSDT,BUY,8
2025-10-22,16:02,RVVUSDT,SELL,14
2025-10-22,16:02,BASUSDT,SELL,20
2025-10-22,16:03,RVVUSDT,SELL,24
2025-10-22,16:03,BASUSDT,SELL,32
2025-10-22,16:03,AIAUSDT,SELL,18
2025-10-22,16:03,BLUAIUSDT,SELL,28
2025-10-22,16:04,RVVUSDT,SELL,14
2025-10-22,16:04,AIAUSDT,SELL,20
2025-10-22,16:04,BLUAIUSDT,SELL,22
2025-10-22,16:04,BASUSDT,SELL,14
2025-10-22,16:04,IDOLUSDT,BUY,10
2025-10-22,16:05,RVVUSDT,SELL,22
2025-10-22,16:05,IDOLUSDT,BUY,10
2025-10-22,16:05,B2USDT,SELL,8
2025-10-22,16:06,B2USDT,SELL,8
2025-10-22,16:06,NILUSDT,SELL,12
2025-10-22,16:06,COAIUSDT,BUY,28
2025-10-22,16:06,RVVUSDT,SELL,62
2025-10-22,16:06,BLUAIUSDT,SELL,44
2025-10-22,16:06,QUSDT,SELL,8
2025-10-22,16:06,BASUSDT,SELL,18
2025-10-22,16:07,BLUAIUSDT,SELL,48
2025-10-22,16:07,RVVUSDT,SELL,46
2025-10-22,16:07,NILUSDT,SELL,8
2025-10-22,16:07,COAIUSDT,BUY,24
2025-10-22,16:07,QUSDT,SELL,8
2025-10-22,16:08,XPINUSDT,SELL,8
2025-10-22,16:08,币安人生USDT,SELL,14
2025-10-22,16:08,BLUAIUSDT,SELL,10
2025-10-22,16:08,COAIUSDT,BUY,24
2025-10-22,16:09,ETHUSDT,SELL,26
2025-10-22,16:09,B2USDT,SELL,10
2025-10-22,16:09,COAIUSDT,BUY,34
2025-10-22,16:10,BROCCOLIF3BUSDT,BUY,28
2025-10-22,16:10,ETHUSDT,SELL,20
2025-10-22,16:10,SAHARAUSDT,SELL,8
2025-10-22,16:10,SOLVUSDT,SELL,8
2025-10-22,16:10,LDOUSDT,SELL,8
2025-10-22,16:10,COAIUSDT,BUY,20
2025-10-22,16:11,BROCCOLIF3BUSDT,BUY,26
2025-10-22,16:11,LDOUSDT,SELL,8
2025-10-22,16:11,SAHARAUSDT,SELL,8
2025-10-22,16:11,SOLVUSDT,SELL,8
2025-10-22,16:11,ZEREBROUSDT,SELL,8
2025-10-22,16:11,LISTAUSDT,SELL,8
2025-10-22,16:11,TAUSDT,SELL,8
2025-10-22,16:11,OBOLUSDT,SELL,8
2025-10-22,16:11,AKEUSDT,SELL,8
2025-10-22,16:11,HANAUSDT,SELL,8
2025-10-22,16:11,INUSDT,SELL,8
2025-10-22,16:11,AVNTUSDT,BUY,16
2025-10-22,16:12,RIVERUSDT,BUY,10
2025-10-22,16:12,SAHARAUSDT,SELL,10
2025-10-22,16:12,SOLVUSDT,SELL,10
2025-10-22,16:12,ZEREBROUSDT,SELL,10
2025-10-22,16:12,SAGAUSDT,SELL,10
2025-10-22,16:12,LDOUSDT,SELL,10
2025-10-22,16:12,TAUSDT,SELL,10
2025-10-22,16:12,OBOLUSDT,SELL,10
2025-10-22,16:12,AKTUSDT,SELL,10
2025-10-22,16:12,LISTAUSDT,SELL,10
2025-10-22,16:12,AINUSDT,SELL,10
2025-10-22,16:12,AKEUSDT,SELL,10
2025-10-22,16:12,HANAUSDT,SELL,10
2025-10-22,16:12,INUSDT,SELL,10
2025-10-22,16:12,BTCUSDT,SELL,12
2025-10-22,16:12,BASUSDT,SELL,10
2025-10-22,16:12,ETHUSDT,SELL,10
2025-10-22,16:12,BROCCOLIF3BUSDT,BUY,10
2025-10-22,16:13,BASUSDT,SELL,12
2025-10-22,16:13,KDAUSDT,SELL,8
2025-10-22,16:13,BROCCOLIF3BUSDT,BUY,12
2025-10-22,16:13,BTCUSDT,SELL,12
2025-10-22,16:13,SOLUSDT,SELL,8
2025-10-22,16:14,BTCUSDT,SELL,14
2025-10-22,16:14,KDAUSDT,SELL,8
2025-10-22,16:14,BASUSDT,SELL,24
2025-10-22,16:14,UBUSDT,SELL,8
2025-10-22,16:15,UBUSDT,SELL,8
2025-10-22,16:15,BTCUSDT,SELL,16
2025-10-22,16:15,ETHUSDT,SELL,20
2025-10-22,16:15,DOGEUSDT,SELL,8
2025-10-22,16:15,ZECUSDT,SELL,12
2025-10-22,16:15,BLUAIUSDT,SELL,8
2025-10-22,16:16,SOLUSDT,SELL,18
2025-10-22,16:16,DOGEUSDT,SELL,12
2025-10-22,16:16,ZECUSDT,SELL,14
2025-10-22,16:16,4USDT,SELL,10
2025-10-22,16:16,XPINUSDT,SELL,18
2025-10-22,16:16,AIAUSDT,SELL,10
2025-10-22,16:16,ETHUSDT,SELL,38
2025-10-22,16:16,BTCUSDT,SELL,24
2025-10-22,16:16,BLUAIUSDT,SELL,44
2025-10-22,16:16,KDAUSDT,SELL,14
2025-10-22,16:16,LIGHTUSDT,SELL,10
2025-10-22,16:16,BLESSUSDT,SELL,10
2025-10-22,16:16,BROCCOLIF3BUSDT,SELL,14
2025-10-22,16:17,BLESSUSDT,SELL,14
2025-10-22,16:17,ETHUSDT,SELL,46
2025-10-22,16:17,BLUAIUSDT,SELL,42
2025-10-22,16:17,KGENUSDT,SELL,8
2025-10-22,16:17,BTCUSDT,SELL,30
2025-10-22,16:17,AIAUSDT,SELL,8
2025-10-22,16:17,SOLUSDT,SELL,24
2025-10-22,16:17,BROCCOLIF3BUSDT,SELL,22
2025-10-22,16:17,4USDT,SELL,10
2025-10-22,16:17,XPINUSDT,SELL,16
2025-10-22,16:17,币安人生USDT,SELL,10
2025-10-22,16:17,BASUSDT,SELL,8
2025-10-22,16:17,MYXUSDT,SELL,8
2025-10-22,16:18,BROCCOLIF3BUSDT,SELL,10
2025-10-22,16:18,EVAAUSDT,BUY,10
2025-10-22,16:18,ETHUSDT,SELL,28
2025-10-22,16:18,BASUSDT,SELL,38
2025-10-22,16:18,HANAUSDT,SELL,12
2025-10-22,16:18,币安人生USDT,SELL,20
2025-10-22,16:18,SOLUSDT,SELL,14
2025-10-22,16:18,MYXUSDT,SELL,10
2025-10-22,16:18,AIAUSDT,SELL,10
2025-10-22,16:18,BTCUSDT,SELL,18
2025-10-22,16:18,RIVERUSDT,SELL,12
2025-10-22,16:19,HANAUSDT,SELL,10
2025-10-22,16:19,EVAAUSDT,BUY,10
2025-10-22,16:19,AIAUSDT,SELL,8
2025-10-22,16:19,币安人生USDT,SELL,14
2025-10-22,16:20,EVAAUSDT,BUY,34
2025-10-22,16:20,YBUSDT,SELL,8
2025-10-22,16:21,APTUSDT,SELL,8
2025-10-22,16:21,QUSDT,BUY,8
2025-10-22,16:21,AIAUSDT,BUY,12
2025-10-22,16:22,AIAUSDT,BUY,20
2025-10-22,16:22,ETHUSDT,SELL,16
2025-10-22,16:22,XRPUSDT,SELL,14
2025-10-22,16:22,SOLUSDT,SELL,10
2025-10-22,16:22,BTCUSDT,SELL,12
2025-10-22,16:22,YBUSDT,SELL,10
2025-10-22,16:22,BLESSUSDT,SELL,14
2025-10-22,16:22,HANAUSDT,SELL,14
2025-10-22,16:23,AIAUSDT,BUY,10
2025-10-22,16:23,ETHUSDT,SELL,32
2025-10-22,16:23,XRPUSDT,SELL,24
2025-10-22,16:23,SOLUSDT,SELL,22
2025-10-22,16:23,BTCUSDT,SELL,34
2025-10-22,16:23,YBUSDT,SELL,12
2025-10-22,16:23,BLESSUSDT,SELL,18
2025-10-22,16:23,KDAUSDT,BUY,12
2025-10-22,16:23,RIVERUSDT,SELL,20
2025-10-22,16:23,EVAAUSDT,BUY,8
2025-10-22,16:23,HANAUSDT,SELL,14
2025-10-22,16:23,TAUSDT,SELL,8
2025-10-22,16:23,LDOUSDT,SELL,8
2025-10-22,16:23,STBLUSDT,SELL,8
2025-10-22,16:23,BLUAIUSDT,SELL,8
2025-10-22,16:23,DOGEUSDT,SELL,10
2025-10-22,16:23,SNXUSDT,SELL,12
2025-10-22,16:23,KGENUSDT,SELL,8
2025-10-22,16:23,1000LUNCUSDT,SELL,8
2025-10-22,16:24,BTCUSDT,SELL,30
2025-10-22,16:24,XRPUSDT,SELL,12
2025-10-22,16:24,SOLUSDT,SELL,12
2025-10-22,16:24,KGENUSDT,SELL,8
2025-10-22,16:24,SNXUSDT,SELL,10
2025-10-22,16:24,1000LUNCUSDT,SELL,8
2025-10-22,16:24,RIVERUSDT,SELL,16
2025-10-22,16:24,LIGHTUSDT,SELL,26
2025-10-22,16:25,LIGHTUSDT,SELL,24
2025-10-22,16:25,AIAUSDT,BUY,10
2025-10-22,16:25,BTCUSDT,SELL,8
2025-10-22,16:25,RIVERUSDT,BUY,8
2025-10-22,16:26,EVAAUSDT,SELL,12
2025-10-22,16:26,AIAUSDT,BUY,12
2025-10-22,16:26,RIVERUSDT,BUY,8
2025-10-22,16:27,EVAAUSDT,SELL,8
2025-10-22,16:27,AVNTUSDT,SELL,8
2025-10-22,16:27,BLUAIUSDT,SELL,8
2025-10-22,16:28,AVNTUSDT,SELL,8
2025-10-22,16:28,BLUAIUSDT,SELL,30
2025-10-22,16:28,CLOUSDT,SELL,8
2025-10-22,16:28,4USDT,SELL,22
2025-10-22,16:29,ENAUSDT,SELL,8
2025-10-22,16:29,4USDT,SELL,22
2025-10-22,16:29,XPINUSDT,SELL,12
2025-10-22,16:29,EVAAUSDT,BUY,12
2025-10-22,16:29,ASTERUSDT,SELL,8
2025-10-22,16:29,ETHUSDT,SELL,8
2025-10-22,16:30,ETHUSDT,SELL,12
2025-10-22,16:31,ZBTUSDT,SELL,12
2025-10-22,16:31,EVAAUSDT,SELL,18
2025-10-22,16:32,EVAAUSDT,SELL,18
2025-10-22,16:32,ZECUSDT,SELL,10
2025-10-22,16:32,ZBTUSDT,SELL,8
2025-10-22,16:32,METUSDT,SELL,14
2025-10-22,16:32,BROCCOLIF3BUSDT,BUY,8
2025-10-22,16:33,METUSDT,SELL,12
2025-10-22,16:33,ZECUSDT,SELL,8
2025-10-22,16:33,GIGGLEUSDT,SELL,18
2025-10-22,16:34,GIGGLEUSDT,SELL,20
2025-10-22,16:34,BASUSDT,SELL,10
2025-10-22,16:35,BROCCOLIF3BUSDT,SELL,20
2025-10-22,16:36,BROCCOLIF3BUSDT,SELL,26
2025-10-22,16:36,RIVERUSDT,SELL,8
2025-10-22,16:36,AIAUSDT,SELL,8
2025-10-22,16:37,AIAUSDT,SELL,8
2025-10-22,16:38,EVAAUSDT,SELL,8
2025-10-22,16:39,EVAAUSDT,SELL,10
2025-10-22,16:39,AIOTUSDT,BUY,8
2025-10-22,16:39,ETHUSDC,BUY,8
2025-10-22,16:39,XRPUSDT,BUY,10
2025-10-22,16:39,BTCUSDT,BUY,14
2025-10-22,16:39,RIVERUSDT,BUY,12
2025-10-22,16:39,ETHUSDT,BUY,20
2025-10-22,16:40,BTCUSDT,BUY,14
2025-10-22,16:40,RIVERUSDT,BUY,24
2025-10-22,16:40,ETHUSDT,BUY,20
2025-10-22,16:40,XRPUSDT,BUY,8
2025-10-22,16:41,RIVERUSDT,BUY,12
2025-10-22,16:41,AIAUSDT,BUY,12
2025-10-22,16:41,COAIUSDT,BUY,26
2025-10-22,16:42,COAIUSDT,BUY,26
2025-10-22,16:42,AIAUSDT,BUY,14
2025-10-22,16:42,EVAAUSDT,SELL,10
2025-10-22,16:42,BROCCOLIF3BUSDT,SELL,10
2025-10-22,16:43,BROCCOLIF3BUSDT,SELL,12
2025-10-22,16:43,BASUSDT,SELL,24
2025-10-22,16:44,DEGOUSDT,SELL,8
2025-10-22,16:44,BASUSDT,SELL,24
2025-10-22,16:45,ETHUSDT,BUY,14
2025-10-22,16:45,KGENUSDT,BUY,10
2025-10-22,16:45,SOLUSDT,BUY,8
2025-10-22,16:45,DOGEUSDT,BUY,8
2025-10-22,16:46,SOLUSDT,BUY,10
2025-10-22,16:46,KGENUSDT,BUY,10
2025-10-22,16:46,RIVERUSDT,BUY,14
2025-10-22,16:46,DOGEUSDT,BUY,8
2025-10-22,16:46,ETHUSDT,BUY,10
2025-10-22,16:47,RIVERUSDT,BUY,12
2025-10-22,16:47,BASUSDT,SELL,16
2025-10-22,16:47,AIAUSDT,BUY,12
2025-10-22,16:47,BROCCOLIF3BUSDT,BUY,8
2025-10-22,16:48,BASUSDT,SELL,10
2025-10-22,16:48,BROCCOLIF3BUSDT,BUY,20
2025-10-22,16:48,EVAAUSDT,BUY,10
2025-10-22,16:49,BROCCOLIF3BUSDT,BUY,12
2025-10-22,16:49,BASUSDT,SELL,30
2025-10-22,16:49,HUSDT,SELL,10
2025-10-22,16:49,COAIUSDT,SELL,16
2025-10-22,16:50,BTCUSDT,SELL,10
2025-10-22,16:50,EVAAUSDT,SELL,8
2025-10-22,16:50,COAIUSDT,SELL,26
2025-10-22,16:51,BLUAIUSDT,SELL,36
2025-10-22,16:51,RVVUSDT,SELL,8
2025-10-22,16:51,RIVERUSDT,BUY,12
2025-10-22,16:51,EVAAUSDT,SELL,16
2025-10-22,16:52,BLUAIUSDT,SELL,30
2025-10-22,16:52,EVAAUSDT,SELL,14
2025-10-22,16:54,BASUSDT,SELL,20
2025-10-22,16:54,EVAAUSDT,SELL,20
2025-10-22,16:55,BASUSDT,SELL,16
2025-10-22,16:56,EVAAUSDT,BUY,12
2025-10-22,17:00,AIAUSDT,BUY,22
2025-10-22,17:00,RIVERUSDT,BUY,8
2025-10-22,17:00,LIGHTUSDT,BUY,10
2025-10-22,17:01,AVNTUSDT,SELL,10
2025-10-22,17:01,RIVERUSDT,BUY,8
2025-10-22,17:01,LIGHTUSDT,BUY,10
2025-10-22,17:02,AVNTUSDT,SELL,12
2025-10-22,17:02,BASUSDT,SELL,10
2025-10-22,17:02,BROCCOLIF3BUSDT,BUY,10
2025-10-22,17:03,BASUSDT,SELL,18
2025-10-22,17:03,RIVERUSDT,BUY,32
2025-10-22,17:03,EVAAUSDT,BUY,10
2025-10-22,17:03,MUSDT,SELL,12
2025-10-22,17:03,ASTERUSDT,SELL,14
2025-10-22,17:04,RIVERUSDT,BUY,40
2025-10-22,17:04,MUSDT,SELL,18
2025-10-22,17:04,ASTERUSDT,SELL,14
2025-10-22,17:05,MUSDT,SELL,10
2025-10-22,17:05,BASUSDT,BUY,18
2025-10-22,17:05,RIVERUSDT,BUY,28
2025-10-22,17:05,EVAAUSDT,BUY,12
2025-10-22,17:05,币安人生USDT,BUY,8
2025-10-22,17:06,币安人生USDT,BUY,8
2025-10-22,17:06,EVAAUSDT,BUY,28
2025-10-22,17:06,ETHUSDT,BUY,14
2025-10-22,17:07,EVAAUSDT,BUY,20
2025-10-22,17:07,ETHUSDT,BUY,12
2025-10-22,17:08,RIVERUSDT,SELL,8
2025-10-22,17:08,XPINUSDT,SELL,8
2025-10-22,17:09,XPINUSDT,SELL,10
2025-10-22,17:09,EVAAUSDT,SELL,18
2025-10-22,17:10,ZBTUSDT,SELL,8
2025-10-22,17:11,ZBTUSDT,SELL,14
2025-10-22,17:12,ZBTUSDT,SELL,8
2025-10-22,17:12,GIGGLEUSDT,SELL,10
2025-10-22,17:13,GIGGLEUSDT,SELL,16
2025-10-22,17:13,SOPHUSDT,BUY,12
2025-10-22,17:13,ZBTUSDT,SELL,14
2025-10-22,17:13,4USDT,SELL,22
2025-10-22,17:14,EVAAUSDT,SELL,10
2025-10-22,17:14,GIGGLEUSDT,SELL,10
2025-10-22,17:14,ZBTUSDT,SELL,14
2025-10-22,17:14,SOPHUSDT,BUY,8
2025-10-22,17:14,4USDT,SELL,46
2025-10-22,17:14,AIAUSDT,SELL,10
2025-10-22,17:14,ASTERUSDT,SELL,12
2025-10-22,17:15,4USDT,SELL,26
2025-10-22,17:15,ASTERUSDT,SELL,12
2025-10-22,17:15,EVAAUSDT,SELL,40
2025-10-22,17:15,币安人生USDT,SELL,14
2025-10-22,17:16,币安人生USDT,SELL,14
2025-10-22,17:16,RIVERUSDT,SELL,10
2025-10-22,17:17,RIVERUSDT,SELL,18
2025-10-22,17:18,RIVERUSDT,SELL,16
2025-10-22,17:19,AIAUSDT,BUY,8
2025-10-22,17:20,AKTUSDT,SELL,14
2025-10-22,17:20,EVAAUSDT,BUY,8
2025-10-22,17:20,SOLUSDT,SELL,18
2025-10-22,17:20,BTCUSDT,SELL,14
2025-10-22,17:20,ASTERUSDT,SELL,26
2025-10-22,17:20,ETHUSDT,SELL,22
2025-10-22,17:20,ZBTUSDT,SELL,10
2025-10-22,17:21,EVAAUSDT,BUY,8
2025-10-22,17:21,SOLUSDT,SELL,28
2025-10-22,17:21,BTCUSDT,SELL,26
2025-10-22,17:21,ASTERUSDT,SELL,26
2025-10-22,17:21,AKTUSDT,SELL,12
2025-10-22,17:21,ETHUSDT,SELL,36
2025-10-22,17:21,AVNTUSDT,SELL,10
2025-10-22,17:21,币安人生USDT,SELL,12
2025-10-22,17:21,1000PEPEUSDT,SELL,8
2025-10-22,17:21,XRPUSDT,SELL,12
2025-10-22,17:21,ETHUSDC,SELL,8
2025-10-22,17:22,ETHUSDT,SELL,22
2025-10-22,17:22,SOLUSDT,SELL,14
2025-10-22,17:22,BTCUSDT,SELL,16
2025-10-22,17:22,币安人生USDT,SELL,18
2025-10-22,17:22,XRPUSDT,SELL,16
2025-10-22,17:22,4USDT,SELL,10
2025-10-22,17:22,RECALLUSDT,SELL,10
2025-10-22,17:22,GIGGLEUSDT,SELL,12
2025-10-22,17:22,METUSDT,SELL,8
2025-10-22,17:23,RECALLUSDT,SELL,10
2025-10-22,17:23,币安人生USDT,SELL,8
2025-10-22,17:23,ETHUSDT,SELL,8
2025-10-22,17:23,GIGGLEUSDT,SELL,22
2025-10-22,17:23,METUSDT,SELL,8
2025-10-22,17:23,EVAAUSDT,BUY,14
2025-10-22,17:23,AVNTUSDT,SELL,10
2025-10-22,17:23,BASUSDT,SELL,8
2025-10-22,17:24,AVNTUSDT,SELL,10
2025-10-22,17:24,GIGGLEUSDT,SELL,10
2025-10-22,17:24,BASUSDT,SELL,8
2025-10-22,17:26,ETHUSDT,BUY,14
2025-10-22,17:27,ETHUSDT,BUY,10
2025-10-22,17:27,CLOUSDT,SELL,8
2025-10-22,17:27,COAIUSDT,BUY,20
2025-10-22,17:27,AVNTUSDT,SELL,8
2025-10-22,17:28,BTCUSDT,BUY,8
2025-10-22,17:28,COAIUSDT,BUY,8
2025-10-22,17:28,CLOUSDT,SELL,14
2025-10-22,17:28,EVAAUSDT,BUY,12
2025-10-22,17:29,CLOUSDT,SELL,12
2025-10-22,17:29,EVAAUSDT,BUY,10
2025-10-22,17:29,TRUTHUSDT,BUY,18
2025-10-22,17:29,COAIUSDT,BUY,18
2025-10-22,17:30,COAIUSDT,BUY,38
2025-10-22,17:30,TRUTHUSDT,BUY,14
2025-10-22,17:30,CLOUSDT,SELL,10
2025-10-22,17:30,币安人生USDT,SELL,18
2025-10-22,17:30,BASUSDT,SELL,8
2025-10-22,17:30,XPINUSDT,BUY,18
2025-10-22,17:30,KDAUSDT,BUY,10
2025-10-22,17:30,AIAUSDT,SELL,10
2025-10-22,17:30,BTCUSDT,SELL,12
2025-10-22,17:31,XPINUSDT,BUY,16
2025-10-22,17:31,CLOUSDT,SELL,22
2025-10-22,17:31,COAIUSDT,BUY,22
2025-10-22,17:31,币安人生USDT,SELL,54
2025-10-22,17:31,RVVUSDT,SELL,8
2025-10-22,17:31,AIAUSDT,SELL,12
2025-10-22,17:31,WLDUSDT,SELL,8
2025-10-22,17:31,FARTCOINUSDT,SELL,8
2025-10-22,17:31,4USDT,SELL,12
2025-10-22,17:31,1000LUNCUSDT,SELL,8
2025-10-22,17:31,WIFUSDT,SELL,8
2025-10-22,17:31,XRPUSDT,SELL,8
2025-10-22,17:31,1000PEPEUSDT,SELL,8
2025-10-22,17:31,TAUSDT,SELL,18
2025-10-22,17:31,DOGEUSDT,SELL,14
2025-10-22,17:31,USELESSUSDT,SELL,12
2025-10-22,17:31,GRASSUSDT,SELL,8
2025-10-22,17:32,TAUSDT,SELL,12
2025-10-22,17:32,FILUSDT,SELL,8
2025-10-22,17:32,DOGEUSDT,SELL,12
2025-10-22,17:32,ETHUSDT,SELL,8
2025-10-22,17:32,币安人生USDT,SELL,56
2025-10-22,17:32,ASTERUSDT,SELL,18
2025-10-22,17:32,FARTCOINUSDT,SELL,14
2025-10-22,17:32,USELESSUSDT,SELL,8
2025-10-22,17:32,EIGENUSDT,SELL,8
2025-10-22,17:32,CLOUSDT,SELL,14
2025-10-22,17:32,4USDT,SELL,62
2025-10-22,17:32,AUCTIONUSDT,SELL,8
2025-10-22,17:32,METUSDT,SELL,10
2025-10-22,17:32,FHEUSDT,SELL,8
2025-10-22,17:33,4USDT,SELL,56
2025-10-22,17:33,ASTERUSDT,SELL,10
2025-10-22,17:33,FARTCOINUSDT,SELL,8
2025-10-22,17:33,BTCUSDT,SELL,10
2025-10-22,17:33,METUSDT,SELL,10
2025-10-22,17:33,AVNTUSDT,SELL,8
2025-10-22,17:33,FHEUSDT,SELL,8
2025-10-22,17:33,RVVUSDT,SELL,12
2025-10-22,17:34,AVNTUSDT,SELL,12
2025-10-22,17:34,RVVUSDT,SELL,12
2025-10-22,17:34,XPINUSDT,BUY,20
2025-10-22,17:35,BTCUSDT,BUY,10
2025-10-22,17:35,AVNTUSDT,SELL,10
2025-10-22,17:35,XPINUSDT,BUY,20
2025-10-22,17:35,ETHUSDT,BUY,14
2025-10-22,17:36,KGENUSDT,SELL,8
2025-10-22,17:36,AIAUSDT,SELL,10
2025-10-22,17:37,QUSDT,SELL,26
2025-10-22,17:37,KGENUSDT,SELL,8
2025-10-22,17:37,AIAUSDT,SELL,24
2025-10-22,17:38,AIAUSDT,SELL,14
2025-10-22,17:38,KDAUSDT,SELL,14
2025-10-22,17:38,RVVUSDT,SELL,12
2025-10-22,17:39,SOPHUSDT,SELL,8
2025-10-22,17:39,KDAUSDT,SELL,12
2025-10-22,17:39,RVVUSDT,SELL,12
2025-10-22,17:39,COAIUSDT,BUY,8
2025-10-22,17:39,LIGHTUSDT,BUY,7
2025-10-22,17:40,COAIUSDT,BUY,9
2025-10-22,17:41,COAIUSDT,BUY,10
2025-10-22,17:41,EVAAUSDT,BUY,10
2025-10-22,17:41,ETHUSDT,BUY,10
2025-10-22,17:41,BTCUSDT,BUY,7
2025-10-22,17:42,COAIUSDT,BUY,8
2025-10-22,17:42,BTCUSDT,BUY,7
2025-10-22,17:42,ETHUSDT,BUY,9
2025-10-22,17:43,QUSDT,SELL,14
2025-10-22,17:44,CLOUSDT,SELL,9
2025-10-22,17:45,CLOUSDT,SELL,8
2025-10-22,17:45,AIAUSDT,SELL,7
2025-10-22,17:45,XPINUSDT,BUY,9
2025-10-22,17:46,AIAUSDT,SELL,7
2025-10-22,17:46,XPINUSDT,BUY,16
2025-10-22,17:50,ETHUSDT,SELL,8
2025-10-22,17:51,ETHUSDT,SELL,7
2025-10-22,17:53,BLUAIUSDT,SELL,12
2025-10-22,17:53,BLESSUSDT,SELL,23
2025-10-22,17:54,BLESSUSDT,SELL,20
2025-10-22,17:54,BLUAIUSDT,SELL,14
2025-10-22,17:55,EVAAUSDT,BUY,7
2025-10-22,17:56,KDAUSDT,SELL,11
2025-10-22,17:57,KDAUSDT,SELL,10
2025-10-22,18:00,AIAUSDT,BUY,7
2025-10-22,18:01,AIAUSDT,BUY,7
2025-10-22,18:01,EDENUSDT,SELL,7
2025-10-22,18:02,LIGHTUSDT,BUY,10
2025-10-22,18:02,KDAUSDT,SELL,10
2025-10-22,18:02,XPINUSDT,SELL,9
2025-10-22,18:02,ASTERUSDT,SELL,7
2025-10-22,18:03,LIGHTUSDT,BUY,8
2025-10-22,18:03,ASTERUSDT,SELL,7
2025-10-22,18:12,TRUTHUSDT,SELL,15
2025-10-22,18:13,TRUTHUSDT,SELL,13
2025-10-22,18:17,KDAUSDT,SELL,15
2025-10-22,18:18,KDAUSDT,SELL,10
2025-10-22,18:19,OMUSDT,SELL,14
2025-10-22,18:19,ZBTUSDT,SELL,9
2025-10-22,18:19,ASTERUSDT,SELL,8
2025-10-22,18:20,OMUSDT,SELL,9
2025-10-22,18:20,ASTERUSDT,SELL,7
2025-10-22,18:21,KDAUSDT,SELL,8
2025-10-22,18:22,KDAUSDT,SELL,21
2025-10-22,18:23,KDAUSDT,SELL,14
2025-10-22,18:27,BROCCOLIF3BUSDT,BUY,9
2025-10-22,18:28,BROCCOLIF3BUSDT,BUY,9
2025-10-22,18:30,XPINUSDT,SELL,7
2025-10-22,18:30,EVAAUSDT,SELL,7
2025-10-22,18:31,RIVERUSDT,BUY,7
2025-10-22,18:31,COAIUSDT,BUY,12
2025-10-22,18:32,COAIUSDT,BUY,10
2025-10-22,18:32,RIVERUSDT,BUY,12
2025-10-22,18:32,KDAUSDT,BUY,8
2025-10-22,18:33,RIVERUSDT,BUY,19
2025-10-22,18:33,COAIUSDT,BUY,18
2025-10-22,18:33,BROCCOLIF3BUSDT,BUY,15
2025-10-22,18:34,COAIUSDT,BUY,23
2025-10-22,18:34,BROCCOLIF3BUSDT,BUY,18
2025-10-22,18:34,RIVERUSDT,BUY,17
2025-10-22,18:35,RIVERUSDT,BUY,8
2025-10-22,18:35,COAIUSDT,BUY,7
2025-10-22,18:35,EVAAUSDT,BUY,7
2025-10-22,18:38,PORT3USDT,BUY,8
2025-10-22,18:39,RIVERUSDT,BUY,10
2025-10-22,18:39,EVAAUSDT,SELL,8
2025-10-22,18:39,BTCUSDT,SELL,7
2025-10-22,18:40,BTCUSDT,SELL,7
2025-10-22,18:40,COAIUSDT,BUY,10
2025-10-22,18:42,ETHFIUSDT,SELL,8
2025-10-22,18:42,ETHUSDT,SELL,7
2025-10-22,18:43,ETHFIUSDT,SELL,8
2025-10-22,18:43,ETHUSDT,SELL,10
2025-10-22,18:44,ETHUSDT,SELL,8
2025-10-22,18:45,SOLUSDT,SELL,7
2025-10-22,18:45,ZECUSDT,SELL,12
2025-10-22,18:47,币安人生USDT,SELL,9
2025-10-22,18:48,币安人生USDT,SELL,17
2025-10-22,18:49,币安人生USDT,SELL,18
2025-10-22,18:49,BROCCOLIF3BUSDT,SELL,9
2025-10-22,18:50,EVAAUSDT,BUY,7
2025-10-22,18:51,SOLUSDT,SELL,9
2025-10-22,18:51,ETHUSDT,SELL,12
2025-10-22,18:51,APTUSDT,SELL,7
2025-10-22,18:52,ZECUSDT,SELL,8
2025-10-22,18:52,ETHUSDT,SELL,12
2025-10-22,18:52,SOLUSDT,SELL,10
2025-10-22,18:52,XRPUSDT,SELL,9
2025-10-22,18:52,FARTCOINUSDT,SELL,7
2025-10-22,18:53,XRPUSDT,SELL,9
2025-10-22,18:53,SOLUSDT,SELL,9
2025-10-22,18:53,BTCUSDT,SELL,17
2025-10-22,18:53,ETHUSDT,SELL,9
2025-10-22,18:53,SNXUSDT,SELL,9
2025-10-22,18:53,ASTERUSDT,SELL,10
2025-10-22,18:54,BTCUSDT,SELL,21
2025-10-22,18:54,ZECUSDT,SELL,17
2025-10-22,18:54,ADAUSDT,SELL,7
2025-10-22,18:54,ASTERUSDT,SELL,12
2025-10-22,18:54,SOLUSDT,SELL,15
2025-10-22,18:54,ETHUSDT,SELL,15
2025-10-22,18:54,BNBUSDT,SELL,8
2025-10-22,18:54,BROCCOLIF3BUSDT,SELL,8
2025-10-22,18:54,DASHUSDT,SELL,7
2025-10-22,18:54,币安人生USDT,SELL,7
2025-10-22,18:55,SOLUSDT,SELL,14
2025-10-22,18:55,ETHUSDT,SELL,11
2025-10-22,18:55,BTCUSDT,SELL,8
2025-10-22,18:55,币安人生USDT,SELL,8
2025-10-22,18:55,ASTERUSDT,SELL,9
2025-10-22,18:55,WIFUSDT,SELL,7
2025-10-22,18:56,SNXUSDT,SELL,8
2025-10-22,18:56,SOLUSDT,SELL,12
2025-10-22,18:56,ASTERUSDT,SELL,7
2025-10-22,18:56,WIFUSDT,SELL,10
2025-10-22,18:56,ETHUSDT,SELL,9
2025-10-22,18:56,WLDUSDT,SELL,8
2025-10-22,18:56,STBLUSDT,SELL,14
2025-10-22,18:57,SNXUSDT,SELL,8
2025-10-22,18:57,SOLUSDT,SELL,7
2025-10-22,18:57,WLDUSDT,SELL,7
2025-10-22,18:57,STBLUSDT,SELL,13
2025-10-22,19:00,BROCCOLIF3BUSDT,SELL,9
2025-10-22,19:01,LIGHTUSDT,BUY,7
2025-10-22,19:01,BROCCOLIF3BUSDT,SELL,9
2025-10-22,19:01,MLNUSDT,SELL,7
2025-10-22,19:02,EVAAUSDT,BUY,11
2025-10-22,19:03,EVAAUSDT,BUY,9
2025-10-22,19:03,币安人生USDT,SELL,9
2025-10-22,19:05,KDAUSDT,SELL,9
2025-10-22,19:06,KDAUSDT,SELL,15
2025-10-22,19:07,KDAUSDT,SELL,11
2025-10-22,19:07,RIVERUSDT,BUY,15
2025-10-22,19:07,币安人生USDT,SELL,16
2025-10-22,19:08,RIVERUSDT,BUY,14
2025-10-22,19:08,币安人生USDT,SELL,28
2025-10-22,19:09,币安人生USDT,SELL,12
2025-10-22,19:11,RIVERUSDT,SELL,7
2025-10-22,19:14,EVAAUSDT,SELL,7
2025-10-22,19:14,KDAUSDT,SELL,8
2025-10-22,19:15,KDAUSDT,SELL,18
2025-10-22,19:15,ASTERUSDT,SELL,7
2025-10-22,19:15,SOLUSDT,SELL,20
2025-10-22,19:15,SOLUSDC,SELL,8
2025-10-22,19:15,FETUSDT,SELL,8
2025-10-22,19:15,APTUSDT,SELL,7
2025-10-22,19:15,ETHUSDT,SELL,13
2025-10-22,19:15,XRPUSDT,SELL,12
2025-10-22,19:15,BTCUSDT,SELL,7
2025-10-22,19:15,ZENUSDT,SELL,7
2025-10-22,19:15,BNBUSDT,SELL,13
2025-10-22,19:15,AVAXUSDT,SELL,10
2025-10-22,19:15,HANAUSDT,SELL,10
2025-10-22,19:15,WLDUSDT,SELL,11
2025-10-22,19:15,FARTCOINUSDT,SELL,8
2025-10-22,19:16,KDAUSDT,SELL,24
2025-10-22,19:16,ETHUSDT,SELL,23
2025-10-22,19:16,ASTERUSDT,SELL,7
2025-10-22,19:16,WLDUSDT,SELL,12
2025-10-22,19:16,FILUSDT,SELL,7
2025-10-22,19:16,BLESSUSDT,SELL,10
2025-10-22,19:16,AVAXUSDT,SELL,7
2025-10-22,19:16,TRUMPUSDT,SELL,9
2025-10-22,19:16,FARTCOINUSDT,SELL,12
2025-10-22,19:16,SOLUSDT,SELL,22
2025-10-22,19:16,XRPUSDT,SELL,12
2025-10-22,19:16,SOLUSDC,SELL,7
2025-10-22,19:16,ADAUSDT,SELL,8
2025-10-22,19:16,HANAUSDT,SELL,11
2025-10-22,19:16,BIOUSDT,SELL,9
2025-10-22,19:16,BNBUSDT,SELL,19
2025-10-22,19:16,SIGNUSDT,SELL,8
2025-10-22,19:16,DOGEUSDT,SELL,7
2025-10-22,19:16,ENAUSDT,SELL,7
2025-10-22,19:16,BTCUSDT,SELL,14
2025-10-22,19:16,OPUSDT,SELL,7
2025-10-22,19:16,SEIUSDT,SELL,8
2025-10-22,19:16,ETHFIUSDT,SELL,16
2025-10-22,19:16,NEIROUSDT,SELL,9
2025-10-22,19:16,RVVUSDT,SELL,7
2025-10-22,19:16,THEUSDT,SELL,8
2025-10-22,19:16,TIAUSDT,SELL,8
2025-10-22,19:16,COAIUSDT,SELL,9
2025-10-22,19:16,RIVERUSDT,BUY,7
2025-10-22,19:17,HANAUSDT,SELL,8
2025-10-22,19:17,ETHUSDT,SELL,13
2025-10-22,19:17,ETHFIUSDT,SELL,10
2025-10-22,19:17,BNBUSDT,SELL,8
2025-10-22,19:17,BTCUSDT,SELL,12
2025-10-22,19:17,SOLUSDT,SELL,10
2025-10-22,19:17,ASTERUSDT,SELL,7
2025-10-22,19:18,EVAAUSDT,BUY,10
2025-10-22,19:18,BTCUSDT,SELL,10
2025-10-22,19:18,SOLUSDT,SELL,8
2025-10-22,19:18,LIGHTUSDT,SELL,10
2025-10-22,19:19,LIGHTUSDT,SELL,12
2025-10-22,19:19,EVAAUSDT,BUY,8
2025-10-22,19:19,币安人生USDT,SELL,14
2025-10-22,19:19,SOLUSDT,SELL,7
2025-10-22,19:20,币安人生USDT,SELL,10
2025-10-22,19:23,HANAUSDT,SELL,19
2025-10-22,19:24,HANAUSDT,SELL,18
2025-10-22,19:24,PORT3USDT,BUY,10
2025-10-22,19:28,KDAUSDT,BUY,29
2025-10-22,19:28,AIAUSDT,BUY,11
2025-10-22,19:29,RIVERUSDT,SELL,9
2025-10-22,19:29,AIAUSDT,BUY,10
2025-10-22,19:31,BLESSUSDT,SELL,7
2025-10-22,19:31,STBLUSDT,SELL,7
2025-10-22,19:32,STBLUSDT,SELL,8
2025-10-22,19:32,USELESSUSDT,SELL,7
2025-10-22,19:33,AIAUSDT,BUY,9
2025-10-22,19:34,AIAUSDT,BUY,12
2025-10-22,19:34,KDAUSDT,BUY,10
2025-10-22,19:36,COAIUSDT,BUY,9
2025-10-22,19:37,KDAUSDT,SELL,8
2025-10-22,19:38,EVAAUSDT,SELL,10
2025-10-22,19:39,KDAUSDT,BUY,9
2025-10-22,19:41,SNXUSDT,SELL,7
2025-10-22,19:41,RSRUSDT,SELL,7
2025-10-22,19:41,PUMPUSDT,SELL,10
2025-10-22,19:42,PUMPUSDT,SELL,9
2025-10-22,19:45,EVAAUSDT,SELL,8
2025-10-22,19:46,RIVERUSDT,BUY,8
2025-10-22,19:48,EVAAUSDT,SELL,7
2025-10-22,19:54,BLESSUSDT,SELL,9
2025-10-22,19:55,BLESSUSDT,SELL,18
2025-10-22,19:56,BLESSUSDT,SELL,14
2025-10-22,19:56,ZKCUSDT,SELL,7
2025-10-22,19:57,KDAUSDT,SELL,8
2025-10-22,19:57,ZKCUSDT,SELL,7
2025-10-22,20:01,币安人生USDT,SELL,13
2025-10-22,20:01,4USDT,BUY,8
2025-10-22,20:02,币安人生USDT,SELL,13
2025-10-22,20:02,4USDT,BUY,9
2025-10-22,20:02,COAIUSDT,BUY,10
2025-10-22,20:05,COAIUSDT,BUY,11
2025-10-22,20:06,COAIUSDT,BUY,26
2025-10-22,20:06,KDAUSDT,SELL,15
2025-10-22,20:06,EVAAUSDT,BUY,7
2025-10-22,20:07,COAIUSDT,BUY,24
2025-10-22,20:08,COAIUSDT,BUY,12
2025-10-22,20:11,COAIUSDT,BUY,7
2025-10-22,20:12,COAIUSDT,BUY,9
2025-10-22,20:13,COAIUSDT,BUY,9
2025-10-22,20:14,COAIUSDT,BUY,12
2025-10-22,20:15,COAIUSDT,BUY,15
2025-10-22,20:15,KDAUSDT,SELL,7
2025-10-22,20:16,PORT3USDT,SELL,8
2025-10-22,20:16,COAIUSDT,BUY,9
2025-10-22,20:18,KDAUSDT,BUY,7
2025-10-22,20:24,RIVERUSDT,SELL,7
2025-10-22,20:25,RIVERUSDT,SELL,13
2025-10-22,20:27,LABUSDT,SELL,8
2025-10-22,20:31,KDAUSDT,SELL,7
2025-10-22,20:32,KDAUSDT,SELL,11
2025-10-22,20:35,ASTERUSDT,SELL,8
2025-10-22,20:36,RVVUSDT,SELL,7
2025-10-22,20:36,HANAUSDT,SELL,7
2025-10-22,20:38,COAIUSDT,BUY,21
2025-10-22,20:39,COAIUSDT,BUY,27
2025-10-22,20:42,AVNTUSDT,SELL,8
2025-10-22,20:43,EVAAUSDT,SELL,7
2025-10-22,20:45,STBLUSDT,SELL,9
2025-10-22,20:45,FARTCOINUSDT,SELL,12
2025-10-22,20:46,FARTCOINUSDT,SELL,11
2025-10-22,20:46,STBLUSDT,SELL,8
2025-10-22,20:48,EVAAUSDT,SELL,11
2025-10-22,20:49,EVAAUSDT,SELL,9
2025-10-22,20:52,SOLUSDT,SELL,17
2025-10-22,20:52,ETHUSDT,SELL,7
2025-10-22,20:52,FARTCOINUSDT,SELL,7
2025-10-22,20:53,ETHUSDT,SELL,7
2025-10-22,20:53,SOLUSDT,SELL,15
2025-10-22,20:53,COAIUSDT,BUY,10
2025-10-22,20:53,FARTCOINUSDT,SELL,7
2025-10-22,20:54,COAIUSDT,BUY,8
2025-10-22,20:56,COAIUSDT,BUY,9
2025-10-22,20:57,BLUAIUSDT,SELL,9
2025-10-22,20:57,ETHUSDT,SELL,9
2025-10-22,20:57,SOLUSDT,SELL,12
2025-10-22,20:57,AVAXUSDT,SELL,14
2025-10-22,20:57,SOLUSDC,SELL,10
2025-10-22,20:57,XPLUSDT,SELL,7
2025-10-22,20:57,WLDUSDT,SELL,7
2025-10-22,20:57,1000PEPEUSDT,SELL,7
2025-10-22,20:57,FETUSDT,SELL,7
2025-10-22,20:57,DOGEUSDT,SELL,9
2025-10-22,20:57,ASTERUSDT,SELL,7
2025-10-22,20:57,FARTCOINUSDT,SELL,7
2025-10-22,20:57,ADAUSDT,SELL,7
2025-10-22,20:58,XRPUSDT,SELL,15
2025-10-22,20:58,币安人生USDT,SELL,9
2025-10-22,20:58,AVAXUSDT,SELL,17
2025-10-22,20:58,BLUAIUSDT,SELL,9
2025-10-22,20:58,AVNTUSDT,SELL,8
2025-10-22,20:58,AVAXUSDC,SELL,7
2025-10-22,20:58,APTUSDT,SELL,7
2025-10-22,20:58,SOLUSDC,SELL,12
2025-10-22,20:58,XPLUSDT,SELL,7
2025-10-22,20:58,WLDUSDT,SELL,7
2025-10-22,20:58,1000PEPEUSDT,SELL,11
2025-10-22,20:58,FETUSDT,SELL,7
2025-10-22,20:58,DOGEUSDT,SELL,9
2025-10-22,20:58,ETHUSDT,SELL,10
2025-10-22,20:58,ASTERUSDT,SELL,8
2025-10-22,20:58,TIAUSDT,SELL,9
2025-10-22,20:58,FARTCOINUSDT,SELL,16
2025-10-22,20:58,ADAUSDT,SELL,7
2025-10-22,20:58,SPXUSDT,SELL,7
2025-10-22,20:58,OPUSDT,SELL,7
2025-10-22,20:59,FARTCOINUSDT,SELL,10
2025-10-22,20:59,COAIUSDT,BUY,14
2025-10-22,20:59,1000PEPEUSDT,SELL,7
2025-10-22,21:00,COAIUSDT,BUY,15
2025-10-22,21:01,AIAUSDT,BUY,15
2025-10-22,21:02,AIAUSDT,BUY,19
2025-10-22,21:03,AIAUSDT,BUY,14
2025-10-22,21:05,EVAAUSDT,SELL,7
2025-10-22,21:07,EVAAUSDT,SELL,10
2025-10-22,21:07,AIAUSDT,BUY,7
2025-10-22,21:08,EVAAUSDT,SELL,14
2025-10-22,21:08,AIAUSDT,BUY,11
2025-10-22,21:11,AIAUSDT,BUY,13
2025-10-22,21:12,AIAUSDT,BUY,7
2025-10-22,21:14,AIAUSDT,BUY,11
2025-10-22,21:14,BLUAIUSDT,SELL,8
2025-10-22,21:15,BLUAIUSDT,SELL,8
2025-10-22,21:16,ETHUSDT,SELL,7
2025-10-22,21:16,COAIUSDT,BUY,13
2025-10-22,21:16,BLESSUSDT,BUY,13
2025-10-22,21:17,COAIUSDT,BUY,13
2025-10-22,21:17,ETHUSDT,SELL,8
2025-10-22,21:17,AIAUSDT,SELL,7
2025-10-22,21:18,DASHUSDT,SELL,7
2025-10-22,21:20,ETHUSDT,SELL,8
2025-10-22,21:21,ETHUSDT,SELL,10
2025-10-22,21:25,BLESSUSDT,BUY,7
2025-10-22,21:25,AVNTUSDT,SELL,7
2025-10-22,21:28,FFUSDT,SELL,12
2025-10-22,21:29,FFUSDT,SELL,13
2025-10-22,21:29,ETHUSDT,SELL,7
2025-10-22,21:29,SNXUSDT,SELL,9
2025-10-22,21:33,KDAUSDT,SELL,8
2025-10-22,21:33,PENGUUSDT,SELL,12
2025-10-22,21:33,TAOUSDT,SELL,7
2025-10-22,21:33,AVAXUSDT,SELL,7
2025-10-22,21:33,ASTERUSDT,SELL,9
2025-10-22,21:33,XRPUSDT,SELL,10
2025-10-22,21:33,ADAUSDT,SELL,10
2025-10-22,21:33,DOGEUSDT,SELL,8
2025-10-22,21:33,1000FLOKIUSDT,SELL,9
2025-10-22,21:33,NEIROUSDT,SELL,8
2025-10-22,21:33,1000PEPEUSDT,SELL,12
2025-10-22,21:33,WLDUSDT,SELL,10
2025-10-22,21:33,ALPINEUSDT,SELL,15
2025-10-22,21:33,APTUSDT,SELL,7
2025-10-22,21:33,LINKUSDT,SELL,9
2025-10-22,21:33,RESOLVUSDT,SELL,9
2025-10-22,21:33,GALAUSDT,SELL,7
2025-10-22,21:33,DOTUSDT,SELL,8
2025-10-22,21:33,GRASSUSDT,SELL,10
2025-10-22,21:33,TUTUSDT,SELL,9
2025-10-22,21:33,ARBUSDT,SELL,7
2025-10-22,21:33,TIAUSDT,SELL,8
2025-10-22,21:34,ASTERUSDT,SELL,8
2025-10-22,21:34,DOGEUSDT,SELL,8
2025-10-22,21:34,NEIROUSDT,SELL,9
2025-10-22,21:34,1000PEPEUSDT,SELL,13
2025-10-22,21:34,WLDUSDT,SELL,11
2025-10-22,21:34,ALPINEUSDT,SELL,15
2025-10-22,21:34,1000FLOKIUSDT,SELL,8
2025-10-22,21:34,FHEUSDT,SELL,7
2025-10-22,21:34,TAOUSDT,SELL,7
2025-10-22,21:34,APTUSDT,SELL,7
2025-10-22,21:34,LINKUSDT,SELL,9
2025-10-22,21:34,XRPUSDT,SELL,9
2025-10-22,21:34,RESOLVUSDT,SELL,9
2025-10-22,21:34,GALAUSDT,SELL,7
2025-10-22,21:34,BTCUSDT,SELL,12
2025-10-22,21:34,DOTUSDT,SELL,8
2025-10-22,21:34,GRASSUSDT,SELL,11
2025-10-22,21:34,NEARUSDT,SELL,7
2025-10-22,21:34,TUTUSDT,SELL,9
2025-10-22,21:34,ADAUSDT,SELL,10
2025-10-22,21:34,ARBUSDT,SELL,7
2025-10-22,21:34,TIAUSDT,SELL,8
2025-10-22,21:34,ETHUSDC,SELL,7
2025-10-22,21:36,CUDISUSDT,SELL,11
2025-10-22,21:36,EVAAUSDT,BUY,11
2025-10-22,21:37,CUDISUSDT,SELL,8
2025-10-22,21:37,BLUAIUSDT,BUY,8
2025-10-22,21:37,KDAUSDT,SELL,7
2025-10-22,21:38,BLUAIUSDT,BUY,10
2025-10-22,21:39,BLUAIUSDT,BUY,7
2025-10-22,21:45,AIAUSDT,BUY,7
2025-10-22,21:46,AIAUSDT,BUY,13
2025-10-22,21:47,BLESSUSDT,BUY,12
2025-10-22,21:47,BLUAIUSDT,BUY,7
2025-10-22,21:47,RIVERUSDT,BUY,15
2025-10-22,21:53,AIUSDT,SELL,7
2025-10-22,21:53,XPLUSDT,SELL,11
2025-10-22,21:53,TUTUSDT,SELL,8
2025-10-22,21:53,ZECUSDT,SELL,12
2025-10-22,21:53,PUMPUSDT,SELL,10
2025-10-22,21:53,AIAUSDT,SELL,10
2025-10-22,21:54,XPLUSDT,SELL,9
2025-10-22,21:54,PUMPUSDT,SELL,8
2025-10-22,21:54,ZECUSDT,SELL,16
2025-10-22,21:55,ZECUSDT,SELL,7
2025-10-22,21:56,BLUAIUSDT,SELL,12
2025-10-22,21:57,BLUAIUSDT,SELL,9
2025-10-22,21:57,EVAAUSDT,BUY,13
2025-10-22,21:59,TUTUSDT,SELL,7
2025-10-22,22:01,NEIROUSDT,SELL,18
2025-10-22,22:01,AIUSDT,SELL,11
2025-10-22,22:01,USUALUSDT,SELL,10
2025-10-22,22:01,THEUSDT,SELL,11
2025-10-22,22:01,SUSDT,SELL,12
2025-10-22,22:01,MUBARAKUSDT,SELL,12
2025-10-22,22:01,AUCTIONUSDT,SELL,12
2025-10-22,22:01,EDENUSDT,SELL,8
2025-10-22,22:01,MINAUSDT,SELL,9
2025-10-22,22:01,CAKEUSDT,SELL,14
2025-10-22,22:01,BIOUSDT,SELL,15
2025-10-22,22:01,WUSDT,SELL,14
2025-10-22,22:01,YGGUSDT,SELL,17
2025-10-22,22:01,BEAMXUSDT,SELL,7
2025-10-22,22:01,ARBUSDT,SELL,20
2025-10-22,22:01,2ZUSDT,SELL,11
2025-10-22,22:01,MANAUSDT,SELL,8
2025-10-22,22:01,1000PEPEUSDT,SELL,23
2025-10-22,22:01,PUMPUSDT,SELL,16
2025-10-22,22:01,DOGSUSDT,SELL,12
2025-10-22,22:01,CELOUSDT,SELL,10
2025-10-22,22:01,ONDOUSDT,SELL,15
2025-10-22,22:01,EIGENUSDT,SELL,19
2025-10-22,22:01,IOUSDT,SELL,10
2025-10-22,22:01,ENAUSDT,SELL,16
2025-10-22,22:01,WIFUSDT,SELL,18
2025-10-22,22:01,ZENUSDT,SELL,17
2025-10-22,22:01,ZKUSDT,SELL,9
2025-10-22,22:01,RVVUSDT,SELL,9
2025-10-22,22:01,MOVEUSDT,SELL,7
2025-10-22,22:01,SPKUSDT,SELL,10
2025-10-22,22:01,API3USDT,SELL,10
2025-10-22,22:01,ICPUSDT,SELL,15
2025-10-22,22:01,DOTUSDT,SELL,19
2025-10-22,22:01,WLDUSDT,SELL,18
2025-10-22,22:01,ALPINEUSDT,SELL,16
2025-10-22,22:01,GRIFFAINUSDT,SELL,7
2025-10-22,22:01,VFYUSDT,SELL,16
2025-10-22,22:01,TUTUSDT,SELL,16
2025-10-22,22:01,VIRTUALUSDT,SELL,7
2025-10-22,22:01,GMTUSDT,SELL,8
2025-10-22,22:01,ORDIUSDT,SELL,12
2025-10-22,22:01,OPUSDT,SELL,13
2025-10-22,22:01,LABUSDT,SELL,8
2025-10-22,22:01,NEARUSDT,SELL,15
2025-10-22,22:01,TIAUSDT,SELL,19
2025-10-22,22:01,RENDERUSDT,SELL,11
2025-10-22,22:01,STXUSDT,SELL,8
2025-10-22,22:01,FILUSDT,SELL,14
2025-10-22,22:01,1000FLOKIUSDT,SELL,19
2025-10-22,22:01,DYDXUSDT,SELL,12
2025-10-22,22:01,SUIUSDT,SELL,18
2025-10-22,22:01,TRUMPUSDT,SELL,16
2025-10-22,22:01,HBARUSDT,SELL,16
2025-10-22,22:01,WLFIUSDT,SELL,15
2025-10-22,22:01,1000SHIBUSDT,SELL,16
2025-10-22,22:01,DOGEUSDT,SELL,19
2025-10-22,22:01,ADAUSDT,SELL,22
2025-10-22,22:01,GALAUSDT,SELL,16
2025-10-22,22:01,LDOUSDT,SELL,16
2025-10-22,22:01,1000SATSUSDT,SELL,15
2025-10-22,22:01,VINEUSDT,SELL,7
2025-10-22,22:01,AXSUSDT,SELL,11
2025-10-22,22:01,币安人生USDT,SELL,11
2025-10-22,22:01,TAGUSDT,SELL,10
2025-10-22,22:01,OMUSDT,SELL,20
2025-10-22,22:01,ZORAUSDT,SELL,8
2025-10-22,22:01,ACEUSDT,SELL,7
2025-10-22,22:01,APTUSDT,SELL,13
2025-10-22,22:01,BNBUSDT,SELL,19
2025-10-22,22:01,ETHUSDT,SELL,29
2025-10-22,22:01,AGLDUSDT,SELL,7
2025-10-22,22:01,SNXUSDT,SELL,15
2025-10-22,22:01,1000BONKUSDT,SELL,15
2025-10-22,22:01,ATOMUSDT,SELL,8
2025-10-22,22:01,FUNUSDT,SELL,8
2025-10-22,22:01,XPLUSDT,SELL,15
2025-10-22,22:01,SEIUSDT,SELL,15
2025-10-22,22:01,1000PEPEUSDC,SELL,9
2025-10-22,22:01,BELUSDT,SELL,13
2025-10-22,22:01,PNUTUSDT,SELL,13
2025-10-22,22:01,TRBUSDT,SELL,11
2025-10-22,22:01,MEMEUSDT,SELL,10
2025-10-22,22:01,1MBABYDOGEUSDT,SELL,12
2025-10-22,22:01,MASKUSDT,SELL,9
2025-10-22,22:01,TAOUSDT,SELL,17
2025-10-22,22:01,ROSEUSDT,SELL,10
2025-10-22,22:01,TURBOUSDT,SELL,10
2025-10-22,22:01,ENSOUSDT,SELL,8
2025-10-22,22:01,SOLUSDT,SELL,22
2025-10-22,22:01,PENGUUSDT,SELL,14
2025-10-22,22:01,TRUTHUSDT,SELL,7
2025-10-22,22:01,PEOPLEUSDT,SELL,11
2025-10-22,22:01,KERNELUSDT,SELL,7
2025-10-22,22:01,1000LUNCUSDT,SELL,14
2025-10-22,22:01,MANTAUSDT,SELL,7
2025-10-22,22:01,TRUUSDT,SELL,7
2025-10-22,22:01,FORMUSDT,SELL,10
2025-10-22,22:01,4USDT,SELL,7
2025-10-22,22:01,FARTCOINUSDT,SELL,19
2025-10-22,22:01,CRVUSDT,SELL,9
2025-10-22,22:01,XVGUSDT,SELL,8
2025-10-22,22:01,AIXBTUSDT,SELL,10
2025-10-22,22:01,YBUSDT,SELL,7
2025-10-22,22:01,SPXUSDT,SELL,8
2025-10-22,22:01,IPUSDT,SELL,11
2025-10-22,22:01,AI16ZUSDT,SELL,9
2025-10-22,22:01,ZILUSDT,SELL,8
2025-10-22,22:01,PENDLEUSDT,SELL,7
2025-10-22,22:01,MOODENGUSDT,SELL,7
2025-10-22,22:01,NOMUSDT,SELL,9
2025-10-22,22:01,CYBERUSDT,SELL,7
2025-10-22,22:01,MIRAUSDT,SELL,10
2025-10-22,22:01,NEOUSDT,SELL,9
2025-10-22,22:01,SUPERUSDT,SELL,7
2025-10-22,22:01,OPENUSDT,SELL,9
2025-10-22,22:01,PYTHUSDT,SELL,7
2025-10-22,22:01,POLUSDT,SELL,7
2025-10-22,22:01,JTOUSDT,SELL,9
2025-10-22,22:01,JASMYUSDT,SELL,7
2025-10-22,22:01,SANDUSDT,SELL,9
2025-10-22,22:01,ZROUSDT,SELL,10
2025-10-22,22:01,MAGICUSDT,SELL,7
2025-10-22,22:01,MITOUSDT,SELL,11
2025-10-22,22:01,ARKMUSDT,SELL,10
2025-10-22,22:01,RAREUSDT,SELL,8
2025-10-22,22:01,FETUSDT,SELL,20
2025-10-22,22:01,TLMUSDT,SELL,9
2025-10-22,22:01,HYPEUSDT,SELL,7
2025-10-22,22:01,ETHFIUSDT,SELL,15
2025-10-22,22:01,SSVUSDT,SELL,8
2025-10-22,22:01,CUSDT,SELL,11
2025-10-22,22:01,XAIUSDT,SELL,8
2025-10-22,22:01,ALTUSDT,SELL,8
2025-10-22,22:01,ALGOUSDT,SELL,7
2025-10-22,22:01,NOTUSDT,SELL,7
2025-10-22,22:01,TONUSDT,SELL,9
2025-10-22,22:01,SAGAUSDT,SELL,10
2025-10-22,22:01,RDNTUSDT,SELL,9
2025-10-22,22:01,USTCUSDT,SELL,11
2025-10-22,22:01,BROCCOLI714USDT,SELL,14
2025-10-22,22:01,HOOKUSDT,SELL,9
2025-10-22,22:01,TREEUSDT,SELL,8
2025-10-22,22:01,NFPUSDT,SELL,9
2025-10-22,22:01,MELANIAUSDT,SELL,9
2025-10-22,22:01,MAVUSDT,SELL,7
2025-10-22,22:01,INITUSDT,SELL,9
2025-10-22,22:01,LUNA2USDT,SELL,7
2025-10-22,22:01,TSTUSDT,SELL,8
2025-10-22,22:01,BMTUSDT,SELL,7
2025-10-22,22:01,VICUSDT,SELL,7
2025-10-22,22:01,WCTUSDT,SELL,8
2025-10-22,22:01,FIOUSDT,SELL,7
2025-10-22,22:01,ZBTUSDT,SELL,7
2025-10-22,22:01,KOMAUSDT,SELL,7
2025-10-22,22:01,INJUSDT,SELL,9
2025-10-22,22:01,FHEUSDT,SELL,9
2025-10-22,22:01,AVAXUSDT,SELL,20
2025-10-22,22:01,1000CATUSDT,SELL,8
2025-10-22,22:01,ALICEUSDT,SELL,12
2025-10-22,22:01,HANAUSDT,SELL,7
2025-10-22,22:01,XNYUSDT,SELL,8
2025-10-22,22:01,BOMEUSDT,SELL,14
2025-10-22,22:01,ZKCUSDT,SELL,12
2025-10-22,22:01,LINKUSDT,SELL,19
2025-10-22,22:01,LINEAUSDT,SELL,7
2025-10-22,22:01,AAVEUSDT,SELL,9
2025-10-22,22:01,BRETTUSDT,SELL,7
2025-10-22,22:01,XLMUSDT,SELL,9
2025-10-22,22:01,UNIUSDT,SELL,10
2025-10-22,22:01,ETCUSDT,SELL,7
2025-10-22,22:01,KAVAUSDT,SELL,16
2025-10-22,22:01,BCHUSDT,SELL,8
2025-10-22,22:01,SKLUSDT,SELL,7
2025-10-22,22:01,ETHUSDC,SELL,15
2025-10-22,22:01,CFXUSDT,SELL,11
2025-10-22,22:01,SQDUSDT,SELL,11
2025-10-22,22:01,BNBUSDC,SELL,7
2025-10-22,22:01,CHZUSDT,SELL,7
2025-10-22,22:01,CHILLGUYUSDT,SELL,7
2025-10-22,22:01,STBLUSDT,SELL,11
2025-10-22,22:01,SUSHIUSDT,SELL,9
2025-10-22,22:01,MAVIAUSDT,SELL,7
2025-10-22,22:02,MINAUSDT,SELL,9
2025-10-22,22:02,CAKEUSDT,SELL,14
2025-10-22,22:02,BIOUSDT,SELL,15
2025-10-22,22:02,WUSDT,SELL,14
2025-10-22,22:02,YGGUSDT,SELL,17
2025-10-22,22:02,BEAMXUSDT,SELL,7
2025-10-22,22:02,NEIROUSDT,SELL,16
2025-10-22,22:02,ARBUSDT,SELL,20
2025-10-22,22:02,2ZUSDT,SELL,11
2025-10-22,22:02,MANAUSDT,SELL,8
2025-10-22,22:02,1000PEPEUSDT,SELL,23
2025-10-22,22:02,MUBARAKUSDT,SELL,11
2025-10-22,22:02,PUMPUSDT,SELL,18
2025-10-22,22:02,DOGSUSDT,SELL,12
2025-10-22,22:02,CELOUSDT,SELL,10
2025-10-22,22:02,ONDOUSDT,SELL,15
2025-10-22,22:02,EIGENUSDT,SELL,19
2025-10-22,22:02,IOUSDT,SELL,10
2025-10-22,22:02,ENAUSDT,SELL,16
2025-10-22,22:02,WIFUSDT,SELL,18
2025-10-22,22:02,ZENUSDT,SELL,17
2025-10-22,22:02,ZKUSDT,SELL,9
2025-10-22,22:02,RVVUSDT,SELL,9
2025-10-22,22:02,MOVEUSDT,SELL,7
2025-10-22,22:02,SPKUSDT,SELL,10
2025-10-22,22:02,API3USDT,SELL,10
2025-10-22,22:02,ICPUSDT,SELL,15
2025-10-22,22:02,DOTUSDT,SELL,19
2025-10-22,22:02,WLDUSDT,SELL,18
2025-10-22,22:02,ALPINEUSDT,SELL,17
2025-10-22,22:02,GRIFFAINUSDT,SELL,7
2025-10-22,22:02,VFYUSDT,SELL,16
2025-10-22,22:02,TUTUSDT,SELL,17
2025-10-22,22:02,VIRTUALUSDT,SELL,7
2025-10-22,22:02,GMTUSDT,SELL,8
2025-10-22,22:02,ORDIUSDT,SELL,12
2025-10-22,22:02,OPUSDT,SELL,13
2025-10-22,22:02,LABUSDT,SELL,8
2025-10-22,22:02,NEARUSDT,SELL,15
2025-10-22,22:02,TIAUSDT,SELL,19
2025-10-22,22:02,RENDERUSDT,SELL,11
2025-10-22,22:02,STXUSDT,SELL,8
2025-10-22,22:02,SUSDT,SELL,11
2025-10-22,22:02,FILUSDT,SELL,14
2025-10-22,22:02,1000FLOKIUSDT,SELL,19
2025-10-22,22:02,DYDXUSDT,SELL,12
2025-10-22,22:02,SUIUSDT,SELL,18
2025-10-22,22:02,TRUMPUSDT,SELL,16
2025-10-22,22:02,BBUSDT,SELL,12
2025-10-22,22:02,HBARUSDT,SELL,16
2025-10-22,22:02,WLFIUSDT,SELL,15
2025-10-22,22:02,1000SHIBUSDT,SELL,16
2025-10-22,22:02,DOGEUSDT,SELL,20
2025-10-22,22:02,ADAUSDT,SELL,22
2025-10-22,22:02,GALAUSDT,SELL,16
2025-10-22,22:02,LDOUSDT,SELL,16
2025-10-22,22:02,1000SATSUSDT,SELL,15
2025-10-22,22:02,VINEUSDT,SELL,7
2025-10-22,22:02,AXSUSDT,SELL,11
2025-10-22,22:02,SKYAIUSDT,SELL,7
2025-10-22,22:02,币安人生USDT,SELL,11
2025-10-22,22:02,TAGUSDT,SELL,10
2025-10-22,22:02,OMUSDT,SELL,23
2025-10-22,22:02,ZORAUSDT,SELL,8
2025-10-22,22:02,ACEUSDT,SELL,7
2025-10-22,22:02,APTUSDT,SELL,13
2025-10-22,22:02,BNBUSDT,SELL,20
2025-10-22,22:02,AGLDUSDT,SELL,7
2025-10-22,22:02,SNXUSDT,SELL,16
2025-10-22,22:02,ATOMUSDT,SELL,8
2025-10-22,22:02,FUNUSDT,SELL,8
2025-10-22,22:02,AUCTIONUSDT,SELL,11
2025-10-22,22:02,XPLUSDT,SELL,15
2025-10-22,22:02,SEIUSDT,SELL,15
2025-10-22,22:02,1000PEPEUSDC,SELL,9
2025-10-22,22:02,BELUSDT,SELL,13
2025-10-22,22:02,PNUTUSDT,SELL,13
2025-10-22,22:02,TRBUSDT,SELL,11
2025-10-22,22:02,MEMEUSDT,SELL,10
2025-10-22,22:02,1MBABYDOGEUSDT,SELL,12
2025-10-22,22:02,MASKUSDT,SELL,9
2025-10-22,22:02,TAOUSDT,SELL,19
2025-10-22,22:02,ROSEUSDT,SELL,10
2025-10-22,22:02,TURBOUSDT,SELL,10
2025-10-22,22:02,ENSOUSDT,SELL,8
2025-10-22,22:02,PENGUUSDT,SELL,14
2025-10-22,22:02,TRUTHUSDT,SELL,7
2025-10-22,22:02,PEOPLEUSDT,SELL,11
2025-10-22,22:02,KERNELUSDT,SELL,7
2025-10-22,22:02,1000LUNCUSDT,SELL,14
2025-10-22,22:02,MANTAUSDT,SELL,7
2025-10-22,22:02,TRUUSDT,SELL,7
2025-10-22,22:02,FORMUSDT,SELL,10
2025-10-22,22:02,4USDT,SELL,7
2025-10-22,22:02,FARTCOINUSDT,SELL,19
2025-10-22,22:02,CRVUSDT,SELL,9
2025-10-22,22:02,XVGUSDT,SELL,8
2025-10-22,22:02,AIXBTUSDT,SELL,10
2025-10-22,22:02,YBUSDT,SELL,7
2025-10-22,22:02,SPXUSDT,SELL,9
2025-10-22,22:02,IPUSDT,SELL,11
2025-10-22,22:02,AI16ZUSDT,SELL,10
2025-10-22,22:02,ZILUSDT,SELL,8
2025-10-22,22:02,PENDLEUSDT,SELL,7
2025-10-22,22:02,MOODENGUSDT,SELL,7
2025-10-22,22:02,NOMUSDT,SELL,9
2025-10-22,22:02,CYBERUSDT,SELL,7
2025-10-22,22:02,MIRAUSDT,SELL,10
2025-10-22,22:02,NEOUSDT,SELL,9
2025-10-22,22:02,SUPERUSDT,SELL,7
2025-10-22,22:02,OPENUSDT,SELL,10
2025-10-22,22:02,PYTHUSDT,SELL,7
2025-10-22,22:02,POLUSDT,SELL,7
2025-10-22,22:02,JTOUSDT,SELL,9
2025-10-22,22:02,JASMYUSDT,SELL,7
2025-10-22,22:02,SANDUSDT,SELL,9
2025-10-22,22:02,ZROUSDT,SELL,10
2025-10-22,22:02,MAGICUSDT,SELL,7
2025-10-22,22:02,MITOUSDT,SELL,11
2025-10-22,22:02,RAREUSDT,SELL,8
2025-10-22,22:02,FETUSDT,SELL,21
2025-10-22,22:02,TLMUSDT,SELL,9
2025-10-22,22:02,HYPEUSDT,SELL,7
2025-10-22,22:02,ETHFIUSDT,SELL,15
2025-10-22,22:02,SSVUSDT,SELL,8
2025-10-22,22:02,CUSDT,SELL,12
2025-10-22,22:02,XAIUSDT,SELL,8
2025-10-22,22:02,ALTUSDT,SELL,8
2025-10-22,22:02,ALGOUSDT,SELL,7
2025-10-22,22:02,NOTUSDT,SELL,7
2025-10-22,22:02,TONUSDT,SELL,9
2025-10-22,22:02,SAGAUSDT,SELL,10
2025-10-22,22:02,RDNTUSDT,SELL,9
2025-10-22,22:02,USTCUSDT,SELL,16
2025-10-22,22:02,BROCCOLI714USDT,SELL,14
2025-10-22,22:02,HOOKUSDT,SELL,9
2025-10-22,22:02,TREEUSDT,SELL,8
2025-10-22,22:02,NFPUSDT,SELL,9
2025-10-22,22:02,MELANIAUSDT,SELL,12
2025-10-22,22:02,MAVUSDT,SELL,7
2025-10-22,22:02,INITUSDT,SELL,9
2025-10-22,22:02,LUNA2USDT,SELL,7
2025-10-22,22:02,TSTUSDT,SELL,8
2025-10-22,22:02,BMTUSDT,SELL,7
2025-10-22,22:02,VICUSDT,SELL,7
2025-10-22,22:02,WCTUSDT,SELL,8
2025-10-22,22:02,FIOUSDT,SELL,8
2025-10-22,22:02,ZBTUSDT,SELL,7
2025-10-22,22:02,USUALUSDT,SELL,9
2025-10-22,22:02,KOMAUSDT,SELL,8
2025-10-22,22:02,INJUSDT,SELL,9
2025-10-22,22:02,FHEUSDT,SELL,9
2025-10-22,22:02,AVAXUSDT,SELL,21
2025-10-22,22:02,1000CATUSDT,SELL,8
2025-10-22,22:02,ALICEUSDT,SELL,12
2025-10-22,22:02,XNYUSDT,SELL,8
2025-10-22,22:02,BOMEUSDT,SELL,14
2025-10-22,22:02,ZKCUSDT,SELL,12
2025-10-22,22:02,FFUSDT,SELL,7
2025-10-22,22:02,LINKUSDT,SELL,20
2025-10-22,22:02,THEUSDT,SELL,9
2025-10-22,22:02,LINEAUSDT,SELL,7
2025-10-22,22:02,AIUSDT,SELL,8
2025-10-22,22:02,AAVEUSDT,SELL,9
2025-10-22,22:02,BRETTUSDT,SELL,7
2025-10-22,22:02,XLMUSDT,SELL,9
2025-10-22,22:02,UNIUSDT,SELL,10
2025-10-22,22:02,ETCUSDT,SELL,8
2025-10-22,22:02,KAVAUSDT,SELL,16
2025-10-22,22:02,BCHUSDT,SELL,8
2025-10-22,22:02,SKLUSDT,SELL,7
2025-10-22,22:02,ETHUSDC,SELL,15
2025-10-22,22:02,CFXUSDT,SELL,11
2025-10-22,22:02,SQDUSDT,SELL,11
2025-10-22,22:02,FLOCKUSDT,SELL,7
2025-10-22,22:02,BNBUSDC,SELL,7
2025-10-22,22:02,ERAUSDT,SELL,7
2025-10-22,22:02,CHZUSDT,SELL,7
2025-10-22,22:02,CHILLGUYUSDT,SELL,7
2025-10-22,22:02,STBLUSDT,SELL,14
2025-10-22,22:02,SUSHIUSDT,SELL,9
2025-10-22,22:02,MILKUSDT,SELL,9
2025-10-22,22:02,DOGEUSDC,SELL,7
2025-10-22,22:02,MAVIAUSDT,SELL,7
2025-10-22,22:03,USTCUSDT,SELL,7
2025-10-22,22:03,BLESSUSDT,BUY,8
2025-10-22,22:04,BASUSDT,SELL,8
2025-10-22,22:05,AIAUSDT,SELL,13
2025-10-22,22:05,BASUSDT,SELL,9
2025-10-22,22:06,AIAUSDT,SELL,10
2025-10-22,22:06,BROCCOLIF3BUSDT,SELL,7
2025-10-22,22:06,FORMUSDT,SELL,9
2025-10-22,22:06,TAOUSDT,SELL,7
2025-10-22,22:07,TAOUSDT,SELL,8
2025-10-22,22:07,XANUSDT,SELL,10
2025-10-22,22:07,ZKCUSDT,SELL,7
2025-10-22,22:08,XANUSDT,SELL,10
2025-10-22,22:09,AVNTUSDT,SELL,7
2025-10-22,22:10,BASUSDT,SELL,11
2025-10-22,22:10,AVNTUSDT,SELL,19
2025-10-22,22:10,XANUSDT,SELL,10
2025-10-22,22:11,PENGUUSDT,SELL,19
2025-10-22,22:11,XANUSDT,SELL,20
2025-10-22,22:11,AVNTUSDT,SELL,23
2025-10-22,22:11,DOGEUSDT,SELL,24
2025-10-22,22:11,DAMUSDT,SELL,19
2025-10-22,22:11,BEAMXUSDT,SELL,8
2025-10-22,22:11,ROSEUSDT,SELL,16
2025-10-22,22:11,BASUSDT,SELL,16
2025-10-22,22:11,ARBUSDT,SELL,21
2025-10-22,22:11,1000BONKUSDT,SELL,18
2025-10-22,22:11,OPENUSDT,SELL,20
2025-10-22,22:11,ATHUSDT,SELL,8
2025-10-22,22:11,SOMIUSDT,SELL,13
2025-10-22,22:11,CUSDT,SELL,14
2025-10-22,22:11,FIOUSDT,SELL,8
2025-10-22,22:11,VFYUSDT,SELL,9
2025-10-22,22:11,BDXNUSDT,SELL,12
2025-10-22,22:11,BELUSDT,SELL,12
2025-10-22,22:11,BIOUSDT,SELL,16
2025-10-22,22:11,ZBTUSDT,SELL,11
2025-10-22,22:11,ARPAUSDT,SELL,7
2025-10-22,22:11,AUCTIONUSDT,SELL,10
2025-10-22,22:11,COTIUSDT,SELL,7
2025-10-22,22:11,BRETTUSDT,SELL,9
2025-10-22,22:11,METUSDT,SELL,9
2025-10-22,22:11,YGGUSDT,SELL,16
2025-10-22,22:11,SUPERUSDT,SELL,7
2025-10-22,22:11,SWARMSUSDT,SELL,10
2025-10-22,22:11,MAGICUSDT,SELL,13
2025-10-22,22:11,JTOUSDT,SELL,7
2025-10-22,22:11,ALICEUSDT,SELL,14
2025-10-22,22:11,XPLUSDT,SELL,13
2025-10-22,22:11,FETUSDT,SELL,23
2025-10-22,22:11,AXLUSDT,SELL,8
2025-10-22,22:11,SOLVUSDT,SELL,12
2025-10-22,22:11,MANAUSDT,SELL,12
2025-10-22,22:11,ZKCUSDT,SELL,12
2025-10-22,22:11,CHESSUSDT,SELL,7
2025-10-22,22:11,CELOUSDT,SELL,10
2025-10-22,22:11,WIFUSDT,SELL,20
2025-10-22,22:11,MERLUSDT,SELL,7
2025-10-22,22:11,RVVUSDT,SELL,9
2025-10-22,22:11,PHAUSDT,SELL,8
2025-10-22,22:11,USTCUSDT,SELL,8
2025-10-22,22:11,BIDUSDT,SELL,7
2025-10-22,22:11,TRUUSDT,SELL,9
2025-10-22,22:11,SAGAUSDT,SELL,12
2025-10-22,22:11,MLNUSDT,SELL,10
2025-10-22,22:11,RESOLVUSDT,SELL,10
2025-10-22,22:11,THEUSDT,SELL,16
2025-10-22,22:11,TAUSDT,SELL,12
2025-10-22,22:11,KASUSDT,SELL,8
2025-10-22,22:11,EDENUSDT,SELL,13
2025-10-22,22:11,PORTALUSDT,SELL,9
2025-10-22,22:11,SAPIENUSDT,SELL,7
2025-10-22,22:11,EPICUSDT,SELL,7
2025-10-22,22:11,HYPEUSDT,SELL,11
2025-10-22,22:11,TAGUSDT,SELL,7
2025-10-22,22:11,NAORISUSDT,SELL,7
2025-10-22,22:11,HANAUSDT,SELL,16
2025-10-22,22:11,TRADOORUSDT,SELL,10
2025-10-22,22:11,HOLOUSDT,SELL,12
2025-10-22,22:11,SPXUSDT,SELL,17
2025-10-22,22:11,KDAUSDT,SELL,7
2025-10-22,22:11,IDUSDT,SELL,7
2025-10-22,22:11,2ZUSDT,SELL,12
2025-10-22,22:11,ORDIUSDT,SELL,15
2025-10-22,22:11,ENAUSDT,SELL,18
2025-10-22,22:11,币安人生USDT,SELL,18
2025-10-22,22:11,APEUSDT,SELL,13
2025-10-22,22:11,ETCUSDT,SELL,12
2025-10-22,22:11,JASMYUSDT,SELL,10
2025-10-22,22:11,LDOUSDT,SELL,13
2025-10-22,22:11,FILUSDT,SELL,15
2025-10-22,22:11,1000PEPEUSDT,SELL,22
2025-10-22,22:11,NEOUSDT,SELL,8
2025-10-22,22:11,TREEUSDT,SELL,10
2025-10-22,22:11,REDUSDT,SELL,8
2025-10-22,22:11,NOTUSDT,SELL,14
2025-10-22,22:11,AXSUSDT,SELL,8
2025-10-22,22:11,4USDT,SELL,13
2025-10-22,22:11,SANTOSUSDT,SELL,11
2025-10-22,22:11,LUNA2USDT,SELL,10
2025-10-22,22:11,BBUSDT,SELL,15
2025-10-22,22:11,LABUSDT,SELL,7
2025-10-22,22:11,1000LUNCUSDT,SELL,10
2025-10-22,22:11,DOTUSDT,SELL,19
2025-10-22,22:11,MOODENGUSDT,SELL,9
2025-10-22,22:11,XVGUSDT,SELL,7
2025-10-22,22:11,ZILUSDT,SELL,7
2025-10-22,22:11,TUTUSDT,SELL,9
2025-10-22,22:11,REZUSDT,SELL,9
2025-10-22,22:11,UNIUSDT,SELL,14
2025-10-22,22:11,HIGHUSDT,SELL,7
2025-10-22,22:11,SPKUSDT,SELL,8
2025-10-22,22:11,PHBUSDT,SELL,10
2025-10-22,22:11,1000SATSUSDT,SELL,10
2025-10-22,22:11,RUNEUSDT,SELL,7
2025-10-22,22:11,MYXUSDT,SELL,9
2025-10-22,22:11,TONUSDT,SELL,15
2025-10-22,22:11,ALGOUSDT,SELL,11
2025-10-22,22:11,MITOUSDT,SELL,13
2025-10-22,22:11,KERNELUSDT,SELL,11
2025-10-22,22:11,CHRUSDT,SELL,7
2025-10-22,22:11,TRUMPUSDT,SELL,17
2025-10-22,22:11,TRXUSDT,SELL,8
2025-10-22,22:11,DOGSUSDT,SELL,11
2025-10-22,22:11,BNBUSDT,SELL,26
2025-10-22,22:11,ZEREBROUSDT,SELL,8
2025-10-22,22:11,APTUSDT,SELL,15
2025-10-22,22:11,SOLUSDT,SELL,27
2025-10-22,22:11,SKATEUSDT,SELL,11
2025-10-22,22:11,LTCUSDT,SELL,18
2025-10-22,22:11,XRPUSDT,SELL,28
2025-10-22,22:11,SUIUSDT,SELL,21
2025-10-22,22:11,SXPUSDT,SELL,9
2025-10-22,22:11,IOTXUSDT,SELL,9
2025-10-22,22:11,COMPUSDT,SELL,8
2025-10-22,22:11,VETUSDT,SELL,9
2025-10-22,22:11,XLMUSDT,SELL,13
2025-10-22,22:11,ATOMUSDT,SELL,13
2025-10-22,22:11,BROCCOLI714USDT,SELL,8
2025-10-22,22:11,CUDISUSDT,SELL,7
2025-10-22,22:11,BCHUSDT,SELL,14
2025-10-22,22:11,AGTUSDT,SELL,11
2025-10-22,22:11,PLUMEUSDT,SELL,8
2025-10-22,22:11,MELANIAUSDT,SELL,10
2025-10-22,22:11,EPTUSDT,SELL,8
2025-10-22,22:11,IPUSDT,SELL,7
2025-10-22,22:11,XNYUSDT,SELL,11
2025-10-22,22:11,ETHUSDT,SELL,29
2025-10-22,22:11,CAKEUSDT,SELL,17
2025-10-22,22:11,MUBARAKUSDT,SELL,11
2025-10-22,22:11,NEIROUSDT,SELL,16
2025-10-22,22:11,CHILLGUYUSDT,SELL,9
2025-10-22,22:11,IOUSDT,SELL,12
2025-10-22,22:11,CRVUSDT,SELL,16
2025-10-22,22:11,ARUSDT,SELL,14
2025-10-22,22:11,API3USDT,SELL,10
2025-10-22,22:11,RENDERUSDT,SELL,12
2025-10-22,22:11,MAVUSDT,SELL,10
2025-10-22,22:11,ARKMUSDT,SELL,10
2025-10-22,22:11,HOOKUSDT,SELL,12
2025-10-22,22:11,BOMEUSDT,SELL,11
2025-10-22,22:11,AVAXUSDT,SELL,22
2025-10-22,22:11,LINKUSDT,SELL,19
2025-10-22,22:11,OPUSDT,SELL,16
2025-10-22,22:11,ADAUSDT,SELL,19
2025-10-22,22:11,ASTERUSDT,SELL,24
2025-10-22,22:11,SNXUSDT,SELL,20
2025-10-22,22:11,INITUSDT,SELL,10
2025-10-22,22:11,AIUSDT,SELL,15
2025-10-22,22:11,LISTAUSDT,SELL,7
2025-10-22,22:11,PNUTUSDT,SELL,11
2025-10-22,22:11,SYNUSDT,SELL,11
2025-10-22,22:11,MEMEUSDT,SELL,13
2025-10-22,22:11,SUSDT,SELL,12
2025-10-22,22:11,PYTHUSDT,SELL,11
2025-10-22,22:11,ACEUSDT,SELL,9
2025-10-22,22:11,GOATUSDT,SELL,9
2025-10-22,22:11,MOVRUSDT,SELL,8
2025-10-22,22:11,FORMUSDT,SELL,12
2025-10-22,22:11,HEMIUSDT,SELL,7
2025-10-22,22:11,TAOUSDT,SELL,19
2025-10-22,22:11,XAIUSDT,SELL,10
2025-10-22,22:11,OMUSDT,SELL,13
2025-10-22,22:11,HOTUSDT,SELL,8
2025-10-22,22:11,ADAUSDC,SELL,10
2025-10-22,22:11,ETHFIUSDC,SELL,7
2025-10-22,22:11,BANANAUSDT,SELL,9
2025-10-22,22:11,SEIUSDT,SELL,16
2025-10-22,22:11,TRBUSDT,SELL,8
2025-10-22,22:11,NFPUSDT,SELL,8
2025-10-22,22:11,GALAUSDT,SELL,17
2025-10-22,22:11,BANANAS31USDT,SELL,10
2025-10-22,22:11,TRUMPUSDC,SELL,7
2025-10-22,22:11,1000FLOKIUSDT,SELL,16
2025-10-22,22:11,WLFIUSDT,SELL,16
2025-10-22,22:11,RAYSOLUSDT,SELL,7
2025-10-22,22:11,TIAUSDT,SELL,18
2025-10-22,22:11,PEOPLEUSDT,SELL,9
2025-10-22,22:11,ALPINEUSDT,SELL,11
2025-10-22,22:11,EIGENUSDT,SELL,15
2025-10-22,22:11,FARTCOINUSDT,SELL,14
2025-10-22,22:11,ERAUSDT,SELL,7
2025-10-22,22:11,GRIFFAINUSDT,SELL,11
2025-10-22,22:11,ACHUSDT,SELL,11
2025-10-22,22:11,LINEAUSDT,SELL,8
2025-10-22,22:11,1MBABYDOGEUSDT,SELL,11
2025-10-22,22:11,SUSHIUSDT,SELL,11
2025-10-22,22:11,SANDUSDT,SELL,11
2025-10-22,22:11,HYPERUSDT,SELL,7
2025-10-22,22:11,HFTUSDT,SELL,7
2025-10-22,22:11,POLUSDT,SELL,8
2025-10-22,22:11,HBARUSDT,SELL,12
2025-10-22,22:11,MOVEUSDT,SELL,9
2025-10-22,22:11,PUMPUSDT,SELL,13
2025-10-22,22:11,JUPUSDT,SELL,7
2025-10-22,22:11,POPCATUSDT,SELL,9
2025-10-22,22:11,PENDLEUSDT,SELL,11
2025-10-22,22:11,RSRUSDT,SELL,10
2025-10-22,22:11,ICPUSDT,SELL,14
2025-10-22,22:11,1INCHUSDT,SELL,7
2025-10-22,22:11,STORJUSDT,SELL,8
2025-10-22,22:11,PIXELUSDT,SELL,10
2025-10-22,22:11,THETAUSDT,SELL,9
2025-10-22,22:11,CFXUSDT,SELL,8
2025-10-22,22:11,SKLUSDT,SELL,10
2025-10-22,22:11,AAVEUSDT,SELL,10
2025-10-22,22:11,TOKENUSDT,SELL,8
2025-10-22,22:11,AVAXUSDC,SELL,9
2025-10-22,22:11,MINAUSDT,SELL,9
2025-10-22,22:11,NEARUSDT,SELL,14
2025-10-22,22:11,XRPUSDC,SELL,9
2025-10-22,22:11,GMTUSDT,SELL,7
2025-10-22,22:11,WLDUSDT,SELL,14
2025-10-22,22:11,CYBERUSDT,SELL,8
2025-10-22,22:11,C98USDT,SELL,9
2025-10-22,22:11,ZKUSDT,SELL,10
2025-10-22,22:11,WUSDT,SELL,9
2025-10-22,22:11,TSTUSDT,SELL,9
2025-10-22,22:11,INJUSDT,SELL,8
2025-10-22,22:11,ONDOUSDT,SELL,12
2025-10-22,22:11,KAVAUSDT,SELL,12
2025-10-22,22:11,TLMUSDT,SELL,7
2025-10-22,22:11,AI16ZUSDT,SELL,11
2025-10-22,22:11,SSVUSDT,SELL,7
2025-10-22,22:11,EGLDUSDT,SELL,7
2025-10-22,22:11,HMSTRUSDT,SELL,7
2025-10-22,22:11,LAYERUSDT,SELL,7
2025-10-22,22:11,USUALUSDT,SELL,8
2025-10-22,22:11,GRTUSDT,SELL,7
2025-10-22,22:11,BIGTIMEUSDT,SELL,7
2025-10-22,22:11,VANRYUSDT,SELL,8
2025-10-22,22:11,DOGEUSDC,SELL,9
2025-10-22,22:11,1000PEPEUSDC,SELL,7
2025-10-22,22:11,STRKUSDT,SELL,11
2025-10-22,22:11,RDNTUSDT,SELL,7
2025-10-22,22:11,IOTAUSDT,SELL,7
2025-10-22,22:11,GRASSUSDT,SELL,7
2025-10-22,22:11,SOLUSDC,SELL,8
2025-10-22,22:11,SKYAIUSDT,SELL,9
2025-10-22,22:11,HUMAUSDT,SELL,8
2025-10-22,22:11,BTCUSDC,SELL,9
2025-10-22,22:11,ETHUSDC,SELL,11
2025-10-22,22:11,BNBUSDC,SELL,8
2025-10-22,22:12,CUSDT,SELL,11
2025-10-22,22:12,FIOUSDT,SELL,7
2025-10-22,22:12,CHZUSDT,SELL,7
2025-10-22,22:12,SOLVUSDT,SELL,11
2025-10-22,22:12,1000BONKUSDT,SELL,17
2025-10-22,22:12,TRUMPUSDT,SELL,17
2025-10-22,22:12,ARUSDT,SELL,15
2025-10-22,22:12,API3USDT,SELL,10
2025-10-22,22:12,OPENUSDT,SELL,18
2025-10-22,22:12,VFYUSDT,SELL,9
2025-10-22,22:12,RENDERUSDT,SELL,12
2025-10-22,22:12,NEIROUSDT,SELL,15
2025-10-22,22:12,2ZUSDT,SELL,12
2025-10-22,22:12,MAVUSDT,SELL,11
2025-10-22,22:12,ARKMUSDT,SELL,10
2025-10-22,22:12,HOOKUSDT,SELL,13
2025-10-22,22:12,BOMEUSDT,SELL,11
2025-10-22,22:12,1000PEPEUSDT,SELL,24
2025-10-22,22:12,CAKEUSDT,SELL,14
2025-10-22,22:12,DOTUSDT,SELL,19
2025-10-22,22:12,CRVUSDT,SELL,15
2025-10-22,22:12,AVAXUSDT,SELL,27
2025-10-22,22:12,BCHUSDT,SELL,13
2025-10-22,22:12,LINKUSDT,SELL,23
2025-10-22,22:12,LTCUSDT,SELL,17
2025-10-22,22:12,SXPUSDT,SELL,8
2025-10-22,22:12,FIDAUSDT,SELL,7
2025-10-22,22:12,ARBUSDT,SELL,20
2025-10-22,22:12,YGGUSDT,SELL,15
2025-10-22,22:12,XRPUSDT,SELL,28
2025-10-22,22:12,ADAUSDT,SELL,22
2025-10-22,22:12,LDOUSDT,SELL,13
2025-10-22,22:12,币安人生USDT,SELL,21
2025-10-22,22:12,SOLUSDT,SELL,29
2025-10-22,22:12,AVNTUSDT,SELL,12
2025-10-22,22:12,ASTERUSDT,SELL,26
2025-10-22,22:12,SNXUSDT,SELL,21
2025-10-22,22:12,APTUSDT,SELL,14
2025-10-22,22:12,4USDT,SELL,13
2025-10-22,22:12,ORDIUSDT,SELL,15
2025-10-22,22:12,BRETTUSDT,SELL,9
2025-10-22,22:12,INITUSDT,SELL,12
2025-10-22,22:12,MUBARAKUSDT,SELL,12
2025-10-22,22:12,AIUSDT,SELL,19
2025-10-22,22:12,LISTAUSDT,SELL,7
2025-10-22,22:12,BIOUSDT,SELL,15
2025-10-22,22:12,PNUTUSDT,SELL,12
2025-10-22,22:12,SYNUSDT,SELL,11
2025-10-22,22:12,MEMEUSDT,SELL,13
2025-10-22,22:12,SUSDT,SELL,15
2025-10-22,22:12,PYTHUSDT,SELL,12
2025-10-22,22:12,WIFUSDT,SELL,20
2025-10-22,22:12,DOGEUSDT,SELL,24
2025-10-22,22:12,ALICEUSDT,SELL,12
2025-10-22,22:12,IOSTUSDT,SELL,7
2025-10-22,22:12,TRUUSDT,SELL,9
2025-10-22,22:12,ACEUSDT,SELL,15
2025-10-22,22:12,GOATUSDT,SELL,9
2025-10-22,22:12,HYPEUSDT,SELL,11
2025-10-22,22:12,MOVRUSDT,SELL,8
2025-10-22,22:12,THEUSDT,SELL,17
2025-10-22,22:12,FORMUSDT,SELL,13
2025-10-22,22:12,HEMIUSDT,SELL,8
2025-10-22,22:12,TAOUSDT,SELL,22
2025-10-22,22:12,NOTUSDT,SELL,14
2025-10-22,22:12,ETCUSDT,SELL,11
2025-10-22,22:12,SAGAUSDT,SELL,13
2025-10-22,22:12,SPXUSDT,SELL,17
2025-10-22,22:12,XAIUSDT,SELL,12
2025-10-22,22:12,1000SATSUSDT,SELL,14
2025-10-22,22:12,OMUSDT,SELL,21
2025-10-22,22:12,HOTUSDT,SELL,10
2025-10-22,22:12,CHILLGUYUSDT,SELL,8
2025-10-22,22:12,ADAUSDC,SELL,11
2025-10-22,22:12,ETHFIUSDC,SELL,7
2025-10-22,22:12,BASUSDT,SELL,10
2025-10-22,22:12,KERNELUSDT,SELL,10
2025-10-22,22:12,BANANAUSDT,SELL,9
2025-10-22,22:12,METUSDT,SELL,7
2025-10-22,22:12,MAGICUSDT,SELL,11
2025-10-22,22:12,SEIUSDT,SELL,16
2025-10-22,22:12,TRBUSDT,SELL,8
2025-10-22,22:12,NFPUSDT,SELL,9
2025-10-22,22:12,BNBUSDT,SELL,26
2025-10-22,22:12,GALAUSDT,SELL,18
2025-10-22,22:12,HANAUSDT,SELL,17
2025-10-22,22:12,HIGHUSDT,SELL,7
2025-10-22,22:12,MITOUSDT,SELL,11
2025-10-22,22:12,FETUSDT,SELL,24
2025-10-22,22:12,BBUSDT,SELL,15
2025-10-22,22:12,BANANAS31USDT,SELL,11
2025-10-22,22:12,XANUSDT,SELL,13
2025-10-22,22:12,ZEREBROUSDT,SELL,7
2025-10-22,22:12,MYXUSDT,SELL,9
2025-10-22,22:12,TRUMPUSDC,SELL,7
2025-10-22,22:12,1000FLOKIUSDT,SELL,17
2025-10-22,22:12,SUIUSDT,SELL,19
2025-10-22,22:12,ROSEUSDT,SELL,13
2025-10-22,22:12,PENGUUSDT,SELL,18
2025-10-22,22:12,WLFIUSDT,SELL,16
2025-10-22,22:12,RAYSOLUSDT,SELL,7
2025-10-22,22:12,TIAUSDT,SELL,19
2025-10-22,22:12,PEOPLEUSDT,SELL,9
2025-10-22,22:12,APEUSDT,SELL,13
2025-10-22,22:12,ALPINEUSDT,SELL,12
2025-10-22,22:12,ZBTUSDT,SELL,14
2025-10-22,22:12,BDXNUSDT,SELL,11
2025-10-22,22:12,ZKCUSDT,SELL,11
2025-10-22,22:12,AXLUSDT,SELL,8
2025-10-22,22:12,EIGENUSDT,SELL,16
2025-10-22,22:12,FARTCOINUSDT,SELL,20
2025-10-22,22:12,XPLUSDT,SELL,13
2025-10-22,22:12,EPTUSDT,SELL,8
2025-10-22,22:12,TRADOORUSDT,SELL,7
2025-10-22,22:12,ERAUSDT,SELL,8
2025-10-22,22:12,GRIFFAINUSDT,SELL,13
2025-10-22,22:12,PHAUSDT,SELL,7
2025-10-22,22:12,ACHUSDT,SELL,11
2025-10-22,22:12,FILUSDT,SELL,16
2025-10-22,22:12,LINEAUSDT,SELL,9
2025-10-22,22:12,ORDERUSDT,SELL,8
2025-10-22,22:12,1MBABYDOGEUSDT,SELL,12
2025-10-22,22:12,MANAUSDT,SELL,11
2025-10-22,22:12,SANDUSDT,SELL,12
2025-10-22,22:12,XLMUSDT,SELL,12
2025-10-22,22:12,JTOUSDT,SELL,7
2025-10-22,22:12,HYPERUSDT,SELL,7
2025-10-22,22:12,ALGOUSDT,SELL,10
2025-10-22,22:12,POLUSDT,SELL,8
2025-10-22,22:12,HBARUSDT,SELL,12
2025-10-22,22:12,TREEUSDT,SELL,9
2025-10-22,22:12,MOVEUSDT,SELL,9
2025-10-22,22:12,PUMPUSDT,SELL,15
2025-10-22,22:12,JUPUSDT,SELL,7
2025-10-22,22:12,POPCATUSDT,SELL,10
2025-10-22,22:12,ATOMUSDT,SELL,13
2025-10-22,22:12,PENDLEUSDT,SELL,12
2025-10-22,22:12,IOUSDT,SELL,11
2025-10-22,22:12,RSRUSDT,SELL,11
2025-10-22,22:12,MOODENGUSDT,SELL,8
2025-10-22,22:12,ICPUSDT,SELL,17
2025-10-22,22:12,TONUSDT,SELL,15
2025-10-22,22:12,1INCHUSDT,SELL,7
2025-10-22,22:12,STORJUSDT,SELL,9
2025-10-22,22:12,PIXELUSDT,SELL,10
2025-10-22,22:12,THETAUSDT,SELL,10
2025-10-22,22:12,CFXUSDT,SELL,10
2025-10-22,22:12,NEOUSDT,SELL,8
2025-10-22,22:12,SKLUSDT,SELL,10
2025-10-22,22:12,EDENUSDT,SELL,12
2025-10-22,22:12,AAVEUSDT,SELL,10
2025-10-22,22:12,PHBUSDT,SELL,10
2025-10-22,22:12,LUNA2USDT,SELL,11
2025-10-22,22:12,TOKENUSDT,SELL,9
2025-10-22,22:12,AVAXUSDC,SELL,9
2025-10-22,22:12,AUCTIONUSDT,SELL,9
2025-10-22,22:12,SANTOSUSDT,SELL,9
2025-10-22,22:12,MINAUSDT,SELL,10
2025-10-22,22:12,TAUSDT,SELL,12
2025-10-22,22:12,SPKUSDT,SELL,7
2025-10-22,22:12,JASMYUSDT,SELL,9
2025-10-22,22:12,XRPUSDC,SELL,10
2025-10-22,22:12,GMTUSDT,SELL,7
2025-10-22,22:12,WLDUSDT,SELL,16
2025-10-22,22:12,CYBERUSDT,SELL,9
2025-10-22,22:12,C98USDT,SELL,9
2025-10-22,22:12,RESOLVUSDT,SELL,9
2025-10-22,22:12,AGTUSDT,SELL,12
2025-10-22,22:12,MELANIAUSDT,SELL,11
2025-10-22,22:12,ENAUSDT,SELL,18
2025-10-22,22:12,BELUSDT,SELL,13
2025-10-22,22:12,TUTUSDT,SELL,8
2025-10-22,22:12,WUSDT,SELL,10
2025-10-22,22:12,CHRUSDT,SELL,8
2025-10-22,22:12,BROCCOLI714USDT,SELL,8
2025-10-22,22:12,TSTUSDT,SELL,10
2025-10-22,22:12,REZUSDT,SELL,8
2025-10-22,22:12,ONDOUSDT,SELL,12
2025-10-22,22:12,LPTUSDT,SELL,7
2025-10-22,22:12,ZILUSDT,SELL,8
2025-10-22,22:12,COMPUSDT,SELL,7
2025-10-22,22:12,IDUSDT,SELL,7
2025-10-22,22:12,RUNEUSDT,SELL,7
2025-10-22,22:12,KAVAUSDT,SELL,14
2025-10-22,22:12,TLMUSDT,SELL,8
2025-10-22,22:12,SOMIUSDT,SELL,11
2025-10-22,22:12,AI16ZUSDT,SELL,12
2025-10-22,22:12,SSVUSDT,SELL,7
2025-10-22,22:12,DOGSUSDT,SELL,12
2025-10-22,22:12,EGLDUSDT,SELL,7
2025-10-22,22:12,AXSUSDT,SELL,8
2025-10-22,22:12,HMSTRUSDT,SELL,8
2025-10-22,22:12,LAYERUSDT,SELL,7
2025-10-22,22:12,USUALUSDT,SELL,9
2025-10-22,22:12,GRTUSDT,SELL,8
2025-10-22,22:12,BIGTIMEUSDT,SELL,7
2025-10-22,22:12,DYMUSDT,SELL,8
2025-10-22,22:12,1000LUNCUSDT,SELL,10
2025-10-22,22:12,VANRYUSDT,SELL,9
2025-10-22,22:12,PORTALUSDT,SELL,10
2025-10-22,22:12,USTCUSDT,SELL,9
2025-10-22,22:12,DOGEUSDC,SELL,11
2025-10-22,22:12,LUMIAUSDT,SELL,7
2025-10-22,22:12,TRXUSDT,SELL,10
2025-10-22,22:12,VETUSDT,SELL,8
2025-10-22,22:12,KASUSDT,SELL,7
2025-10-22,22:12,1000PEPEUSDC,SELL,9
2025-10-22,22:12,WLDUSDC,SELL,8
2025-10-22,22:12,IOTXUSDT,SELL,8
2025-10-22,22:12,1000WHYUSDT,SELL,7
2025-10-22,22:12,SWARMSUSDT,SELL,9
2025-10-22,22:12,XVGUSDT,SELL,7
2025-10-22,22:12,MLNUSDT,SELL,8
2025-10-22,22:12,RVVUSDT,SELL,8
2025-10-22,22:12,RDNTUSDT,SELL,8
2025-10-22,22:12,IOTAUSDT,SELL,7
2025-10-22,22:12,UNIUSDT,SELL,13
2025-10-22,22:12,ARPAUSDT,SELL,7
2025-10-22,22:12,GRASSUSDT,SELL,8
2025-10-22,22:12,MOCAUSDT,SELL,8
2025-10-22,22:12,DAMUSDT,SELL,18
2025-10-22,22:12,SOLUSDC,SELL,8
2025-10-22,22:12,BIDUSDT,SELL,7
2025-10-22,22:12,IPUSDT,SELL,7
2025-10-22,22:12,SKYAIUSDT,SELL,10
2025-10-22,22:12,HUMAUSDT,SELL,8
2025-10-22,22:12,KOMAUSDT,SELL,8
2025-10-22,22:12,BTCUSDC,SELL,9
2025-10-22,22:12,ONEUSDT,SELL,8
2025-10-22,22:12,KDAUSDT,SELL,16
2025-10-22,22:12,NMRUSDT,SELL,7
2025-10-22,22:12,SKATEUSDT,SELL,12
2025-10-22,22:12,ETHUSDC,SELL,14
2025-10-22,22:12,REDUSDT,SELL,7
2025-10-22,22:12,XNYUSDT,SELL,10
2025-10-22,22:12,PLUMEUSDT,SELL,7
2025-10-22,22:12,CUDISUSDT,SELL,7
2025-10-22,22:13,OMUSDT,SELL,8
2025-10-22,22:14,EVAAUSDT,SELL,7
2025-10-22,22:15,RVVUSDT,SELL,8
2025-10-22,22:16,AIAUSDT,BUY,8
2025-10-22,22:19,LABUSDT,SELL,7
2025-10-22,22:20,LABUSDT,SELL,8
2025-10-22,22:20,RIVERUSDT,BUY,7
2025-10-22,22:22,BLUAIUSDT,SELL,7
2025-10-22,22:22,币安人生USDT,SELL,10
2025-10-22,22:22,RIVERUSDT,BUY,12
2025-10-22,22:23,BLUAIUSDT,SELL,9
2025-10-22,22:23,币安人生USDT,SELL,37
2025-10-22,22:23,RIVERUSDT,BUY,13
2025-10-22,22:23,ETHUSDT,SELL,7
2025-10-22,22:24,币安人生USDT,SELL,42
2025-10-22,22:24,ETHUSDT,SELL,10
2025-10-22,22:24,BTCUSDT,SELL,8
2025-10-22,22:26,KDAUSDT,BUY,11
2025-10-22,22:27,KDAUSDT,BUY,8
2025-10-22,22:29,ETHUSDT,SELL,8
2025-10-22,22:30,币安人生USDT,SELL,8
2025-10-22,22:30,BNBUSDT,SELL,8
2025-10-22,22:31,COAIUSDT,SELL,8
2025-10-22,22:32,COAIUSDT,SELL,16
2025-10-22,22:33,COAIUSDT,SELL,8
2025-10-22,22:34,AIAUSDT,SELL,7
2025-10-22,22:35,XPLUSDT,SELL,8
2025-10-22,22:35,NAORISUSDT,SELL,9
2025-10-22,22:36,NAORISUSDT,SELL,13
2025-10-22,22:38,EVAAUSDT,SELL,9
2025-10-22,22:39,EVAAUSDT,SELL,9
2025-10-22,22:42,KDAUSDT,BUY,11
2025-10-22,22:42,COAIUSDT,SELL,7
2025-10-22,22:43,COAIUSDT,SELL,7
2025-10-22,22:44,AIAUSDT,BUY,7
2025-10-22,22:46,EDENUSDT,SELL,8
2025-10-22,22:49,RIVERUSDT,BUY,8
2025-10-22,22:50,RIVERUSDT,BUY,15
2025-10-22,22:51,RIVERUSDT,BUY,12
2025-10-22,22:52,BLESSUSDT,SELL,10
2025-10-22,22:52,BLUAIUSDT,SELL,7
2025-10-22,22:53,BLUAIUSDT,SELL,7
2025-10-22,22:53,EVAAUSDT,BUY,14
2025-10-22,22:54,RIVERUSDT,BUY,15
2025-10-22,22:55,RIVERUSDT,BUY,9
2025-10-22,22:58,4USDT,SELL,8
2025-10-22,23:01,EVAAUSDT,BUY,13
2025-10-22,23:02,RIVERUSDT,BUY,7
2025-10-22,23:02,BASUSDT,BUY,7
2025-10-22,23:02,BTCUSDT,BUY,8
2025-10-22,23:03,RIVERUSDT,BUY,7
2025-10-22,23:03,BTCUSDT,BUY,8
2025-10-22,23:05,EVAAUSDT,SELL,7
2025-10-22,23:06,BTCUSDT,BUY,7
2025-10-22,23:06,ETHUSDT,BUY,7
2025-10-22,23:07,BTCUSDT,BUY,9
2025-10-22,23:07,ETHUSDT,BUY,7
2025-10-22,23:15,KDAUSDT,SELL,7
2025-10-22,23:18,BLUAIUSDT,SELL,7
2025-10-22,23:18,AIAUSDT,SELL,7
2025-10-22,23:19,BLUAIUSDT,SELL,7
2025-10-22,23:21,ETHUSDT,SELL,9
2025-10-22,23:21,BTCUSDT,SELL,7
2025-10-22,23:21,XRPUSDT,SELL,7
2025-10-22,23:22,ETHUSDT,SELL,7
2025-10-22,23:29,ZECUSDT,SELL,8
2025-10-22,23:30,XPLUSDT,SELL,9
2025-10-22,23:31,XPLUSDT,SELL,9
2025-10-22,23:32,BASUSDT,BUY,8
2025-10-22,23:37,AIAUSDT,SELL,11
2025-10-22,23:38,AIAUSDT,SELL,10
2025-10-22,23:48,AIAUSDT,SELL,18
2025-10-22,23:52,RIVERUSDT,SELL,7
2025-10-23,00:02,XPINUSDT,SELL,13
2025-10-23,00:03,BLUAIUSDT,SELL,7
2025-10-23,00:03,XPINUSDT,SELL,10
2025-10-23,00:04,XPINUSDT,SELL,10
2025-10-23,00:04,BLESSUSDT,BUY,7
2025-10-23,00:05,BASUSDT,SELL,10
2025-10-23,00:05,XPINUSDT,SELL,7
2025-10-23,00:08,BASUSDT,SELL,7
2025-10-23,00:11,BLUAIUSDT,SELL,8
2025-10-23,00:12,BLUAIUSDT,SELL,13
2025-10-23,00:12,BLESSUSDT,SELL,7
2025-10-23,00:16,BLESSUSDT,SELL,11
2025-10-23,00:17,BLESSUSDT,SELL,9
2025-10-23,00:18,ETHUSDT,BUY,7
2025-10-23,00:18,FUSDT,BUY,14
2025-10-23,00:19,FUSDT,BUY,15
2025-10-23,00:19,ETHUSDT,BUY,8
2025-10-23,00:20,FUSDT,BUY,8
2025-10-23,00:20,EVAAUSDT,SELL,7
2025-10-23,00:21,FUSDT,BUY,11
2025-10-23,00:22,UBUSDT,BUY,12
2025-10-23,00:23,UBUSDT,BUY,7
2025-10-23,00:26,BTCUSDT,BUY,14
2025-10-23,00:26,ETHUSDT,BUY,15
2025-10-23,00:26,RIVERUSDT,BUY,7
2025-10-23,00:27,BTCUSDT,BUY,14
2025-10-23,00:27,ETHUSDT,BUY,15
2025-10-23,00:27,RIVERUSDT,BUY,7
2025-10-23,00:29,AIAUSDT,SELL,7
2025-10-23,00:30,AIAUSDT,SELL,29
2025-10-23,00:31,币安人生USDT,BUY,7
2025-10-23,00:36,ZECUSDT,BUY,7
2025-10-23,00:41,币安人生USDT,BUY,7
2025-10-23,00:42,币安人生USDT,BUY,8
2025-10-23,01:03,COAIUSDT,SELL,10
2025-10-23,01:03,UBUSDT,BUY,11
2025-10-23,01:04,UBUSDT,BUY,13
2025-10-23,01:04,COAIUSDT,SELL,11
2025-10-23,01:08,UBUSDT,SELL,7
2025-10-23,01:09,EVAAUSDT,SELL,7
2025-10-23,01:10,EVAAUSDT,SELL,8
2025-10-23,01:11,EVAAUSDT,SELL,14
2025-10-23,01:11,RVVUSDT,BUY,8
2025-10-23,01:12,EVAAUSDT,SELL,25
2025-10-23,01:13,RIVERUSDT,SELL,8
2025-10-23,01:14,RIVERUSDT,SELL,9
2025-10-23,01:19,ETHUSDT,BUY,8
2025-10-23,01:20,ETHUSDT,BUY,8
2025-10-23,01:24,币安人生USDT,BUY,7
2025-10-23,01:25,币安人生USDT,BUY,7
2025-10-23,01:27,RIVERUSDT,BUY,7
2025-10-23,01:30,币安人生USDT,BUY,9
2025-10-23,01:35,SOLUSDT,BUY,7
2025-10-23,01:38,RVVUSDT,SELL,7
2025-10-23,01:46,LIGHTUSDT,BUY,7
2025-10-23,01:46,KDAUSDT,SELL,7
2025-10-23,01:47,LIGHTUSDT,BUY,8
2025-10-23,01:47,KDAUSDT,SELL,7
2025-10-23,01:49,RECALLUSDT,BUY,7
2025-10-23,01:51,BNBUSDT,BUY,7
2025-10-23,01:55,BLUAIUSDT,BUY,10
2025-10-23,01:55,EVAAUSDT,BUY,9
2025-10-23,01:59,FUSDT,SELL,8
2025-10-23,02:00,BLESSUSDT,BUY,10
2025-10-23,02:00,FUSDT,SELL,8
2025-10-23,02:03,COAIUSDT,BUY,11
2025-10-23,02:04,COAIUSDT,BUY,9
2025-10-23,02:05,COAIUSDT,BUY,9
2025-10-23,02:06,BLUAIUSDT,SELL,8
2025-10-23,02:07,BLUAIUSDT,SELL,16
2025-10-23,02:08,BLUAIUSDT,SELL,8
2025-10-23,02:08,YBUSDT,BUY,7
2025-10-23,02:11,BTCUSDT,BUY,14
2025-10-23,02:12,BTCUSDT,BUY,14
2025-10-23,02:12,ETHUSDT,BUY,13
2025-10-23,02:12,SOLUSDT,BUY,10
2025-10-23,02:12,RECALLUSDT,BUY,11
2025-10-23,02:13,ETHUSDT,BUY,7
2025-10-23,02:13,RECALLUSDT,BUY,7
2025-10-23,02:15,BROCCOLIF3BUSDT,SELL,7
2025-10-23,02:16,BROCCOLIF3BUSDT,SELL,7
2025-10-23,02:23,LIGHTUSDT,SELL,10
2025-10-23,02:24,LIGHTUSDT,SELL,12
2025-10-23,02:31,BASUSDT,BUY,7
2025-10-23,02:32,BASUSDT,BUY,8
2025-10-23,02:33,RECALLUSDT,BUY,7
2025-10-23,02:34,RECALLUSDT,BUY,8
2025-10-23,02:38,BLUAIUSDT,BUY,8
2025-10-23,02:39,BLUAIUSDT,BUY,8
2025-10-23,02:40,YBUSDT,BUY,8
2025-10-23,02:42,YBUSDT,BUY,8
2025-10-23,02:47,币安人生USDT,SELL,15
2025-10-23,02:48,币安人生USDT,SELL,9
2025-10-23,03:05,EVAAUSDT,SELL,10
2025-10-23,03:06,EVAAUSDT,SELL,9
2025-10-23,03:07,EVAAUSDT,SELL,7
2025-10-23,03:07,RVVUSDT,SELL,11
2025-10-23,03:08,RVVUSDT,SELL,11
2025-10-23,03:09,BASUSDT,BUY,8
2025-10-23,03:10,BASUSDT,BUY,17
2025-10-23,03:11,BASUSDT,BUY,14
2025-10-23,03:12,BASUSDT,BUY,10
2025-10-23,03:16,BLUAIUSDT,SELL,7
2025-10-23,03:16,RIVERUSDT,BUY,7
2025-10-23,03:17,KDAUSDT,SELL,8
2025-10-23,03:17,BLUAIUSDT,SELL,7
2025-10-23,03:17,COAIUSDT,SELL,9
2025-10-23,03:18,AIAUSDT,BUY,13
2025-10-23,03:18,BASUSDT,BUY,15
2025-10-23,03:18,COAIUSDT,SELL,8
2025-10-23,03:20,RECALLUSDT,BUY,9
2025-10-23,03:21,RECALLUSDT,BUY,8
2025-10-23,03:22,IDOLUSDT,BUY,8
2025-10-23,03:24,RECALLUSDT,BUY,7
2025-10-23,03:30,YBUSDT,BUY,9
2025-10-23,03:31,YBUSDT,BUY,12
2025-10-23,03:32,AIAUSDT,SELL,9
2025-10-23,03:34,RIVERUSDT,BUY,18
2025-10-23,03:34,RECALLUSDT,SELL,12
2025-10-23,03:34,COAIUSDT,BUY,8
2025-10-23,03:35,COAIUSDT,BUY,17
2025-10-23,03:35,AIAUSDT,BUY,8
2025-10-23,03:35,RECALLUSDT,SELL,10
2025-10-23,03:36,COAIUSDT,BUY,18
2025-10-23,03:37,COAIUSDT,BUY,10
2025-10-23,03:37,EVAAUSDT,BUY,11
2025-10-23,03:38,AIAUSDT,BUY,16
2025-10-23,03:38,EVAAUSDT,BUY,7
2025-10-23,03:38,RIVERUSDT,BUY,22
2025-10-23,03:39,RIVERUSDT,BUY,18
2025-10-23,03:40,BASUSDT,SELL,19
2025-10-23,03:40,COAIUSDT,BUY,7
2025-10-23,03:41,COAIUSDT,BUY,7
2025-10-23,03:44,STBLUSDT,BUY,7
2025-10-23,03:47,RECALLUSDT,SELL,9
2025-10-23,03:47,RIVERUSDT,BUY,13
2025-10-23,03:48,RIVERUSDT,BUY,13
2025-10-23,03:48,RECALLUSDT,SELL,17
2025-10-23,03:49,RECALLUSDT,SELL,26
2025-10-23,03:50,RECALLUSDT,SELL,18
2025-10-23,03:50,AIAUSDT,BUY,10
2025-10-23,03:51,AIAUSDT,BUY,12
2025-10-23,03:52,XPINUSDT,BUY,7
2025-10-23,03:53,BASUSDT,SELL,11
2025-10-23,03:58,COAIUSDT,BUY,7
2025-10-23,03:59,BLUAIUSDT,SELL,14
2025-10-23,03:59,COAIUSDT,BUY,20
2025-10-23,04:00,COAIUSDT,BUY,13
2025-10-23,04:00,LIGHTUSDT,SELL,7
2025-10-23,04:01,LIGHTUSDT,SELL,9
2025-10-23,04:01,4USDT,BUY,7
2025-10-23,04:02,4USDT,BUY,8
2025-10-23,04:04,BASUSDT,SELL,27
2025-10-23,04:04,KGENUSDT,SELL,24
2025-10-23,04:04,KDAUSDT,SELL,7
2025-10-23,04:04,AIAUSDT,BUY,18
2025-10-23,04:04,XPINUSDT,BUY,12
2025-10-23,04:05,XPINUSDT,BUY,12
2025-10-23,04:08,AIAUSDT,BUY,8
2025-10-23,04:08,ASTERUSDT,BUY,7
2025-10-23,04:09,BTCUSDT,BUY,7
2025-10-23,04:09,RIVERUSDT,BUY,8
2025-10-23,04:10,KDAUSDT,SELL,7
2025-10-23,04:13,BASUSDT,SELL,18
2025-10-23,04:14,YBUSDT,BUY,7
2025-10-23,04:19,YBUSDT,BUY,13
2025-10-23,04:20,YBUSDT,BUY,16
2025-10-23,04:21,YBUSDT,BUY,7
2025-10-23,04:22,ZECUSDT,BUY,7
2025-10-23,04:23,AIAUSDT,BUY,11
2025-10-23,04:24,AIAUSDT,BUY,17
2025-10-23,04:28,SOLUSDT,BUY,7
2025-10-23,04:32,RIVERUSDT,SELL,11
2025-10-23,04:33,RIVERUSDT,SELL,12
2025-10-23,04:33,BNBUSDT,BUY,8
2025-10-23,04:36,BASUSDT,SELL,8
2025-10-23,04:36,YBUSDT,BUY,8
2025-10-23,04:39,AIAUSDT,SELL,30
2025-10-23,04:39,YBUSDT,SELL,11
2025-10-23,04:40,FUSDT,BUY,9
2025-10-23,04:43,COAIUSDT,SELL,10
2025-10-23,04:44,COAIUSDT,SELL,7
2025-10-23,04:46,FUSDT,SELL,7
2025-10-23,04:47,FUSDT,SELL,8
2025-10-23,04:48,KDAUSDT,SELL,7
2025-10-23,04:52,TAUSDT,BUY,8
2025-10-23,05:00,BASUSDT,SELL,12
2025-10-23,05:01,AVNTUSDT,SELL,8
2025-10-23,05:01,KDAUSDT,SELL,8
2025-10-23,05:01,YBUSDT,BUY,12
2025-10-23,05:02,EVAAUSDT,SELL,9
2025-10-23,05:02,YBUSDT,BUY,10
2025-10-23,05:02,KDAUSDT,SELL,7
2025-10-23,05:03,EVAAUSDT,SELL,8
2025-10-23,05:03,AIAUSDT,BUY,20
2025-10-23,05:03,BASUSDT,SELL,8
2025-10-23,05:03,UBUSDT,SELL,8
2025-10-23,05:04,AIAUSDT,BUY,12
2025-10-23,05:04,RIVERUSDT,BUY,12
2025-10-23,05:04,UBUSDT,SELL,11
2025-10-23,05:05,UBUSDT,SELL,8
2025-10-23,05:05,AIAUSDT,BUY,14
2025-10-23,05:06,UBUSDT,SELL,11
2025-10-23,05:09,币安人生USDT,BUY,8
2025-10-23,05:10,BASUSDT,SELL,9
2025-10-23,05:11,BASUSDT,SELL,8
2025-10-23,05:13,BASUSDT,SELL,15
2025-10-23,05:14,KGENUSDT,SELL,10
2025-10-23,05:14,BASUSDT,SELL,17
2025-10-23,05:19,AIAUSDT,SELL,18
2025-10-23,05:21,SOLUSDT,BUY,12
2025-10-23,05:22,SOLUSDT,BUY,9
2025-10-23,05:23,B2USDT,BUY,7
2025-10-23,05:24,AIAUSDT,BUY,8
2025-10-23,05:25,XPINUSDT,BUY,19
2025-10-23,05:26,XPINUSDT,BUY,18
2025-10-23,05:29,BASUSDT,BUY,12
2025-10-23,05:30,EVAAUSDT,BUY,9
2025-10-23,05:34,BASUSDT,BUY,10
2025-10-23,05:34,BLUAIUSDT,SELL,7
2025-10-23,05:35,RVVUSDT,SELL,8
2025-10-23,05:37,RIVERUSDT,BUY,18
2025-10-23,05:40,BTCUSDT,BUY,13
2025-10-23,05:40,ETHUSDT,BUY,12
2025-10-23,05:41,BTCUSDT,BUY,16
2025-10-23,05:41,ETHUSDT,BUY,17
2025-10-23,05:41,SOLUSDT,BUY,9
2025-10-23,05:41,ETHUSDC,BUY,7
2025-10-23,05:42,ETHUSDT,BUY,10
2025-10-23,05:42,EVAAUSDT,BUY,12
2025-10-23,05:43,ETHUSDT,BUY,12
2025-10-23,05:43,EVAAUSDT,BUY,12
2025-10-23,05:44,XPINUSDT,BUY,7
2025-10-23,05:44,ETHUSDT,BUY,7
2025-10-23,05:45,XPINUSDT,BUY,9
2025-10-23,05:49,AIAUSDT,SELL,7
2025-10-23,05:50,FUSDT,BUY,11
2025-10-23,05:51,FUSDT,BUY,9
2025-10-23,05:57,AIAUSDT,BUY,9
2025-10-23,05:58,AIAUSDT,BUY,12
2025-10-23,05:59,FUSDT,BUY,10
2025-10-23,05:59,EVAAUSDT,SELL,7
2025-10-23,06:00,EVAAUSDT,SELL,8
2025-10-23,06:00,FUSDT,BUY,7
2025-10-23,06:02,EVAAUSDT,SELL,7
2025-10-23,06:03,EVAAUSDT,SELL,17
2025-10-23,06:03,AIAUSDT,BUY,10
2025-10-23,06:04,AIAUSDT,BUY,7
2025-10-23,06:04,EVAAUSDT,SELL,10
2025-10-23,06:07,AIAUSDT,SELL,8
2025-10-23,06:07,MLNUSDT,BUY,7
2025-10-23,06:11,EVAAUSDT,SELL,9
2025-10-23,06:12,XPINUSDT,BUY,8
2025-10-23,06:13,XPINUSDT,BUY,30
2025-10-23,06:13,RIVERUSDT,BUY,8
2025-10-23,06:14,XPINUSDT,BUY,23
2025-10-23,06:14,EVAAUSDT,BUY,9
2025-10-23,06:18,XPINUSDT,BUY,11
2025-10-23,06:19,XPINUSDT,BUY,32
2025-10-23,06:19,FUSDT,BUY,9
2025-10-23,06:20,YBUSDT,BUY,8
2025-10-23,06:20,RIVERUSDT,BUY,12
2025-10-23,06:20,MLNUSDT,BUY,8
2025-10-23,06:21,RIVERUSDT,BUY,7
2025-10-23,06:29,FUSDT,BUY,7
2025-10-23,06:35,RIVERUSDT,SELL,10
2025-10-23,06:35,FUSDT,SELL,7
2025-10-23,06:40,AIAUSDT,SELL,11
2025-10-23,06:45,FUSDT,SELL,11
2025-10-23,06:48,AIAUSDT,SELL,17
2025-10-23,06:49,AIAUSDT,SELL,12
2025-10-23,06:51,EPTUSDT,BUY,7
2025-10-23,06:52,BNBUSDT,BUY,8
2025-10-23,06:54,XPINUSDT,SELL,9
2025-10-23,06:57,XPINUSDT,SELL,8
2025-10-23,06:57,LABUSDT,SELL,7
2025-10-23,06:57,ZECUSDT,SELL,13
2025-10-23,06:58,XPINUSDT,SELL,13
2025-10-23,06:58,ZECUSDT,SELL,12
2025-10-23,06:58,RIVERUSDT,SELL,8
2025-10-23,07:00,LIGHTUSDT,SELL,10
2025-10-23,07:01,LIGHTUSDT,SELL,12
2025-10-23,07:01,ZKJUSDT,BUY,15
2025-10-23,07:05,AIAUSDT,BUY,12
2025-10-23,07:05,RVVUSDT,BUY,9
2025-10-23,07:06,AIAUSDT,BUY,9
2025-10-23,07:06,RVVUSDT,BUY,13
2025-10-23,07:06,BLUAIUSDT,BUY,7
2025-10-23,07:07,RVVUSDT,BUY,7
2025-10-23,07:07,XPINUSDT,BUY,7
2025-10-23,07:07,BLUAIUSDT,BUY,15
2025-10-23,07:08,BLUAIUSDT,BUY,8
2025-10-23,07:09,AIAUSDT,BUY,12
2025-10-23,07:10,AIAUSDT,BUY,8
2025-10-23,07:10,KDAUSDT,BUY,9
2025-10-23,07:15,EPTUSDT,BUY,7
2025-10-23,07:15,EVAAUSDT,BUY,11
2025-10-23,07:15,SOLUSDT,BUY,21
2025-10-23,07:15,BTCUSDT,BUY,21
2025-10-23,07:15,ETHUSDT,BUY,26
2025-10-23,07:15,BNBUSDT,BUY,18
2025-10-23,07:15,BTCUSDC,BUY,12
2025-10-23,07:15,XRPUSDT,BUY,13
2025-10-23,07:15,ADAUSDT,BUY,7
2025-10-23,07:15,DOGEUSDT,BUY,13
2025-10-23,07:15,ETHUSDC,BUY,9
2025-10-23,07:16,SOLUSDT,BUY,25
2025-10-23,07:16,XRPUSDT,BUY,16
2025-10-23,07:16,ETHUSDT,BUY,30
2025-10-23,07:16,BTCUSDT,BUY,29
2025-10-23,07:16,LINKUSDT,BUY,7
2025-10-23,07:16,BTCUSDC,BUY,16
2025-10-23,07:16,BNBUSDT,BUY,25
2025-10-23,07:16,ETHUSDC,BUY,13
2025-10-23,07:16,1000PEPEUSDT,BUY,7
2025-10-23,07:17,BTCUSDT,BUY,18
2025-10-23,07:17,ETHUSDT,BUY,14
2025-10-23,07:17,XRPUSDT,BUY,7
2025-10-23,07:17,BTCUSDC,BUY,7
2025-10-23,07:17,BNBUSDT,BUY,14
2025-10-23,07:17,SOLUSDT,BUY,11
2025-10-23,07:17,RIVERUSDT,BUY,11
2025-10-23,07:17,LIGHTUSDT,BUY,8
2025-10-23,07:18,DOGEUSDT,BUY,8
2025-10-23,07:18,SUIUSDT,BUY,7
2025-10-23,07:18,BNBUSDT,BUY,8
2025-10-23,07:18,ETHUSDT,BUY,14
2025-10-23,07:18,ZECUSDT,BUY,7
2025-10-23,07:18,BTCUSDT,BUY,14
2025-10-23,07:18,BTCUSDC,BUY,7
2025-10-23,07:18,SOLUSDT,BUY,10
2025-10-23,07:18,4USDT,BUY,9
2025-10-23,07:19,SOLUSDT,BUY,7
2025-10-23,07:19,ETHUSDT,BUY,7
2025-10-23,07:19,4USDT,BUY,8
2025-10-23,07:20,AIAUSDT,BUY,7
2025-10-23,07:24,BTCUSDT,BUY,9
2025-10-23,07:26,AIAUSDT,BUY,9
2025-10-23,07:29,RVVUSDT,BUY,9
2025-10-23,07:30,RVVUSDT,BUY,7
2025-10-23,07:32,YBUSDT,SELL,8
2025-10-23,07:38,XPINUSDT,BUY,10
2025-10-23,07:39,XPINUSDT,BUY,12
2025-10-23,07:41,XPINUSDT,BUY,14
2025-10-23,07:47,ZECUSDT,BUY,9
2025-10-23,07:47,BNBUSDT,BUY,7
2025-10-23,07:48,ZECUSDT,BUY,11
2025-10-23,07:48,ETHUSDT,BUY,11
2025-10-23,07:49,ETHUSDT,BUY,7
2025-10-23,07:49,ZKJUSDT,BUY,7
2025-10-23,07:50,ZKJUSDT,BUY,10
2025-10-23,07:51,ETHUSDT,BUY,8
2025-10-23,07:52,ETHUSDT,BUY,14
2025-10-23,07:52,BTCUSDT,BUY,11
2025-10-23,07:53,BTCUSDT,BUY,9
2025-10-23,07:59,SOLUSDT,BUY,8
2025-10-23,08:00,SOLUSDT,BUY,7
2025-10-23,08:00,EPTUSDT,BUY,7
2025-10-23,08:01,EPTUSDT,BUY,9
2025-10-23,08:05,XPINUSDT,BUY,22
2025-10-23,08:06,COAIUSDT,BUY,7
2025-10-23,08:06,BASUSDT,SELL,7
2025-10-23,08:14,BASUSDT,SELL,11
2025-10-23,08:15,BASUSDT,SELL,10
2025-10-23,08:16,METUSDT,SELL,7
2025-10-23,08:18,METUSDT,SELL,19
2025-10-23,08:19,METUSDT,SELL,23
2025-10-23,08:19,AIAUSDT,SELL,16
2025-10-23,08:19,EVAAUSDT,SELL,10
2025-10-23,08:21,XPINUSDT,BUY,21
2025-10-23,08:21,KDAUSDT,SELL,7
2025-10-23,08:22,RIVERUSDT,BUY,21
2025-10-23,08:23,RIVERUSDT,BUY,17
2025-10-23,08:23,BTCUSDT,SELL,8
2025-10-23,08:24,BTCUSDT,SELL,28
2025-10-23,08:24,ETHUSDT,SELL,12
2025-10-23,08:25,BTCUSDT,SELL,20
2025-10-23,08:25,ETHUSDT,SELL,9
2025-10-23,08:27,AIAUSDT,SELL,12
2025-10-23,08:29,RIVERUSDT,BUY,9
2025-10-23,08:30,EVAAUSDT,BUY,11
2025-10-23,08:32,SOLUSDT,BUY,11
2025-10-23,08:32,ZKJUSDT,SELL,8
2025-10-23,08:32,AIAUSDT,SELL,23
2025-10-23,08:33,AIAUSDT,SELL,23
2025-10-23,08:33,ZKJUSDT,SELL,10
2025-10-23,08:39,AIAUSDT,SELL,23
2025-10-23,08:40,XPINUSDT,BUY,7
2025-10-23,08:41,RVVUSDT,SELL,7
2025-10-23,08:41,BTCUSDT,SELL,7
2025-10-23,08:42,ZKJUSDT,SELL,14
2025-10-23,08:42,RVVUSDT,SELL,9
2025-10-23,08:45,AIAUSDT,BUY,9
2025-10-23,08:46,EVAAUSDT,BUY,7
2025-10-23,08:47,EVAAUSDT,BUY,16
2025-10-23,08:48,EVAAUSDT,BUY,11
2025-10-23,08:49,KDAUSDT,SELL,7
2025-10-23,08:50,KDAUSDT,SELL,14
2025-10-23,08:55,币安人生USDT,SELL,7
2025-10-23,08:56,LABUSDT,BUY,7
2025-10-23,08:57,LABUSDT,BUY,7
2025-10-23,08:59,KGENUSDT,SELL,8
2025-10-23,09:00,LABUSDT,BUY,7
2025-10-23,09:01,EVAAUSDT,SELL,10
2025-10-23,09:02,EVAAUSDT,SELL,11
2025-10-23,09:04,BNBUSDT,BUY,8
2025-10-23,09:04,EPTUSDT,BUY,9
2025-10-23,09:05,BNBUSDT,BUY,7
2025-10-23,09:05,KGENUSDT,SELL,16
2025-10-23,09:05,SOLUSDT,BUY,11
2025-10-23,09:06,SOLUSDT,BUY,12
2025-10-23,09:08,AIAUSDT,SELL,21
2025-10-23,09:08,KGENUSDT,SELL,7
2025-10-23,09:09,KGENUSDT,SELL,17
2025-10-23,09:10,RIVERUSDT,SELL,7
2025-10-23,09:10,BNBUSDT,BUY,11
2025-10-23,09:11,BNBUSDT,BUY,17
2025-10-23,09:11,BNBUSDC,BUY,7
2025-10-23,09:12,AIAUSDT,BUY,9
2025-10-23,09:12,EVAAUSDT,SELL,8
2025-10-23,09:12,BNBUSDT,BUY,23
2025-10-23,09:13,BNBUSDT,BUY,20
2025-10-23,09:13,AIAUSDT,BUY,7
2025-10-23,09:14,币安人生USDT,SELL,7
2025-10-23,09:15,币安人生USDT,SELL,12
2025-10-23,09:16,币安人生USDT,SELL,10
2025-10-23,09:17,AIAUSDT,BUY,19
2025-10-23,09:18,AIAUSDT,BUY,7
2025-10-23,09:19,XPINUSDT,SELL,8
2025-10-23,09:19,EVAAUSDT,SELL,10
2025-10-23,09:19,ETHUSDT,BUY,7
2025-10-23,09:20,ETHUSDT,BUY,7
2025-10-23,09:20,AIAUSDT,BUY,15
2025-10-23,09:20,EVAAUSDT,SELL,13
2025-10-23,09:20,COAIUSDT,BUY,12
2025-10-23,09:21,AIAUSDT,BUY,15
2025-10-23,09:21,COAIUSDT,BUY,12
2025-10-23,09:21,RIVERUSDT,BUY,7
2025-10-23,09:22,RIVERUSDT,BUY,8
2025-10-23,09:24,AIAUSDT,SELL,7
2025-10-23,09:25,4USDT,SELL,10
2025-10-23,09:26,4USDT,SELL,8
2025-10-23,09:26,AIAUSDT,SELL,13
2025-10-23,09:27,KGENUSDT,SELL,9
2025-10-23,09:31,RIVERUSDT,BUY,9
2025-10-23,09:32,RIVERUSDT,BUY,10
2025-10-23,09:32,AIAUSDT,SELL,15
2025-10-23,09:34,EPTUSDT,BUY,8
2025-10-23,09:43,AIAUSDT,SELL,15
2025-10-23,09:45,RECALLUSDT,SELL,7
2025-10-23,09:46,RECALLUSDT,SELL,7
2025-10-23,09:47,XPINUSDT,BUY,8
2025-10-23,09:47,COAIUSDT,BUY,8
2025-10-23,09:48,COAIUSDT,BUY,11
2025-10-23,09:48,AIAUSDT,SELL,8
2025-10-23,09:53,AIAUSDT,SELL,8
2025-10-23,09:54,EVAAUSDT,BUY,9
2025-10-23,09:58,AIAUSDT,BUY,7
2025-10-23,09:58,RIVERUSDT,BUY,11
2025-10-23,09:59,RIVERUSDT,BUY,26
2025-10-23,10:00,KDAUSDT,SELL,7
2025-10-23,10:01,EPTUSDT,BUY,9
2025-10-23,10:02,AIAUSDT,SELL,13
2025-10-23,10:03,4USDT,SELL,8
2025-10-23,10:04,4USDT,SELL,7
2025-10-23,10:06,BNBUSDT,SELL,7
2025-10-23,10:07,BNBUSDT,SELL,7
2025-10-23,10:07,COAIUSDT,BUY,15
2025-10-23,10:08,COAIUSDT,BUY,16
2025-10-23,10:10,LABUSDT,BUY,8
2025-10-23,10:11,LABUSDT,BUY,14
2025-10-23,10:11,BTCUSDT,SELL,7
2025-10-23,10:12,BTCUSDT,SELL,8
2025-10-23,10:13,XPINUSDT,BUY,7
2025-10-23,10:14,BTCUSDT,SELL,7
2025-10-23,10:15,BTCUSDT,SELL,7
2025-10-23,10:15,YBUSDT,BUY,7
2025-10-23,10:16,YBUSDT,BUY,10
2025-10-23,10:22,COAIUSDT,BUY,9
2025-10-23,10:23,COAIUSDT,BUY,9
2025-10-23,10:26,METUSDT,SELL,11
2025-10-23,10:27,METUSDT,SELL,9
2025-10-23,10:30,METUSDT,SELL,7
2025-10-23,10:31,METUSDT,SELL,15
2025-10-23,10:31,LABUSDT,BUY,7
2025-10-23,10:32,XPINUSDT,BUY,39
2025-10-23,10:32,METUSDT,SELL,10
2025-10-23,10:32,COAIUSDT,BUY,19
2025-10-23,10:33,COAIUSDT,BUY,23
2025-10-23,10:33,KDAUSDT,SELL,8
2025-10-23,10:34,COAIUSDT,BUY,19
2025-10-23,10:34,KDAUSDT,SELL,10
2025-10-23,10:35,RECALLUSDT,SELL,14
2025-10-23,10:35,COAIUSDT,BUY,15
2025-10-23,10:35,KDAUSDT,SELL,9
2025-10-23,10:36,RECALLUSDT,SELL,11
2025-10-23,10:36,EPTUSDT,BUY,7
2025-10-23,10:37,EPTUSDT,BUY,17
2025-10-23,10:38,EPTUSDT,BUY,12
2025-10-23,10:39,AIOTUSDT,SELL,8
2025-10-23,10:39,B2USDT,BUY,7
2025-10-23,10:40,EPTUSDT,BUY,7
2025-10-23,10:42,AIAUSDT,SELL,7
2025-10-23,10:42,METUSDT,SELL,13
2025-10-23,10:43,METUSDT,SELL,18
2025-10-23,10:45,KDAUSDT,SELL,7
2025-10-23,10:46,XPINUSDT,SELL,7
2025-10-23,10:46,KDAUSDT,SELL,10
2025-10-23,10:47,BLUAIUSDT,SELL,8
2025-10-23,10:48,BLUAIUSDT,SELL,21
2025-10-23,10:48,XPINUSDT,SELL,8
2025-10-23,10:49,KDAUSDT,SELL,8
2025-10-23,10:49,EVAAUSDT,SELL,9
2025-10-23,10:50,币安人生USDT,SELL,8
2025-10-23,10:50,LABUSDT,BUY,8
2025-10-23,10:51,币安人生USDT,SELL,7
2025-10-23,10:51,BLUAIUSDT,SELL,9
2025-10-23,10:51,BASUSDT,SELL,8
2025-10-23,10:51,LABUSDT,BUY,8
2025-10-23,10:52,BASUSDT,SELL,7
2025-10-23,10:55,AIAUSDT,SELL,7
2025-10-23,10:56,RIVERUSDT,BUY,10
2025-10-23,10:56,XPINUSDT,SELL,22
2025-10-23,10:59,EPTUSDT,SELL,8
2025-10-23,11:01,COAIUSDT,BUY,9
2025-10-23,11:01,RVVUSDT,BUY,8
2025-10-23,11:02,RIVERUSDT,BUY,47
2025-10-23,11:04,EPTUSDT,SELL,9
2025-10-23,11:05,LIGHTUSDT,SELL,7
2025-10-23,11:06,AIAUSDT,SELL,8
2025-10-23,11:11,AIAUSDT,BUY,7
2025-10-23,11:11,LABUSDT,SELL,8
2025-10-23,11:12,LABUSDT,SELL,20
2025-10-23,11:12,BROCCOLIF3BUSDT,SELL,7
2025-10-23,11:13,LABUSDT,SELL,26
2025-10-23,11:13,BROCCOLIF3BUSDT,SELL,7
2025-10-23,11:14,ASTERUSDT,BUY,7
2025-10-23,11:15,AIAUSDT,BUY,13
2025-10-23,11:16,AIAUSDT,BUY,12
2025-10-23,11:21,RVVUSDT,BUY,10
2025-10-23,11:22,RVVUSDT,BUY,8
2025-10-23,11:22,EPTUSDT,BUY,13
2025-10-23,11:22,XPINUSDT,BUY,13
2025-10-23,11:23,EPTUSDT,BUY,12
2025-10-23,11:27,XPINUSDT,SELL,15
2025-10-23,11:36,ETHUSDT,SELL,7
2025-10-23,11:37,BLUAIUSDT,SELL,7
2025-10-23,11:40,YBUSDT,SELL,10
2025-10-23,11:43,YBUSDT,SELL,7
2025-10-23,11:44,METUSDT,SELL,11
2025-10-23,11:45,METUSDT,SELL,11
2025-10-23,11:45,LABUSDT,SELL,7
2025-10-23,11:46,LABUSDT,SELL,7
2025-10-23,11:47,EPTUSDT,SELL,8
2025-10-23,11:47,LABUSDT,SELL,12
2025-10-23,11:48,LABUSDT,SELL,20
2025-10-23,11:49,LABUSDT,SELL,12
2025-10-23,11:51,RIVERUSDT,BUY,14
2025-10-23,11:52,RIVERUSDT,BUY,15
2025-10-23,11:53,RIVERUSDT,BUY,8
2025-10-23,11:57,LABUSDT,SELL,9
2025-10-23,11:57,RIVERUSDT,BUY,16
2025-10-23,11:58,LABUSDT,SELL,15
2025-10-23,11:58,RIVERUSDT,BUY,30
2025-10-23,11:59,LABUSDT,SELL,7
2025-10-23,11:59,BLUAIUSDT,SELL,16
2025-10-23,12:00,BLUAIUSDT,SELL,15
2025-10-23,12:00,EVAAUSDT,SELL,13
2025-10-23,12:01,EVAAUSDT,SELL,13
2025-10-23,12:02,AKEUSDT,BUY,10
2025-10-23,12:02,COAIUSDT,BUY,24
2025-10-23,12:03,COAIUSDT,BUY,27
2025-10-23,12:03,EPTUSDT,SELL,15
2025-10-23,12:04,EVAAUSDT,SELL,12
2025-10-23,12:04,FUNUSDT,SELL,7
2025-10-23,12:05,EVAAUSDT,SELL,16
2025-10-23,12:06,RIVERUSDT,SELL,8
2025-10-23,12:06,LABUSDT,SELL,7
2025-10-23,12:07,LABUSDT,SELL,7
2025-10-23,12:09,EVAAUSDT,SELL,11
2025-10-23,12:10,EVAAUSDT,SELL,8
2025-10-23,12:12,EVAAUSDT,SELL,8
2025-10-23,12:12,COAIUSDT,BUY,13
2025-10-23,12:13,COAIUSDT,BUY,17
2025-10-23,12:16,BNBUSDT,SELL,8
2025-10-23,12:16,ETHUSDT,SELL,9
2025-10-23,12:17,BNBUSDT,SELL,7
2025-10-23,12:18,BASUSDT,BUY,9
2025-10-23,12:21,EPTUSDT,SELL,7
2025-10-23,12:22,EPTUSDT,SELL,7
2025-10-23,12:22,币安人生USDT,SELL,12
2025-10-23,12:22,KDAUSDT,BUY,9
2025-10-23,12:22,TRUTHUSDT,SELL,19
2025-10-23,12:23,币安人生USDT,SELL,21
2025-10-23,12:23,TRUTHUSDT,SELL,14
2025-10-23,12:23,TAOUSDT,SELL,11
2025-10-23,12:24,TAOUSDT,SELL,10
2025-10-23,12:24,RIVERUSDT,SELL,9
2025-10-23,12:27,XPINUSDT,BUY,10
2025-10-23,12:29,BASUSDT,BUY,11
2025-10-23,12:30,BASUSDT,BUY,14
2025-10-23,12:30,RVVUSDT,SELL,13
2025-10-23,12:30,METUSDT,BUY,8
2025-10-23,12:31,METUSDT,BUY,9
2025-10-23,12:31,RVVUSDT,SELL,14
2025-10-23,12:32,RVVUSDT,SELL,15
2025-10-23,12:32,EVAAUSDT,SELL,13
2025-10-23,12:32,XRPUSDT,SELL,8
2025-10-23,12:32,RIVERUSDT,SELL,15
2025-10-23,12:33,BASUSDT,SELL,14
2025-10-23,12:33,RVVUSDT,SELL,14
2025-10-23,12:33,XRPUSDT,SELL,7
2025-10-23,12:33,RIVERUSDT,SELL,16
2025-10-23,12:34,KGENUSDT,SELL,7
2025-10-23,12:34,FUSDT,BUY,16
2025-10-23,12:34,TAOUSDT,SELL,8
2025-10-23,12:35,AIAUSDT,SELL,11
2025-10-23,12:35,BTCUSDT,SELL,7
2025-10-23,12:36,AIAUSDT,SELL,9
2025-10-23,12:36,BTCUSDT,SELL,7
2025-10-23,12:36,ETHUSDT,SELL,7
2025-10-23,12:36,币安人生USDT,SELL,13
2025-10-23,12:37,币安人生USDT,SELL,20
2025-10-23,12:37,XPINUSDT,BUY,8
2025-10-23,12:38,币安人生USDT,SELL,8
2025-10-23,12:38,EVAAUSDT,BUY,7
2025-10-23,12:38,FUSDT,BUY,7
2025-10-23,12:39,AIAUSDT,SELL,17
2025-10-23,12:39,RIVERUSDT,SELL,14
2025-10-23,12:39,AKEUSDT,SELL,9
2025-10-23,12:40,RIVERUSDT,SELL,21
2025-10-23,12:40,AKEUSDT,SELL,9
2025-10-23,12:40,XPINUSDT,SELL,17
2025-10-23,12:40,BASUSDT,SELL,8
2025-10-23,12:40,TAOUSDT,SELL,9
2025-10-23,12:41,RIVERUSDT,SELL,14
2025-10-23,12:42,AIAUSDT,SELL,19
2025-10-23,12:44,RIVERUSDT,SELL,24
2025-10-23,12:44,ZECUSDT,SELL,8
2025-10-23,12:45,BLESSUSDT,SELL,7
2025-10-23,12:45,ZECUSDT,SELL,14
2025-10-23,12:46,BLESSUSDT,SELL,7
2025-10-23,12:47,BLESSUSDT,SELL,7
2025-10-23,12:51,ZECUSDT,SELL,10
2025-10-23,12:51,ETHUSDT,SELL,7
2025-10-23,12:52,ZECUSDT,SELL,8
2025-10-23,12:52,ETHUSDT,SELL,8
2025-10-23,12:56,RIVERUSDT,BUY,7
2025-10-23,12:56,币安人生USDT,SELL,9
2025-10-23,12:57,RIVERUSDT,BUY,15
2025-10-23,12:57,币安人生USDT,SELL,12
2025-10-23,12:58,RIVERUSDT,BUY,22
2025-10-23,13:00,DOGSUSDT,SELL,16
2025-10-23,13:01,EPTUSDT,BUY,8
2025-10-23,13:01,DOGSUSDT,SELL,14
2025-10-23,13:01,BTCUSDT,SELL,9
2025-10-23,13:01,KDAUSDT,SELL,10
2025-10-23,13:01,ETHUSDT,SELL,13
2025-10-23,13:01,DOGEUSDT,SELL,8
2025-10-23,13:02,KDAUSDT,SELL,8
2025-10-23,13:02,ETHUSDT,SELL,27
2025-10-23,13:02,1000PEPEUSDT,SELL,9
2025-10-23,13:02,DOGEUSDT,SELL,12
2025-10-23,13:02,XRPUSDT,SELL,8
2025-10-23,13:02,ADAUSDT,SELL,8
2025-10-23,13:02,BTCUSDT,SELL,26
2025-10-23,13:02,EVAAUSDT,SELL,7
2025-10-23,13:02,LINKUSDT,SELL,7
2025-10-23,13:03,EVAAUSDT,SELL,7
2025-10-23,13:03,RIVERUSDT,BUY,8
2025-10-23,13:03,GIGGLEUSDT,SELL,7
2025-10-23,13:03,ETHUSDT,SELL,25
2025-10-23,13:03,ADAUSDT,SELL,11
2025-10-23,13:03,BNBUSDT,SELL,16
2025-10-23,13:03,1000PEPEUSDT,SELL,11
2025-10-23,13:03,LINKUSDT,SELL,9
2025-10-23,13:03,ASTERUSDT,SELL,9
2025-10-23,13:03,XRPUSDT,SELL,13
2025-10-23,13:03,ETHUSDC,SELL,8
2025-10-23,13:03,DOGEUSDT,SELL,17
2025-10-23,13:03,SUIUSDT,SELL,8
2025-10-23,13:03,ZENUSDT,SELL,7
2025-10-23,13:04,1000PEPEUSDT,SELL,9
2025-10-23,13:04,4USDT,SELL,8
2025-10-23,13:04,币安人生USDT,SELL,10
2025-10-23,13:04,DOGEUSDT,SELL,13
2025-10-23,13:04,ASTERUSDT,SELL,8
2025-10-23,13:04,KDAUSDT,SELL,11
2025-10-23,13:04,SOLUSDT,SELL,10
2025-10-23,13:04,BNBUSDT,SELL,19
2025-10-23,13:04,XRPUSDT,SELL,18
2025-10-23,13:04,AIAUSDT,BUY,7
2025-10-23,13:04,ZECUSDT,SELL,9
2025-10-23,13:04,GIGGLEUSDT,SELL,8
2025-10-23,13:04,ZENUSDT,SELL,7
2025-10-23,13:04,SNXUSDT,SELL,10
2025-10-23,13:05,BTCUSDT,SELL,17
2025-10-23,13:05,DOGEUSDT,SELL,7
2025-10-23,13:05,BNBUSDT,SELL,16
2025-10-23,13:05,EVAAUSDT,SELL,9
2025-10-23,13:05,AIAUSDT,BUY,7
2025-10-23,13:05,币安人生USDT,SELL,21
2025-10-23,13:05,BLUAIUSDT,SELL,9
2025-10-23,13:05,4USDT,SELL,7
2025-10-23,13:07,ASTERUSDT,SELL,8
2025-10-23,13:08,ASTERUSDT,SELL,7
2025-10-23,13:09,RIVERUSDT,SELL,12
2025-10-23,13:17,SOLUSDT,BUY,8
2025-10-23,13:21,AVNTUSDT,BUY,10
2025-10-23,13:22,AVNTUSDT,BUY,8
2025-10-23,13:25,RECALLUSDT,BUY,9
2025-10-23,13:26,RECALLUSDT,BUY,10
2025-10-23,13:27,EVAAUSDT,BUY,10
2025-10-23,13:28,币安人生USDT,SELL,8
2025-10-23,13:29,币安人生USDT,SELL,11
2025-10-23,13:29,UBUSDT,SELL,7
2025-10-23,13:30,UBUSDT,SELL,7
2025-10-23,13:31,EVAAUSDT,SELL,8
2025-10-23,13:32,币安人生USDT,SELL,12
2025-10-23,13:33,币安人生USDT,SELL,13
2025-10-23,13:38,METUSDT,SELL,14
2025-10-23,13:39,METUSDT,SELL,27
2025-10-23,13:39,AIAUSDT,SELL,8
2025-10-23,13:40,METUSDT,SELL,15
2025-10-23,13:40,AIAUSDT,SELL,17
2025-10-23,13:40,KDAUSDT,SELL,14
2025-10-23,13:40,4USDT,SELL,8
2025-10-23,13:41,KDAUSDT,SELL,18
2025-10-23,13:41,4USDT,SELL,12
2025-10-23,13:41,AIAUSDT,SELL,27
2025-10-23,13:41,METUSDT,SELL,14
2025-10-23,13:42,AIAUSDT,SELL,16
2025-10-23,13:42,4USDT,SELL,8
2025-10-23,13:42,METUSDT,SELL,19
2025-10-23,13:42,COAIUSDT,BUY,15
2025-10-23,13:43,COAIUSDT,BUY,22
2025-10-23,13:43,RIVERUSDT,SELL,7
2025-10-23,13:44,COAIUSDT,BUY,7
2025-10-23,13:44,AIAUSDT,SELL,7
2025-10-23,13:44,RIVERUSDT,SELL,8
2025-10-23,13:44,RVVUSDT,SELL,10
2025-10-23,13:45,RVVUSDT,SELL,10
2025-10-23,13:45,AIAUSDT,SELL,11
2025-10-23,13:46,AIAUSDT,SELL,10
2025-10-23,13:46,4USDT,SELL,9
2025-10-23,13:47,4USDT,SELL,7
2025-10-23,13:54,EVAAUSDT,SELL,8
2025-10-23,13:55,EVAAUSDT,SELL,7
2025-10-23,13:57,LABUSDT,SELL,7
2025-10-23,13:59,BASUSDT,BUY,8
2025-10-23,13:59,HYPEUSDT,BUY,10
2025-10-23,13:59,METUSDT,BUY,11
2025-10-23,14:02,4USDT,SELL,12
2025-10-23,14:02,LABUSDT,SELL,8
2025-10-23,14:03,BELUSDT,BUY,13
2025-10-23,14:03,LABUSDT,SELL,8
2025-10-23,14:03,4USDT,SELL,14
2025-10-23,14:03,EVAAUSDT,SELL,10
2025-10-23,14:04,BELUSDT,BUY,12
2025-10-23,14:04,METUSDT,BUY,9
2025-10-23,14:04,WALUSDT,BUY,10
2025-10-23,14:05,BELUSDT,BUY,9
2025-10-23,14:06,XPINUSDT,SELL,7
2025-10-23,14:06,YBUSDT,BUY,7
2025-10-23,14:07,YBUSDT,BUY,7
2025-10-23,14:07,BLUAIUSDT,SELL,10
2025-10-23,14:08,BLUAIUSDT,SELL,8
2025-10-23,14:08,METUSDT,SELL,15
2025-10-23,14:09,METUSDT,SELL,17
2025-10-23,14:09,ETHUSDT,SELL,9
2025-10-23,14:10,ETHUSDT,SELL,12
2025-10-23,14:11,METUSDT,SELL,11
2025-10-23,14:12,METUSDT,SELL,14
2025-10-23,14:12,WALUSDT,BUY,14
2025-10-23,14:12,AIAUSDT,SELL,8
2025-10-23,14:13,METUSDT,SELL,14
2025-10-23,14:13,WALUSDT,BUY,9
2025-10-23,14:14,METUSDT,SELL,19
2025-10-23,14:15,METUSDT,SELL,21
2025-10-23,14:15,币安人生USDT,SELL,7
2025-10-23,14:15,SOLUSDT,BUY,14
2025-10-23,14:16,METUSDT,SELL,21
2025-10-23,14:16,SOLUSDT,BUY,8
2025-10-23,14:16,XPINUSDT,SELL,10
2025-10-23,14:17,XPINUSDT,SELL,10
2025-10-23,14:22,XPINUSDT,SELL,31
2025-10-23,14:23,RIVERUSDT,SELL,7
2025-10-23,14:23,METUSDT,BUY,9
2025-10-23,14:24,METUSDT,BUY,9
2025-10-23,14:24,RIVERUSDT,SELL,12
2025-10-23,14:26,XPINUSDT,BUY,18
2025-10-23,14:26,SOLUSDT,BUY,8
2025-10-23,14:27,SOLUSDT,BUY,7
2025-10-23,14:29,RECALLUSDT,SELL,7
2025-10-23,14:29,METUSDT,BUY,8
2025-10-23,14:30,METUSDT,BUY,9
2025-10-23,14:30,SOLUSDT,BUY,7
2025-10-23,14:31,RIVERUSDT,SELL,11
2025-10-23,14:31,UBUSDT,BUY,7
2025-10-23,14:31,4USDT,SELL,8
2025-10-23,14:32,4USDT,SELL,8
2025-10-23,14:32,SOLUSDT,BUY,10
2025-10-23,14:33,SOLUSDT,BUY,14
2025-10-23,14:33,BASUSDT,BUY,10
2025-10-23,14:34,SOLUSDT,BUY,23
2025-10-23,14:34,BTCUSDT,BUY,7
2025-10-23,14:34,DOGEUSDT,BUY,8
2025-10-23,14:34,XPINUSDT,BUY,15
2025-10-23,14:35,SOLUSDC,BUY,9
2025-10-23,14:35,BTCUSDT,BUY,9
2025-10-23,14:35,ETHUSDT,BUY,10
2025-10-23,14:35,DOGEUSDT,BUY,8
2025-10-23,14:35,SOLUSDT,BUY,22
2025-10-23,14:35,ENAUSDT,BUY,7
2025-10-23,14:39,BTCUSDT,BUY,9
2025-10-23,14:39,EVAAUSDT,BUY,11
2025-10-23,14:39,HYPEUSDT,BUY,7
2025-10-23,14:40,BTCUSDT,BUY,9
2025-10-23,14:40,HYPEUSDT,BUY,7
2025-10-23,14:41,BELUSDT,SELL,8
2025-10-23,14:41,ETHUSDT,SELL,9
2025-10-23,14:41,RECALLUSDT,SELL,8
2025-10-23,14:42,BELUSDT,SELL,7
2025-10-23,14:42,ETHUSDT,SELL,19
2025-10-23,14:42,RECALLUSDT,SELL,12
2025-10-23,14:42,SOLUSDT,SELL,8
2025-10-23,14:43,ETHUSDT,SELL,10
2025-10-23,14:43,SOLUSDT,SELL,7
2025-10-23,14:43,METUSDT,SELL,7
2025-10-23,14:44,METUSDT,SELL,12
2025-10-23,14:45,METUSDT,SELL,11
2025-10-23,14:47,XPINUSDT,BUY,20
2025-10-23,14:48,AIAUSDT,SELL,15
2025-10-23,14:48,AIOTUSDT,SELL,9
2025-10-23,14:48,XPINUSDT,BUY,24
2025-10-23,14:48,UBUSDT,BUY,9
2025-10-23,14:49,EVAAUSDT,BUY,10
2025-10-23,14:49,AIAUSDT,SELL,12
2025-10-23,14:49,AIOTUSDT,SELL,7
2025-10-23,14:50,RIVERUSDT,BUY,8
2025-10-23,14:50,EVAAUSDT,BUY,8
2025-10-23,14:51,RIVERUSDT,BUY,12
2025-10-23,14:52,RIVERUSDT,BUY,8
2025-10-23,14:55,YBUSDT,BUY,8
2025-10-23,14:59,YBUSDT,BUY,7
2025-10-23,15:00,YBUSDT,BUY,15
2025-10-23,15:00,XPINUSDT,BUY,28
2025-10-23,15:01,4USDT,SELL,8
2025-10-23,15:02,4USDT,SELL,16
2025-10-23,15:02,LIGHTUSDT,BUY,8
2025-10-23,15:03,AIAUSDT,SELL,7
2025-10-23,15:03,4USDT,SELL,9
2025-10-23,15:03,LIGHTUSDT,BUY,7
2025-10-23,15:03,UBUSDT,SELL,9
2025-10-23,15:04,EVAAUSDT,SELL,10
2025-10-23,15:04,UBUSDT,SELL,15
2025-10-23,15:05,BNBUSDT,SELL,9
2025-10-23,15:06,BNBUSDT,SELL,19
2025-10-23,15:07,BNBUSDT,SELL,26
2025-10-23,15:07,SOLUSDT,SELL,9
2025-10-23,15:07,ETHUSDT,SELL,18
2025-10-23,15:07,BTCUSDT,SELL,10
2025-10-23,15:08,BTCUSDT,SELL,10
2025-10-23,15:08,ETHUSDT,SELL,16
2025-10-23,15:08,BNBUSDT,SELL,16
2025-10-23,15:08,SOLUSDT,SELL,8
2025-10-23,15:10,OMUSDT,BUY,7
2025-10-23,15:11,ETHUSDT,SELL,7
2025-10-23,15:11,4USDT,SELL,8
2025-10-23,15:12,ETHUSDT,SELL,8
2025-10-23,15:12,4USDT,SELL,9
2025-10-23,15:13,GIGGLEUSDT,SELL,11
2025-10-23,15:13,币安人生USDT,SELL,25
2025-10-23,15:14,币安人生USDT,SELL,26
2025-10-23,15:14,ETHUSDT,SELL,22
2025-10-23,15:14,RIVERUSDT,SELL,7
2025-10-23,15:14,GIGGLEUSDT,SELL,12
2025-10-23,15:14,ETHUSDC,SELL,7
2025-10-23,15:14,BTCUSDT,SELL,13
2025-10-23,15:14,SOLUSDT,SELL,10
2025-10-23,15:14,4USDT,SELL,10
2025-10-23,15:15,ETHUSDC,SELL,9
2025-10-23,15:15,BTCUSDT,SELL,15
2025-10-23,15:15,SOLUSDT,SELL,12
2025-10-23,15:15,XRPUSDT,SELL,9
2025-10-23,15:16,LYNUSDT,SELL,8
2025-10-23,15:18,FUSDT,SELL,15
2025-10-23,15:19,FUSDT,SELL,11
2025-10-23,15:19,METUSDT,SELL,11
2025-10-23,15:19,ETHUSDT,SELL,9
2025-10-23,15:19,ASTERUSDT,SELL,7
2025-10-23,15:19,TAUSDT,SELL,7
2025-10-23,15:20,ASTERUSDT,SELL,7
2025-10-23,15:20,METUSDT,SELL,8
2025-10-23,15:20,TAUSDT,SELL,7
2025-10-23,15:20,ETHUSDT,SELL,8
2025-10-23,15:21,EULUSDT,SELL,7
2025-10-23,15:22,UBUSDT,SELL,8
2025-10-23,15:22,ETHUSDT,BUY,7
2025-10-23,15:23,UBUSDT,SELL,11
2025-10-23,15:23,ETHUSDT,BUY,9
2025-10-23,15:24,ETHUSDT,BUY,8
2025-10-23,15:24,BASUSDT,SELL,8
2025-10-23,15:25,BASUSDT,SELL,9
2025-10-23,15:27,YBUSDT,SELL,11
2025-10-23,15:27,COAIUSDT,SELL,10
2025-10-23,15:28,RIVERUSDT,SELL,7
2025-10-23,15:28,BELUSDT,SELL,8
2025-10-23,15:34,ETHUSDT,BUY,13
2025-10-23,15:35,BTCUSDT,BUY,12
2025-10-23,15:35,ETHUSDT,BUY,18
2025-10-23,15:35,SOLUSDT,BUY,13
2025-10-23,15:35,XPINUSDT,BUY,16
2025-10-23,15:36,SOLUSDT,BUY,12
2025-10-23,15:36,XPINUSDT,BUY,20
2025-10-23,15:36,ETHUSDT,BUY,12
2025-10-23,15:36,BTCUSDT,BUY,11
2025-10-23,15:36,COAIUSDT,BUY,21
2025-10-23,15:37,COAIUSDT,BUY,22
2025-10-23,15:37,XPINUSDT,BUY,8
2025-10-23,15:37,UBUSDT,SELL,12
2025-10-23,15:42,EVAAUSDT,BUY,12
2025-10-23,15:46,XPINUSDT,BUY,8
2025-10-23,15:46,UBUSDT,SELL,7
2025-10-23,15:46,COAIUSDT,SELL,7
2025-10-23,15:47,XPINUSDT,BUY,10
2025-10-23,15:47,COAIUSDT,SELL,7
2025-10-23,15:47,UBUSDT,SELL,7
2025-10-23,15:50,XPINUSDT,SELL,9
2025-10-23,15:51,XPINUSDT,SELL,9
2025-10-23,15:52,ZECUSDT,SELL,7
2025-10-23,15:53,ZECUSDT,SELL,9
2025-10-23,15:54,ZECUSDT,SELL,7
2025-10-23,15:55,币安人生USDT,SELL,16
2025-10-23,15:56,METUSDT,SELL,10
2025-10-23,15:57,METUSDT,SELL,14
2025-10-23,15:57,PIPPINUSDT,BUY,8
2025-10-23,15:58,METUSDT,SELL,8
2025-10-23,15:58,PIPPINUSDT,BUY,10
2025-10-23,16:00,4USDT,SELL,7
2025-10-23,16:00,CUDISUSDT,BUY,8
2025-10-23,16:00,COAIUSDT,SELL,11
2025-10-23,16:01,XPINUSDT,BUY,9
2025-10-23,16:01,CUDISUSDT,BUY,7
2025-10-23,16:01,COAIUSDT,SELL,13
2025-10-23,16:01,EVAAUSDT,SELL,13
2025-10-23,16:01,RVVUSDT,SELL,8
2025-10-23,16:02,EVAAUSDT,SELL,10
2025-10-23,16:02,AIAUSDT,SELL,8
2025-10-23,16:02,BLUAIUSDT,SELL,7
2025-10-23,16:02,GIGGLEUSDT,SELL,12
2025-10-23,16:02,PIPPINUSDT,BUY,15
2025-10-23,16:02,XPINUSDT,BUY,8
2025-10-23,16:02,KDAUSDT,BUY,10
2025-10-23,16:03,GIGGLEUSDT,SELL,17
2025-10-23,16:03,KDAUSDT,BUY,14
2025-10-23,16:03,AIAUSDT,SELL,7
2025-10-23,16:04,AIAUSDT,SELL,7
2025-10-23,16:04,GIGGLEUSDT,SELL,9
2025-10-23,16:04,币安人生USDT,SELL,21
2025-10-23,16:04,KDAUSDT,BUY,17
2025-10-23,16:05,KDAUSDT,BUY,13
2025-10-23,16:05,币安人生USDT,SELL,19
2025-10-23,16:05,XPINUSDT,SELL,7
2025-10-23,16:09,ETHUSDC,BUY,12
2025-10-23,16:09,ASTERUSDT,BUY,12
2025-10-23,16:09,BNBUSDC,BUY,9
2025-10-23,16:09,XRPUSDT,BUY,7
2025-10-23,16:10,ETHUSDC,BUY,12
2025-10-23,16:10,AIAUSDT,BUY,10
2025-10-23,16:10,ASTERUSDT,BUY,16
2025-10-23,16:10,BNBUSDC,BUY,17
2025-10-23,16:10,XRPUSDT,BUY,17
2025-10-23,16:11,XRPUSDT,BUY,10
2025-10-23,16:11,SOLUSDT,BUY,9
2025-10-23,16:12,RIVERUSDT,SELL,8
2025-10-23,16:12,PIPPINUSDT,BUY,10
2025-10-23,16:13,RIVERUSDT,SELL,7
2025-10-23,16:13,KDAUSDT,SELL,9
2025-10-23,16:13,METUSDT,SELL,16
2025-10-23,16:14,METUSDT,SELL,12
2025-10-23,16:14,4USDT,BUY,14
2025-10-23,16:14,RIVERUSDT,SELL,15
2025-10-23,16:15,ASTERUSDT,BUY,9
2025-10-23,16:16,ASTERUSDT,BUY,10
2025-10-23,16:16,METUSDT,SELL,12
2025-10-23,16:17,METUSDT,SELL,16
2025-10-23,16:18,METUSDT,SELL,7
2025-10-23,16:18,币安人生USDT,SELL,8
2025-10-23,16:18,XPINUSDT,BUY,8
2025-10-23,16:18,ETHUSDT,SELL,9
2025-10-23,16:18,BNBUSDT,SELL,10
2025-10-23,16:19,BNBUSDT,SELL,13
2025-10-23,16:19,ETHUSDT,SELL,7
2025-10-23,16:20,KDAUSDT,SELL,10
2025-10-23,16:20,BNBUSDT,SELL,11
2025-10-23,16:20,RIVERUSDT,SELL,13
2025-10-23,16:21,BNBUSDT,SELL,8
2025-10-23,16:21,RIVERUSDT,SELL,13
2025-10-23,16:21,BANKUSDT,SELL,7
2025-10-23,16:21,ASTERUSDT,SELL,9
2025-10-23,16:22,BANKUSDT,SELL,7
2025-10-23,16:22,ASTERUSDT,SELL,9
2025-10-23,16:23,4USDT,BUY,9
2025-10-23,16:23,ZKCUSDT,SELL,7
2025-10-23,16:24,TRXUSDT,SELL,7
2025-10-23,16:24,BNBUSDT,BUY,8
2025-10-23,16:27,RIVERUSDT,SELL,10
2025-10-23,16:29,ASTERUSDT,BUY,12
2025-10-23,16:30,ASTERUSDT,BUY,9
2025-10-23,16:30,币安人生USDT,BUY,12
2025-10-23,16:31,EVAAUSDT,BUY,7
2025-10-23,16:32,RIVERUSDT,SELL,7
2025-10-23,16:32,EVAAUSDT,BUY,9
2025-10-23,16:32,ETHUSDT,BUY,10
2025-10-23,16:32,BNBUSDT,BUY,16
2025-10-23,16:33,BNBUSDT,BUY,32
2025-10-23,16:33,SOLUSDT,BUY,7
2025-10-23,16:33,ETHUSDT,BUY,16
2025-10-23,16:33,ZECUSDT,BUY,11
2025-10-23,16:33,BNBUSDC,BUY,8
2025-10-23,16:34,ETHUSDT,BUY,12
2025-10-23,16:34,BNBUSDT,BUY,26
2025-10-23,16:34,ZECUSDT,BUY,10
2025-10-23,16:34,BNBUSDC,BUY,10
2025-10-23,16:34,PIPPINUSDT,SELL,9
2025-10-23,16:34,SOLUSDT,BUY,10
2025-10-23,16:39,XPINUSDT,BUY,8
2025-10-23,16:39,RIVERUSDT,BUY,15
2025-10-23,16:40,XPINUSDT,BUY,8
2025-10-23,16:41,XPINUSDT,BUY,11
2025-10-23,16:42,RIVERUSDT,BUY,8
2025-10-23,16:43,BNBUSDT,SELL,8
2025-10-23,16:44,BNBUSDT,SELL,20
2025-10-23,16:45,YBUSDT,SELL,9
2025-10-23,16:45,BNBUSDT,SELL,16
2025-10-23,16:46,YBUSDT,SELL,16
2025-10-23,16:46,4USDT,BUY,11
2025-10-23,16:47,YBUSDT,SELL,9
2025-10-23,16:47,币安人生USDT,SELL,13
2025-10-23,16:48,PIPPINUSDT,BUY,18
2025-10-23,16:51,RIVERUSDT,BUY,19
2025-10-23,16:51,XPINUSDT,BUY,13
2025-10-23,16:52,XPINUSDT,BUY,19
2025-10-23,16:52,RIVERUSDT,BUY,24
2025-10-23,16:52,EVAAUSDT,BUY,7
2025-10-23,16:52,COAIUSDT,BUY,10
2025-10-23,16:53,XPINUSDT,BUY,24
2025-10-23,16:53,BASUSDT,SELL,8
2025-10-23,16:53,COAIUSDT,BUY,16
2025-10-23,16:54,COAIUSDT,BUY,7
2025-10-23,16:54,XPINUSDT,BUY,17
2025-10-23,16:54,4USDT,SELL,9
2025-10-23,16:55,币安人生USDT,SELL,20
2025-10-23,16:56,币安人生USDT,SELL,26
2025-10-23,16:56,PIPPINUSDT,SELL,9
2025-10-23,16:56,ASTERUSDT,SELL,7
2025-10-23,16:57,ASTERUSDT,SELL,7
2025-10-23,16:57,BNBUSDT,SELL,7
2025-10-23,16:58,BNBUSDT,SELL,12
2025-10-23,16:58,RIVERUSDT,SELL,14
2025-10-23,16:59,4USDT,SELL,8
2025-10-23,16:59,XPINUSDT,BUY,25
2025-10-23,16:59,RIVERUSDT,SELL,13
2025-10-23,17:00,AVNTUSDT,SELL,10
2025-10-23,17:01,BLUAIUSDT,SELL,9
2025-10-23,17:01,AVNTUSDT,SELL,17
2025-10-23,17:02,AVNTUSDT,SELL,7
2025-10-23,17:02,METUSDT,SELL,7
2025-10-23,17:03,METUSDT,SELL,9
2025-10-23,17:05,COAIUSDT,BUY,12
2025-10-23,17:06,COAIUSDT,BUY,10
2025-10-23,17:08,BNBUSDT,SELL,7
2025-10-23,17:09,RIVERUSDT,SELL,8
2025-10-23,17:09,EVAAUSDT,SELL,7
2025-10-23,17:10,UBUSDT,SELL,7
2025-10-23,17:11,UBUSDT,SELL,9
2025-10-23,17:12,YBUSDT,SELL,7
2025-10-23,17:12,TRXUSDT,SELL,7
2025-10-23,17:13,XPINUSDT,BUY,9
2025-10-23,17:14,XPINUSDT,BUY,11
2025-10-23,17:19,LABUSDT,BUY,8
2025-10-23,17:20,LABUSDT,BUY,8
2025-10-23,17:20,4USDT,SELL,7
2025-10-23,17:20,XPINUSDT,BUY,9
2025-10-23,17:20,RIVERUSDT,BUY,7
2025-10-23,17:21,4USDT,SELL,9
2025-10-23,17:21,XPINUSDT,BUY,9
2025-10-23,17:23,TRXUSDT,SELL,8
2025-10-23,17:24,YBUSDT,SELL,7
2025-10-23,17:24,COAIUSDT,BUY,7
2025-10-23,17:25,WALUSDT,SELL,7
2025-10-23,17:25,COAIUSDT,BUY,24
2025-10-23,17:25,RIVERUSDT,BUY,11
2025-10-23,17:26,WALUSDT,SELL,11
2025-10-23,17:26,COAIUSDT,BUY,23
2025-10-23,17:27,WALUSDT,SELL,9
2025-10-23,17:27,COAIUSDT,BUY,9
2025-10-23,17:28,XPINUSDT,BUY,9
2025-10-23,17:28,WALUSDT,SELL,12
2025-10-23,17:28,COAIUSDT,BUY,13
2025-10-23,17:29,COAIUSDT,BUY,9
2025-10-23,17:29,WALUSDT,SELL,11
2025-10-23,17:29,币安人生USDT,SELL,9
2025-10-23,17:30,币安人生USDT,SELL,9
2025-10-23,17:30,4USDT,SELL,7
2025-10-23,17:31,4USDT,SELL,7
2025-10-23,17:32,BLESSUSDT,SELL,7
2025-10-23,17:32,币安人生USDT,SELL,14
2025-10-23,17:33,币安人生USDT,SELL,17
2025-10-23,17:35,METUSDT,SELL,10
2025-10-23,17:35,COAIUSDT,BUY,8
2025-10-23,17:35,BELUSDT,SELL,8
2025-10-23,17:36,METUSDT,SELL,11
2025-10-23,17:36,COAIUSDT,BUY,10
2025-10-23,17:37,METUSDT,SELL,15
2025-10-23,17:37,AIAUSDT,SELL,7
2025-10-23,17:38,AIAUSDT,SELL,7
2025-10-23,17:38,METUSDT,SELL,14
2025-10-23,17:39,METUSDT,SELL,7
2025-10-23,17:39,XPINUSDT,SELL,18
2025-10-23,17:40,METUSDT,SELL,14
2025-10-23,17:41,METUSDT,SELL,15
2025-10-23,17:42,METUSDT,SELL,9
2025-10-23,17:44,PIPPINUSDT,SELL,8
2025-10-23,17:45,WLFIUSDT,BUY,7
2025-10-23,17:46,STBLUSDT,BUY,8
2025-10-23,17:46,ETHUSDT,BUY,10
2025-10-23,17:47,ETHUSDT,BUY,7
2025-10-23,17:47,STBLUSDT,BUY,8
2025-10-23,17:47,BELUSDT,SELL,7
2025-10-23,17:48,SYNUSDT,BUY,25
2025-10-23,17:49,EDUUSDT,SELL,8
2025-10-23,17:50,SYNUSDT,SELL,22
2025-10-23,17:51,LIGHTUSDT,BUY,11
2025-10-23,17:52,XPINUSDT,BUY,7
2025-10-23,17:52,ETHUSDT,BUY,9
2025-10-23,17:52,SOLUSDT,BUY,8
2025-10-23,17:53,SOLUSDT,BUY,10
2025-10-23,17:53,BTCUSDT,BUY,17
2025-10-23,17:53,ETHUSDT,BUY,13
2025-10-23,17:53,WLFIUSDT,BUY,9
2025-10-23,17:54,BTCUSDT,BUY,35
2025-10-23,17:54,ETHUSDT,BUY,32
2025-10-23,17:54,SOLUSDT,BUY,17
2025-10-23,17:54,FARTCOINUSDT,BUY,8
2025-10-23,17:54,ADAUSDT,BUY,10
2025-10-23,17:54,XRPUSDT,BUY,9
2025-10-23,17:54,DOGEUSDT,BUY,13
2025-10-23,17:54,BTCUSDC,BUY,7
2025-10-23,17:54,1000PEPEUSDT,BUY,8
2025-10-23,17:54,ETHUSDC,BUY,13
2025-10-23,17:54,BNBUSDT,BUY,11
2025-10-23,17:55,FARTCOINUSDT,BUY,8
2025-10-23,17:55,ADAUSDT,BUY,10
2025-10-23,17:55,ETHUSDT,BUY,31
2025-10-23,17:55,XRPUSDT,BUY,9
2025-10-23,17:55,SOLUSDT,BUY,15
2025-10-23,17:55,BTCUSDT,BUY,26
2025-10-23,17:55,DOGEUSDT,BUY,16
2025-10-23,17:55,BTCUSDC,BUY,8
2025-10-23,17:55,1000PEPEUSDT,BUY,12
2025-10-23,17:55,ETHUSDC,BUY,15
2025-10-23,17:55,BNBUSDT,BUY,11
2025-10-23,17:56,XPINUSDT,SELL,26
2025-10-23,17:59,LYNUSDT,BUY,7
2025-10-23,18:00,METUSDT,BUY,7
2025-10-23,18:00,SYNUSDT,SELL,14
2025-10-23,18:01,ETHUSDT,SELL,9
2025-10-23,18:02,RIVERUSDT,BUY,8
2025-10-23,18:04,EVAAUSDT,BUY,7
2025-10-23,18:05,EVAAUSDT,BUY,8
2025-10-23,18:05,WLFIUSDT,SELL,7
2025-10-23,18:08,币安人生USDT,SELL,13
2025-10-23,18:08,ETHUSDT,SELL,10
2025-10-23,18:09,ETHUSDT,SELL,7
2025-10-23,18:09,BTCUSDT,SELL,9
2025-10-23,18:09,BNBUSDT,SELL,7
2025-10-23,18:09,币安人生USDT,SELL,13
2025-10-23,18:10,PIPPINUSDT,BUY,7
2025-10-23,18:13,XPINUSDT,BUY,28
2025-10-23,18:20,TANSSIUSDT,BUY,8
2025-10-23,18:20,EVAAUSDT,BUY,7
2025-10-23,18:21,TANSSIUSDT,BUY,14
2025-10-23,18:22,RIVERUSDT,BUY,7
2025-10-23,18:23,RIVERUSDT,BUY,13
2025-10-23,18:24,RIVERUSDT,BUY,8
2025-10-23,18:31,METUSDT,BUY,10
2025-10-23,18:35,PIPPINUSDT,BUY,7
2025-10-23,18:35,METUSDT,BUY,7
2025-10-23,18:35,4USDT,BUY,9
2025-10-23,18:35,ETHUSDT,BUY,18
2025-10-23,18:35,BTCUSDT,BUY,22
2025-10-23,18:35,SOLUSDT,BUY,15
2025-10-23,18:35,ZECUSDT,BUY,11
2025-10-23,18:35,BTCUSDC,BUY,8
2025-10-23,18:35,XRPUSDT,BUY,8
2025-10-23,18:35,SUIUSDT,BUY,7
2025-10-23,18:36,BTCUSDT,BUY,18
2025-10-23,18:36,ETHUSDT,BUY,16
2025-10-23,18:36,SOLUSDT,BUY,14
2025-10-23,18:36,ZECUSDT,BUY,11
2025-10-23,18:36,BTCUSDC,BUY,8
2025-10-23,18:36,WIFUSDT,BUY,8
2025-10-23,18:36,ENAUSDT,BUY,7
2025-10-23,18:36,XRPUSDT,BUY,8
2025-10-23,18:36,SUIUSDT,BUY,7
2025-10-23,18:38,GIGGLEUSDT,BUY,7
2025-10-23,18:38,XPINUSDT,BUY,11
2025-10-23,18:38,BTCUSDT,BUY,11
2025-10-23,18:38,ZROUSDT,BUY,7
2025-10-23,18:38,ETHUSDT,BUY,7
2025-10-23,18:38,ZECUSDT,BUY,8
2025-10-23,18:39,BTCUSDT,BUY,12
2025-10-23,18:39,ZROUSDT,BUY,7
2025-10-23,18:39,FARTCOINUSDT,BUY,8
2025-10-23,18:39,ETHUSDT,BUY,8
2025-10-23,18:39,XPINUSDT,BUY,8
2025-10-23,18:39,SOLUSDT,BUY,14
2025-10-23,18:39,ZECUSDT,BUY,8
2025-10-23,18:40,SOLUSDT,BUY,11
2025-10-23,18:41,RVVUSDT,BUY,11
2025-10-23,18:42,XPINUSDT,SELL,10
2025-10-23,18:43,PIPPINUSDT,BUY,10
2025-10-23,18:47,币安人生USDT,BUY,8
2025-10-23,18:47,BANKUSDT,BUY,7
2025-10-23,18:47,FARTCOINUSDT,BUY,8
2025-10-23,18:48,FARTCOINUSDT,BUY,10
2025-10-23,18:48,BTCUSDT,BUY,12
2025-10-23,18:48,XRPUSDT,BUY,8
2025-10-23,18:48,ZECUSDT,BUY,8
2025-10-23,18:48,ETHUSDT,BUY,7
2025-10-23,18:49,ZECUSDT,BUY,8
2025-10-23,18:49,PIPPINUSDT,SELL,9
2025-10-23,18:49,BTCUSDT,BUY,12
2025-10-23,18:49,ETHUSDT,BUY,7
2025-10-23,18:49,XRPUSDT,BUY,7
2025-10-23,18:50,PIPPINUSDT,SELL,11
2025-10-23,18:56,COAIUSDT,SELL,14
2025-10-23,18:57,XPINUSDT,BUY,11
2025-10-23,18:57,COAIUSDT,SELL,16
2025-10-23,18:59,COAIUSDT,SELL,15
2025-10-23,19:00,COAIUSDT,SELL,20
2025-10-23,19:01,COAIUSDT,SELL,7
2025-10-23,19:01,LIGHTUSDT,BUY,14
2025-10-23,19:04,XPINUSDT,SELL,10
2025-10-23,19:05,COAIUSDT,BUY,7
2025-10-23,19:06,COAIUSDT,BUY,7
2025-10-23,19:07,ETHUSDT,SELL,8
2025-10-23,19:14,ETHUSDT,SELL,12
2025-10-23,19:14,BNBUSDT,SELL,11
2025-10-23,19:15,ETHUSDT,SELL,9
2025-10-23,19:15,BNBUSDT,SELL,8
2025-10-23,19:18,XPINUSDT,BUY,10
2025-10-23,19:19,XPINUSDT,BUY,14
2025-10-23,19:23,ETHUSDT,SELL,8
2025-10-23,19:24,ETHUSDT,SELL,7
2025-10-23,19:24,RIVERUSDT,BUY,7
2025-10-23,19:25,RIVERUSDT,BUY,17
2025-10-23,19:26,RIVERUSDT,BUY,11
2025-10-23,19:28,XPINUSDT,SELL,11
2025-10-23,19:29,XPINUSDT,SELL,7
2025-10-23,19:30,BTCUSDT,SELL,7
2025-10-23,19:31,XPINUSDT,BUY,10
2025-10-23,19:31,ETHUSDT,SELL,8
2025-10-23,19:31,币安人生USDT,SELL,8
2025-10-23,19:32,币安人生USDT,SELL,12
2025-10-23,19:32,LYNUSDT,BUY,9
2025-10-23,19:35,LIGHTUSDT,SELL,10
2025-10-23,19:35,BNBUSDT,SELL,7
2025-10-23,19:36,BNBUSDT,SELL,7
2025-10-23,19:36,ETHUSDT,SELL,8
2025-10-23,19:46,BNBUSDT,SELL,9
2025-10-23,19:47,BNBUSDT,SELL,14
2025-10-23,19:47,ETHUSDT,SELL,9
2025-10-23,19:48,BNBUSDT,SELL,14
2025-10-23,19:48,BTCUSDT,SELL,10
2025-10-23,19:48,ETHUSDT,SELL,12
2025-10-23,19:49,BNBUSDT,SELL,12
2025-10-23,19:49,BTCUSDT,SELL,11
2025-10-23,19:49,ETHUSDT,SELL,13
2025-10-23,19:51,BNBUSDT,SELL,7
2025-10-23,19:52,BNBUSDT,SELL,7
2025-10-23,19:53,XPINUSDT,BUY,11
2025-10-23,19:53,LIGHTUSDT,BUY,9
2025-10-23,19:54,LIGHTUSDT,BUY,15
2025-10-23,19:54,XPINUSDT,BUY,7
2025-10-23,19:56,BNBUSDT,SELL,8
2025-10-23,19:57,BNBUSDT,SELL,12
2025-10-23,19:57,EVAAUSDT,SELL,7
2025-10-23,19:58,EVAAUSDT,SELL,7
2025-10-23,20:01,BASUSDT,BUY,11
2025-10-23,20:02,XPINUSDT,SELL,8
2025-10-23,20:02,ETHUSDT,SELL,8
2025-10-23,20:02,BASUSDT,BUY,9
2025-10-23,20:03,ETHUSDT,SELL,7
2025-10-23,20:03,XPINUSDT,SELL,8
2025-10-23,20:04,ETHUSDT,SELL,19
2025-10-23,20:04,SOLUSDT,SELL,7
2025-10-23,20:04,BNBUSDT,SELL,8
2025-10-23,20:05,KDAUSDT,SELL,7
2025-10-23,20:05,ETHUSDT,SELL,20
2025-10-23,20:05,SOLUSDT,SELL,7
2025-10-23,20:05,BNBUSDT,SELL,9
2025-10-23,20:13,PIPPINUSDT,BUY,7
2025-10-23,20:17,LIGHTUSDT,BUY,9
2025-10-23,20:22,XPINUSDT,SELL,10
2025-10-23,20:23,LIGHTUSDT,BUY,9
2025-10-23,20:23,XPINUSDT,SELL,10
2025-10-23,20:27,币安人生USDT,SELL,13
2025-10-23,20:28,币安人生USDT,SELL,9
2025-10-23,20:32,币安人生USDT,SELL,8
2025-10-23,20:33,币安人生USDT,SELL,7
2025-10-23,20:33,XPINUSDT,BUY,8
2025-10-23,20:42,ASTERUSDT,BUY,7
2025-10-23,20:43,ASTERUSDT,BUY,9
2025-10-23,20:47,BASUSDT,BUY,8
2025-10-23,20:48,BASUSDT,BUY,7
2025-10-23,20:48,PIPPINUSDT,SELL,8
2025-10-23,20:49,PIPPINUSDT,SELL,11
2025-10-23,20:50,FARTCOINUSDT,BUY,7
2025-10-23,20:54,BASUSDT,BUY,7
2025-10-23,20:54,PIPPINUSDT,BUY,7
2025-10-23,20:56,METUSDT,SELL,11
2025-10-23,20:57,METUSDT,SELL,10
2025-10-23,20:57,4USDT,BUY,12
2025-10-23,20:59,AIAUSDT,SELL,19
2025-10-23,21:00,4USDT,BUY,12
2025-10-23,21:00,AIAUSDT,SELL,16
2025-10-23,21:00,BTCUSDT,SELL,9
2025-10-23,21:00,METUSDT,SELL,7
2025-10-23,21:01,BTCUSDT,SELL,11
2025-10-23,21:01,XPINUSDT,SELL,8
2025-10-23,21:01,ETHUSDT,SELL,7
2025-10-23,21:02,ETHUSDT,SELL,9
2025-10-23,21:02,BTCUSDT,SELL,12
2025-10-23,21:02,XPINUSDT,SELL,7
2025-10-23,21:03,4USDT,SELL,7
2025-10-23,21:03,ETHUSDT,SELL,7
2025-10-23,21:03,BTCUSDT,SELL,8
2025-10-23,21:05,4USDT,BUY,9
2025-10-23,21:06,METUSDT,SELL,7
2025-10-23,21:06,AIAUSDT,SELL,8
2025-10-23,21:07,4USDT,SELL,7
2025-10-23,21:07,AIAUSDT,SELL,27
2025-10-23,21:07,ZECUSDT,SELL,7
2025-10-23,21:08,AIAUSDT,SELL,19
2025-10-23,21:09,RECALLUSDT,SELL,7
2025-10-23,21:10,RECALLUSDT,SELL,9
2025-10-23,21:10,LIGHTUSDT,SELL,9
2025-10-23,21:11,RECALLUSDT,SELL,9
2025-10-23,21:12,SOLUSDT,SELL,11
2025-10-23,21:13,SOLUSDT,SELL,10
2025-10-23,21:13,ETHUSDT,SELL,13
2025-10-23,21:14,ETHUSDT,SELL,8
2025-10-23,21:15,LIGHTUSDT,SELL,13
2025-10-23,21:16,LIGHTUSDT,SELL,15
2025-10-23,21:17,LIGHTUSDT,SELL,8
2025-10-23,21:18,YBUSDT,SELL,11
2025-10-23,21:19,LIGHTUSDT,BUY,9
2025-10-23,21:19,YBUSDT,SELL,13
2025-10-23,21:21,PIPPINUSDT,BUY,7
2025-10-23,21:24,BASUSDT,BUY,8
2025-10-23,21:25,BASUSDT,BUY,15
2025-10-23,21:25,币安人生USDT,SELL,23
2025-10-23,21:26,BASUSDT,BUY,13
2025-10-23,21:26,币安人生USDT,SELL,20
2025-10-23,21:26,XPINUSDT,SELL,13
2025-10-23,21:27,XPINUSDT,SELL,20
2025-10-23,21:28,XPINUSDT,SELL,10
2025-10-23,21:33,LIGHTUSDT,BUY,7
2025-10-23,21:34,LIGHTUSDT,BUY,9
2025-10-23,21:38,RVVUSDT,BUY,8
2025-10-23,21:42,RIVERUSDT,BUY,8
2025-10-23,21:46,ZECUSDT,SELL,7
2025-10-23,21:47,EVAAUSDT,BUY,7
2025-10-23,21:47,ZECUSDT,SELL,7
2025-10-23,21:47,BLUAIUSDT,SELL,8
2025-10-23,21:47,BTCUSDT,SELL,7
2025-10-23,21:48,BLUAIUSDT,SELL,9
2025-10-23,21:48,BTCUSDT,SELL,7
2025-10-23,21:54,XPINUSDT,BUY,9
2025-10-23,21:58,SUIUSDT,SELL,9
2025-10-23,21:58,ENAUSDT,SELL,8
2025-10-23,21:58,1000PEPEUSDT,SELL,12
2025-10-23,21:58,BTCUSDT,SELL,21
2025-10-23,21:58,DOGEUSDT,SELL,16
2025-10-23,21:58,LINKUSDT,SELL,11
2025-10-23,21:58,SOLUSDT,SELL,16
2025-10-23,21:58,ETHUSDT,SELL,20
2025-10-23,21:58,ETHFIUSDT,SELL,7
2025-10-23,21:58,DOTUSDT,SELL,9
2025-10-23,21:58,ADAUSDT,SELL,10
2025-10-23,21:58,XRPUSDT,SELL,14
2025-10-23,21:58,ARBUSDT,SELL,7
2025-10-23,21:58,LTCUSDT,SELL,7
2025-10-23,21:58,ZENUSDT,SELL,9
2025-10-23,21:58,FILUSDT,SELL,8
2025-10-23,21:58,PENGUUSDT,SELL,7
2025-10-23,21:58,ETHUSDC,SELL,7
2025-10-23,21:59,SUIUSDT,SELL,9
2025-10-23,21:59,ENAUSDT,SELL,8
2025-10-23,21:59,1000PEPEUSDT,SELL,12
2025-10-23,21:59,BTCUSDT,SELL,21
2025-10-23,21:59,DOGEUSDT,SELL,16
2025-10-23,21:59,LINKUSDT,SELL,11
2025-10-23,21:59,SOLUSDT,SELL,16
2025-10-23,21:59,ETHUSDT,SELL,20
2025-10-23,21:59,ETHFIUSDT,SELL,7
2025-10-23,21:59,DOTUSDT,SELL,9
2025-10-23,21:59,ADAUSDT,SELL,10
2025-10-23,21:59,XRPUSDT,SELL,15
2025-10-23,21:59,ARBUSDT,SELL,7
2025-10-23,21:59,LTCUSDT,SELL,7
2025-10-23,21:59,ZENUSDT,SELL,9
2025-10-23,21:59,FILUSDT,SELL,8
2025-10-23,21:59,PENGUUSDT,SELL,7
2025-10-23,21:59,ETHUSDC,SELL,7
2025-10-23,21:59,BASUSDT,SELL,7
2025-10-23,22:01,RIVERUSDT,BUY,9
2025-10-23,22:02,RIVERUSDT,BUY,8
2025-10-23,22:06,BASUSDT,BUY,9
2025-10-23,22:20,BASUSDT,BUY,11
2025-10-23,22:22,KGENUSDT,SELL,7
2025-10-23,22:23,币安人生USDT,BUY,7
2025-10-23,22:25,4USDT,BUY,7
2025-10-23,22:25,AIAUSDT,BUY,9
2025-10-23,22:28,BASUSDT,SELL,10
2025-10-23,22:32,BASUSDT,SELL,14
2025-10-23,22:33,BASUSDT,SELL,28
2025-10-23,22:35,YBUSDT,SELL,7
2025-10-23,22:36,YBUSDT,SELL,9
2025-10-23,22:43,BTCUSDT,SELL,8
2025-10-23,22:44,BTCUSDT,SELL,8
2025-10-23,22:47,BASUSDT,SELL,17
2025-10-23,22:48,BASUSDT,SELL,7
2025-10-23,22:49,BASUSDT,SELL,9
2025-10-23,22:58,BASUSDT,SELL,11
2025-10-23,23:00,XPINUSDT,SELL,7
2025-10-23,23:06,METUSDT,SELL,8
2025-10-23,23:07,METUSDT,SELL,8
2025-10-23,23:08,RVVUSDT,SELL,10
2025-10-23,23:09,RVVUSDT,SELL,9
2025-10-23,23:09,COAIUSDT,SELL,7
2025-10-23,23:09,BLESSUSDT,SELL,9
2025-10-23,23:10,BLESSUSDT,SELL,9
2025-10-23,23:12,COAIUSDT,SELL,7
2025-10-23,23:12,币安人生USDT,BUY,11
2025-10-23,23:13,币安人生USDT,BUY,12
2025-10-23,23:13,COAIUSDT,SELL,16
2025-10-23,23:14,COAIUSDT,SELL,10
2025-10-23,23:14,BASUSDT,BUY,9
2025-10-23,23:14,XPINUSDT,BUY,9
2025-10-23,23:16,4USDT,BUY,9
2025-10-23,23:17,4USDT,BUY,8
2025-10-23,23:18,METUSDT,SELL,8
2025-10-23,23:24,COAIUSDT,SELL,10
2025-10-23,23:25,COAIUSDT,SELL,11
2025-10-23,23:25,XPINUSDT,BUY,20
2025-10-23,23:28,EVAAUSDT,SELL,8
2025-10-23,23:29,XVGUSDT,SELL,8
2025-10-23,23:29,EVAAUSDT,SELL,8
2025-10-23,23:30,SOLUSDT,BUY,7
2025-10-23,23:30,BTCUSDT,BUY,8
2025-10-23,23:30,4USDT,BUY,8
2025-10-23,23:31,SOLUSDT,BUY,7
2025-10-23,23:31,BTCUSDT,BUY,8
2025-10-23,23:31,4USDT,BUY,12
2025-10-23,23:33,4USDT,BUY,10
2025-10-23,23:34,4USDT,BUY,11
2025-10-23,23:35,BASUSDT,BUY,10
2025-10-23,23:40,4USDT,BUY,15
2025-10-23,23:41,4USDT,BUY,23
2025-10-24,00:02,UBUSDT,BUY,9
2025-10-24,00:02,COAIUSDT,SELL,9
2025-10-24,00:03,UBUSDT,BUY,9
2025-10-24,00:06,METUSDT,BUY,9
2025-10-24,00:10,币安人生USDT,BUY,8
2025-10-24,00:11,币安人生USDT,BUY,8
2025-10-24,00:14,4USDT,SELL,12
2025-10-24,00:15,4USDT,SELL,18
2025-10-24,00:16,4USDT,SELL,12
2025-10-24,00:17,EVAAUSDT,BUY,20
2025-10-24,00:18,EVAAUSDT,BUY,17
2025-10-24,00:23,4USDT,BUY,9
2025-10-24,00:24,4USDT,BUY,11
2025-10-24,00:28,COAIUSDT,SELL,20
2025-10-24,00:29,COAIUSDT,SELL,17
2025-10-24,00:29,币安人生USDT,BUY,9
2025-10-24,00:30,币安人生USDT,BUY,9
2025-10-24,00:30,4USDT,BUY,8
2025-10-24,00:31,XPINUSDT,BUY,9
2025-10-24,00:31,METUSDT,SELL,7
2025-10-24,00:33,COAIUSDT,SELL,22
2025-10-24,00:34,COAIUSDT,SELL,20
2025-10-24,00:35,COAIUSDT,SELL,15
2025-10-24,00:38,RVVUSDT,BUY,10
2025-10-24,00:38,COAIUSDT,SELL,8
2025-10-24,00:39,COAIUSDT,SELL,14
2025-10-24,00:40,COAIUSDT,SELL,11
2025-10-24,00:41,COAIUSDT,SELL,18
2025-10-24,00:42,COAIUSDT,SELL,21
2025-10-24,00:43,COAIUSDT,SELL,11
2025-10-24,00:44,XPINUSDT,SELL,9
2025-10-24,00:44,BNBUSDT,BUY,10
2025-10-24,00:45,BNBUSDT,BUY,7
2025-10-24,00:45,DEGOUSDT,BUY,9
2025-10-24,00:47,COAIUSDT,SELL,13
2025-10-24,00:48,COAIUSDT,SELL,24
2025-10-24,00:49,COAIUSDT,SELL,22
2025-10-24,00:50,COAIUSDT,SELL,12
2025-10-24,00:51,DEGOUSDT,BUY,7
2025-10-24,00:55,RIVERUSDT,BUY,23
2025-10-24,00:56,RIVERUSDT,BUY,26
2025-10-24,00:56,XPINUSDT,BUY,16
2025-10-24,00:56,DEGOUSDT,BUY,11
2025-10-24,00:57,DEGOUSDT,BUY,12
2025-10-24,00:57,RIVERUSDT,BUY,8
2025-10-24,00:57,XPINUSDT,BUY,11
2025-10-24,00:57,RVVUSDT,BUY,13
2025-10-24,00:58,RVVUSDT,BUY,8
2025-10-24,00:58,DEGOUSDT,BUY,8
2025-10-24,00:58,RIVERUSDT,BUY,10
2025-10-24,00:59,RIVERUSDT,BUY,21
2025-10-24,00:59,DEGOUSDT,BUY,7
2025-10-24,01:00,COAIUSDT,BUY,11
2025-10-24,01:01,BLESSUSDT,BUY,7
2025-10-24,01:01,UBUSDT,BUY,7
2025-10-24,01:01,RVVUSDT,BUY,7
2025-10-24,01:03,RIVERUSDT,BUY,7
2025-10-24,01:04,RIVERUSDT,BUY,7
2025-10-24,01:04,COAIUSDT,BUY,10
2025-10-24,01:04,BLUAIUSDT,BUY,7
2025-10-24,01:05,COAIUSDT,BUY,24
2025-10-24,01:06,COAIUSDT,BUY,14
2025-10-24,01:06,XPINUSDT,SELL,12
2025-10-24,01:07,XPINUSDT,SELL,12
2025-10-24,01:08,FUSDT,BUY,7
2025-10-24,01:08,BLUAIUSDT,BUY,7
2025-10-24,01:09,BLUAIUSDT,BUY,7
2025-10-24,01:10,4USDT,SELL,7
2025-10-24,01:10,XPINUSDT,SELL,8
2025-10-24,01:11,4USDT,SELL,7
2025-10-24,01:11,KDAUSDT,SELL,12
2025-10-24,01:12,KDAUSDT,SELL,9
2025-10-24,01:12,EVAAUSDT,SELL,7
2025-10-24,01:13,ASTERUSDT,BUY,13
2025-10-24,01:13,RVVUSDT,SELL,8
2025-10-24,01:14,YBUSDT,BUY,7
2025-10-24,01:14,ASTERUSDT,BUY,14
2025-10-24,01:14,4USDT,SELL,8
2025-10-24,01:15,SOLUSDT,BUY,8
2025-10-24,01:15,COAIUSDT,SELL,8
2025-10-24,01:15,4USDT,SELL,7
2025-10-24,01:16,4USDT,SELL,14
2025-10-24,01:16,COAIUSDT,SELL,9
2025-10-24,01:17,4USDT,SELL,9
2025-10-24,01:23,4USDT,SELL,13
2025-10-24,01:24,4USDT,SELL,9
2025-10-24,01:24,DEGOUSDT,SELL,9
2025-10-24,01:30,币安人生USDT,SELL,8
2025-10-24,01:31,币安人生USDT,SELL,12
2025-10-24,01:32,币安人生USDT,SELL,8
2025-10-24,01:32,PROVEUSDT,BUY,7
2025-10-24,01:33,PROVEUSDT,BUY,7
2025-10-24,01:33,ZECUSDT,BUY,9
2025-10-24,01:33,FARTCOINUSDT,BUY,9
2025-10-24,01:34,FARTCOINUSDT,BUY,7
2025-10-24,01:37,ZECUSDT,BUY,7
2025-10-24,01:39,SOLUSDT,BUY,7
2025-10-24,01:40,SOLUSDT,BUY,8
2025-10-24,01:41,4USDT,BUY,12
2025-10-24,01:42,4USDT,BUY,10
2025-10-24,01:42,ASTERUSDT,BUY,8
2025-10-24,01:42,DEGOUSDT,SELL,7
2025-10-24,01:43,DEGOUSDT,SELL,18
2025-10-24,01:43,ASTERUSDT,BUY,7
2025-10-24,01:44,DEGOUSDT,SELL,15
2025-10-24,01:44,COAIUSDT,BUY,8
2025-10-24,01:45,DOODUSDT,BUY,7
2025-10-24,01:46,FARTCOINUSDT,BUY,7
2025-10-24,01:46,RIVERUSDT,BUY,12
2025-10-24,01:47,ASTERUSDT,BUY,9
2025-10-24,01:48,ASTERUSDT,BUY,7
2025-10-24,01:48,HUSDT,BUY,7
2025-10-24,01:50,SOLUSDT,BUY,7
2025-10-24,01:50,BTCUSDT,BUY,7
2025-10-24,01:51,ZECUSDT,BUY,16
2025-10-24,01:51,YBUSDT,BUY,10
2025-10-24,01:52,ZECUSDT,BUY,12
2025-10-24,01:53,ZECUSDT,BUY,8
2025-10-24,01:54,ZECUSDT,BUY,9
2025-10-24,02:03,4USDT,BUY,9
2025-10-24,02:04,4USDT,BUY,12
2025-10-24,02:04,HUSDT,BUY,9
2025-10-24,02:05,HUSDT,BUY,10
2025-10-24,02:07,4USDT,BUY,11
2025-10-24,02:08,4USDT,BUY,14
2025-10-24,02:08,COAIUSDT,BUY,9
2025-10-24,02:09,4USDT,BUY,15
2025-10-24,02:09,COAIUSDT,BUY,11
2025-10-24,02:10,4USDT,BUY,12
2025-10-24,02:16,4USDT,BUY,7
2025-10-24,02:19,BLUAIUSDT,SELL,7
2025-10-24,02:21,APEUSDT,BUY,7
2025-10-24,02:21,LYNUSDT,BUY,7
2025-10-24,02:21,RVVUSDT,SELL,7
2025-10-24,02:22,BLESSUSDT,SELL,7
2025-10-24,02:29,4USDT,SELL,9
2025-10-24,02:30,4USDT,SELL,12
2025-10-24,02:30,RIVERUSDT,SELL,8
2025-10-24,02:31,4USDT,SELL,13
2025-10-24,02:31,BNBUSDT,SELL,7
2025-10-24,02:36,4USDT,SELL,10
2025-10-24,02:36,AIAUSDT,SELL,8
2025-10-24,02:37,EVAAUSDT,SELL,8
2025-10-24,02:37,FUSDT,BUY,14
2025-10-24,02:37,AIAUSDT,SELL,7
2025-10-24,02:38,FUSDT,BUY,15
2025-10-24,02:39,FUSDT,BUY,13
2025-10-24,02:40,FUSDT,BUY,9
2025-10-24,02:43,FUSDT,BUY,12
2025-10-24,02:44,FUSDT,BUY,9
2025-10-24,02:44,COAIUSDT,SELL,8
2025-10-24,02:45,AIAUSDT,SELL,7
2025-10-24,02:46,AIAUSDT,SELL,7
2025-10-24,02:47,ETHUSDT,BUY,7
2025-10-24,02:51,AIAUSDT,SELL,8
2025-10-24,02:52,RIVERUSDT,SELL,7
2025-10-24,02:52,FUSDT,BUY,10
2025-10-24,02:53,FUSDT,BUY,8
2025-10-24,02:53,4USDT,BUY,9
2025-10-24,02:55,FUSDT,BUY,16
2025-10-24,03:05,RIVERUSDT,BUY,8
2025-10-24,03:06,RIVERUSDT,BUY,7
2025-10-24,03:15,EVAAUSDT,BUY,8
2025-10-24,03:15,LIGHTUSDT,SELL,8
2025-10-24,03:16,EVAAUSDT,BUY,8
2025-10-24,03:16,LIGHTUSDT,SELL,8
2025-10-24,03:22,SOLUSDT,SELL,7
2025-10-24,03:22,ASTERUSDT,SELL,8
2025-10-24,03:23,ASTERUSDT,SELL,9
2025-10-24,03:25,METUSDT,BUY,10
2025-10-24,03:25,币安人生USDT,SELL,9
2025-10-24,03:26,币安人生USDT,SELL,7
2025-10-24,03:26,DOODUSDT,BUY,9
2025-10-24,03:27,DOODUSDT,BUY,7
2025-10-24,03:30,XPINUSDT,BUY,12
2025-10-24,03:30,ZECUSDT,BUY,7
2025-10-24,03:31,XPINUSDT,BUY,7
2025-10-24,03:32,XPINUSDT,BUY,9
2025-10-24,03:33,XPINUSDT,BUY,11
2025-10-24,03:35,METUSDT,BUY,11
2025-10-24,03:35,EPTUSDT,BUY,10
2025-10-24,03:36,XPINUSDT,SELL,7
2025-10-24,03:40,DEGOUSDT,SELL,9
2025-10-24,03:42,BASUSDT,SELL,15
2025-10-24,03:42,AVNTUSDT,BUY,8
2025-10-24,03:42,SOLUSDT,BUY,9
2025-10-24,03:43,AVNTUSDT,BUY,10
2025-10-24,03:43,BASUSDT,SELL,11
2025-10-24,03:43,SOLUSDT,BUY,9
2025-10-24,03:44,SOPHUSDT,BUY,7
2025-10-24,03:44,DEGOUSDT,SELL,10
2025-10-24,03:45,FUSDT,BUY,9
2025-10-24,03:45,DEGOUSDT,SELL,10
2025-10-24,03:46,FUSDT,BUY,8
2025-10-24,03:47,COAIUSDT,SELL,7
2025-10-24,03:49,4USDT,SELL,9
2025-10-24,03:49,DEGOUSDT,SELL,14
2025-10-24,03:53,4USDT,SELL,8
2025-10-24,03:54,RVVUSDT,BUY,8
2025-10-24,03:54,4USDT,SELL,8
2025-10-24,03:55,BTCUSDT,BUY,7
2025-10-24,03:56,币安人生USDT,SELL,8
2025-10-24,03:56,DEGOUSDT,BUY,10
2025-10-24,03:57,DEGOUSDT,BUY,9
2025-10-24,03:57,LYNUSDT,SELL,8
2025-10-24,03:58,LYNUSDT,SELL,7
2025-10-24,04:01,TACUSDT,BUY,7
2025-10-24,04:01,4USDT,SELL,9
2025-10-24,04:02,TACUSDT,BUY,8
2025-10-24,04:02,4USDT,SELL,19
2025-10-24,04:03,4USDT,SELL,18
2025-10-24,04:03,YBUSDT,SELL,8
2025-10-24,04:03,ZBTUSDT,SELL,10
2025-10-24,04:04,YBUSDT,SELL,9
2025-10-24,04:04,ZBTUSDT,SELL,11
2025-10-24,04:04,币安人生USDT,SELL,9
2025-10-24,04:04,FUSDT,BUY,7
2025-10-24,04:04,4USDT,SELL,31
2025-10-24,04:04,ASTERUSDT,SELL,10
2025-10-24,04:05,METUSDT,SELL,9
2025-10-24,04:05,币安人生USDT,SELL,8
2025-10-24,04:05,ASTERUSDT,SELL,8
2025-10-24,04:05,FUSDT,BUY,22
2025-10-24,04:07,RIVERUSDT,SELL,7
2025-10-24,04:08,EVAAUSDT,SELL,7
2025-10-24,04:09,EVAAUSDT,SELL,7
2025-10-24,04:09,FUSDT,BUY,9
2025-10-24,04:09,RVVUSDT,BUY,8
2025-10-24,04:09,4USDT,BUY,7
2025-10-24,04:10,RVVUSDT,BUY,7
2025-10-24,04:11,RVVUSDT,BUY,7
2025-10-24,04:11,EVAAUSDT,SELL,7
2025-10-24,04:12,DEGOUSDT,SELL,12
2025-10-24,04:12,BNBUSDT,BUY,7
2025-10-24,04:12,BASUSDT,SELL,9
2025-10-24,04:12,EVAAUSDT,SELL,9
2025-10-24,04:13,BASUSDT,SELL,8
2025-10-24,04:15,BLUAIUSDT,SELL,7
2025-10-24,04:16,BLUAIUSDT,SELL,8
2025-10-24,04:16,EVAAUSDT,SELL,18
2025-10-24,04:18,4USDT,BUY,7
2025-10-24,04:18,METUSDT,SELL,8
2025-10-24,04:18,COAIUSDT,BUY,17
2025-10-24,04:19,COAIUSDT,BUY,19
2025-10-24,04:19,RVVUSDT,BUY,7
2025-10-24,04:23,币安人生USDT,BUY,18
2025-10-24,04:26,4USDT,SELL,7
2025-10-24,04:27,COAIUSDT,BUY,9
2025-10-24,04:28,COAIUSDT,BUY,22
2025-10-24,04:29,COAIUSDT,BUY,14
2025-10-24,04:32,AKEUSDT,SELL,9
2025-10-24,04:33,RVVUSDT,SELL,9
2025-10-24,04:33,AKEUSDT,SELL,9
2025-10-24,04:33,COAIUSDT,BUY,11
2025-10-24,04:34,COAIUSDT,BUY,7
2025-10-24,04:35,XPINUSDT,SELL,7
2025-10-24,04:36,EVAAUSDT,BUY,8
2025-10-24,04:36,XPINUSDT,SELL,7
2025-10-24,04:37,EVAAUSDT,BUY,7
2025-10-24,04:38,XPINUSDT,SELL,9
2025-10-24,04:42,UBUSDT,BUY,11
2025-10-24,04:43,UBUSDT,BUY,9
2025-10-24,04:43,FUSDT,BUY,17
2025-10-24,04:44,FUSDT,BUY,28
2025-10-24,04:51,RIVERUSDT,BUY,8
2025-10-24,05:00,COAIUSDT,BUY,7
2025-10-24,05:00,XPINUSDT,SELL,8
2025-10-24,05:01,XPINUSDT,SELL,8
2025-10-24,05:01,FUSDT,BUY,14
2025-10-24,05:01,AVNTUSDT,BUY,9
2025-10-24,05:06,COAIUSDT,BUY,13
2025-10-24,05:06,LIGHTUSDT,SELL,7
2025-10-24,05:07,COAIUSDT,BUY,13
2025-10-24,05:07,RIVERUSDT,BUY,7
2025-10-24,05:08,RIVERUSDT,BUY,7
2025-10-24,05:11,UBUSDT,SELL,7
2025-10-24,05:13,EVAAUSDT,BUY,9
2025-10-24,05:14,EVAAUSDT,BUY,7
2025-10-24,05:17,ETHUSDT,BUY,7
2025-10-24,05:19,EVAAUSDT,BUY,8
2025-10-24,05:19,BASUSDT,BUY,7
2025-10-24,05:19,RIVERUSDT,BUY,10
2025-10-24,05:20,EVAAUSDT,BUY,10
2025-10-24,05:21,UBUSDT,SELL,7
2025-10-24,05:23,SOLUSDT,BUY,8
2025-10-24,05:23,ETHUSDT,BUY,8
2025-10-24,05:24,SOLUSDT,BUY,9
2025-10-24,05:24,ETHUSDT,BUY,10
2025-10-24,05:24,BTCUSDT,BUY,8
2025-10-24,05:25,1000RATSUSDT,SELL,7
2025-10-24,05:26,BTCUSDT,BUY,9
2025-10-24,05:26,ETHUSDT,BUY,7
2025-10-24,05:27,UBUSDT,SELL,10
2025-10-24,05:27,BTCUSDT,BUY,12
2025-10-24,05:27,ETHUSDT,BUY,10
2025-10-24,05:27,RIVERUSDT,BUY,9
2025-10-24,05:28,UBUSDT,SELL,7
2025-10-24,05:30,PROVEUSDT,BUY,11
2025-10-24,05:31,METUSDT,SELL,7
2025-10-24,05:31,ETHUSDT,BUY,18
2025-10-24,05:31,COAIUSDT,BUY,13
2025-10-24,05:31,PROVEUSDT,BUY,9
2025-10-24,05:31,ETHUSDC,BUY,8
2025-10-24,05:31,EVAAUSDT,BUY,14
2025-10-24,05:31,DEGOUSDT,SELL,13
2025-10-24,05:31,BTCUSDT,BUY,11
2025-10-24,05:32,DEGOUSDT,SELL,10
2025-10-24,05:32,COAIUSDT,BUY,22
2025-10-24,05:32,EVAAUSDT,BUY,13
2025-10-24,05:32,METUSDT,SELL,7
2025-10-24,05:32,ETHUSDT,BUY,16
2025-10-24,05:32,ETHUSDC,BUY,8
2025-10-24,05:32,SOLUSDT,BUY,8
2025-10-24,05:32,BTCUSDT,BUY,14
2025-10-24,05:33,COAIUSDT,BUY,14
2025-10-24,05:33,ETHUSDC,BUY,11
2025-10-24,05:33,ETHUSDT,BUY,22
2025-10-24,05:33,BTCUSDT,BUY,22
2025-10-24,05:33,1000PEPEUSDT,BUY,10
2025-10-24,05:33,XRPUSDT,BUY,13
2025-10-24,05:33,DOGEUSDT,BUY,7
2025-10-24,05:34,XRPUSDT,BUY,18
2025-10-24,05:34,ETHUSDT,BUY,27
2025-10-24,05:34,ADAUSDT,BUY,7
2025-10-24,05:34,BTCUSDT,BUY,26
2025-10-24,05:34,ETHUSDC,BUY,13
2025-10-24,05:34,4USDT,BUY,7
2025-10-24,05:34,BTCUSDC,BUY,12
2025-10-24,05:34,BNBUSDT,BUY,13
2025-10-24,05:34,ZROUSDT,BUY,8
2025-10-24,05:34,FARTCOINUSDT,BUY,9
2025-10-24,05:34,APEUSDT,BUY,7
2025-10-24,05:34,SUSDT,BUY,7
2025-10-24,05:34,COMPUSDT,BUY,9
2025-10-24,05:34,GALAUSDT,BUY,8
2025-10-24,05:34,SYRUPUSDT,BUY,8
2025-10-24,05:34,MANAUSDT,BUY,8
2025-10-24,05:34,FORMUSDT,BUY,8
2025-10-24,05:34,WUSDT,BUY,7
2025-10-24,05:34,SUSHIUSDT,BUY,8
2025-10-24,05:34,AUSDT,BUY,8
2025-10-24,05:34,VIRTUALUSDT,BUY,8
2025-10-24,05:34,PNUTUSDT,BUY,7
2025-10-24,05:34,DOGEUSDT,BUY,12
2025-10-24,05:34,SOLUSDC,BUY,9
2025-10-24,05:34,COAIUSDT,BUY,13
2025-10-24,05:34,1000PEPEUSDT,BUY,13
2025-10-24,05:34,RVVUSDT,BUY,13
2025-10-24,05:35,RVVUSDT,BUY,12
2025-10-24,05:35,BTCUSDT,BUY,9
2025-10-24,05:35,BNBUSDT,BUY,10
2025-10-24,05:35,SOLUSDT,BUY,9
2025-10-24,05:35,ZECUSDT,BUY,14
2025-10-24,05:35,COAIUSDT,BUY,10
2025-10-24,05:36,ZECUSDT,BUY,10
2025-10-24,05:40,FUSDT,BUY,9
2025-10-24,05:41,FUSDT,BUY,14
2025-10-24,05:42,FUSDT,BUY,20
2025-10-24,05:43,FUSDT,BUY,26
2025-10-24,05:46,ETHUSDT,BUY,13
2025-10-24,05:46,COAIUSDT,BUY,10
2025-10-24,05:47,COAIUSDT,BUY,12
2025-10-24,05:47,RIVERUSDT,BUY,9
2025-10-24,05:49,EVAAUSDT,BUY,23
2025-10-24,05:50,EVAAUSDT,BUY,23
2025-10-24,05:50,AVNTUSDT,BUY,7
2025-10-24,05:50,COAIUSDT,BUY,12
2025-10-24,05:51,COAIUSDT,BUY,13
2025-10-24,05:52,ETHUSDT,BUY,7
2025-10-24,05:52,COAIUSDT,BUY,9
2025-10-24,05:52,ZECUSDT,BUY,11
2025-10-24,05:53,FUSDT,BUY,8
2025-10-24,05:53,ZECUSDT,BUY,11
2025-10-24,05:54,ETHUSDT,BUY,7
2025-10-24,05:55,ETHUSDT,BUY,12
2025-10-24,05:56,ETHUSDT,BUY,9
2025-10-24,05:57,RVVUSDT,SELL,7
2025-10-24,05:57,COAIUSDT,BUY,9
2025-10-24,05:58,COAIUSDT,BUY,8
2025-10-24,06:00,DEGOUSDT,SELL,7
2025-10-24,06:07,BLESSUSDT,BUY,20
2025-10-24,06:07,RIVERUSDT,BUY,10
2025-10-24,06:07,COAIUSDT,BUY,18
2025-10-24,06:08,COAIUSDT,BUY,26
2025-10-24,06:08,BLESSUSDT,BUY,14
2025-10-24,06:08,XPINUSDT,BUY,9
2025-10-24,06:08,RIVERUSDT,BUY,16
2025-10-24,06:09,XPINUSDT,BUY,11
2025-10-24,06:09,COAIUSDT,BUY,16
2025-10-24,06:09,RIVERUSDT,BUY,13
2025-10-24,06:10,BLUAIUSDT,BUY,10
2025-10-24,06:10,XPINUSDT,BUY,8
2025-10-24,06:10,COAIUSDT,BUY,9
2025-10-24,06:10,EVAAUSDT,BUY,8
2025-10-24,06:12,BASUSDT,SELL,7
2025-10-24,06:13,BASUSDT,SELL,10
2025-10-24,06:15,BLESSUSDT,BUY,8
2025-10-24,06:16,BLESSUSDT,BUY,8
2025-10-24,06:19,RIVERUSDT,SELL,8
2025-10-24,06:25,EVAAUSDT,BUY,7
2025-10-24,06:33,RVVUSDT,BUY,9
2025-10-24,06:34,XRPUSDT,BUY,7
2025-10-24,06:38,COAIUSDT,BUY,17
2025-10-24,06:39,COAIUSDT,BUY,17
2025-10-24,06:40,COAIUSDT,BUY,10
2025-10-24,06:40,HANAUSDT,SELL,8
2025-10-24,06:41,COAIUSDT,BUY,8
2025-10-24,06:41,HANAUSDT,SELL,8
2025-10-24,06:41,DEGOUSDT,BUY,7
2025-10-24,06:42,COAIUSDT,BUY,13
2025-10-24,06:42,EPTUSDT,SELL,10
2025-10-24,06:43,EPTUSDT,SELL,10
2025-10-24,06:43,COAIUSDT,BUY,12
2025-10-24,06:44,RIVERUSDT,BUY,7
2025-10-24,06:49,ETHUSDT,BUY,14
2025-10-24,06:50,ETHUSDT,BUY,13
2025-10-24,06:50,FUSDT,SELL,8
2025-10-24,06:51,FUSDT,SELL,17
2025-10-24,06:51,COAIUSDT,BUY,13
2025-10-24,06:52,COAIUSDT,BUY,17
2025-10-24,06:54,RVVUSDT,SELL,10
2025-10-24,06:57,BANKUSDT,SELL,7
2025-10-24,06:58,EVAAUSDT,BUY,8
2025-10-24,06:59,4USDT,SELL,14
2025-10-24,07:00,币安人生USDT,SELL,7
2025-10-24,07:00,4USDT,SELL,14
2025-10-24,07:01,DEGOUSDT,BUY,8
2025-10-24,07:02,4USDT,SELL,16
2025-10-24,07:03,4USDT,SELL,24
2025-10-24,07:03,PAXGUSDT,SELL,9
2025-10-24,07:03,RVVUSDT,SELL,7
2025-10-24,07:04,PAXGUSDT,SELL,9
2025-10-24,07:04,RVVUSDT,SELL,17
2025-10-24,07:04,4USDT,SELL,13
2025-10-24,07:04,AVNTUSDT,BUY,7
2025-10-24,07:05,RVVUSDT,SELL,12
2025-10-24,07:05,4USDT,SELL,13
2025-10-24,07:05,币安人生USDT,SELL,7
2025-10-24,07:05,AVNTUSDT,BUY,7
2025-10-24,07:06,XPINUSDT,SELL,23
2025-10-24,07:06,币安人生USDT,SELL,10
2025-10-24,07:07,币安人生USDT,SELL,7
2025-10-24,07:07,XPINUSDT,SELL,23
2025-10-24,07:08,4USDT,SELL,9
2025-10-24,07:08,EPTUSDT,SELL,12
2025-10-24,07:09,EPTUSDT,SELL,11
2025-10-24,07:10,BELUSDT,BUY,8
2025-10-24,07:11,BELUSDT,BUY,8
2025-10-24,07:12,BASUSDT,BUY,7
2025-10-24,07:15,DEGOUSDT,BUY,8
2025-10-24,07:15,XPINUSDT,BUY,7
2025-10-24,07:15,PROVEUSDT,BUY,8
2025-10-24,07:15,APEUSDT,SELL,7
2025-10-24,07:15,币安人生USDT,SELL,7
2025-10-24,07:15,4USDT,BUY,7
2025-10-24,07:16,PROVEUSDT,BUY,8
2025-10-24,07:16,DEGOUSDT,BUY,10
2025-10-24,07:16,FUSDT,SELL,10
2025-10-24,07:18,EPTUSDT,SELL,18
2025-10-24,07:19,EPTUSDT,SELL,18
2025-10-24,07:21,COAIUSDT,BUY,9
2025-10-24,07:25,ETHUSDT,BUY,7
2025-10-24,07:25,4USDT,BUY,7
2025-10-24,07:25,COAIUSDT,SELL,11
2025-10-24,07:26,FUSDT,SELL,16
2025-10-24,07:26,4USDT,BUY,7
2025-10-24,07:26,COAIUSDT,SELL,11
2025-10-24,07:30,COAIUSDT,BUY,8
2025-10-24,07:31,COAIUSDT,BUY,9
2025-10-24,07:32,ORDERUSDT,SELL,10
2025-10-24,07:35,EVAAUSDT,SELL,7
2025-10-24,07:36,币安人生USDT,SELL,7
2025-10-24,07:36,EVAAUSDT,SELL,10
2025-10-24,07:37,XPINUSDT,BUY,7
2025-10-24,07:37,币安人生USDT,SELL,8
2025-10-24,07:38,币安人生USDT,SELL,12
2025-10-24,07:38,XPINUSDT,BUY,16
2025-10-24,07:39,XPINUSDT,BUY,18
2025-10-24,07:39,币安人生USDT,SELL,11
2025-10-24,07:39,BTCUSDT,BUY,10
2025-10-24,07:41,币安人生USDT,SELL,7
2025-10-24,07:42,YBUSDT,SELL,8
2025-10-24,07:42,4USDT,SELL,11
2025-10-24,07:43,4USDT,SELL,7
2025-10-24,07:45,AIAUSDT,SELL,11
2025-10-24,07:46,AIAUSDT,SELL,10
2025-10-24,07:46,BLESSUSDT,SELL,17
2025-10-24,07:47,BLESSUSDT,SELL,15
2025-10-24,07:49,AVNTUSDT,BUY,15
2025-10-24,07:52,AVNTUSDT,BUY,8
2025-10-24,07:54,PIPPINUSDT,SELL,7
2025-10-24,07:55,BASUSDT,SELL,7
2025-10-24,07:56,BASUSDT,SELL,8
2025-10-24,07:57,BASUSDT,SELL,8
2025-10-24,07:58,XPLUSDT,BUY,8
2025-10-24,07:58,COAIUSDT,BUY,9
2025-10-24,08:00,XPINUSDT,BUY,16
2025-10-24,08:01,币安人生USDT,SELL,10
2025-10-24,08:01,BLUAIUSDT,SELL,9
2025-10-24,08:03,PIPPINUSDT,BUY,7
2025-10-24,08:07,XPINUSDT,SELL,8
2025-10-24,08:08,ORDERUSDT,BUY,8
2025-10-24,08:13,LABUSDT,SELL,12
2025-10-24,08:13,BASUSDT,BUY,7
2025-10-24,08:13,BANKUSDT,SELL,10
2025-10-24,08:14,BANKUSDT,SELL,12
2025-10-24,08:14,ORDERUSDT,SELL,12
2025-10-24,08:15,BANKUSDT,SELL,20
2025-10-24,08:15,ORDERUSDT,SELL,9
2025-10-24,08:17,FUSDT,BUY,7
2025-10-24,08:18,BANKUSDT,SELL,10
2025-10-24,08:19,BANKUSDT,SELL,10
2025-10-24,08:22,BASUSDT,SELL,11
2025-10-24,08:22,EVAAUSDT,SELL,8
2025-10-24,08:23,BASUSDT,SELL,12
2025-10-24,08:25,METUSDT,SELL,9
2025-10-24,08:26,METUSDT,SELL,8
2025-10-24,08:27,BANKUSDT,BUY,7
2025-10-24,08:28,BANKUSDT,BUY,8
2025-10-24,08:29,BANKUSDT,BUY,7
2025-10-24,08:37,ETHUSDT,SELL,12
2025-10-24,08:38,ETHUSDT,SELL,13
2025-10-24,08:38,PIPPINUSDT,BUY,9
2025-10-24,08:39,PIPPINUSDT,BUY,15
2025-10-24,08:39,ETHUSDT,SELL,7
2025-10-24,08:42,BNBUSDT,SELL,9
2025-10-24,08:44,ETHUSDT,SELL,10
2025-10-24,08:44,BTCUSDT,SELL,12
2025-10-24,08:44,ASTERUSDT,SELL,7
2025-10-24,08:45,BTCUSDT,SELL,22
2025-10-24,08:45,WLFIUSDT,SELL,7
2025-10-24,08:45,DOGEUSDT,SELL,13
2025-10-24,08:45,ASTERUSDT,SELL,10
2025-10-24,08:45,SNXUSDT,SELL,7
2025-10-24,08:45,SOLUSDT,SELL,11
2025-10-24,08:45,ETHUSDT,SELL,24
2025-10-24,08:45,BNBUSDT,SELL,11
2025-10-24,08:46,ETHUSDT,SELL,19
2025-10-24,08:46,BTCUSDT,SELL,12
2025-10-24,08:46,DOGEUSDT,SELL,10
2025-10-24,08:46,SOLUSDT,SELL,10
2025-10-24,08:46,BNBUSDT,SELL,11
2025-10-24,08:53,PIPPINUSDT,BUY,11
2025-10-24,08:54,PIPPINUSDT,BUY,9
2025-10-24,08:55,DEGOUSDT,SELL,10
2025-10-24,08:56,ORDERUSDT,SELL,11
2025-10-24,08:57,XPINUSDT,BUY,7
2025-10-24,08:58,XPINUSDT,BUY,13
2025-10-24,08:59,DEGOUSDT,SELL,10
2025-10-24,09:01,FUSDT,BUY,8
2025-10-24,09:01,XPINUSDT,BUY,10
2025-10-24,09:02,XPINUSDT,BUY,15
2025-10-24,09:02,HUSDT,SELL,8
2025-10-24,09:02,PIPPINUSDT,BUY,9
2025-10-24,09:02,FUSDT,BUY,10
2025-10-24,09:02,BASUSDT,BUY,7
2025-10-24,09:03,XPINUSDT,BUY,7
2025-10-24,09:03,FUSDT,BUY,7
2025-10-24,09:03,BASUSDT,BUY,11
2025-10-24,09:04,YBUSDT,SELL,7
2025-10-24,09:04,ETHUSDT,SELL,10
2025-10-24,09:05,ETHUSDT,SELL,7
2025-10-24,09:05,YBUSDT,SELL,7
2025-10-24,09:06,RVVUSDT,BUY,7
2025-10-24,09:08,BANKUSDT,SELL,14
2025-10-24,09:09,BANKUSDT,SELL,14
2025-10-24,09:10,LIGHTUSDT,BUY,8
2025-10-24,09:11,LIGHTUSDT,BUY,16
2025-10-24,09:12,LIGHTUSDT,BUY,9
2025-10-24,09:15,EVAAUSDT,SELL,10
2025-10-24,09:15,LYNUSDT,SELL,7
2025-10-24,09:16,EVAAUSDT,SELL,10
2025-10-24,09:19,BASUSDT,SELL,23
2025-10-24,09:21,ORDERUSDT,SELL,9
2025-10-24,09:22,RVVUSDT,SELL,10
2025-10-24,09:22,ORDERUSDT,SELL,10
2025-10-24,09:23,RVVUSDT,SELL,9
2025-10-24,09:26,AIAUSDT,SELL,11
2025-10-24,09:27,AIAUSDT,SELL,7
2025-10-24,09:28,XPINUSDT,BUY,9
2025-10-24,09:29,BANKUSDT,SELL,8
2025-10-24,09:34,PIPPINUSDT,BUY,10
2025-10-24,09:35,PIPPINUSDT,BUY,10
2025-10-24,09:35,NAORISUSDT,SELL,9
2025-10-24,09:36,NAORISUSDT,SELL,10
2025-10-24,09:37,PIPPINUSDT,BUY,8
2025-10-24,09:37,XPINUSDT,SELL,10
2025-10-24,09:37,NAORISUSDT,SELL,8
2025-10-24,09:38,NAORISUSDT,SELL,7
2025-10-24,09:38,XPINUSDT,SELL,8
2025-10-24,09:42,BDXNUSDT,SELL,7
2025-10-24,09:43,BDXNUSDT,SELL,7
2025-10-24,09:43,XRPUSDT,BUY,8
2025-10-24,09:44,XRPUSDT,BUY,13
2025-10-24,09:44,1000PEPEUSDT,BUY,8
2025-10-24,09:45,BTCUSDT,BUY,7
2025-10-24,09:45,1000PEPEUSDT,BUY,9
2025-10-24,09:45,SOLUSDT,BUY,8
2025-10-24,09:45,CATIUSDT,BUY,9
2025-10-24,09:46,CATIUSDT,BUY,7
2025-10-24,09:48,4USDT,SELL,7
2025-10-24,09:48,LIGHTUSDT,SELL,7
2025-10-24,09:49,4USDT,SELL,7
2025-10-24,09:49,BASUSDT,SELL,8
2025-10-24,09:49,LIGHTUSDT,SELL,19
2025-10-24,09:50,RVVUSDT,SELL,11
2025-10-24,09:51,RVVUSDT,SELL,11
2025-10-24,09:52,KDAUSDT,SELL,9
2025-10-24,09:53,KDAUSDT,SELL,8
2025-10-24,09:55,4USDT,SELL,9
2025-10-24,09:56,VIRTUALUSDT,BUY,8
2025-10-24,09:56,4USDT,SELL,17
2025-10-24,09:57,XPINUSDT,SELL,14
2025-10-24,09:58,AIAUSDT,SELL,12
2025-10-24,09:59,AIAUSDT,SELL,14
2025-10-24,09:59,VIRTUALUSDT,BUY,13
2025-10-24,09:59,ORDERUSDT,SELL,8
2025-10-24,10:00,ORDERUSDT,SELL,10
2025-10-24,10:01,ORDERUSDT,SELL,9
2025-10-24,10:02,ORDERUSDT,SELL,12
2025-10-24,10:03,ORDERUSDT,SELL,12
2025-10-24,10:04,CLOUSDT,SELL,10
2025-10-24,10:05,XPINUSDT,SELL,9
2025-10-24,10:05,CLOUSDT,SELL,8
2025-10-24,10:06,XPINUSDT,SELL,12
2025-10-24,10:06,COAIUSDT,BUY,10
2025-10-24,10:06,ARCUSDT,SELL,7
2025-10-24,10:07,COAIUSDT,BUY,15
2025-10-24,10:07,ARCUSDT,SELL,8
2025-10-24,10:09,EVAAUSDT,SELL,7
2025-10-24,10:12,KDAUSDT,SELL,7
2025-10-24,10:13,KDAUSDT,SELL,8
2025-10-24,10:14,FUSDT,BUY,7
2025-10-24,10:16,CLOUSDT,SELL,7
2025-10-24,10:16,UBUSDT,BUY,7
2025-10-24,10:17,XPINUSDT,SELL,7
2025-10-24,10:17,UBUSDT,BUY,8
2025-10-24,10:19,BLESSUSDT,BUY,8
2025-10-24,10:19,FUSDT,BUY,10
2025-10-24,10:20,BLESSUSDT,BUY,7
2025-10-24,10:32,CLOUSDT,SELL,8
2025-10-24,10:32,FUSDT,BUY,9
2025-10-24,10:33,4USDT,SELL,8
2025-10-24,10:33,XPINUSDT,SELL,9
2025-10-24,10:33,FUSDT,BUY,16
2025-10-24,10:33,CLOUSDT,SELL,20
2025-10-24,10:34,CLOUSDT,SELL,16
2025-10-24,10:34,BASUSDT,SELL,8
2025-10-24,10:34,FUSDT,BUY,13
2025-10-24,10:35,FUSDT,BUY,8
2025-10-24,10:43,EVAAUSDT,SELL,9
2025-10-24,10:44,EVAAUSDT,SELL,10
2025-10-24,10:44,币安人生USDT,SELL,10
2025-10-24,10:45,币安人生USDT,SELL,11
2025-10-24,10:51,XPINUSDT,SELL,19
2025-10-24,10:52,币安人生USDT,SELL,7
2025-10-24,10:52,XPINUSDT,SELL,19
2025-10-24,10:52,KDAUSDT,SELL,11
2025-10-24,10:53,KDAUSDT,SELL,11
2025-10-24,10:54,BLESSUSDT,BUY,9
2025-10-24,10:55,币安人生USDT,SELL,9
2025-10-24,10:55,4USDT,SELL,15
2025-10-24,10:55,BLESSUSDT,BUY,7
2025-10-24,10:56,4USDT,SELL,12
2025-10-24,10:58,FUSDT,BUY,9
2025-10-24,10:59,FUSDT,BUY,12
2025-10-24,11:00,FUSDT,BUY,15
2025-10-24,11:03,FUSDT,BUY,23
2025-10-24,11:03,ENAUSDT,BUY,8
2025-10-24,11:03,RIVERUSDT,BUY,12
2025-10-24,11:04,RIVERUSDT,BUY,7
2025-10-24,11:04,FUSDT,BUY,11
2025-10-24,11:04,ENAUSDT,BUY,7
2025-10-24,11:05,FUSDT,BUY,19
2025-10-24,11:06,KDAUSDT,SELL,7
2025-10-24,11:07,CLOUSDT,SELL,16
2025-10-24,11:08,AVNTUSDT,BUY,7
2025-10-24,11:08,CLOUSDT,SELL,15
2025-10-24,11:08,PIPPINUSDT,SELL,10
2025-10-24,11:09,PIPPINUSDT,SELL,10
2025-10-24,11:12,PIPPINUSDT,SELL,7
2025-10-24,11:12,RVVUSDT,SELL,16
2025-10-24,11:13,RVVUSDT,SELL,16
2025-10-24,11:13,HUSDT,BUY,10
2025-10-24,11:14,HUSDT,BUY,10
2025-10-24,11:15,HUSDT,BUY,10
2025-10-24,11:16,HUSDT,BUY,10
2025-10-24,11:18,PIPPINUSDT,SELL,7
2025-10-24,11:18,METUSDT,SELL,8
2025-10-24,11:21,CLOUSDT,SELL,11
2025-10-24,11:22,CLOUSDT,SELL,12
2025-10-24,11:22,YBUSDT,SELL,12
2025-10-24,11:23,YBUSDT,SELL,11
2025-10-24,11:24,4USDT,SELL,17
2025-10-24,11:25,4USDT,SELL,18
2025-10-24,11:25,TANSSIUSDT,SELL,8
2025-10-24,11:26,EVAAUSDT,BUY,8
2025-10-24,11:27,LABUSDT,SELL,9
2025-10-24,11:27,RIVERUSDT,SELL,8
2025-10-24,11:28,4USDT,SELL,13
2025-10-24,11:28,UBUSDT,SELL,7
2025-10-24,11:28,HUSDT,BUY,8
2025-10-24,11:29,4USDT,SELL,14
2025-10-24,11:29,HUSDT,BUY,9
2025-10-24,11:31,BLESSUSDT,SELL,7
2025-10-24,11:31,XPINUSDT,SELL,8
2025-10-24,11:31,CLOUSDT,SELL,7
2025-10-24,11:32,EVAAUSDT,BUY,9
2025-10-24,11:32,XPINUSDT,SELL,8
2025-10-24,11:32,CLOUSDT,SELL,7
2025-10-24,11:32,FUSDT,BUY,19
2025-10-24,11:33,EVAAUSDT,BUY,9
2025-10-24,11:33,FUSDT,BUY,15
2025-10-24,11:33,BLESSUSDT,SELL,7
2025-10-24,11:34,BLESSUSDT,SELL,12
2025-10-24,11:36,PIPPINUSDT,SELL,7
2025-10-24,11:37,FFUSDT,SELL,8
2025-10-24,11:41,EVAAUSDT,SELL,14
2025-10-24,11:41,CLOUSDT,SELL,9
2025-10-24,11:41,BLESSUSDT,SELL,8
2025-10-24,11:42,BLESSUSDT,SELL,8
2025-10-24,11:42,CLOUSDT,SELL,8
2025-10-24,11:43,CLOUSDT,SELL,7
2025-10-24,11:44,CLOUSDT,SELL,8
2025-10-24,11:45,BLESSUSDT,SELL,8
2025-10-24,11:45,LIGHTUSDT,BUY,8
2025-10-24,11:46,LIGHTUSDT,BUY,7
2025-10-24,11:46,COAIUSDT,BUY,8
2025-10-24,11:47,COAIUSDT,BUY,9
2025-10-24,11:50,TRUTHUSDT,SELL,8
2025-10-24,11:51,TRUTHUSDT,SELL,10
2025-10-24,11:52,FUSDT,BUY,11
2025-10-24,11:53,FUSDT,BUY,21
2025-10-24,11:53,BLESSUSDT,SELL,9
2025-10-24,11:54,FUSDT,BUY,16
2025-10-24,11:54,BLESSUSDT,SELL,12
2025-10-24,11:55,FUSDT,BUY,14
2025-10-24,11:55,HUSDT,BUY,7
2025-10-24,11:56,FUSDT,BUY,10
2025-10-24,11:56,4USDT,BUY,9
2025-10-24,12:01,BLESSUSDT,SELL,10
2025-10-24,12:02,BLESSUSDT,SELL,15
2025-10-24,12:02,BASUSDT,SELL,9
2025-10-24,12:03,BLESSUSDT,SELL,7
2025-10-24,12:03,RVVUSDT,SELL,9
2025-10-24,12:03,币安人生USDT,SELL,8
2025-10-24,12:04,币安人生USDT,SELL,8
2025-10-24,12:04,RVVUSDT,SELL,9
2025-10-24,12:06,LABUSDT,SELL,7
2025-10-24,12:07,LABUSDT,SELL,7
2025-10-24,12:07,RIVERUSDT,SELL,9
2025-10-24,12:08,币安人生USDT,SELL,7
2025-10-24,12:09,FUSDT,SELL,17
2025-10-24,12:09,币安人生USDT,SELL,7
2025-10-24,12:10,币安人生USDT,SELL,13
2025-10-24,12:11,RIVERUSDT,SELL,13
2025-10-24,12:12,RIVERUSDT,SELL,8
2025-10-24,12:13,RIVERUSDT,BUY,7
2025-10-24,12:14,RIVERUSDT,BUY,7
2025-10-24,12:15,RIVERUSDT,BUY,8
2025-10-24,12:16,RIVERUSDT,BUY,11
2025-10-24,12:21,AIAUSDT,SELL,8
2025-10-24,12:22,ASTERUSDT,SELL,7
2025-10-24,12:22,AIAUSDT,SELL,9
2025-10-24,12:22,TAGUSDT,SELL,7
2025-10-24,12:22,RECALLUSDT,SELL,8
2025-10-24,12:23,TAGUSDT,SELL,7
2025-10-24,12:23,RECALLUSDT,SELL,9
2025-10-24,12:23,ASTERUSDT,SELL,7
2025-10-24,12:23,XRPUSDT,SELL,7
2025-10-24,12:23,4USDT,SELL,11
2025-10-24,12:24,4USDT,SELL,10
2025-10-24,12:24,RECALLUSDT,SELL,7
2025-10-24,12:31,BTCUSDT,SELL,14
2025-10-24,12:31,ASTERUSDT,SELL,7
2025-10-24,12:32,BTCUSDT,SELL,14
2025-10-24,12:32,ASTERUSDT,SELL,12
2025-10-24,12:33,ASTERUSDT,SELL,19
2025-10-24,12:33,DOGEUSDT,SELL,7
2025-10-24,12:33,SNXUSDT,SELL,7
2025-10-24,12:33,SOLUSDT,SELL,18
2025-10-24,12:33,XRPUSDT,SELL,7
2025-10-24,12:33,ETHUSDT,SELL,22
2025-10-24,12:33,BTCUSDT,SELL,15
2025-10-24,12:33,BNBUSDT,SELL,13
2025-10-24,12:34,SNXUSDT,SELL,7
2025-10-24,12:34,ASTERUSDT,SELL,14
2025-10-24,12:34,SOLUSDT,SELL,18
2025-10-24,12:34,XRPUSDT,SELL,7
2025-10-24,12:34,BTCUSDT,SELL,15
2025-10-24,12:34,BNBUSDT,SELL,13
2025-10-24,12:41,HUSDT,BUY,8
2025-10-24,12:41,FUSDT,BUY,8
2025-10-24,12:42,FUSDT,BUY,14
2025-10-24,12:43,FUSDT,BUY,10
2025-10-24,12:43,BASUSDT,BUY,7
2025-10-24,12:45,PIPPINUSDT,BUY,14
2025-10-24,12:46,PIPPINUSDT,BUY,16
2025-10-24,12:46,HUSDT,BUY,9
2025-10-24,12:47,HUSDT,BUY,10
2025-10-24,12:48,HUSDT,BUY,12
2025-10-24,12:49,HUSDT,BUY,14
2025-10-24,12:55,HUSDT,BUY,8
2025-10-24,12:56,HUSDT,BUY,9
2025-10-24,12:59,DEGOUSDT,BUY,8
2025-10-24,13:01,PIPPINUSDT,BUY,13
2025-10-24,13:01,FUSDT,BUY,11
2025-10-24,13:01,SOLUSDT,BUY,10
2025-10-24,13:01,RIVERUSDT,SELL,11
2025-10-24,13:02,EVAAUSDT,SELL,13
2025-10-24,13:02,SOLUSDT,BUY,10
2025-10-24,13:02,FUSDT,BUY,23
2025-10-24,13:02,BASUSDT,SELL,9
2025-10-24,13:03,EVAAUSDT,SELL,11
2025-10-24,13:03,FUSDT,BUY,21
2025-10-24,13:07,BELUSDT,BUY,17
2025-10-24,13:08,FUSDT,SELL,8
2025-10-24,13:09,FUSDT,SELL,10
2025-10-24,13:12,PIPPINUSDT,BUY,12
2025-10-24,13:14,4USDT,SELL,7
2025-10-24,13:16,4USDT,SELL,9
2025-10-24,13:17,4USDT,SELL,8
2025-10-24,13:17,QUSDT,SELL,16
2025-10-24,13:17,TACUSDT,BUY,8
2025-10-24,13:18,QUSDT,SELL,22
2025-10-24,13:19,QUSDT,SELL,15
2025-10-24,13:19,ZECUSDT,BUY,7
2025-10-24,13:20,FUSDT,SELL,7
2025-10-24,13:21,BLESSUSDT,SELL,7
2025-10-24,13:21,FUSDT,SELL,7
2025-10-24,13:21,币安人生USDT,SELL,7
2025-10-24,13:21,HUSDT,BUY,7
2025-10-24,13:22,HUSDT,BUY,8
2025-10-24,13:24,PIPPINUSDT,BUY,8
2025-10-24,13:25,RIVERUSDT,SELL,8
2025-10-24,13:26,RIVERUSDT,SELL,12
2025-10-24,13:29,HUSDT,BUY,7
2025-10-24,13:30,FUSDT,BUY,11
2025-10-24,13:30,ETCUSDT,BUY,7
2025-10-24,13:30,HBARUSDT,BUY,7
2025-10-24,13:30,XRPUSDT,BUY,18
2025-10-24,13:30,DOGEUSDT,BUY,12
2025-10-24,13:30,OPUSDT,BUY,8
2025-10-24,13:30,BCHUSDT,BUY,8
2025-10-24,13:30,LTCUSDT,BUY,10
2025-10-24,13:30,1000FLOKIUSDT,BUY,7
2025-10-24,13:30,DOTUSDT,BUY,10
2025-10-24,13:30,1000PEPEUSDT,BUY,15
2025-10-24,13:30,PENGUUSDT,BUY,10
2025-10-24,13:30,SUIUSDT,BUY,12
2025-10-24,13:30,ZECUSDT,BUY,13
2025-10-24,13:30,SOLUSDC,BUY,9
2025-10-24,13:30,XRPUSDC,BUY,9
2025-10-24,13:30,LINKUSDT,BUY,11
2025-10-24,13:30,ADAUSDT,BUY,11
2025-10-24,13:30,FILUSDT,BUY,9
2025-10-24,13:30,TAOUSDT,BUY,8
2025-10-24,13:30,PUMPUSDT,BUY,9
2025-10-24,13:30,ASTERUSDT,BUY,16
2025-10-24,13:30,SPXUSDT,BUY,9
2025-10-24,13:30,EGLDUSDT,BUY,7
2025-10-24,13:30,APTUSDT,BUY,7
2025-10-24,13:30,ENAUSDT,BUY,16
2025-10-24,13:30,SEIUSDT,BUY,10
2025-10-24,13:30,AVAXUSDT,BUY,11
2025-10-24,13:30,JTOUSDT,BUY,8
2025-10-24,13:30,DOGEUSDC,BUY,7
2025-10-24,13:30,ARBUSDT,BUY,7
2025-10-24,13:30,INJUSDT,BUY,7
2025-10-24,13:30,XPINUSDT,BUY,8
2025-10-24,13:30,FARTCOINUSDT,BUY,10
2025-10-24,13:31,CLOUSDT,BUY,8
2025-10-24,13:31,ETCUSDT,BUY,7
2025-10-24,13:31,HBARUSDT,BUY,7
2025-10-24,13:31,XRPUSDT,BUY,18
2025-10-24,13:31,DOGEUSDT,BUY,12
2025-10-24,13:31,OPUSDT,BUY,8
2025-10-24,13:31,BCHUSDT,BUY,8
2025-10-24,13:31,LTCUSDT,BUY,10
2025-10-24,13:31,1000FLOKIUSDT,BUY,7
2025-10-24,13:31,DOTUSDT,BUY,10
2025-10-24,13:31,1000PEPEUSDT,BUY,15
2025-10-24,13:31,PENGUUSDT,BUY,10
2025-10-24,13:31,SOLUSDC,BUY,9
2025-10-24,13:31,XRPUSDC,BUY,9
2025-10-24,13:31,LINKUSDT,BUY,11
2025-10-24,13:31,ADAUSDT,BUY,11
2025-10-24,13:31,FILUSDT,BUY,9
2025-10-24,13:31,TAOUSDT,BUY,9
2025-10-24,13:31,ASTERUSDT,BUY,25
2025-10-24,13:31,SPXUSDT,BUY,9
2025-10-24,13:31,ENAUSDT,BUY,16
2025-10-24,13:31,SEIUSDT,BUY,10
2025-10-24,13:31,AVAXUSDT,BUY,11
2025-10-24,13:31,JTOUSDT,BUY,8
2025-10-24,13:31,DOGEUSDC,BUY,7
2025-10-24,13:31,ARBUSDT,BUY,7
2025-10-24,13:31,INJUSDT,BUY,7
2025-10-24,13:31,XPINUSDT,BUY,8
2025-10-24,13:31,FARTCOINUSDT,BUY,10
2025-10-24,13:36,RVVUSDT,BUY,7
2025-10-24,13:36,EDENUSDT,BUY,15
2025-10-24,13:38,ETHUSDT,SELL,9
2025-10-24,13:39,ETHUSDT,SELL,9
2025-10-24,13:43,STBLUSDT,BUY,7
2025-10-24,13:44,STBLUSDT,BUY,8
2025-10-24,13:46,BCHUSDT,BUY,7
2025-10-24,13:47,ETHUSDT,SELL,11
2025-10-24,13:48,ETHUSDT,SELL,16
2025-10-24,13:49,STBLUSDT,BUY,7
2025-10-24,13:52,PIPPINUSDT,BUY,10
2025-10-24,13:56,BTCUSDT,SELL,7
2025-10-24,13:56,QUSDT,BUY,10
2025-10-24,13:57,QUSDT,BUY,10
2025-10-24,13:58,PIPPINUSDT,SELL,8
2025-10-24,14:00,PIPPINUSDT,BUY,13
2025-10-24,14:01,YALAUSDT,SELL,7
2025-10-24,14:01,FUSDT,BUY,9
2025-10-24,14:02,KGENUSDT,BUY,8
2025-10-24,14:02,FUSDT,BUY,7
2025-10-24,14:02,EVAAUSDT,BUY,10
2025-10-24,14:03,XPINUSDT,SELL,8
2025-10-24,14:04,XPINUSDT,SELL,10
2025-10-24,14:04,TACUSDT,BUY,7
2025-10-24,14:05,TACUSDT,BUY,10
2025-10-24,14:10,COAIUSDT,BUY,7
2025-10-24,14:11,COAIUSDT,BUY,17
2025-10-24,14:12,COAIUSDT,BUY,10
2025-10-24,14:15,RIVERUSDT,BUY,9
2025-10-24,14:18,COAIUSDT,BUY,16
2025-10-24,14:19,COAIUSDT,BUY,25
2025-10-24,14:20,BDXNUSDT,SELL,7
2025-10-24,14:20,COAIUSDT,BUY,12
2025-10-24,14:23,XRPUSDT,BUY,8
2025-10-24,14:26,币安人生USDT,SELL,7
2025-10-24,14:28,FUSDT,BUY,8
2025-10-24,14:29,FUSDT,BUY,11
2025-10-24,14:31,HUSDT,BUY,8
2025-10-24,14:31,XRPUSDT,BUY,7
2025-10-24,14:32,HUSDT,BUY,8
2025-10-24,14:32,XRPUSDT,BUY,10
2025-10-24,14:34,FUSDT,BUY,16
2025-10-24,14:34,XRPUSDT,BUY,11
2025-10-24,14:35,FUSDT,BUY,14
2025-10-24,14:35,XRPUSDT,BUY,11
2025-10-24,14:36,FUSDT,BUY,7
2025-10-24,14:36,ETHUSDT,SELL,11
2025-10-24,14:36,BTCUSDT,SELL,7
2025-10-24,14:37,ZECUSDT,SELL,8
2025-10-24,14:38,BTCUSDT,SELL,8
2025-10-24,14:38,ETHUSDT,SELL,7
2025-10-24,14:39,FUSDT,BUY,7
2025-10-24,14:39,ASTERUSDT,SELL,7
2025-10-24,14:39,BTCUSDT,SELL,15
2025-10-24,14:39,ETHUSDT,SELL,14
2025-10-24,14:39,LABUSDT,SELL,13
2025-10-24,14:39,BNBUSDT,SELL,10
2025-10-24,14:39,SOLUSDT,SELL,8
2025-10-24,14:39,QUSDT,BUY,7
2025-10-24,14:39,BLUAIUSDT,SELL,7
2025-10-24,14:40,LABUSDT,SELL,9
2025-10-24,14:40,ETHUSDT,SELL,7
2025-10-24,14:40,BNBUSDT,SELL,9
2025-10-24,14:40,BTCUSDT,SELL,7
2025-10-24,14:40,KGENUSDT,SELL,7
2025-10-24,14:40,QUSDT,BUY,10
2025-10-24,14:40,BLUAIUSDT,SELL,7
2025-10-24,14:41,AIAUSDT,SELL,13
2025-10-24,14:42,AIAUSDT,SELL,12
2025-10-24,14:43,EDENUSDT,SELL,7
2025-10-24,14:44,EDENUSDT,SELL,7
2025-10-24,14:44,FUSDT,BUY,8
2025-10-24,14:44,ETHUSDT,SELL,13
2025-10-24,14:44,SOLUSDT,SELL,8
2025-10-24,14:45,ZECUSDT,SELL,12
2025-10-24,14:45,BTCUSDT,SELL,10
2025-10-24,14:45,ETHUSDT,SELL,19
2025-10-24,14:45,SOLUSDT,SELL,10
2025-10-24,14:45,DOGEUSDT,SELL,7
2025-10-24,14:45,AIAUSDT,SELL,13
2025-10-24,14:46,AIAUSDT,SELL,10
2025-10-24,14:46,ZECUSDT,SELL,9
2025-10-24,14:46,RVVUSDT,SELL,7
2025-10-24,14:47,RVVUSDT,SELL,12
2025-10-24,14:47,ORDERUSDT,SELL,13
2025-10-24,14:48,ORDERUSDT,SELL,11
2025-10-24,14:48,BNBUSDT,SELL,13
2025-10-24,14:48,BTCUSDT,SELL,17
2025-10-24,14:48,RVVUSDT,SELL,9
2025-10-24,14:48,SOLUSDT,SELL,7
2025-10-24,14:48,FUSDT,SELL,7
2025-10-24,14:49,BNBUSDT,SELL,9
2025-10-24,14:49,ETHUSDT,SELL,15
2025-10-24,14:49,BTCUSDT,SELL,16
2025-10-24,14:49,ASTERUSDT,SELL,8
2025-10-24,14:49,FUSDT,SELL,14
2025-10-24,14:49,METUSDT,SELL,7
2025-10-24,14:50,FUSDT,SELL,10
2025-10-24,14:57,BLUAIUSDT,BUY,10
2025-10-24,14:57,币安人生USDT,SELL,7
2025-10-24,14:58,BLUAIUSDT,BUY,13
2025-10-24,14:58,币安人生USDT,SELL,8
2025-10-24,14:59,BLUAIUSDT,BUY,8
2025-10-24,15:02,币安人生USDT,SELL,9
2025-10-24,15:02,ZECUSDT,SELL,7
2025-10-24,15:02,BLUAIUSDT,BUY,15
2025-10-24,15:03,ZECUSDT,SELL,9
2025-10-24,15:03,OGUSDT,SELL,7
2025-10-24,15:03,FUSDT,SELL,7
2025-10-24,15:03,ETHUSDT,SELL,10
2025-10-24,15:04,ETHUSDT,SELL,13
2025-10-24,15:04,BTCUSDT,SELL,7
2025-10-24,15:05,ETHUSDT,SELL,7
2025-10-24,15:05,币安人生USDT,SELL,9
2025-10-24,15:05,ORDERUSDT,SELL,11
2025-10-24,15:06,ORDERUSDT,SELL,9
2025-10-24,15:06,XPINUSDT,SELL,10
2025-10-24,15:07,XPINUSDT,SELL,10
2025-10-24,15:08,BLESSUSDT,BUY,7
2025-10-24,15:08,ETHUSDT,SELL,7
2025-10-24,15:08,TRUTHUSDT,SELL,10
2025-10-24,15:09,TRUTHUSDT,SELL,16
2025-10-24,15:10,AVNTUSDT,BUY,10
2025-10-24,15:11,AVNTUSDT,BUY,10
2025-10-24,15:11,BLESSUSDT,BUY,7
2025-10-24,15:12,BLESSUSDT,BUY,9
2025-10-24,15:13,FUSDT,SELL,8
2025-10-24,15:13,AVNTUSDT,BUY,11
2025-10-24,15:15,BLESSUSDT,SELL,10
2025-10-24,15:18,BASUSDT,BUY,8
2025-10-24,15:18,BNBUSDT,SELL,11
2025-10-24,15:18,GIGGLEUSDT,SELL,10
2025-10-24,15:18,BTCUSDT,SELL,8
2025-10-24,15:19,GIGGLEUSDT,SELL,10
2025-10-24,15:19,KGENUSDT,SELL,8
2025-10-24,15:19,BNBUSDT,SELL,15
2025-10-24,15:19,XRPUSDT,SELL,9
2025-10-24,15:19,BTCUSDT,SELL,22
2025-10-24,15:19,ETHUSDT,SELL,10
2025-10-24,15:19,SOLUSDT,SELL,11
2025-10-24,15:19,ZECUSDT,SELL,7
2025-10-24,15:20,BTCUSDT,SELL,16
2025-10-24,15:20,SOLUSDT,SELL,10
2025-10-24,15:20,ETHUSDT,SELL,7
2025-10-24,15:20,XRPUSDT,SELL,7
2025-10-24,15:20,ASTERUSDT,SELL,8
2025-10-24,15:20,4USDT,SELL,12
2025-10-24,15:21,4USDT,SELL,12
2025-10-24,15:21,FUSDT,SELL,8
2025-10-24,15:21,BTCUSDT,SELL,9
2025-10-24,15:21,ETHUSDT,SELL,12
2025-10-24,15:21,ASTERUSDT,SELL,7
2025-10-24,15:21,BNBUSDT,SELL,11
2025-10-24,15:21,METUSDT,SELL,7
2025-10-24,15:21,SOLUSDT,SELL,8
2025-10-24,15:21,DOGEUSDT,SELL,8
2025-10-24,15:22,BNBUSDT,SELL,11
2025-10-24,15:22,METUSDT,SELL,11
2025-10-24,15:22,SOLUSDT,SELL,8
2025-10-24,15:22,DOGEUSDT,SELL,8
2025-10-24,15:22,币安人生USDT,SELL,9
2025-10-24,15:22,BTCUSDT,SELL,7
2025-10-24,15:22,4USDT,SELL,15
2025-10-24,15:23,4USDT,SELL,12
2025-10-24,15:24,ORDERUSDT,SELL,7
2025-10-24,15:25,SOLUSDC,SELL,7
2025-10-24,15:25,ZECUSDT,SELL,7
2025-10-24,15:25,SOLUSDT,SELL,15
2025-10-24,15:25,ETHUSDT,SELL,13
2025-10-24,15:25,AVAXUSDT,SELL,8
2025-10-24,15:25,BTCUSDT,SELL,10
2025-10-24,15:25,DASHUSDT,SELL,8
2025-10-24,15:25,BNBUSDT,SELL,7
2025-10-24,15:26,SOLUSDT,SELL,19
2025-10-24,15:26,AVAXUSDT,SELL,9
2025-10-24,15:26,BTCUSDT,SELL,12
2025-10-24,15:26,ASTERUSDT,SELL,14
2025-10-24,15:26,DASHUSDT,SELL,9
2025-10-24,15:26,LINKUSDT,SELL,8
2025-10-24,15:26,ETHUSDC,SELL,9
2025-10-24,15:26,BNBUSDT,SELL,11
2025-10-24,15:26,DOGEUSDT,SELL,9
2025-10-24,15:26,FARTCOINUSDT,SELL,7
2025-10-24,15:27,HANAUSDT,SELL,14
2025-10-24,15:27,DOGEUSDT,SELL,11
2025-10-24,15:27,LABUSDT,SELL,7
2025-10-24,15:27,ASTERUSDT,SELL,13
2025-10-24,15:27,BNBUSDT,SELL,13
2025-10-24,15:27,WLDUSDT,SELL,7
2025-10-24,15:27,4USDT,SELL,7
2025-10-24,15:27,METUSDT,SELL,10
2025-10-24,15:27,1000PEPEUSDT,SELL,10
2025-10-24,15:27,SOLUSDT,SELL,10
2025-10-24,15:27,BLESSUSDT,SELL,8
2025-10-24,15:28,1000PEPEUSDT,SELL,9
2025-10-24,15:28,DOGEUSDT,SELL,7
2025-10-24,15:28,ETHUSDT,SELL,8
2025-10-24,15:28,BNBUSDT,SELL,9
2025-10-24,15:28,METUSDT,SELL,9
2025-10-24,15:28,HANAUSDT,SELL,12
2025-10-24,15:28,4USDT,SELL,11
2025-10-24,15:31,RIVERUSDT,SELL,7
2025-10-24,15:32,RIVERUSDT,SELL,7
2025-10-24,15:35,币安人生USDT,SELL,8
2025-10-24,15:35,RIVERUSDT,SELL,7
2025-10-24,15:36,RIVERUSDT,SELL,7
2025-10-24,15:36,FORMUSDT,SELL,9
2025-10-24,15:37,FORMUSDT,SELL,9
2025-10-24,15:37,ETHUSDT,SELL,10
2025-10-24,15:37,4USDT,SELL,10
2025-10-24,15:37,BNBUSDT,SELL,7
2025-10-24,15:38,ETHUSDT,SELL,9
2025-10-24,15:38,BNBUSDT,SELL,8
2025-10-24,15:41,BELUSDT,BUY,17
2025-10-24,15:42,PIPPINUSDT,BUY,8
2025-10-24,15:43,COAIUSDT,SELL,7
2025-10-24,15:44,ETHUSDT,BUY,7
2025-10-24,15:44,币安人生USDT,SELL,10
2025-10-24,15:44,BELUSDT,BUY,12
2025-10-24,15:47,BELUSDT,SELL,13
2025-10-24,15:53,ETHUSDT,SELL,9
2025-10-24,15:54,ETHUSDT,SELL,8
2025-10-24,16:00,KGENUSDT,BUY,8
2025-10-24,16:00,币安人生USDT,SELL,7
2025-10-24,16:01,币安人生USDT,SELL,8
2025-10-24,16:01,BLUAIUSDT,SELL,8
2025-10-24,16:01,COAIUSDT,SELL,22
2025-10-24,16:01,EVAAUSDT,SELL,8
2025-10-24,16:02,BLUAIUSDT,SELL,8
2025-10-24,16:02,COAIUSDT,SELL,22
2025-10-24,16:03,FUSDT,BUY,9
2025-10-24,16:05,EDENUSDT,BUY,11
2025-10-24,16:08,RIVERUSDT,BUY,11
2025-10-24,16:08,COAIUSDT,BUY,7
2025-10-24,16:11,RIVERUSDT,BUY,9
2025-10-24,16:12,RIVERUSDT,BUY,10
2025-10-24,16:13,BTCUSDT,BUY,7
2025-10-24,16:13,ETHUSDT,BUY,10
2025-10-24,16:14,TRUTHUSDT,SELL,7
2025-10-24,16:16,FUSDT,SELL,14
2025-10-24,16:16,EDENUSDT,SELL,7
2025-10-24,16:17,XPINUSDT,SELL,10
2025-10-24,16:18,XPINUSDT,SELL,11
2025-10-24,16:18,RVVUSDT,SELL,7
2025-10-24,16:19,FUSDT,SELL,8
2025-10-24,16:20,FUSDT,SELL,8
2025-10-24,16:22,HUSDT,SELL,8
2025-10-24,16:22,FUSDT,SELL,7
2025-10-24,16:23,FUSDT,SELL,8
2025-10-24,16:23,AVNTUSDT,SELL,9
2025-10-24,16:24,AVNTUSDT,SELL,9
2025-10-24,16:26,KGENUSDT,BUY,7
2025-10-24,16:28,RIVERUSDT,BUY,14
2025-10-24,16:28,AVNTUSDT,SELL,9
2025-10-24,16:29,XPINUSDT,BUY,7
2025-10-24,16:29,RIVERUSDT,BUY,12
2025-10-24,16:29,PUMPBTCUSDT,BUY,9
2025-10-24,16:30,XPINUSDT,BUY,11
2025-10-24,16:32,SOLUSDT,SELL,7
2025-10-24,16:33,SOLUSDT,SELL,10
2025-10-24,16:34,SOLUSDT,SELL,15
2025-10-24,16:35,SOLUSDT,SELL,12
2025-10-24,16:35,KGENUSDT,SELL,8
2025-10-24,16:36,KGENUSDT,SELL,9
2025-10-24,16:36,4USDT,SELL,10
2025-10-24,16:36,币安人生USDT,SELL,8
2025-10-24,16:37,4USDT,SELL,13
2025-10-24,16:37,PIPPINUSDT,BUY,7
2025-10-24,16:38,FUSDT,BUY,7
2025-10-24,16:39,WLFIUSDT,SELL,8
2025-10-24,16:39,BASUSDT,SELL,13
2025-10-24,16:40,BASUSDT,SELL,8
2025-10-24,16:41,BTCUSDT,SELL,8
2025-10-24,16:41,XPLUSDT,SELL,7
2025-10-24,16:41,4USDT,SELL,15
2025-10-24,16:41,PUMPBTCUSDT,SELL,7
2025-10-24,16:42,XPLUSDT,SELL,8
2025-10-24,16:42,4USDT,SELL,25
2025-10-24,16:42,PUMPBTCUSDT,SELL,9
2025-10-24,16:42,LYNUSDT,SELL,10
2025-10-24,16:43,4USDT,SELL,10
2025-10-24,16:43,LYNUSDT,SELL,12
2025-10-24,16:45,RIVERUSDT,BUY,7
2025-10-24,16:45,ETHUSDT,SELL,9
2025-10-24,16:45,ASTERUSDT,SELL,7
2025-10-24,16:46,ETHUSDT,SELL,17
2025-10-24,16:46,SOLUSDT,SELL,9
2025-10-24,16:46,BTCUSDT,SELL,10
2025-10-24,16:46,XRPUSDT,SELL,7
2025-10-24,16:46,ASTERUSDT,SELL,8
2025-10-24,16:46,WLFIUSDT,SELL,7
2025-10-24,16:47,BTCUSDT,SELL,7
2025-10-24,16:47,ETHUSDT,SELL,8
2025-10-24,16:51,AVNTUSDT,SELL,8
2025-10-24,16:52,PIPPINUSDT,BUY,9
2025-10-24,16:52,DEGOUSDT,SELL,13
2025-10-24,16:52,币安人生USDT,SELL,7
2025-10-24,16:53,币安人生USDT,SELL,7
2025-10-24,16:53,PIPPINUSDT,BUY,10
2025-10-24,16:56,ETHUSDT,SELL,8
2025-10-24,16:56,MLNUSDT,SELL,8
2025-10-24,16:57,ETHUSDT,SELL,8
2025-10-24,16:57,RIVERUSDT,BUY,7
2025-10-24,16:58,RIVERUSDT,BUY,9
2025-10-24,16:58,PIPPINUSDT,BUY,7
2025-10-24,16:59,XPINUSDT,BUY,7
2025-10-24,17:00,BLESSUSDT,SELL,7
2025-10-24,17:00,FUSDT,BUY,10
2025-10-24,17:00,AIAUSDT,SELL,9
2025-10-24,17:00,AVNTUSDT,SELL,8
2025-10-24,17:01,FUSDT,BUY,14
2025-10-24,17:01,AVNTUSDT,SELL,8
2025-10-24,17:02,ETHUSDT,SELL,8
2025-10-24,17:02,FUSDT,BUY,7
2025-10-24,17:02,COAIUSDT,BUY,14
2025-10-24,17:02,BNBUSDT,SELL,18
2025-10-24,17:02,XPINUSDT,BUY,13
2025-10-24,17:02,CAKEUSDT,SELL,7
2025-10-24,17:03,ETHUSDT,SELL,9
2025-10-24,17:03,BNBUSDT,SELL,8
2025-10-24,17:03,DEGOUSDT,BUY,7
2025-10-24,17:03,COAIUSDT,BUY,9
2025-10-24,17:03,CAKEUSDT,SELL,7
2025-10-24,17:03,ASTERUSDT,SELL,16
2025-10-24,17:04,PIPPINUSDT,BUY,9
2025-10-24,17:04,EVAAUSDT,BUY,9
2025-10-24,17:04,BASUSDT,SELL,12
2025-10-24,17:04,ZECUSDT,SELL,10
2025-10-24,17:05,DOGEUSDT,SELL,8
2025-10-24,17:05,ETHUSDT,SELL,13
2025-10-24,17:05,BASUSDT,SELL,11
2025-10-24,17:05,EVAAUSDT,BUY,10
2025-10-24,17:05,UBUSDT,SELL,10
2025-10-24,17:05,ZECUSDT,SELL,10
2025-10-24,17:05,COAIUSDT,BUY,12
2025-10-24,17:05,BNBUSDT,SELL,8
2025-10-24,17:06,UBUSDT,SELL,11
2025-10-24,17:06,COAIUSDT,BUY,11
2025-10-24,17:06,DOGEUSDT,SELL,7
2025-10-24,17:06,BNBUSDT,SELL,10
2025-10-24,17:06,ETHUSDT,SELL,15
2025-10-24,17:06,BTCUSDT,SELL,8
2025-10-24,17:06,SOLUSDT,SELL,7
2025-10-24,17:08,RIVERUSDT,BUY,7
2025-10-24,17:08,KGENUSDT,BUY,10
2025-10-24,17:08,TRUTHUSDT,SELL,9
2025-10-24,17:09,BLESSUSDT,SELL,8
2025-10-24,17:09,RVVUSDT,SELL,7
2025-10-24,17:09,TRUTHUSDT,SELL,7
2025-10-24,17:10,KGENUSDT,BUY,8
2025-10-24,17:11,KGENUSDT,BUY,9
2025-10-24,17:12,KGENUSDT,BUY,7
2025-10-24,17:13,FUSDT,BUY,9
2025-10-24,17:16,ETHUSDT,BUY,7
2025-10-24,17:16,RVVUSDT,SELL,17
2025-10-24,17:17,RVVUSDT,SELL,17
2025-10-24,17:17,HUSDT,BUY,16
2025-10-24,17:18,HUSDT,BUY,13
2025-10-24,17:18,BASUSDT,SELL,12
2025-10-24,17:19,RIVERUSDT,BUY,9
2025-10-24,17:19,BASUSDT,SELL,19
2025-10-24,17:20,RIVERUSDT,BUY,9
2025-10-24,17:24,PIPPINUSDT,SELL,7
2025-10-24,17:28,4USDT,BUY,7
2025-10-24,17:29,4USDT,BUY,7
2025-10-24,17:30,DEGOUSDT,BUY,12
2025-10-24,17:31,DEGOUSDT,BUY,13
2025-10-24,17:32,DEGOUSDT,BUY,11
2025-10-24,17:33,DEGOUSDT,BUY,8
2025-10-24,17:33,XRPUSDT,SELL,9
2025-10-24,17:33,ETHUSDT,SELL,7
2025-10-24,17:34,ETHUSDT,SELL,7
2025-10-24,17:34,XRPUSDT,SELL,7
2025-10-24,17:34,币安人生USDT,SELL,13
2025-10-24,17:35,币安人生USDT,SELL,12
2025-10-24,17:36,ETHUSDT,SELL,8
2025-10-24,17:36,XRPUSDT,SELL,7
2025-10-24,17:38,RSRUSDT,SELL,7
2025-10-24,17:38,RVVUSDT,SELL,12
2025-10-24,17:39,RVVUSDT,SELL,20
2025-10-24,17:40,RVVUSDT,SELL,8
2025-10-24,17:41,ETHUSDT,SELL,8
2025-10-24,17:42,ETHUSDT,SELL,9
2025-10-24,17:42,WLDUSDT,SELL,9
2025-10-24,17:42,PIPPINUSDT,BUY,7
2025-10-24,17:46,RIVERUSDT,SELL,7
2025-10-24,17:46,KGENUSDT,BUY,10
2025-10-24,17:47,KGENUSDT,BUY,11
2025-10-24,17:47,PIPPINUSDT,BUY,8
2025-10-24,17:48,RIVERUSDT,SELL,10
2025-10-24,17:57,AIAUSDT,SELL,9
2025-10-24,17:58,KGENUSDT,BUY,8
2025-10-24,17:58,AIAUSDT,SELL,8
2025-10-24,18:01,AIAUSDT,SELL,8
2025-10-24,18:01,EVAAUSDT,SELL,11
2025-10-24,18:02,EVAAUSDT,SELL,13
2025-10-24,18:02,XRPUSDT,BUY,7
2025-10-24,18:02,SOLUSDT,BUY,7
2025-10-24,18:02,HUSDT,BUY,7
2025-10-24,18:03,EVAAUSDT,SELL,7
2025-10-24,18:03,HUSDT,BUY,9
2025-10-24,18:03,XPINUSDT,BUY,10
2025-10-24,18:04,XPINUSDT,BUY,8
2025-10-24,18:04,HUSDT,BUY,12
2025-10-24,18:05,ETHUSDT,BUY,9
2025-10-24,18:05,HUSDT,BUY,24
2025-10-24,18:06,HUSDT,BUY,15
2025-10-24,18:07,XPINUSDT,BUY,13
2025-10-24,18:08,XPINUSDT,BUY,11
2025-10-24,18:09,KGENUSDT,SELL,15
2025-10-24,18:09,ETHUSDT,SELL,10
2025-10-24,18:10,KGENUSDT,SELL,15
2025-10-24,18:10,AVNTUSDT,BUY,7
2025-10-24,18:10,ETHUSDT,SELL,10
2025-10-24,18:11,FUSDT,SELL,9
2025-10-24,18:12,AIAUSDT,SELL,11
2025-10-24,18:13,AIAUSDT,SELL,10
2025-10-24,18:14,BLESSUSDT,SELL,7
2025-10-24,18:15,BLESSUSDT,SELL,8
2025-10-24,18:23,PIPPINUSDT,BUY,7
2025-10-24,18:25,FUSDT,SELL,8
2025-10-24,18:25,SOLUSDT,BUY,7
2025-10-24,18:30,ZECUSDT,BUY,8
2025-10-24,18:36,LIGHTUSDT,SELL,8
2025-10-24,18:37,4USDT,SELL,12
2025-10-24,18:37,LIGHTUSDT,SELL,8
2025-10-24,18:38,4USDT,SELL,11
2025-10-24,18:41,BELUSDT,SELL,11
2025-10-24,18:42,BELUSDT,SELL,11
2025-10-24,18:44,KGENUSDT,BUY,7
2025-10-24,18:48,COAIUSDT,BUY,7
2025-10-24,18:51,4USDT,SELL,7
2025-10-24,18:51,KGENUSDT,SELL,9
2025-10-24,18:55,XANUSDT,SELL,10
2025-10-24,18:56,XANUSDT,SELL,9
2025-10-24,18:57,HUSDT,BUY,7
2025-10-24,18:58,HUSDT,BUY,7
2025-10-24,19:00,4USDT,SELL,9
2025-10-24,19:01,4USDT,SELL,9
2025-10-24,19:01,PORT3USDT,SELL,8
2025-10-24,19:03,PORT3USDT,BUY,8
2025-10-24,19:03,PIPPINUSDT,BUY,10
2025-10-24,19:03,XPINUSDT,SELL,8
2025-10-24,19:04,XPINUSDT,SELL,8
2025-10-24,19:11,币安人生USDT,SELL,7
2025-10-24,19:12,DEGOUSDT,BUY,7
2025-10-24,19:12,币安人生USDT,SELL,7
2025-10-24,19:16,PORT3USDT,SELL,14
2025-10-24,19:17,PORT3USDT,SELL,10
2025-10-24,19:23,PIPPINUSDT,SELL,8
2025-10-24,19:27,RIVERUSDT,SELL,9
2025-10-24,19:28,RIVERUSDT,SELL,8
2025-10-24,19:31,4USDT,SELL,8
2025-10-24,19:32,4USDT,SELL,8
2025-10-24,19:34,4USDT,SELL,13
2025-10-24,19:35,HUSDT,BUY,9
2025-10-24,19:35,4USDT,SELL,16
2025-10-24,19:36,4USDT,SELL,7
2025-10-24,19:37,COAIUSDT,SELL,10
2025-10-24,19:38,COAIUSDT,SELL,33
2025-10-24,19:39,COAIUSDT,SELL,24
2025-10-24,19:40,HUSDT,BUY,23
2025-10-24,19:41,HUSDT,BUY,15
2025-10-24,19:46,DEGOUSDT,SELL,7
2025-10-24,19:46,FUSDT,BUY,8
2025-10-24,19:47,HUSDT,BUY,31
2025-10-24,19:47,BASUSDT,SELL,8
2025-10-24,19:47,KGENUSDT,BUY,16
2025-10-24,19:48,KGENUSDT,BUY,10
2025-10-24,19:49,PIPPINUSDT,SELL,9
2025-10-24,19:49,LIGHTUSDT,SELL,8
2025-10-24,19:50,LIGHTUSDT,SELL,8
2025-10-24,19:50,PIPPINUSDT,SELL,23
2025-10-24,19:51,PIPPINUSDT,SELL,20
2025-10-24,19:51,KGENUSDT,BUY,11
2025-10-24,19:52,RIVERUSDT,BUY,11
2025-10-24,19:52,KGENUSDT,BUY,13
2025-10-24,19:53,RIVERUSDT,BUY,7
2025-10-24,19:53,KGENUSDT,BUY,10
2025-10-24,19:54,KGENUSDT,BUY,14
2025-10-24,19:58,PIPPINUSDT,SELL,8
2025-10-24,19:59,PIPPINUSDT,SELL,15
2025-10-24,20:00,PIPPINUSDT,SELL,16
2025-10-24,20:00,币安人生USDT,SELL,7
2025-10-24,20:01,PIPPINUSDT,SELL,26
2025-10-24,20:02,AIAUSDT,BUY,7
2025-10-24,20:05,ETHUSDT,BUY,7
2025-10-24,20:06,ETHUSDT,BUY,8
2025-10-24,20:07,XRPUSDT,BUY,12
2025-10-24,20:08,SOLUSDT,BUY,13
2025-10-24,20:08,ETHUSDT,BUY,7
2025-10-24,20:08,XRPUSDT,BUY,9
2025-10-24,20:08,BTCUSDT,BUY,9
2025-10-24,20:08,BNBUSDT,BUY,7
2025-10-24,20:08,HUSDT,BUY,8
2025-10-24,20:09,SOLUSDT,BUY,13
2025-10-24,20:09,BTCUSDT,BUY,8
2025-10-24,20:09,PIPPINUSDT,BUY,9
2025-10-24,20:09,ETHUSDT,BUY,8
2025-10-24,20:10,PIPPINUSDT,BUY,13
2025-10-24,20:10,ZECUSDT,BUY,8
2025-10-24,20:14,AIOUSDT,BUY,8
2025-10-24,20:19,HUSDT,SELL,9
2025-10-24,20:20,HUSDT,SELL,17
2025-10-24,20:21,KGENUSDT,SELL,16
2025-10-24,20:21,AVNTUSDT,SELL,8
2025-10-24,20:22,PUMPUSDT,BUY,7
2025-10-24,20:22,KGENUSDT,SELL,19
2025-10-24,20:23,KGENUSDT,SELL,8
2025-10-24,20:26,HUSDT,SELL,11
2025-10-24,20:29,ZECUSDT,BUY,11
2025-10-24,20:30,PIPPINUSDT,SELL,7
2025-10-24,20:30,ZECUSDT,BUY,8
2025-10-24,20:30,SOLUSDT,BUY,8
2025-10-24,20:33,ASTERUSDT,BUY,7
2025-10-24,20:34,ASTERUSDT,BUY,7
2025-10-24,20:38,PIPPINUSDT,SELL,11
2025-10-24,20:39,PIPPINUSDT,SELL,8
2025-10-24,20:42,AIAUSDT,BUY,9
2025-10-24,20:47,AVNTUSDT,SELL,8
2025-10-24,20:48,PUMPBTCUSDT,SELL,10
2025-10-24,20:48,AIAUSDT,SELL,8
2025-10-24,20:49,PUMPBTCUSDT,SELL,8
2025-10-24,20:57,BELUSDT,SELL,11
2025-10-24,20:58,BELUSDT,SELL,7
2025-10-24,20:59,HUSDT,BUY,7
2025-10-24,21:05,XPINUSDT,BUY,10
2025-10-24,21:06,XPINUSDT,BUY,8
2025-10-24,21:12,SNXUSDT,BUY,8
2025-10-24,21:12,KGENUSDT,BUY,8
2025-10-24,21:16,EVAAUSDT,BUY,8
2025-10-24,21:17,EVAAUSDT,BUY,7
2025-10-24,21:23,ETHUSDT,BUY,7
2025-10-24,21:24,RVVUSDT,BUY,7
2025-10-24,21:24,WLDUSDT,BUY,7
2025-10-24,21:29,PIPPINUSDT,SELL,13
2025-10-24,21:30,PIPPINUSDT,SELL,12
2025-10-24,21:32,AVNTUSDT,SELL,8
2025-10-24,21:32,EVAAUSDT,BUY,12
2025-10-24,21:33,EVAAUSDT,BUY,22
2025-10-24,21:38,EVAAUSDT,BUY,11
2025-10-24,21:39,EVAAUSDT,BUY,12
2025-10-24,21:41,BASUSDT,BUY,7
2025-10-24,21:44,RIVERUSDT,SELL,8
2025-10-24,21:45,RIVERUSDT,SELL,10
2025-10-24,21:46,HUSDT,SELL,7
2025-10-24,21:47,BLESSUSDT,SELL,8
2025-10-24,21:49,HUSDT,BUY,7
2025-10-24,21:53,AIAUSDT,BUY,8
2025-10-24,21:56,BTCUSDT,BUY,9
2025-10-24,21:56,COAIUSDT,BUY,8
2025-10-24,21:57,COAIUSDT,BUY,15
2025-10-24,21:58,COAIUSDT,BUY,7
2025-10-24,21:58,HUSDT,BUY,8
2025-10-24,22:01,4USDT,SELL,9
2025-10-24,22:02,4USDT,SELL,9
2025-10-24,22:03,4USDT,SELL,11
2025-10-24,22:03,币安人生USDT,SELL,7
2025-10-24,22:03,EVAAUSDT,BUY,10
2025-10-24,22:04,EVAAUSDT,BUY,9
2025-10-24,22:05,HUSDT,BUY,18
2025-10-24,22:12,4USDT,SELL,21
2025-10-24,22:13,4USDT,SELL,16
2025-10-24,22:13,AVNTUSDT,SELL,8
2025-10-24,22:14,RIVERUSDT,SELL,9
2025-10-24,22:22,币安人生USDT,BUY,7
2025-10-24,22:25,BANKUSDT,BUY,7
2025-10-24,22:26,BANKUSDT,BUY,7
2025-10-24,22:26,RIVERUSDT,SELL,10
2025-10-24,22:27,RIVERUSDT,SELL,15
2025-10-24,22:31,HUSDT,BUY,8
2025-10-24,22:32,RIVERUSDT,SELL,11
2025-10-24,22:34,HUSDT,BUY,8
2025-10-24,22:35,HUSDT,BUY,13
2025-10-24,22:36,HUSDT,BUY,8
2025-10-24,22:36,RIVERUSDT,BUY,16
2025-10-24,22:41,KGENUSDT,BUY,10
2025-10-24,22:42,KGENUSDT,BUY,10
2025-10-24,22:43,COAIUSDT,BUY,7
2025-10-24,22:45,HUSDT,BUY,8
2025-10-24,22:51,BANKUSDT,BUY,7
2025-10-24,22:52,BANKUSDT,BUY,7
2025-10-24,22:58,VIRTUALUSDT,BUY,17
2025-10-24,22:59,VIRTUALUSDT,BUY,16
2025-10-24,22:59,KGENUSDT,SELL,7
2025-10-24,23:02,VIRTUALUSDT,BUY,8
2025-10-24,23:02,FUSDT,SELL,11
2025-10-24,23:03,HUSDT,BUY,7
2025-10-24,23:03,AVNTUSDT,SELL,12
2025-10-24,23:04,HUSDT,BUY,13
2025-10-24,23:05,HUSDT,BUY,10
2025-10-24,23:05,AIXBTUSDT,BUY,7
2025-10-24,23:05,COAIUSDT,BUY,10
2025-10-24,23:06,KGENUSDT,BUY,9
2025-10-24,23:07,KGENUSDT,BUY,9
2025-10-24,23:11,COAIUSDT,BUY,8
2025-10-24,23:13,EVAAUSDT,BUY,20
2025-10-24,23:14,EVAAUSDT,BUY,23
2025-10-24,23:15,AVNTUSDT,SELL,8
2025-10-24,23:16,AVNTUSDT,SELL,7
2025-10-24,23:23,AVNTUSDT,SELL,8
2025-10-24,23:24,AVNTUSDT,SELL,7
2025-10-24,23:26,AVNTUSDT,SELL,7
2025-10-24,23:28,COAIUSDT,BUY,8
2025-10-24,23:29,COAIUSDT,BUY,13
2025-10-24,23:30,COAIUSDT,BUY,17
2025-10-24,23:30,AVNTUSDT,SELL,9
2025-10-24,23:31,AVNTUSDT,SELL,24
2025-10-24,23:31,COAIUSDT,BUY,12
2025-10-24,23:32,AVNTUSDT,SELL,20
2025-10-24,23:33,VIRTUALUSDT,BUY,7
2025-10-24,23:34,VIRTUALUSDT,BUY,8
2025-10-24,23:38,HUSDT,BUY,7
2025-10-24,23:42,DEGOUSDT,BUY,7
2025-10-24,23:45,ZECUSDT,BUY,7
2025-10-24,23:48,ZECUSDT,BUY,7
2025-10-24,23:49,ZECUSDT,BUY,9
2025-10-24,23:51,HUSDT,SELL,8
2025-10-25,00:00,LIGHTUSDT,BUY,11
2025-10-25,00:01,LIGHTUSDT,BUY,9
2025-10-25,00:04,BLUAIUSDT,SELL,8
2025-10-25,00:05,BLUAIUSDT,SELL,9
2025-10-25,00:05,HUSDT,BUY,12
2025-10-25,00:08,FUSDT,BUY,16
2025-10-25,00:08,XPINUSDT,BUY,19
2025-10-25,00:08,LIGHTUSDT,BUY,12
2025-10-25,00:09,XPINUSDT,BUY,14
2025-10-25,00:09,FUSDT,BUY,10
2025-10-25,00:09,LIGHTUSDT,BUY,11
2025-10-25,00:13,HUSDT,SELL,9
2025-10-25,00:13,PUMPBTCUSDT,BUY,7
2025-10-25,00:15,PUMPBTCUSDT,BUY,7
2025-10-25,00:22,EPTUSDT,BUY,7
2025-10-25,00:25,COAIUSDT,BUY,10
2025-10-25,00:26,COAIUSDT,BUY,17
2025-10-25,00:27,COAIUSDT,BUY,18
2025-10-25,00:27,DEGOUSDT,BUY,9
2025-10-25,00:28,COAIUSDT,BUY,11
2025-10-25,00:29,COAIUSDT,BUY,10
2025-10-25,00:30,HUSDT,BUY,10
2025-10-25,00:30,COAIUSDT,BUY,11
2025-10-25,00:30,PUMPBTCUSDT,BUY,9
2025-10-25,00:31,HUSDT,BUY,9
2025-10-25,00:33,VIRTUALUSDT,BUY,8
2025-10-25,00:34,VIRTUALUSDT,BUY,9
2025-10-25,00:35,PUMPBTCUSDT,BUY,8
2025-10-25,00:35,LIGHTUSDT,BUY,7
2025-10-25,00:35,EVAAUSDT,BUY,8
2025-10-25,00:37,COAIUSDT,BUY,7
2025-10-25,00:38,COAIUSDT,BUY,7
2025-10-25,00:41,PUMPBTCUSDT,SELL,10
2025-10-25,00:43,KGENUSDT,SELL,8
2025-10-25,00:44,KGENUSDT,SELL,14
2025-10-25,00:45,KGENUSDT,SELL,7
2025-10-25,00:46,KGENUSDT,SELL,7
2025-10-25,00:47,KGENUSDT,SELL,9
2025-10-25,00:49,EVAAUSDT,BUY,18
2025-10-25,00:49,HUSDT,BUY,7
2025-10-25,00:50,EVAAUSDT,BUY,17
2025-10-25,00:50,HUSDT,BUY,13
2025-10-25,00:51,HUSDT,BUY,8
2025-10-25,00:51,EVAAUSDT,BUY,8
2025-10-25,00:57,EVAAUSDT,BUY,13
2025-10-25,00:57,COAIUSDT,BUY,7
2025-10-25,00:58,COAIUSDT,BUY,10
2025-10-25,01:00,COAIUSDT,BUY,7
2025-10-25,01:01,COAIUSDT,BUY,7
2025-10-25,01:02,COAIUSDT,BUY,8
2025-10-25,01:03,EVAAUSDT,BUY,14
2025-10-25,01:03,COAIUSDT,BUY,9
2025-10-25,01:06,LIGHTUSDT,BUY,7
2025-10-25,01:06,FUSDT,BUY,11
2025-10-25,01:07,FUSDT,BUY,11
2025-10-25,01:07,DEGOUSDT,SELL,17
2025-10-25,01:08,LIGHTUSDT,BUY,10
2025-10-25,01:09,LIGHTUSDT,BUY,13
2025-10-25,01:09,COAIUSDT,BUY,11
2025-10-25,01:09,FUSDT,BUY,10
2025-10-25,01:10,COAIUSDT,BUY,10
2025-10-25,01:10,FUSDT,BUY,10
2025-10-25,01:11,COAIUSDT,BUY,10
2025-10-25,01:11,PUMPBTCUSDT,SELL,16
2025-10-25,01:12,BLESSUSDT,SELL,7
2025-10-25,01:12,PUMPBTCUSDT,SELL,15
2025-10-25,01:12,COAIUSDT,BUY,24
2025-10-25,01:13,COAIUSDT,BUY,25
2025-10-25,01:13,FUSDT,BUY,14
2025-10-25,01:14,EVAAUSDT,SELL,8
2025-10-25,01:15,ETHUSDT,SELL,7
2025-10-25,01:17,BATUSDT,SELL,7
2025-10-25,01:18,COAIUSDT,BUY,10
2025-10-25,01:19,COAIUSDT,BUY,8
2025-10-25,01:21,MIRAUSDT,BUY,7
2025-10-25,01:22,COAIUSDT,BUY,15
2025-10-25,01:23,COAIUSDT,BUY,11
2025-10-25,01:23,LYNUSDT,SELL,7
2025-10-25,01:24,DEGOUSDT,BUY,10
2025-10-25,01:25,HUSDT,BUY,8
2025-10-25,01:25,DEGOUSDT,BUY,10
2025-10-25,01:26,HUSDT,BUY,8
2025-10-25,01:27,FUSDT,BUY,8
2025-10-25,01:31,HUSDT,BUY,12
2025-10-25,01:33,VIRTUALUSDT,BUY,13
2025-10-25,01:34,VIRTUALUSDT,BUY,15
2025-10-25,01:35,VIRTUALUSDT,BUY,11
2025-10-25,01:36,VIRTUALUSDT,BUY,8
2025-10-25,01:38,XRPUSDT,BUY,8
2025-10-25,01:39,XRPUSDT,BUY,11
2025-10-25,01:40,XRPUSDT,BUY,10
2025-10-25,01:41,XRPUSDT,BUY,8
2025-10-25,01:42,HUSDT,BUY,7
2025-10-25,01:43,HUSDT,BUY,10
2025-10-25,01:43,COAIUSDT,BUY,9
2025-10-25,01:44,HUSDT,BUY,14
2025-10-25,01:44,COAIUSDT,BUY,15
2025-10-25,01:44,TRXUSDT,SELL,8
2025-10-25,01:45,HUSDT,BUY,11
2025-10-25,01:45,COAIUSDT,BUY,16
2025-10-25,01:46,COAIUSDT,BUY,7
2025-10-25,01:46,FUSDT,BUY,14
2025-10-25,01:46,HUSDT,BUY,8
2025-10-25,01:47,FUSDT,BUY,10
2025-10-25,01:47,KGENUSDT,BUY,9
2025-10-25,01:47,XRPUSDT,BUY,15
2025-10-25,01:48,RVVUSDT,BUY,8
2025-10-25,01:48,XRPUSDT,BUY,22
2025-10-25,01:48,KGENUSDT,BUY,12
2025-10-25,01:48,FUSDT,BUY,21
2025-10-25,01:49,XRPUSDT,BUY,8
2025-10-25,01:49,FUSDT,BUY,18
2025-10-25,01:50,FUSDT,BUY,11
2025-10-25,01:51,FUSDT,BUY,13
2025-10-25,01:51,EVAAUSDT,BUY,19
2025-10-25,01:52,HUSDT,BUY,10
2025-10-25,01:52,ZKCUSDT,BUY,7
2025-10-25,01:54,ORDERUSDT,SELL,9
2025-10-25,01:54,TRXUSDT,SELL,10
2025-10-25,01:54,HUSDT,SELL,7
2025-10-25,01:55,TRXUSDT,SELL,13
2025-10-25,01:55,FUSDT,BUY,16
2025-10-25,01:56,TRXUSDT,SELL,14
2025-10-25,01:59,TRXUSDT,SELL,7
2025-10-25,01:59,COAIUSDT,BUY,14
2025-10-25,02:00,COAIUSDT,BUY,17
2025-10-25,02:00,EVAAUSDT,BUY,9
2025-10-25,02:02,4USDT,SELL,7
2025-10-25,02:02,TRXUSDT,SELL,11
2025-10-25,02:03,EVAAUSDT,BUY,16
2025-10-25,02:03,TRXUSDT,SELL,11
2025-10-25,02:03,MLNUSDT,BUY,9
2025-10-25,02:04,KGENUSDT,BUY,7
2025-10-25,02:05,KGENUSDT,BUY,8
2025-10-25,02:08,ORDERUSDT,SELL,9
2025-10-25,02:10,BANKUSDT,BUY,9
2025-10-25,02:10,EVAAUSDT,SELL,8
2025-10-25,02:11,EVAAUSDT,SELL,13
2025-10-25,02:11,BANKUSDT,BUY,8
2025-10-25,02:11,BLESSUSDT,BUY,9
2025-10-25,02:12,BLESSUSDT,BUY,9
2025-10-25,02:14,XRPUSDT,BUY,12
2025-10-25,02:15,XRPUSDT,BUY,12
2025-10-25,02:15,BLESSUSDT,BUY,7
2025-10-25,02:16,BLESSUSDT,BUY,7
2025-10-25,02:16,HUSDT,SELL,9
2025-10-25,02:17,HUSDT,SELL,25
2025-10-25,02:17,MYXUSDT,SELL,7
2025-10-25,02:18,MYXUSDT,SELL,7
2025-10-25,02:20,RIVERUSDT,BUY,9
2025-10-25,02:21,RECALLUSDT,BUY,8
2025-10-25,02:21,EVAAUSDT,BUY,9
2025-10-25,02:21,GIGGLEUSDT,SELL,10
2025-10-25,02:22,EVAAUSDT,BUY,9
2025-10-25,02:22,GIGGLEUSDT,SELL,10
2025-10-25,02:22,RECALLUSDT,BUY,7
2025-10-25,02:24,DOGEUSDT,BUY,10
2025-10-25,02:26,EVAAUSDT,BUY,14
2025-10-25,02:26,ZECUSDT,BUY,9
2025-10-25,02:26,XRPUSDT,BUY,9
2025-10-25,02:27,EVAAUSDT,BUY,12
2025-10-25,02:28,XRPUSDT,BUY,10
2025-10-25,02:28,XPINUSDT,BUY,8
2025-10-25,02:29,XRPUSDT,BUY,14
2025-10-25,02:29,XPINUSDT,BUY,9
2025-10-25,02:30,HUSDT,BUY,9
2025-10-25,02:31,BLUAIUSDT,BUY,9
2025-10-25,02:31,BTCUSDT,BUY,10
2025-10-25,02:31,XRPUSDT,BUY,8
2025-10-25,02:31,ETHUSDT,BUY,8
2025-10-25,02:31,SOLUSDT,BUY,9
2025-10-25,02:32,BLUAIUSDT,BUY,10
2025-10-25,02:32,BTCUSDT,BUY,10
2025-10-25,02:32,XRPUSDT,BUY,10
2025-10-25,02:32,ETHUSDT,BUY,8
2025-10-25,02:32,SOLUSDT,BUY,9
2025-10-25,02:33,DOODUSDT,BUY,7
2025-10-25,02:35,EVAAUSDT,BUY,10
2025-10-25,02:35,BLUAIUSDT,BUY,9
2025-10-25,02:36,EVAAUSDT,BUY,11
2025-10-25,02:37,HUSDT,BUY,7
2025-10-25,02:37,EVAAUSDT,BUY,7
2025-10-25,02:44,HUSDT,BUY,18
2025-10-25,02:44,FUSDT,BUY,7
2025-10-25,02:45,FUSDT,BUY,11
2025-10-25,02:45,HUSDT,BUY,21
2025-10-25,02:46,FUSDT,BUY,10
2025-10-25,02:48,EDENUSDT,BUY,7
2025-10-25,02:50,HUSDT,BUY,10
2025-10-25,02:50,FUSDT,BUY,15
2025-10-25,02:51,FUSDT,BUY,18
2025-10-25,02:53,HUSDT,BUY,8
2025-10-25,02:54,HUSDT,BUY,19
2025-10-25,02:54,BLESSUSDT,BUY,9
2025-10-25,02:55,HUSDT,BUY,13
2025-10-25,02:55,KGENUSDT,BUY,17
2025-10-25,02:55,IDOLUSDT,BUY,7
2025-10-25,02:56,KGENUSDT,BUY,12
2025-10-25,02:56,IDOLUSDT,BUY,7
2025-10-25,02:58,DOODUSDT,BUY,8
2025-10-25,03:01,BLESSUSDT,BUY,12
2025-10-25,03:02,BLESSUSDT,BUY,10
2025-10-25,03:08,DOODUSDT,BUY,11
2025-10-25,03:09,DOODUSDT,BUY,7
2025-10-25,03:10,RECALLUSDT,BUY,7
2025-10-25,03:11,RECALLUSDT,BUY,10
2025-10-25,03:13,HUSDT,BUY,15
2025-10-25,03:14,HUSDT,BUY,22
2025-10-25,03:14,PIPPINUSDT,BUY,7
2025-10-25,03:14,COAIUSDT,SELL,13
2025-10-25,03:15,COAIUSDT,SELL,8
2025-10-25,03:15,币安人生USDT,SELL,7
2025-10-25,03:17,KGENUSDT,BUY,8
2025-10-25,03:19,EVAAUSDT,BUY,12
2025-10-25,03:20,EVAAUSDT,BUY,13
2025-10-25,03:20,METUSDT,SELL,11
2025-10-25,03:21,METUSDT,SELL,12
2025-10-25,03:22,币安人生USDT,SELL,8
2025-10-25,03:23,币安人生USDT,SELL,7
2025-10-25,03:24,EVAAUSDT,BUY,11
2025-10-25,03:25,EVAAUSDT,BUY,13
2025-10-25,03:26,KGENUSDT,SELL,8
2025-10-25,03:26,BLUAIUSDT,SELL,8
2025-10-25,03:27,KGENUSDT,SELL,28
2025-10-25,03:27,TREEUSDT,BUY,10
2025-10-25,03:27,BLESSUSDT,SELL,7
2025-10-25,03:28,KGENUSDT,SELL,26
2025-10-25,03:30,DOODUSDT,BUY,11
2025-10-25,03:31,DOODUSDT,BUY,12
2025-10-25,03:32,FUSDT,SELL,12
2025-10-25,03:33,FUSDT,SELL,12
2025-10-25,03:33,DOODUSDT,BUY,8
2025-10-25,03:35,DEGOUSDT,BUY,7
2025-10-25,03:36,DEGOUSDT,BUY,10
2025-10-25,03:38,METUSDT,SELL,12
2025-10-25,03:39,METUSDT,SELL,17
2025-10-25,03:39,EVAAUSDT,SELL,9
2025-10-25,03:40,FUSDT,SELL,9
2025-10-25,03:40,EVAAUSDT,SELL,12
2025-10-25,03:40,METUSDT,SELL,7
2025-10-25,03:40,VIRTUALUSDT,BUY,16
2025-10-25,03:41,VIRTUALUSDT,BUY,18
2025-10-25,03:43,BLUAIUSDT,BUY,8
2025-10-25,03:44,4USDT,SELL,12
2025-10-25,03:45,4USDT,SELL,13
2025-10-25,03:45,EVAAUSDT,SELL,9
2025-10-25,03:45,VIRTUALUSDT,BUY,9
2025-10-25,03:46,VIRTUALUSDT,BUY,11
2025-10-25,03:46,PUMPBTCUSDT,SELL,12
2025-10-25,03:47,PUMPBTCUSDT,SELL,11
2025-10-25,03:47,KGENUSDT,SELL,13
2025-10-25,03:48,KGENUSDT,SELL,17
2025-10-25,03:48,VIRTUALUSDT,BUY,9
2025-10-25,03:49,VIRTUALUSDT,BUY,9
2025-10-25,03:51,VIRTUALUSDT,BUY,7
2025-10-25,03:55,4USDT,SELL,23
2025-10-25,03:56,4USDT,SELL,25
2025-10-25,04:01,EVAAUSDT,BUY,7
2025-10-25,04:02,BANKUSDT,SELL,10
2025-10-25,04:02,METUSDT,SELL,8
2025-10-25,04:03,XPINUSDT,BUY,7
2025-10-25,04:03,METUSDT,SELL,10
2025-10-25,04:04,4USDT,BUY,32
2025-10-25,04:05,4USDT,BUY,31
2025-10-25,04:05,币安人生USDT,BUY,22
2025-10-25,04:05,VIRTUALUSDT,SELL,7
2025-10-25,04:08,PUMPBTCUSDT,SELL,15
2025-10-25,04:09,PUMPBTCUSDT,SELL,9
2025-10-25,04:09,币安人生USDT,BUY,8
2025-10-25,04:10,币安人生USDT,BUY,20
2025-10-25,04:10,4USDT,BUY,13
2025-10-25,04:10,VIRTUALUSDT,SELL,8
2025-10-25,04:11,VIRTUALUSDT,SELL,9
2025-10-25,04:11,4USDT,BUY,11
2025-10-25,04:12,4USDT,BUY,13
2025-10-25,04:12,COAIUSDT,SELL,11
2025-10-25,04:12,EVAAUSDT,BUY,9
2025-10-25,04:13,EVAAUSDT,BUY,8
2025-10-25,04:13,4USDT,BUY,19
2025-10-25,04:14,LIGHTUSDT,SELL,7
2025-10-25,04:15,币安人生USDT,SELL,11
2025-10-25,04:15,DOODUSDT,BUY,7
2025-10-25,04:16,GIGGLEUSDT,BUY,22
2025-10-25,04:16,EVAAUSDT,BUY,7
2025-10-25,04:16,DOODUSDT,BUY,10
2025-10-25,04:17,EVAAUSDT,BUY,11
2025-10-25,04:21,FUSDT,BUY,12
2025-10-25,04:22,4USDT,BUY,10
2025-10-25,04:23,HUSDT,BUY,13
2025-10-25,04:24,HUSDT,BUY,16
2025-10-25,04:24,EVAAUSDT,BUY,17
2025-10-25,04:25,币安人生USDT,SELL,13
2025-10-25,04:25,COAIUSDT,SELL,19
2025-10-25,04:26,COAIUSDT,SELL,28
2025-10-25,04:26,TREEUSDT,SELL,11
2025-10-25,04:27,COAIUSDT,SELL,12
2025-10-25,04:27,TREEUSDT,SELL,10
2025-10-25,04:30,COAIUSDT,SELL,15
2025-10-25,04:32,GIGGLEUSDT,BUY,27
2025-10-25,04:36,EVAAUSDT,BUY,8
2025-10-25,04:36,VIRTUALUSDT,SELL,13
2025-10-25,04:37,VIRTUALUSDT,SELL,12
2025-10-25,04:37,BLUAIUSDT,SELL,9
2025-10-25,04:38,BLUAIUSDT,SELL,9
2025-10-25,04:39,BLUAIUSDT,SELL,8
2025-10-25,04:40,PIPPINUSDT,SELL,11
2025-10-25,04:41,EVAAUSDT,BUY,7
2025-10-25,04:42,4USDT,BUY,7
2025-10-25,04:42,HUSDT,BUY,7
2025-10-25,04:43,HUSDT,BUY,10
2025-10-25,04:45,RIVERUSDT,BUY,12
2025-10-25,04:46,RIVERUSDT,BUY,10
2025-10-25,04:47,COAIUSDT,SELL,16
2025-10-25,04:48,FUSDT,SELL,11
2025-10-25,04:56,AVNTUSDT,SELL,8
2025-10-25,05:00,COAIUSDT,SELL,8
2025-10-25,05:00,RIVERUSDT,BUY,9
2025-10-25,05:00,EVAAUSDT,BUY,11
2025-10-25,05:01,COAIUSDT,SELL,13
2025-10-25,05:01,RIVERUSDT,BUY,11
2025-10-25,05:02,COAIUSDT,SELL,23
2025-10-25,05:03,COAIUSDT,SELL,23
2025-10-25,05:03,4USDT,BUY,17
2025-10-25,05:04,4USDT,BUY,13
2025-10-25,05:04,COAIUSDT,SELL,29
2025-10-25,05:06,XPINUSDT,BUY,9
2025-10-25,05:06,GIGGLEUSDT,SELL,15
2025-10-25,05:07,GIGGLEUSDT,SELL,25
2025-10-25,05:08,UBUSDT,SELL,7
2025-10-25,05:09,EVAAUSDT,SELL,7
2025-10-25,05:09,UBUSDT,SELL,7
2025-10-25,05:10,EVAAUSDT,SELL,8
2025-10-25,05:11,EVAAUSDT,SELL,9
2025-10-25,05:11,币安人生USDT,BUY,14
2025-10-25,05:12,币安人生USDT,BUY,17
2025-10-25,05:13,币安人生USDT,BUY,8
2025-10-25,05:15,EPTUSDT,BUY,10
2025-10-25,05:16,EPTUSDT,BUY,7
2025-10-25,05:16,COAIUSDT,SELL,14
2025-10-25,05:17,COAIUSDT,SELL,11
2025-10-25,05:17,HUSDT,BUY,7
2025-10-25,05:18,HUSDT,BUY,12
2025-10-25,05:18,BTCUSDT,BUY,13
2025-10-25,05:19,HUSDT,BUY,9
2025-10-25,05:19,BTCUSDT,BUY,11
2025-10-25,05:20,COAIUSDT,BUY,11
2025-10-25,05:21,COAIUSDT,BUY,11
2025-10-25,05:22,HUSDT,BUY,10
2025-10-25,05:25,HUSDT,BUY,21
2025-10-25,05:26,币安人生USDT,SELL,12
2025-10-25,05:26,XRPUSDT,BUY,11
2025-10-25,05:27,币安人生USDT,SELL,12
2025-10-25,05:27,XRPUSDT,BUY,12
2025-10-25,05:32,COAIUSDT,SELL,19
2025-10-25,05:33,COAIUSDT,SELL,13
2025-10-25,05:33,BLUAIUSDT,SELL,10
2025-10-25,05:34,BLUAIUSDT,SELL,9
2025-10-25,05:34,SKATEUSDT,BUY,9
2025-10-25,05:34,COAIUSDT,BUY,7
2025-10-25,05:35,COAIUSDT,BUY,12
2025-10-25,05:36,GIGGLEUSDT,BUY,7
2025-10-25,05:36,HUSDT,BUY,7
2025-10-25,05:37,HUSDT,BUY,7
2025-10-25,05:41,EVAAUSDT,BUY,8
2025-10-25,05:43,PIPPINUSDT,BUY,8
2025-10-25,05:43,METUSDT,SELL,10
2025-10-25,05:44,METUSDT,SELL,9
2025-10-25,05:44,币安人生USDT,SELL,16
2025-10-25,05:46,4USDT,BUY,8
2025-10-25,05:46,HUSDT,SELL,9
2025-10-25,05:49,COAIUSDT,BUY,8
2025-10-25,05:50,KGENUSDT,SELL,7
2025-10-25,05:50,COAIUSDT,BUY,16
2025-10-25,05:50,TRXUSDT,SELL,9
2025-10-25,05:50,XPINUSDT,BUY,10
2025-10-25,05:51,COAIUSDT,BUY,9
2025-10-25,05:51,BLUAIUSDT,SELL,10
2025-10-25,05:51,TRXUSDT,SELL,9
2025-10-25,05:51,XPINUSDT,BUY,10
2025-10-25,05:52,BLUAIUSDT,SELL,12
2025-10-25,05:52,COAIUSDT,BUY,14
2025-10-25,05:52,XPINUSDT,BUY,7
2025-10-25,05:53,COAIUSDT,BUY,13
2025-10-25,05:53,XPINUSDT,BUY,7
2025-10-25,05:54,GIGGLEUSDT,SELL,17
2025-10-25,05:57,COAIUSDT,SELL,8
2025-10-25,05:58,BANKUSDT,SELL,7
2025-10-25,06:01,TRXUSDT,SELL,7
2025-10-25,06:01,BLUAIUSDT,SELL,11
2025-10-25,06:02,BLUAIUSDT,SELL,20
2025-10-25,06:03,BLUAIUSDT,SELL,9
2025-10-25,06:03,币安人生USDT,SELL,7
2025-10-25,06:03,HUSDT,SELL,8
2025-10-25,06:04,HUSDT,SELL,8
2025-10-25,06:05,AIAUSDT,SELL,10
2025-10-25,06:05,KGENUSDT,SELL,7
2025-10-25,06:06,AIAUSDT,SELL,9
2025-10-25,06:06,KGENUSDT,SELL,14
2025-10-25,06:07,KGENUSDT,SELL,8
2025-10-25,06:07,HUSDT,BUY,7
2025-10-25,06:11,AIAUSDT,SELL,9
2025-10-25,06:11,4USDT,SELL,8
2025-10-25,06:11,TRXUSDT,SELL,9
2025-10-25,06:12,TRXUSDT,SELL,7
2025-10-25,06:12,RIVERUSDT,SELL,7
2025-10-25,06:12,4USDT,SELL,9
2025-10-25,06:12,AIAUSDT,SELL,8
2025-10-25,06:13,COAIUSDT,SELL,12
2025-10-25,06:14,COAIUSDT,SELL,25
2025-10-25,06:15,COAIUSDT,SELL,26
2025-10-25,06:15,EVAAUSDT,SELL,13
2025-10-25,06:16,COAIUSDT,SELL,16
2025-10-25,06:16,BLUAIUSDT,SELL,12
2025-10-25,06:16,KDAUSDT,SELL,7
2025-10-25,06:17,BASUSDT,SELL,8
2025-10-25,06:17,KGENUSDT,SELL,9
2025-10-25,06:17,BLUAIUSDT,SELL,30
2025-10-25,06:17,METUSDT,SELL,7
2025-10-25,06:17,MYXUSDT,SELL,7
2025-10-25,06:17,KDAUSDT,SELL,15
2025-10-25,06:17,COAIUSDT,SELL,23
2025-10-25,06:17,PIPPINUSDT,SELL,7
2025-10-25,06:18,COAIUSDT,SELL,21
2025-10-25,06:18,BLUAIUSDT,SELL,19
2025-10-25,06:18,METUSDT,SELL,8
2025-10-25,06:18,KDAUSDT,SELL,8
2025-10-25,06:19,HUSDT,SELL,7
2025-10-25,06:20,COAIUSDT,BUY,15
2025-10-25,06:21,COAIUSDT,BUY,14
2025-10-25,06:21,MYXUSDT,SELL,8
2025-10-25,06:22,COAIUSDT,BUY,10
2025-10-25,06:24,4USDT,SELL,17
2025-10-25,06:25,KGENUSDT,SELL,7
2025-10-25,06:25,4USDT,SELL,16
2025-10-25,06:29,GIGGLEUSDT,BUY,7
2025-10-25,06:30,BANKUSDT,SELL,11
2025-10-25,06:31,BANKUSDT,SELL,10
2025-10-25,06:33,METUSDT,SELL,8
2025-10-25,06:34,METUSDT,SELL,8
2025-10-25,06:42,BTRUSDT,SELL,9
2025-10-25,06:43,BTRUSDT,SELL,10
2025-10-25,06:44,BANKUSDT,SELL,8
2025-10-25,06:45,BANKUSDT,SELL,15
2025-10-25,06:45,RIVERUSDT,SELL,9
2025-10-25,06:46,RIVERUSDT,SELL,9
2025-10-25,06:46,4USDT,BUY,7
2025-10-25,06:46,BANKUSDT,SELL,9
2025-10-25,06:46,BLUAIUSDT,SELL,9
2025-10-25,06:47,BANKUSDT,SELL,16
2025-10-25,06:47,BLUAIUSDT,SELL,7
2025-10-25,06:47,4USDT,BUY,7
2025-10-25,06:47,SOLUSDT,BUY,7
2025-10-25,06:48,SOLUSDT,BUY,8
2025-10-25,06:52,BANKUSDT,BUY,7
2025-10-25,06:53,BANKUSDT,BUY,8
2025-10-25,06:55,HUSDT,SELL,13
2025-10-25,06:56,HUSDT,SELL,9
2025-10-25,06:56,XPINUSDT,SELL,7
2025-10-25,06:58,HUSDT,SELL,12
2025-10-25,07:00,KDAUSDT,SELL,7
2025-10-25,07:01,KGENUSDT,SELL,8
2025-10-25,07:02,币安人生USDT,SELL,8
2025-10-25,07:03,COAIUSDT,SELL,7
2025-10-25,07:03,币安人生USDT,SELL,15
2025-10-25,07:07,KDAUSDT,SELL,11
2025-10-25,07:08,EVAAUSDT,BUY,9
2025-10-25,07:12,XPINUSDT,SELL,10
2025-10-25,07:13,FUSDT,BUY,8
2025-10-25,07:13,XPINUSDT,SELL,9
2025-10-25,07:14,FUSDT,BUY,17
2025-10-25,07:14,4USDT,SELL,9
2025-10-25,07:16,币安人生USDT,SELL,9
2025-10-25,07:16,KGENUSDT,SELL,10
2025-10-25,07:17,4USDT,SELL,16
2025-10-25,07:17,KGENUSDT,SELL,12
2025-10-25,07:19,BANKUSDT,SELL,7
2025-10-25,07:19,DEGOUSDT,BUY,9
2025-10-25,07:20,DEGOUSDT,BUY,9
2025-10-25,07:27,MBOXUSDT,BUY,7
2025-10-25,07:28,MBOXUSDT,BUY,8
2025-10-25,07:31,BLESSUSDT,BUY,8
2025-10-25,07:31,DEGOUSDT,BUY,10
2025-10-25,07:31,FUSDT,BUY,9
2025-10-25,07:38,COAIUSDT,BUY,18
2025-10-25,07:39,COAIUSDT,BUY,24
2025-10-25,07:39,INUSDT,BUY,8
2025-10-25,07:40,INUSDT,BUY,8
2025-10-25,07:40,EVAAUSDT,BUY,7
2025-10-25,07:43,FUSDT,BUY,7
2025-10-25,07:44,FUSDT,BUY,9
2025-10-25,07:44,GIGGLEUSDT,SELL,7
2025-10-25,07:45,FUSDT,BUY,8
2025-10-25,07:45,ASTERUSDT,SELL,14
2025-10-25,07:45,COAIUSDT,SELL,12
2025-10-25,07:46,ASTERUSDT,SELL,11
2025-10-25,07:46,FUSDT,BUY,19
2025-10-25,07:46,COAIUSDT,SELL,9
2025-10-25,07:47,FUSDT,BUY,26
2025-10-25,07:54,GIGGLEUSDT,BUY,16
2025-10-25,07:56,BLESSUSDT,BUY,7
2025-10-25,07:57,LIGHTUSDT,SELL,9
2025-10-25,07:58,LIGHTUSDT,SELL,14
2025-10-25,07:59,GIGGLEUSDT,BUY,10
2025-10-25,08:04,B2USDT,SELL,8
2025-10-25,08:04,HUSDT,BUY,10
2025-10-25,08:05,B2USDT,SELL,7
2025-10-25,08:05,EVAAUSDT,BUY,21
2025-10-25,08:05,COAIUSDT,SELL,8
2025-10-25,08:06,COAIUSDT,SELL,13
2025-10-25,08:07,COAIUSDT,SELL,23
2025-10-25,08:08,COAIUSDT,SELL,14
2025-10-25,08:09,COAIUSDT,SELL,8
2025-10-25,08:10,COAIUSDT,SELL,7
2025-10-25,08:12,BLESSUSDT,BUY,9
2025-10-25,08:13,BLESSUSDT,BUY,10
2025-10-25,08:14,LIGHTUSDT,SELL,15
2025-10-25,08:18,BTCUSDT,BUY,8
2025-10-25,08:23,GIGGLEUSDT,BUY,17
2025-10-25,08:24,GIGGLEUSDT,BUY,13
2025-10-25,08:24,BTCUSDT,BUY,7
2025-10-25,08:24,UBUSDT,BUY,7
2025-10-25,08:25,UBUSDT,BUY,7
2025-10-25,08:28,币安人生USDT,SELL,8
2025-10-25,08:31,GIGGLEUSDT,BUY,13
2025-10-25,08:32,BLESSUSDT,SELL,11
2025-10-25,08:33,BLESSUSDT,SELL,7
2025-10-25,08:33,KGENUSDT,SELL,7
2025-10-25,08:33,ETHUSDT,BUY,8
2025-10-25,08:34,ETHUSDT,BUY,8
2025-10-25,08:34,HUSDT,BUY,7
2025-10-25,08:35,KGENUSDT,SELL,7
2025-10-25,08:36,KGENUSDT,SELL,8
2025-10-25,08:36,GIGGLEUSDT,SELL,10
2025-10-25,08:38,KGENUSDT,SELL,8
2025-10-25,08:39,KGENUSDT,SELL,12
2025-10-25,08:40,QUSDT,SELL,9
2025-10-25,08:41,QUSDT,SELL,10
2025-10-25,08:42,QUSDT,SELL,7
2025-10-25,08:42,COSUSDT,BUY,8
2025-10-25,08:50,PIPPINUSDT,BUY,7
2025-10-25,08:51,PIPPINUSDT,BUY,7
2025-10-25,08:57,B2USDT,BUY,10
2025-10-25,08:57,4USDT,BUY,7
2025-10-25,08:58,4USDT,BUY,7
2025-10-25,09:02,ENSOUSDT,BUY,11
2025-10-25,09:05,UBUSDT,BUY,9
2025-10-25,09:06,UBUSDT,BUY,14
2025-10-25,09:07,VIRTUALUSDT,BUY,8
2025-10-25,09:07,FUSDT,SELL,9
2025-10-25,09:08,VIRTUALUSDT,BUY,7
2025-10-25,09:10,COAIUSDT,SELL,7
2025-10-25,09:12,BLESSUSDT,BUY,9
2025-10-25,09:13,GIGGLEUSDT,SELL,9
2025-10-25,09:16,RECALLUSDT,SELL,10
2025-10-25,09:17,RECALLUSDT,SELL,11
2025-10-25,09:18,DOODUSDT,SELL,13
2025-10-25,09:18,IDOLUSDT,SELL,8
2025-10-25,09:19,DOODUSDT,SELL,10
2025-10-25,09:19,VIRTUALUSDT,BUY,8
2025-10-25,09:21,BLESSUSDT,BUY,17
2025-10-25,09:22,BLESSUSDT,BUY,25
2025-10-25,09:22,SOLUSDT,BUY,7
2025-10-25,09:23,BLESSUSDT,BUY,25
2025-10-25,09:23,SOLUSDT,BUY,8
2025-10-25,09:27,FUSDT,SELL,13
2025-10-25,09:28,COAIUSDT,BUY,14
2025-10-25,09:29,COAIUSDT,BUY,12
2025-10-25,09:31,GIGGLEUSDT,BUY,7
2025-10-25,09:33,EVAAUSDT,BUY,8
2025-10-25,09:38,GIGGLEUSDT,BUY,7
2025-10-25,09:39,COAIUSDT,BUY,13
2025-10-25,09:39,HUSDT,SELL,7
2025-10-25,09:39,EVAAUSDT,SELL,9
2025-10-25,09:40,COAIUSDT,BUY,10
2025-10-25,09:40,EVAAUSDT,SELL,9
2025-10-25,09:45,PIPPINUSDT,SELL,7
2025-10-25,09:45,BLESSUSDT,BUY,11
2025-10-25,09:45,COAIUSDT,BUY,11
2025-10-25,09:46,VIRTUALUSDT,BUY,16
2025-10-25,09:46,BLESSUSDT,BUY,16
2025-10-25,09:46,FUSDT,SELL,7
2025-10-25,09:46,HUSDT,BUY,7
2025-10-25,09:47,BLESSUSDT,BUY,11
2025-10-25,09:47,VIRTUALUSDT,BUY,13
2025-10-25,09:50,COAIUSDT,BUY,10
2025-10-25,09:50,GIGGLEUSDT,BUY,14
2025-10-25,09:51,GIGGLEUSDT,BUY,15
2025-10-25,09:51,PIPPINUSDT,BUY,13
2025-10-25,09:52,HUSDT,BUY,14
2025-10-25,09:52,PIPPINUSDT,BUY,8
2025-10-25,09:53,HUSDT,BUY,8
2025-10-25,09:53,ETHUSDT,BUY,7
2025-10-25,09:53,FUSDT,SELL,7
2025-10-25,09:54,FUSDT,SELL,15
2025-10-25,09:54,GIGGLEUSDT,BUY,9
2025-10-25,09:54,ENSOUSDT,SELL,9
2025-10-25,09:54,HUSDT,BUY,8
2025-10-25,09:55,FUSDT,SELL,8
2025-10-25,09:55,ENSOUSDT,SELL,9
2025-10-25,09:55,HUSDT,BUY,8
2025-10-25,09:56,BLESSUSDT,BUY,10
2025-10-25,09:57,PIPPINUSDT,BUY,12
2025-10-25,09:58,PIPPINUSDT,BUY,10
2025-10-25,09:58,HUSDT,BUY,11
2025-10-25,09:59,ENSOUSDT,SELL,7
2025-10-25,09:59,ETHUSDT,BUY,7
2025-10-25,10:03,COAIUSDT,BUY,25
2025-10-25,10:03,BLUAIUSDT,SELL,8
2025-10-25,10:04,COAIUSDT,BUY,14
2025-10-25,10:04,BLUAIUSDT,SELL,8
2025-10-25,10:05,EDENUSDT,BUY,7
2025-10-25,10:06,BLESSUSDT,BUY,15
2025-10-25,10:06,EDENUSDT,BUY,7
2025-10-25,10:08,COAIUSDT,BUY,23
2025-10-25,10:09,COAIUSDT,BUY,20
2025-10-25,10:13,VIRTUALUSDT,BUY,13
2025-10-25,10:14,VIRTUALUSDT,BUY,10
2025-10-25,10:14,BLUAIUSDT,SELL,9
2025-10-25,10:17,4USDT,BUY,7
2025-10-25,10:18,COAIUSDT,BUY,9
2025-10-25,10:19,COAIUSDT,BUY,11
2025-10-25,10:20,BLESSUSDT,SELL,9
2025-10-25,10:27,BLESSUSDT,SELL,12
2025-10-25,10:27,PIPPINUSDT,SELL,8
2025-10-25,10:31,EVAAUSDT,SELL,11
2025-10-25,10:37,COAIUSDT,SELL,8
2025-10-25,10:38,COAIUSDT,SELL,14
2025-10-25,10:38,EVAAUSDT,SELL,7
2025-10-25,10:38,GIGGLEUSDT,SELL,7
2025-10-25,10:39,COAIUSDT,SELL,11
2025-10-25,10:43,HUSDT,SELL,11
2025-10-25,10:44,KAITOUSDT,BUY,8
2025-10-25,10:44,VIRTUALUSDT,BUY,7
2025-10-25,10:45,KAITOUSDT,BUY,9
2025-10-25,10:45,VIRTUALUSDT,BUY,7
2025-10-25,10:46,BLESSUSDT,BUY,10
2025-10-25,10:46,FUSDT,SELL,11
2025-10-25,10:46,HUSDT,SELL,8
2025-10-25,10:47,HUSDT,SELL,8
2025-10-25,10:50,SOLUSDT,SELL,15
2025-10-25,10:51,SOLUSDT,SELL,16
2025-10-25,10:51,GIGGLEUSDT,SELL,17
2025-10-25,10:52,BLESSUSDT,BUY,8
2025-10-25,10:53,COAIUSDT,BUY,7
2025-10-25,10:54,EVAAUSDT,SELL,13
2025-10-25,10:56,4USDT,SELL,10
2025-10-25,10:57,4USDT,SELL,8
2025-10-25,10:58,币安人生USDT,BUY,11
2025-10-25,11:00,DEGOUSDT,BUY,7
2025-10-25,11:01,DEGOUSDT,BUY,9
2025-10-25,11:01,币安人生USDT,BUY,12
2025-10-25,11:01,HUSDT,SELL,7
2025-10-25,11:02,币安人生USDT,BUY,7
2025-10-25,11:02,EVAAUSDT,SELL,15
2025-10-25,11:03,EVAAUSDT,SELL,17
2025-10-25,11:04,ZKCUSDT,BUY,7
2025-10-25,11:05,ZKCUSDT,BUY,7
2025-10-25,11:06,EVAAUSDT,BUY,7
2025-10-25,11:06,VIRTUALUSDT,SELL,10
2025-10-25,11:06,SOLUSDT,SELL,7
2025-10-25,11:07,DOGEUSDT,SELL,8
2025-10-25,11:07,VIRTUALUSDT,SELL,12
2025-10-25,11:07,SOLUSDT,SELL,12
2025-10-25,11:07,ETHUSDT,SELL,7
2025-10-25,11:08,4USDT,BUY,7
2025-10-25,11:09,4USDT,BUY,19
2025-10-25,11:09,FUSDT,BUY,8
2025-10-25,11:10,FUSDT,BUY,7
2025-10-25,11:13,HUSDT,SELL,9
2025-10-25,11:15,BLESSUSDT,SELL,8
2025-10-25,11:16,SIGNUSDT,BUY,8
2025-10-25,11:18,HUSDT,SELL,13
2025-10-25,11:20,GIGGLEUSDT,BUY,16
2025-10-25,11:21,GIGGLEUSDT,BUY,13
2025-10-25,11:21,COAIUSDT,SELL,13
2025-10-25,11:22,COAIUSDT,SELL,13
2025-10-25,11:23,BLESSUSDT,BUY,9
2025-10-25,11:23,4USDT,BUY,7
2025-10-25,11:24,BLESSUSDT,BUY,7
2025-10-25,11:25,币安人生USDT,BUY,12
2025-10-25,11:28,GIGGLEUSDT,BUY,8
2025-10-25,11:29,GIGGLEUSDT,BUY,12
2025-10-25,11:29,BASUSDT,BUY,7
2025-10-25,11:30,BASUSDT,BUY,7
2025-10-25,11:30,GIGGLEUSDT,BUY,16
2025-10-25,11:30,COAIUSDT,SELL,9
2025-10-25,11:31,GIGGLEUSDT,BUY,9
2025-10-25,11:31,COAIUSDT,SELL,16
2025-10-25,11:31,4USDT,BUY,10
2025-10-25,11:32,4USDT,BUY,14
2025-10-25,11:32,COAIUSDT,SELL,7
2025-10-25,11:32,HUSDT,SELL,11
2025-10-25,11:33,KGENUSDT,SELL,7
2025-10-25,11:35,DEGOUSDT,BUY,8
2025-10-25,11:36,DEGOUSDT,BUY,9
2025-10-25,11:41,BLESSUSDT,SELL,7
2025-10-25,11:43,KGENUSDT,SELL,9
2025-10-25,11:45,XRPUSDT,BUY,8
2025-10-25,11:45,HUSDT,SELL,14
2025-10-25,11:46,XRPUSDT,BUY,14
2025-10-25,11:46,BLESSUSDT,BUY,22
2025-10-25,11:46,币安人生USDT,SELL,8
2025-10-25,11:47,XRPUSDT,BUY,11
2025-10-25,11:47,BLESSUSDT,BUY,19
2025-10-25,11:52,GIGGLEUSDT,BUY,27
2025-10-25,11:52,RVVUSDT,SELL,7
2025-10-25,11:52,VIRTUALUSDT,SELL,7
2025-10-25,11:53,VIRTUALUSDT,SELL,8
2025-10-25,11:58,COAIUSDT,SELL,7
2025-10-25,12:01,币安人生USDT,SELL,7
2025-10-25,12:02,EVAAUSDT,SELL,15
2025-10-25,12:04,HUSDT,BUY,8
2025-10-25,12:04,币安人生USDT,BUY,8
2025-10-25,12:04,COAIUSDT,SELL,9
2025-10-25,12:05,YBUSDT,BUY,8
2025-10-25,12:05,COAIUSDT,SELL,15
2025-10-25,12:05,币安人生USDT,BUY,7
2025-10-25,12:06,COAIUSDT,SELL,8
2025-10-25,12:07,BLESSUSDT,SELL,9
2025-10-25,12:07,QUSDT,SELL,10
2025-10-25,12:08,QUSDT,SELL,10
2025-10-25,12:11,EVAAUSDT,BUY,8
2025-10-25,12:11,RIVERUSDT,SELL,8
2025-10-25,12:13,QUSDT,SELL,8
2025-10-25,12:15,4USDT,SELL,14
2025-10-25,12:16,BASUSDT,SELL,10
2025-10-25,12:18,COAIUSDT,SELL,9
2025-10-25,12:18,HUSDT,SELL,8
2025-10-25,12:18,ARIAUSDT,SELL,8
2025-10-25,12:19,BLESSUSDT,SELL,22
2025-10-25,12:19,COAIUSDT,SELL,13
2025-10-25,12:19,ARIAUSDT,SELL,8
2025-10-25,12:20,COAIUSDT,SELL,7
2025-10-25,12:22,4USDT,SELL,13
2025-10-25,12:22,币安人生USDT,SELL,8
2025-10-25,12:24,ENSOUSDT,SELL,7
2025-10-25,12:24,EDENUSDT,BUY,8
2025-10-25,12:25,PIPPINUSDT,SELL,8
2025-10-25,12:26,RVVUSDT,SELL,20
2025-10-25,12:27,RVVUSDT,SELL,16
2025-10-25,12:27,4USDT,SELL,10
2025-10-25,12:28,PIPPINUSDT,SELL,16
2025-10-25,12:28,BLESSUSDT,SELL,7
2025-10-25,12:29,PIPPINUSDT,SELL,17
2025-10-25,12:29,XRPUSDT,BUY,7
2025-10-25,12:32,RVVUSDT,SELL,11
2025-10-25,12:33,RVVUSDT,SELL,7
2025-10-25,12:34,PUMPBTCUSDT,SELL,11
2025-10-25,12:35,PUMPBTCUSDT,SELL,12
2025-10-25,12:36,GIGGLEUSDT,BUY,8
2025-10-25,12:36,PIPPINUSDT,SELL,8
2025-10-25,12:44,COAIUSDT,BUY,13
2025-10-25,12:45,COAIUSDT,BUY,7
2025-10-25,12:47,VIRTUALUSDT,SELL,9
2025-10-25,12:47,EDENUSDT,BUY,8
2025-10-25,12:48,VIRTUALUSDT,SELL,9
2025-10-25,12:48,EDENUSDT,BUY,12
2025-10-25,12:49,HUSDT,BUY,7
2025-10-25,12:52,BLESSUSDT,BUY,13
2025-10-25,12:53,BLESSUSDT,BUY,20
2025-10-25,12:54,BLESSUSDT,BUY,9
2025-10-25,12:55,币安人生USDT,SELL,7
2025-10-25,12:57,HUSDT,SELL,7
2025-10-25,13:00,BLESSUSDT,BUY,16
2025-10-25,13:01,BLESSUSDT,BUY,16
2025-10-25,13:02,EDENUSDT,BUY,21
2025-10-25,13:03,OBOLUSDT,BUY,7
2025-10-25,13:04,MUSDT,BUY,11
2025-10-25,13:05,MUSDT,BUY,8
2025-10-25,13:06,MUSDT,BUY,7
2025-10-25,13:08,GIGGLEUSDT,BUY,7
2025-10-25,13:13,BLESSUSDT,SELL,8
2025-10-25,13:13,EDENUSDT,SELL,14
2025-10-25,13:14,EDENUSDT,SELL,18
2025-10-25,13:15,SOLUSDT,BUY,8
2025-10-25,13:16,VIRTUALUSDT,BUY,10
2025-10-25,13:17,AKEUSDT,SELL,7
2025-10-25,13:18,EDENUSDT,BUY,7
2025-10-25,13:18,HUSDT,SELL,7
2025-10-25,13:19,HUSDT,SELL,10
2025-10-25,13:24,VIRTUALUSDT,BUY,8
2025-10-25,13:25,VIRTUALUSDT,BUY,9
2025-10-25,13:25,EVAAUSDT,SELL,11
2025-10-25,13:26,EVAAUSDT,SELL,10
2025-10-25,13:33,BLESSUSDT,SELL,8
2025-10-25,13:35,XRPUSDT,BUY,14
2025-10-25,13:36,VIRTUALUSDT,BUY,8
2025-10-25,13:36,XRPUSDT,BUY,16
2025-10-25,13:36,AVNTUSDT,SELL,8
2025-10-25,13:37,AVNTUSDT,SELL,9
2025-10-25,13:38,AVNTUSDT,SELL,7
2025-10-25,13:39,AVNTUSDT,SELL,10
2025-10-25,13:39,HUSDT,BUY,7
2025-10-25,13:40,HUSDT,BUY,20
2025-10-25,13:40,XANUSDT,SELL,7
2025-10-25,13:41,XANUSDT,SELL,7
2025-10-25,13:41,BLESSUSDT,BUY,8
2025-10-25,13:48,BTCUSDT,BUY,11
2025-10-25,13:48,ZECUSDT,BUY,8
2025-10-25,13:48,VIRTUALUSDT,BUY,15
2025-10-25,13:49,VIRTUALUSDT,BUY,16
2025-10-25,13:49,ZECUSDT,BUY,7
2025-10-25,13:49,BTCUSDT,BUY,10
2025-10-25,13:50,AVNTUSDT,SELL,10
2025-10-25,13:51,AVNTUSDT,SELL,10
2025-10-25,13:52,GIGGLEUSDT,SELL,9
2025-10-25,13:55,COAIUSDT,SELL,32
2025-10-25,13:55,BLESSUSDT,SELL,8
2025-10-25,13:55,币安人生USDT,SELL,7
2025-10-25,13:56,COAIUSDT,SELL,30
2025-10-25,13:56,币安人生USDT,SELL,11
2025-10-25,13:57,GIGGLEUSDT,BUY,13
2025-10-25,13:58,BLESSUSDT,SELL,9
2025-10-25,14:00,PIPPINUSDT,SELL,12
2025-10-25,14:00,EVAAUSDT,SELL,14
2025-10-25,14:01,EVAAUSDT,SELL,14
2025-10-25,14:01,PIPPINUSDT,SELL,12
2025-10-25,14:01,ASTERUSDT,SELL,9
2025-10-25,14:01,AIAUSDT,SELL,14
2025-10-25,14:01,HUSDT,SELL,8
2025-10-25,14:02,AIAUSDT,SELL,35
2025-10-25,14:02,ASTERUSDT,SELL,12
2025-10-25,14:03,ENSOUSDT,SELL,7
2025-10-25,14:03,AIAUSDT,SELL,28
2025-10-25,14:03,ASTERUSDT,SELL,12
2025-10-25,14:03,RVVUSDT,SELL,8
2025-10-25,14:04,ASTERUSDT,SELL,8
2025-10-25,14:04,RVVUSDT,SELL,8
2025-10-25,14:05,GIGGLEUSDT,SELL,10
2025-10-25,14:06,ORDERUSDT,SELL,7
2025-10-25,14:08,EDENUSDT,BUY,10
2025-10-25,14:09,币安人生USDT,SELL,7
2025-10-25,14:09,4USDT,SELL,11
2025-10-25,14:10,4USDT,SELL,17
2025-10-25,14:11,4USDT,SELL,14
2025-10-25,14:12,EDENUSDT,BUY,7
2025-10-25,14:16,COAIUSDT,BUY,13
2025-10-25,14:17,COAIUSDT,BUY,13
2025-10-25,14:17,VIRTUALUSDT,BUY,10
2025-10-25,14:18,VIRTUALUSDT,BUY,11
2025-10-25,14:19,EDENUSDT,SELL,7
2025-10-25,14:19,GIGGLEUSDT,SELL,11
2025-10-25,14:21,4USDT,SELL,13
2025-10-25,14:21,VIRTUALUSDT,BUY,8
2025-10-25,14:22,4USDT,SELL,26
2025-10-25,14:24,币安人生USDT,SELL,13
2025-10-25,14:25,COAIUSDT,BUY,8
2025-10-25,14:26,COAIUSDT,BUY,11
2025-10-25,14:27,EDENUSDT,BUY,15
2025-10-25,14:28,4USDT,SELL,8
2025-10-25,14:29,4USDT,SELL,7
2025-10-25,14:30,GIGGLEUSDT,BUY,8
2025-10-25,14:30,XPINUSDT,SELL,9
2025-10-25,14:31,XPINUSDT,SELL,9
2025-10-25,14:31,GIGGLEUSDT,BUY,9
2025-10-25,14:32,BLESSUSDT,SELL,10
2025-10-25,14:32,XPINUSDT,SELL,34
2025-10-25,14:33,BLESSUSDT,SELL,8
2025-10-25,14:35,RIVERUSDT,BUY,7
2025-10-25,14:36,BLESSUSDT,BUY,8
2025-10-25,14:37,BLESSUSDT,BUY,7
2025-10-25,14:38,EDENUSDT,BUY,7
2025-10-25,14:39,EDENUSDT,BUY,7
2025-10-25,14:39,VIRTUALUSDT,BUY,8
2025-10-25,14:39,BLESSUSDT,BUY,7
2025-10-25,14:40,VIRTUALUSDT,BUY,12
2025-10-25,14:42,SWARMSUSDT,BUY,8
2025-10-25,14:46,4USDT,SELL,9
2025-10-25,14:47,HUSDT,SELL,7
2025-10-25,14:47,DEGOUSDT,SELL,7
2025-10-25,14:50,EVAAUSDT,SELL,7
2025-10-25,14:50,VIRTUALUSDT,SELL,7
2025-10-25,14:51,XRPUSDT,BUY,9
2025-10-25,14:52,XRPUSDT,BUY,17
2025-10-25,14:53,XRPUSDT,BUY,12
2025-10-25,14:53,GIGGLEUSDT,BUY,8
2025-10-25,14:56,GIGGLEUSDT,BUY,9
2025-10-25,14:57,GIGGLEUSDT,BUY,12
2025-10-25,14:57,币安人生USDT,BUY,10
2025-10-25,14:59,GIGGLEUSDT,SELL,7
2025-10-25,15:01,PIPPINUSDT,SELL,9
2025-10-25,15:02,BLESSUSDT,SELL,11
2025-10-25,15:03,RVVUSDT,SELL,7
2025-10-25,15:04,4USDT,BUY,8
2025-10-25,15:04,RVVUSDT,SELL,7
2025-10-25,15:05,4USDT,BUY,7
2025-10-25,15:07,FUSDT,SELL,10
2025-10-25,15:07,XRPUSDT,BUY,8
2025-10-25,15:08,XRPUSDT,BUY,8
2025-10-25,15:09,XPINUSDT,BUY,7
2025-10-25,15:10,GIGGLEUSDT,BUY,9
2025-10-25,15:11,4USDT,SELL,11
2025-10-25,15:12,4USDT,SELL,13
2025-10-25,15:12,COAIUSDT,BUY,9
2025-10-25,15:16,VIRTUALUSDT,BUY,8
2025-10-25,15:17,COAIUSDT,BUY,11
2025-10-25,15:19,VIRTUALUSDT,BUY,10
2025-10-25,15:19,GIGGLEUSDT,BUY,8
2025-10-25,15:20,VIRTUALUSDT,BUY,11
2025-10-25,15:21,VIRTUALUSDT,BUY,11
2025-10-25,15:21,XRPUSDT,BUY,7
2025-10-25,15:23,GIGGLEUSDT,SELL,8
2025-10-25,15:25,SWARMSUSDT,SELL,7
2025-10-25,15:26,SWARMSUSDT,SELL,10
2025-10-25,15:26,VIRTUALUSDT,BUY,10
2025-10-25,15:27,VIRTUALUSDT,BUY,13
2025-10-25,15:28,BLESSUSDT,SELL,10
2025-10-25,15:28,EDENUSDT,SELL,8
2025-10-25,15:28,KGENUSDT,SELL,15
2025-10-25,15:29,RVVUSDT,SELL,11
2025-10-25,15:29,KGENUSDT,SELL,18
2025-10-25,15:29,BLESSUSDT,SELL,7
2025-10-25,15:30,GIGGLEUSDT,BUY,7
2025-10-25,15:30,RVVUSDT,SELL,9
2025-10-25,15:30,FUSDT,SELL,12
2025-10-25,15:31,FUSDT,SELL,13
2025-10-25,15:32,BLESSUSDT,SELL,32
2025-10-25,15:32,EDENUSDT,SELL,9
2025-10-25,15:32,RVVUSDT,SELL,9
2025-10-25,15:33,RVVUSDT,SELL,8
2025-10-25,15:35,BLESSUSDT,BUY,12
2025-10-25,15:37,XRPUSDT,BUY,16
2025-10-25,15:38,XRPUSDT,BUY,16
2025-10-25,15:39,GIGGLEUSDT,BUY,8
2025-10-25,15:42,ZKCUSDT,SELL,9
2025-10-25,15:43,ZKCUSDT,SELL,12
2025-10-25,15:43,HUSDT,BUY,9
2025-10-25,15:44,HUSDT,BUY,10
2025-10-25,15:45,GIGGLEUSDT,BUY,9
2025-10-25,15:46,EDENUSDT,SELL,10
2025-10-25,15:46,EVAAUSDT,BUY,19
2025-10-25,15:47,EDENUSDT,SELL,23
2025-10-25,15:47,BLESSUSDT,SELL,8
2025-10-25,15:49,EVAAUSDT,BUY,10
2025-10-25,15:56,VIRTUALUSDT,BUY,7
2025-10-25,15:58,AIXBTUSDT,BUY,7
2025-10-25,15:59,EVAAUSDT,SELL,8
2025-10-25,16:02,SYSUSDT,SELL,9
2025-10-25,16:03,SYSUSDT,SELL,9
2025-10-25,16:03,GIGGLEUSDT,BUY,10
2025-10-25,16:03,HUSDT,SELL,8
2025-10-25,16:04,VIRTUALUSDT,BUY,8
2025-10-25,16:05,HUSDT,BUY,18
2025-10-25,16:07,VIRTUALUSDT,SELL,8
2025-10-25,16:07,ENSOUSDT,BUY,7
2025-10-25,16:08,VIRTUALUSDT,SELL,7
2025-10-25,16:13,GIGGLEUSDT,SELL,13
2025-10-25,16:14,GIGGLEUSDT,SELL,24
2025-10-25,16:15,EVAAUSDT,BUY,17
2025-10-25,16:17,HUSDT,SELL,14
2025-10-25,16:17,GIGGLEUSDT,SELL,10
2025-10-25,16:17,VIRTUALUSDT,SELL,7
2025-10-25,16:17,RIVERUSDT,BUY,7
2025-10-25,16:18,HUSDT,SELL,8
2025-10-25,16:18,RIVERUSDT,BUY,11
2025-10-25,16:19,RIVERUSDT,BUY,17
2025-10-25,16:21,ENSOUSDT,SELL,8
2025-10-25,16:22,ENSOUSDT,SELL,8
2025-10-25,16:25,4USDT,BUY,11
2025-10-25,16:26,4USDT,BUY,12
2025-10-25,16:29,EVAAUSDT,SELL,7
2025-10-25,16:29,GIGGLEUSDT,BUY,7
2025-10-25,16:29,BLESSUSDT,BUY,8
2025-10-25,16:30,BLESSUSDT,BUY,8
2025-10-25,16:31,UBUSDT,BUY,12
2025-10-25,16:32,UBUSDT,BUY,7
2025-10-25,16:34,4USDT,BUY,7
2025-10-25,16:35,ZKCUSDT,SELL,11
2025-10-25,16:36,ZKCUSDT,SELL,7
2025-10-25,16:36,GIGGLEUSDT,BUY,8
2025-10-25,16:37,HUSDT,SELL,9
2025-10-25,16:40,VIRTUALUSDT,BUY,8
2025-10-25,16:42,VIRTUALUSDT,BUY,10
2025-10-25,16:42,ICNTUSDT,SELL,7
2025-10-25,16:43,VIRTUALUSDT,BUY,10
2025-10-25,16:43,币安人生USDT,BUY,10
2025-10-25,16:44,币安人生USDT,BUY,7
2025-10-25,16:46,COAIUSDT,SELL,9
2025-10-25,16:47,COAIUSDT,SELL,15
2025-10-25,16:48,COAIUSDT,SELL,11
2025-10-25,16:48,GIGGLEUSDT,SELL,9
2025-10-25,16:49,JUPUSDT,BUY,7
2025-10-25,16:49,RIVERUSDT,SELL,11
2025-10-25,16:50,RIVERUSDT,SELL,11
2025-10-25,16:50,币安人生USDT,BUY,7
2025-10-25,16:51,GIGGLEUSDT,SELL,10
2025-10-25,16:52,GIGGLEUSDT,SELL,11
2025-10-25,16:53,BLESSUSDT,SELL,7
2025-10-25,16:53,ENSOUSDT,SELL,8
2025-10-25,16:55,ETHUSDT,SELL,9
2025-10-25,16:56,AIXBTUSDT,BUY,8
2025-10-25,16:56,STBLUSDT,SELL,10
2025-10-25,16:57,STBLUSDT,SELL,10
2025-10-25,17:00,ENSOUSDT,SELL,9
2025-10-25,17:00,FHEUSDT,BUY,9
2025-10-25,17:01,FHEUSDT,BUY,9
2025-10-25,17:01,COAIUSDT,SELL,11
2025-10-25,17:02,COAIUSDT,SELL,17
2025-10-25,17:02,AIAUSDT,SELL,10
2025-10-25,17:03,COAIUSDT,SELL,8
2025-10-25,17:03,AIAUSDT,SELL,7
2025-10-25,17:04,BLESSUSDT,BUY,12
2025-10-25,17:05,HUSDT,BUY,22
2025-10-25,17:07,BTCUSDT,SELL,9
2025-10-25,17:10,FUSDT,SELL,9
2025-10-25,17:11,FUSDT,SELL,17
2025-10-25,17:12,BLESSUSDT,SELL,12
2025-10-25,17:13,BLESSUSDT,SELL,11
2025-10-25,17:13,AIXBTUSDT,SELL,7
2025-10-25,17:14,AIXBTUSDT,SELL,7
2025-10-25,17:15,ZKCUSDT,SELL,8
2025-10-25,17:17,HUSDT,SELL,12
2025-10-25,17:18,币安人生USDT,BUY,8
2025-10-25,17:19,COAIUSDT,BUY,11
2025-10-25,17:19,AIXBTUSDT,SELL,12
2025-10-25,17:20,COAIUSDT,BUY,8
2025-10-25,17:20,HUSDT,SELL,8
2025-10-25,17:21,DOODUSDT,SELL,10
2025-10-25,17:21,HUSDT,SELL,10
2025-10-25,17:22,HUSDT,SELL,10
2025-10-25,17:22,DOODUSDT,SELL,7
2025-10-25,17:23,VIRTUALUSDT,BUY,10
2025-10-25,17:23,UBUSDT,SELL,8
2025-10-25,17:24,UBUSDT,SELL,8
2025-10-25,17:26,UBUSDT,SELL,8
2025-10-25,17:27,HUSDT,SELL,9
2025-10-25,17:28,HUSDT,SELL,8
2025-10-25,17:31,FUSDT,SELL,9
2025-10-25,17:31,VIRTUALUSDT,BUY,19
2025-10-25,17:32,VIRTUALUSDT,BUY,17
2025-10-25,17:34,BLESSUSDT,SELL,11
2025-10-25,17:34,GIGGLEUSDT,BUY,7
2025-10-25,17:35,BLESSUSDT,SELL,9
2025-10-25,17:36,BLESSUSDT,SELL,10
2025-10-25,17:36,BIDUSDT,SELL,11
2025-10-25,17:37,BIDUSDT,SELL,9
2025-10-25,17:37,BLESSUSDT,SELL,19
2025-10-25,17:37,币安人生USDT,SELL,7
2025-10-25,17:37,XANUSDT,SELL,8
2025-10-25,17:38,BLESSUSDT,SELL,28
2025-10-25,17:38,VIRTUALUSDT,SELL,8
2025-10-25,17:38,XANUSDT,SELL,10
2025-10-25,17:40,币安人生USDT,BUY,16
2025-10-25,17:41,币安人生USDT,BUY,15
2025-10-25,17:42,币安人生USDT,BUY,11
2025-10-25,17:45,VIRTUALUSDT,SELL,14
2025-10-25,17:47,XRPUSDT,SELL,10
2025-10-25,17:48,VIRTUALUSDT,BUY,11
2025-10-25,17:48,XRPUSDT,SELL,11
2025-10-25,17:49,BLESSUSDT,SELL,9
2025-10-25,17:49,VIRTUALUSDT,BUY,7
2025-10-25,17:49,AINUSDT,SELL,9
2025-10-25,17:49,GIGGLEUSDT,BUY,15
2025-10-25,17:50,GIGGLEUSDT,BUY,22
2025-10-25,17:50,BANKUSDT,BUY,8
2025-10-25,17:51,BANKUSDT,BUY,7
2025-10-25,17:53,币安人生USDT,SELL,8
2025-10-25,17:53,XNYUSDT,SELL,7
2025-10-25,17:54,GIGGLEUSDT,SELL,7
2025-10-25,17:54,XNYUSDT,SELL,7
2025-10-25,17:59,币安人生USDT,SELL,18
2025-10-25,18:01,GIGGLEUSDT,BUY,11
2025-10-25,18:03,PUMPBTCUSDT,SELL,8
2025-10-25,18:03,BIOUSDT,BUY,7
2025-10-25,18:04,BIOUSDT,BUY,9
2025-10-25,18:06,BANKUSDT,BUY,8
2025-10-25,18:07,COAIUSDT,BUY,7
2025-10-25,18:16,AIXBTUSDT,SELL,7
2025-10-25,18:16,币安人生USDT,BUY,9
2025-10-25,18:16,COAIUSDT,BUY,11
2025-10-25,18:17,COAIUSDT,BUY,12
2025-10-25,18:17,GIGGLEUSDT,BUY,8
2025-10-25,18:17,HUSDT,SELL,7
2025-10-25,18:21,GIGGLEUSDT,BUY,11
2025-10-25,18:24,YBUSDT,BUY,7
2025-10-25,18:25,COAIUSDT,BUY,12
2025-10-25,18:26,COAIUSDT,BUY,8
2025-10-25,18:29,PIPPINUSDT,SELL,7
2025-10-25,18:31,YBUSDT,BUY,12
2025-10-25,18:31,币安人生USDT,BUY,13
2025-10-25,18:32,YBUSDT,BUY,7
2025-10-25,18:33,GIGGLEUSDT,SELL,9
2025-10-25,18:34,GIGGLEUSDT,SELL,8
2025-10-25,18:36,GIGGLEUSDT,SELL,12
2025-10-25,18:39,PIPPINUSDT,BUY,11
2025-10-25,18:40,PIPPINUSDT,BUY,12
2025-10-25,18:41,PIPPINUSDT,BUY,14
2025-10-25,18:43,GIGGLEUSDT,SELL,7
2025-10-25,18:43,YBUSDT,BUY,8
2025-10-25,18:46,PIPPINUSDT,BUY,18
2025-10-25,18:46,COAIUSDT,BUY,14
2025-10-25,18:46,币安人生USDT,SELL,14
2025-10-25,18:47,COAIUSDT,BUY,8
2025-10-25,18:48,HUSDT,SELL,9
2025-10-25,18:48,PIPPINUSDT,SELL,7
2025-10-25,18:52,UBUSDT,BUY,7
2025-10-25,18:53,PIPPINUSDT,BUY,16
2025-10-25,19:00,EVAAUSDT,BUY,7
2025-10-25,19:01,EVAAUSDT,BUY,9
2025-10-25,19:01,ENSOUSDT,SELL,7
2025-10-25,19:02,4USDT,SELL,9
2025-10-25,19:03,HUSDT,BUY,7
2025-10-25,19:04,HUSDT,BUY,10
2025-10-25,19:05,PIPPINUSDT,BUY,22
2025-10-25,19:05,GIGGLEUSDT,BUY,8
2025-10-25,19:06,ORDERUSDT,BUY,8
2025-10-25,19:06,GIGGLEUSDT,BUY,12
2025-10-25,19:07,UBUSDT,SELL,9
2025-10-25,19:07,GIGGLEUSDT,BUY,10
2025-10-25,19:08,HYPEUSDT,BUY,8
2025-10-25,19:08,UBUSDT,SELL,10
2025-10-25,19:09,BANKUSDT,SELL,7
2025-10-25,19:10,BANKUSDT,SELL,9
2025-10-25,19:11,GIGGLEUSDT,BUY,9
2025-10-25,19:17,HYPEUSDT,BUY,10
2025-10-25,19:19,GIGGLEUSDT,SELL,7
2025-10-25,19:19,RIVERUSDT,SELL,7
2025-10-25,19:24,ETHUSDT,BUY,7
2025-10-25,19:25,ETHUSDT,BUY,7
2025-10-25,19:26,GIGGLEUSDT,BUY,8
2025-10-25,19:27,GIGGLEUSDT,BUY,7
2025-10-25,19:29,SOLUSDT,BUY,8
2025-10-25,19:29,SUIUSDT,BUY,8
2025-10-25,19:30,SUIUSDT,BUY,7
2025-10-25,19:32,ETHUSDT,BUY,8
2025-10-25,19:35,XRPUSDT,BUY,8
2025-10-25,19:36,XRPUSDT,BUY,8
2025-10-25,19:39,XRPUSDT,BUY,11
2025-10-25,19:40,XRPUSDT,BUY,12
2025-10-25,19:40,GIGGLEUSDT,BUY,7
2025-10-25,19:40,ETHUSDT,BUY,11
2025-10-25,19:44,SAPIENUSDT,BUY,9
2025-10-25,19:45,SAPIENUSDT,BUY,7
2025-10-25,19:45,XRPUSDT,BUY,19
2025-10-25,19:46,XRPUSDT,BUY,16
2025-10-25,19:46,币安人生USDT,BUY,9
2025-10-25,19:47,币安人生USDT,BUY,9
2025-10-25,19:50,XRPUSDT,BUY,20
2025-10-25,19:51,XRPUSDT,BUY,17
2025-10-25,19:51,币安人生USDT,BUY,22
2025-10-25,19:52,币安人生USDT,BUY,27
2025-10-25,19:53,币安人生USDT,BUY,8
2025-10-25,19:55,XRPUSDT,BUY,7
2025-10-25,19:58,BLESSUSDT,SELL,8
2025-10-25,19:59,BLESSUSDT,SELL,7
2025-10-25,19:59,COAIUSDT,SELL,7
2025-10-25,20:00,HUSDT,BUY,9
2025-10-25,20:00,4USDT,BUY,7
2025-10-25,20:01,4USDT,BUY,7
2025-10-25,20:01,HUSDT,BUY,10
2025-10-25,20:03,XRPUSDT,BUY,7
2025-10-25,20:04,BLESSUSDT,SELL,7
2025-10-25,20:04,HUSDT,BUY,9
2025-10-25,20:07,XRPUSDT,BUY,7
2025-10-25,20:08,币安人生USDT,SELL,9
2025-10-25,20:09,币安人生USDT,SELL,13
2025-10-25,20:16,HIPPOUSDT,BUY,9
2025-10-25,20:18,GIGGLEUSDT,BUY,9
2025-10-25,20:27,KAITOUSDT,BUY,7
2025-10-25,20:27,币安人生USDT,SELL,11
2025-10-25,20:28,KAITOUSDT,BUY,7
2025-10-25,20:35,PIPPINUSDT,SELL,7
2025-10-25,20:36,FORTHUSDT,BUY,8
2025-10-25,20:36,HIPPOUSDT,BUY,7
2025-10-25,20:38,GIGGLEUSDT,SELL,7
2025-10-25,20:43,BLESSUSDT,BUY,11
2025-10-25,20:50,币安人生USDT,SELL,8
2025-10-25,20:52,币安人生USDT,SELL,10
2025-10-25,20:58,AIXBTUSDT,BUY,9
2025-10-25,21:00,GIGGLEUSDT,BUY,7
2025-10-25,21:01,PIPPINUSDT,BUY,10
2025-10-25,21:03,RECALLUSDT,BUY,8
2025-10-25,21:04,RECALLUSDT,BUY,8
2025-10-25,21:05,AIXBTUSDT,BUY,11
2025-10-25,21:08,AIXBTUSDT,BUY,8
2025-10-25,21:09,AIXBTUSDT,BUY,9
2025-10-25,21:15,COAIUSDT,SELL,7
2025-10-25,21:16,COAIUSDT,SELL,7
2025-10-25,21:22,PIPPINUSDT,SELL,13
2025-10-25,21:25,币安人生USDT,SELL,7
2025-10-25,21:32,EVAAUSDT,SELL,7
2025-10-25,21:33,EVAAUSDT,SELL,11
2025-10-25,21:34,EVAAUSDT,SELL,7
2025-10-25,21:36,PIPPINUSDT,SELL,11
2025-10-25,21:37,ETHUSDT,SELL,7
2025-10-25,21:38,PIPPINUSDT,SELL,17
2025-10-25,21:44,PIPPINUSDT,BUY,10
2025-10-25,21:45,PIPPINUSDT,BUY,16
2025-10-25,21:46,PIPPINUSDT,BUY,13
2025-10-25,21:47,QUSDT,BUY,7
2025-10-25,21:47,GIGGLEUSDT,BUY,7
2025-10-25,21:50,AIXBTUSDT,BUY,9
2025-10-25,21:51,AIXBTUSDT,BUY,7
2025-10-25,21:53,币安人生USDT,SELL,7
2025-10-25,21:54,XRPUSDT,SELL,9
2025-10-25,21:54,PIPPINUSDT,BUY,7
2025-10-25,21:55,XRPUSDT,SELL,9
2025-10-25,21:55,PIPPINUSDT,BUY,10
2025-10-25,21:57,GIGGLEUSDT,BUY,7
2025-10-25,21:58,GIGGLEUSDT,BUY,9
2025-10-25,21:59,PIPPINUSDT,BUY,10
2025-10-25,22:00,PIPPINUSDT,BUY,15
2025-10-25,22:09,币安人生USDT,SELL,7
2025-10-25,22:10,AIXBTUSDT,BUY,7
2025-10-25,22:10,币安人生USDT,SELL,8
2025-10-25,22:15,PIPPINUSDT,SELL,15
2025-10-25,22:15,AIXBTUSDT,SELL,10
2025-10-25,22:15,币安人生USDT,SELL,12
2025-10-25,22:16,币安人生USDT,SELL,9
2025-10-25,22:16,PIPPINUSDT,SELL,17
2025-10-25,22:16,AIXBTUSDT,SELL,8
2025-10-25,22:22,ESPORTSUSDT,BUY,12
2025-10-25,22:23,ESPORTSUSDT,BUY,8
2025-10-25,22:23,币安人生USDT,SELL,12
2025-10-25,22:24,币安人生USDT,SELL,9
2025-10-25,22:24,YBUSDT,SELL,8
2025-10-25,22:25,PIPPINUSDT,SELL,8
2025-10-25,22:25,YBUSDT,SELL,9
2025-10-25,22:26,PIPPINUSDT,SELL,13
2025-10-25,22:30,HIPPOUSDT,SELL,11
2025-10-25,22:31,HIPPOUSDT,SELL,12
2025-10-25,22:33,BLESSUSDT,SELL,8
2025-10-25,22:34,BLESSUSDT,SELL,7
2025-10-25,22:35,HIPPOUSDT,SELL,8
2025-10-25,22:36,HIPPOUSDT,SELL,10
2025-10-25,22:37,AIXBTUSDT,SELL,7
2025-10-25,22:37,GIGGLEUSDT,SELL,12
2025-10-25,22:37,HIPPOUSDT,SELL,7
2025-10-25,22:38,HIPPOUSDT,SELL,11
2025-10-25,22:39,HIPPOUSDT,SELL,9
2025-10-25,22:41,AVNTUSDT,BUY,8
2025-10-25,22:42,AVNTUSDT,BUY,9
2025-10-25,22:44,PIPPINUSDT,BUY,8
2025-10-25,22:46,XRPUSDT,SELL,7
2025-10-25,22:47,XRPUSDT,SELL,7
2025-10-25,22:51,PIPPINUSDT,BUY,11
2025-10-25,22:52,XPINUSDT,BUY,10
2025-10-25,22:53,XPINUSDT,BUY,9
2025-10-25,22:54,PIPPINUSDT,BUY,13
2025-10-25,23:05,币安人生USDT,SELL,7
2025-10-25,23:06,币安人生USDT,SELL,21
2025-10-25,23:07,币安人生USDT,SELL,15
2025-10-25,23:07,FORTHUSDT,SELL,8
2025-10-25,23:08,FORTHUSDT,SELL,10
2025-10-25,23:09,PIPPINUSDT,BUY,8
2025-10-25,23:11,ASTERUSDT,SELL,7
2025-10-25,23:11,COAIUSDT,SELL,12
2025-10-25,23:12,COAIUSDT,SELL,15
2025-10-25,23:12,AIXBTUSDT,SELL,8
2025-10-25,23:13,AIXBTUSDT,SELL,8
2025-10-25,23:13,COAIUSDT,SELL,8
2025-10-25,23:13,VIRTUALUSDT,SELL,10
2025-10-25,23:13,ZECUSDT,BUY,9
2025-10-25,23:14,ZECUSDT,BUY,11
2025-10-25,23:14,FORTHUSDT,SELL,9
2025-10-25,23:15,FORTHUSDT,SELL,9
2025-10-25,23:15,4USDT,SELL,10
2025-10-25,23:18,ZECUSDT,BUY,7
2025-10-25,23:21,GIGGLEUSDT,BUY,7
2025-10-25,23:23,币安人生USDT,SELL,8
2025-10-25,23:24,币安人生USDT,SELL,9
2025-10-25,23:25,币安人生USDT,SELL,10
2025-10-25,23:27,4USDT,SELL,7
2025-10-25,23:28,4USDT,SELL,7
2025-10-25,23:28,ZECUSDT,BUY,11
2025-10-25,23:29,ZECUSDT,BUY,20
2025-10-25,23:29,币安人生USDT,SELL,11
2025-10-25,23:30,币安人生USDT,SELL,8
2025-10-25,23:30,ZECUSDT,BUY,12
2025-10-25,23:31,ZECUSDT,BUY,13
2025-10-25,23:31,EVAAUSDT,SELL,13
2025-10-25,23:32,ZECUSDT,BUY,10
2025-10-25,23:32,EVAAUSDT,SELL,13
2025-10-25,23:32,GIGGLEUSDT,SELL,9
2025-10-25,23:35,BLESSUSDT,SELL,10
2025-10-25,23:36,BLESSUSDT,SELL,8
2025-10-25,23:45,PIPPINUSDT,BUY,9
2025-10-25,23:53,4USDT,BUY,7
2025-10-25,23:54,4USDT,BUY,7
2025-10-26,00:03,XPLUSDT,BUY,8
2025-10-26,00:28,GIGGLEUSDT,SELL,9
2025-10-26,00:29,GIGGLEUSDT,SELL,8
2025-10-26,00:31,BLUAIUSDT,BUY,14
2025-10-26,00:32,BLUAIUSDT,BUY,12
2025-10-26,00:33,PIPPINUSDT,BUY,10
2025-10-26,00:34,PIPPINUSDT,BUY,7
2025-10-26,00:35,PIPPINUSDT,BUY,13
2025-10-26,00:41,UBUSDT,SELL,7
2025-10-26,00:44,SNXUSDT,SELL,7
2025-10-26,00:44,BLUAIUSDT,BUY,14
2025-10-26,00:45,BLUAIUSDT,BUY,19
2025-10-26,00:46,BLUAIUSDT,BUY,9
2025-10-26,00:52,币安人生USDT,BUY,7
2025-10-26,00:53,币安人生USDT,BUY,7
2025-10-26,00:57,BLUAIUSDT,BUY,13
2025-10-26,01:00,GIGGLEUSDT,BUY,7
2025-10-26,01:00,HUSDT,BUY,7
2025-10-26,01:01,HUSDT,BUY,9
2025-10-26,01:01,SOLUSDT,SELL,8
2025-10-26,01:02,SOLUSDT,SELL,12
2025-10-26,01:03,COAIUSDT,BUY,14
2025-10-26,01:04,COAIUSDT,BUY,10
2025-10-26,01:05,币安人生USDT,BUY,8
2025-10-26,01:06,币安人生USDT,BUY,8
2025-10-26,01:07,1000PEPEUSDT,SELL,7
2025-10-26,01:07,DOGEUSDT,SELL,9
2025-10-26,01:08,GIGGLEUSDT,BUY,8
2025-10-26,01:09,GIGGLEUSDT,BUY,7
2025-10-26,01:09,AIXBTUSDT,SELL,7
2025-10-26,01:09,BLUAIUSDT,SELL,10
2025-10-26,01:10,AIXBTUSDT,SELL,8
2025-10-26,01:10,XRPUSDT,BUY,9
2025-10-26,01:12,AIXBTUSDT,SELL,8
2025-10-26,01:12,HUSDT,BUY,8
2025-10-26,01:13,XANUSDT,SELL,7
2025-10-26,01:22,GIGGLEUSDT,SELL,7
2025-10-26,01:23,GIGGLEUSDT,SELL,8
2025-10-26,01:24,GIGGLEUSDT,SELL,7
2025-10-26,01:27,COAIUSDT,BUY,7
2025-10-26,01:29,XRPUSDT,BUY,10
2025-10-26,01:30,XRPUSDT,BUY,8
2025-10-26,01:30,BTCUSDT,BUY,9
2025-10-26,01:31,FUSDT,BUY,7
2025-10-26,01:32,FUSDT,BUY,11
2025-10-26,01:33,GIGGLEUSDT,BUY,9
2025-10-26,01:36,INUSDT,BUY,7
2025-10-26,01:37,INUSDT,BUY,13
2025-10-26,01:37,YBUSDT,BUY,7
2025-10-26,01:37,币安人生USDT,SELL,8
2025-10-26,01:39,BTCUSDT,BUY,10
2025-10-26,01:40,BTCUSDT,BUY,11
2025-10-26,01:46,BLESSUSDT,SELL,8
2025-10-26,01:47,BLUAIUSDT,BUY,11
2025-10-26,01:47,AIXBTUSDT,BUY,7
2025-10-26,01:48,AIXBTUSDT,BUY,7
2025-10-26,01:48,FUSDT,BUY,10
2025-10-26,01:49,FUSDT,BUY,13
2025-10-26,01:49,币安人生USDT,SELL,8
2025-10-26,01:51,AIXBTUSDT,BUY,8
2025-10-26,01:52,AIXBTUSDT,BUY,13
2025-10-26,01:53,AIXBTUSDT,BUY,8
2025-10-26,01:56,AIXBTUSDT,BUY,12
2025-10-26,01:57,AIXBTUSDT,BUY,10
2025-10-26,02:00,GIGGLEUSDT,BUY,7
2025-10-26,02:00,SNXUSDT,SELL,10
2025-10-26,02:00,BLUAIUSDT,BUY,7
2025-10-26,02:01,SNXUSDT,SELL,10
2025-10-26,02:01,GIGGLEUSDT,BUY,7
2025-10-26,02:01,BLUAIUSDT,BUY,11
2025-10-26,02:01,AVNTUSDT,BUY,9
2025-10-26,02:02,AVNTUSDT,BUY,10
2025-10-26,02:05,BANKUSDT,SELL,8
2025-10-26,02:06,BANKUSDT,SELL,8
2025-10-26,02:11,AIXBTUSDT,SELL,9
2025-10-26,02:11,ASTERUSDT,BUY,9
2025-10-26,02:12,币安人生USDT,BUY,13
2025-10-26,02:12,ASTERUSDT,BUY,7
2025-10-26,02:12,AIXBTUSDT,SELL,7
2025-10-26,02:18,币安人生USDT,BUY,11
2025-10-26,02:22,ZECUSDT,BUY,7
2025-10-26,02:23,VIRTUALUSDT,SELL,7
2025-10-26,02:23,4USDT,BUY,12
2025-10-26,02:24,币安人生USDT,SELL,9
2025-10-26,02:25,4USDT,BUY,7
2025-10-26,02:25,ASTERUSDT,BUY,9
2025-10-26,02:26,ASTERUSDT,BUY,7
2025-10-26,02:29,PIPPINUSDT,SELL,9
2025-10-26,02:30,PIPPINUSDT,SELL,15
2025-10-26,02:30,币安人生USDT,SELL,8
2025-10-26,02:31,PIPPINUSDT,SELL,8
2025-10-26,02:33,币安人生USDT,SELL,16
2025-10-26,02:34,PIPPINUSDT,SELL,14
2025-10-26,02:34,币安人生USDT,SELL,16
2025-10-26,02:34,YBUSDT,BUY,11
2025-10-26,02:34,COAIUSDT,SELL,9
2025-10-26,02:35,PIPPINUSDT,SELL,9
2025-10-26,02:35,COAIUSDT,SELL,11
2025-10-26,02:35,YBUSDT,BUY,14
2025-10-26,02:36,YBUSDT,BUY,9
2025-10-26,02:36,PIPPINUSDT,SELL,24
2025-10-26,02:36,AIXBTUSDT,SELL,8
2025-10-26,02:37,AIXBTUSDT,SELL,8
2025-10-26,02:38,ASTERUSDT,BUY,7
2025-10-26,02:39,AIOUSDT,SELL,7
2025-10-26,02:40,AIOUSDT,SELL,7
2025-10-26,02:40,COAIUSDT,SELL,8
2025-10-26,02:41,COAIUSDT,SELL,10
2025-10-26,02:42,PUMPBTCUSDT,SELL,8
2025-10-26,02:43,PUMPBTCUSDT,SELL,8
2025-10-26,02:45,PUMPBTCUSDT,SELL,7
2025-10-26,02:45,4USDT,SELL,7
2025-10-26,02:47,YBUSDT,SELL,11
2025-10-26,02:51,YBUSDT,SELL,7
2025-10-26,02:52,GIGGLEUSDT,SELL,9
2025-10-26,02:52,BLUAIUSDT,BUY,7
2025-10-26,02:52,XANUSDT,SELL,8
2025-10-26,02:53,XANUSDT,SELL,8
2025-10-26,02:56,4USDT,SELL,12
2025-10-26,02:56,HUSDT,SELL,10
2025-10-26,02:56,ETHUSDT,SELL,14
2025-10-26,02:56,ETHUSDC,SELL,7
2025-10-26,02:56,DOGEUSDT,SELL,9
2025-10-26,02:56,SOLUSDT,SELL,8
2025-10-26,02:57,ETHUSDT,SELL,18
2025-10-26,02:57,ETHUSDC,SELL,9
2025-10-26,02:57,SNXUSDT,SELL,7
2025-10-26,02:57,4USDT,SELL,18
2025-10-26,02:57,SUIUSDT,SELL,7
2025-10-26,02:57,AVAXUSDT,SELL,8
2025-10-26,02:57,BTCUSDT,SELL,9
2025-10-26,02:57,1000PEPEUSDT,SELL,9
2025-10-26,02:57,DOGEUSDT,SELL,11
2025-10-26,02:57,SOLUSDT,SELL,13
2025-10-26,02:57,LINKUSDT,SELL,12
2025-10-26,02:57,ADAUSDT,SELL,8
2025-10-26,02:58,4USDT,SELL,9
2025-10-26,03:06,GIGGLEUSDT,BUY,12
2025-10-26,03:06,BLESSUSDT,SELL,8
2025-10-26,03:07,GIGGLEUSDT,BUY,18
2025-10-26,03:07,BLESSUSDT,SELL,8
2025-10-26,03:08,GIGGLEUSDT,BUY,9
2025-10-26,03:10,PIPPINUSDT,SELL,10
2025-10-26,03:11,BLESSUSDT,SELL,10
2025-10-26,03:11,EDENUSDT,SELL,9
2025-10-26,03:12,BLESSUSDT,SELL,8
2025-10-26,03:12,FUSDT,BUY,8
2025-10-26,03:12,EDENUSDT,SELL,14
2025-10-26,03:13,XANUSDT,SELL,8
2025-10-26,03:13,VIRTUALUSDT,SELL,13
2025-10-26,03:14,XANUSDT,SELL,10
2025-10-26,03:14,VIRTUALUSDT,SELL,13
2025-10-26,03:17,XANUSDT,SELL,10
2025-10-26,03:18,XANUSDT,SELL,8
2025-10-26,03:18,FUNUSDT,SELL,10
2025-10-26,03:19,EVAAUSDT,BUY,7
2025-10-26,03:19,FUNUSDT,SELL,10
2025-10-26,03:21,GIGGLEUSDT,SELL,8
2025-10-26,03:21,币安人生USDT,SELL,12
2025-10-26,03:22,币安人生USDT,SELL,9
2025-10-26,03:24,GIGGLEUSDT,BUY,12
2025-10-26,03:25,GIGGLEUSDT,BUY,8
2025-10-26,03:33,BLESSUSDT,SELL,13
2025-10-26,03:34,BLESSUSDT,SELL,11
2025-10-26,03:35,BLESSUSDT,SELL,7
2025-10-26,03:35,BLUAIUSDT,BUY,14
2025-10-26,03:35,COAIUSDT,SELL,8
2025-10-26,03:36,COAIUSDT,SELL,8
2025-10-26,03:36,BLESSUSDT,SELL,23
2025-10-26,03:36,KDAUSDT,BUY,8
2025-10-26,03:37,BLESSUSDT,SELL,22
2025-10-26,03:39,VIRTUALUSDT,SELL,7
2025-10-26,03:46,PIPPINUSDT,SELL,8
2025-10-26,03:47,PIPPINUSDT,SELL,10
2025-10-26,03:47,HUSDT,SELL,7
2025-10-26,03:48,PIPPINUSDT,SELL,14
2025-10-26,03:48,HUSDT,SELL,10
2025-10-26,03:48,AIXBTUSDT,SELL,7
2025-10-26,03:49,PIPPINUSDT,SELL,8
2025-10-26,03:49,XRPUSDT,SELL,7
2025-10-26,03:49,AI16ZUSDT,SELL,7
2025-10-26,03:49,GRIFFAINUSDT,SELL,7
2025-10-26,03:49,VIRTUALUSDT,SELL,8
2025-10-26,03:49,GIGGLEUSDT,SELL,7
2025-10-26,03:50,VIRTUALUSDT,SELL,7
2025-10-26,03:50,XRPUSDT,SELL,8
2025-10-26,03:50,PIPPINUSDT,SELL,8
2025-10-26,03:51,PIPPINUSDT,SELL,7
2025-10-26,03:51,ZECUSDT,BUY,7
2025-10-26,03:52,DOGEUSDT,SELL,9
2025-10-26,03:53,VIRTUALUSDT,SELL,7
2025-10-26,03:53,币安人生USDT,SELL,9
2025-10-26,03:55,BLUAIUSDT,SELL,9
2025-10-26,03:56,币安人生USDT,SELL,16
2025-10-26,03:59,币安人生USDT,SELL,18
2025-10-26,04:03,AKTUSDT,SELL,7
2025-10-26,04:04,币安人生USDT,SELL,16
2025-10-26,04:05,AIXBTUSDT,BUY,7
2025-10-26,04:05,GIGGLEUSDT,SELL,7
2025-10-26,04:06,AIXBTUSDT,BUY,9
2025-10-26,04:08,AIXBTUSDT,SELL,7
2025-10-26,04:10,AIXBTUSDT,SELL,7
2025-10-26,04:11,AIXBTUSDT,SELL,7
2025-10-26,04:14,AIXBTUSDT,SELL,7
2025-10-26,04:14,PIPPINUSDT,SELL,9
2025-10-26,04:15,PIPPINUSDT,SELL,13
2025-10-26,04:15,GIGGLEUSDT,SELL,9
2025-10-26,04:16,PIPPINUSDT,SELL,17
2025-10-26,04:16,GIGGLEUSDT,SELL,17
2025-10-26,04:16,BLESSUSDT,SELL,11
2025-10-26,04:17,PIPPINUSDT,SELL,14
2025-10-26,04:17,AIXBTUSDT,SELL,12
2025-10-26,04:17,HUSDT,SELL,7
2025-10-26,04:18,AIXBTUSDT,SELL,9
2025-10-26,04:18,VIRTUALUSDT,SELL,11
2025-10-26,04:19,VIRTUALUSDT,SELL,7
2025-10-26,04:24,ZECUSDT,BUY,11
2025-10-26,04:25,ZECUSDT,BUY,12
2025-10-26,04:31,BLESSUSDT,SELL,10
2025-10-26,04:31,QUSDT,BUY,9
2025-10-26,04:32,PIPPINUSDT,SELL,7
2025-10-26,04:32,GIGGLEUSDT,SELL,10
2025-10-26,04:33,GIGGLEUSDT,SELL,10
2025-10-26,04:33,BLUAIUSDT,SELL,7
2025-10-26,04:34,BLUAIUSDT,SELL,8
2025-10-26,04:34,HUSDT,SELL,9
2025-10-26,04:35,AIXBTUSDT,SELL,9
2025-10-26,04:36,AIXBTUSDT,SELL,7
2025-10-26,04:37,BLUAIUSDT,SELL,10
2025-10-26,04:37,GIGGLEUSDT,BUY,7
2025-10-26,04:38,BLUAIUSDT,SELL,8
2025-10-26,04:39,BLUAIUSDT,SELL,16
2025-10-26,04:40,AIXBTUSDT,SELL,10
2025-10-26,04:41,ZECUSDT,BUY,10
2025-10-26,04:42,COAIUSDT,SELL,30
2025-10-26,04:42,HUSDT,SELL,7
2025-10-26,04:42,ZECUSDT,BUY,11
2025-10-26,04:43,COAIUSDT,SELL,31
2025-10-26,04:43,LABUSDT,SELL,7
2025-10-26,04:44,币安人生USDT,BUY,7
2025-10-26,04:44,VIRTUALUSDT,SELL,13
2025-10-26,04:45,VIRTUALUSDT,SELL,10
2025-10-26,04:45,BTCUSDT,SELL,7
2025-10-26,04:45,BASUSDT,SELL,8
2025-10-26,04:46,BASUSDT,SELL,7
2025-10-26,04:47,GIGGLEUSDT,BUY,8
2025-10-26,04:53,HUSDT,SELL,10
2025-10-26,04:55,GIGGLEUSDT,BUY,8
2025-10-26,04:55,BLUAIUSDT,BUY,8
2025-10-26,04:55,ZECUSDT,BUY,10
2025-10-26,04:56,ZECUSDT,BUY,7
2025-10-26,04:56,BLUAIUSDT,BUY,9
2025-10-26,05:00,GIGGLEUSDT,BUY,7
2025-10-26,05:01,GIGGLEUSDT,BUY,13
2025-10-26,05:01,HUSDT,SELL,10
2025-10-26,05:02,HUSDT,SELL,10
2025-10-26,05:02,PIPPINUSDT,SELL,9
2025-10-26,05:03,AIXBTUSDT,SELL,8
2025-10-26,05:04,AIXBTUSDT,SELL,7
2025-10-26,05:08,BLUAIUSDT,BUY,11
2025-10-26,05:09,BLUAIUSDT,BUY,10
2025-10-26,05:09,PUMPBTCUSDT,SELL,7
2025-10-26,05:09,RECALLUSDT,BUY,9
2025-10-26,05:10,RECALLUSDT,BUY,8
2025-10-26,05:17,PIPPINUSDT,SELL,18
2025-10-26,05:18,AIXBTUSDT,BUY,8
2025-10-26,05:18,PIPPINUSDT,SELL,13
2025-10-26,05:28,币安人生USDT,BUY,8
2025-10-26,05:29,币安人生USDT,BUY,8
2025-10-26,05:31,PUMPUSDT,BUY,7
2025-10-26,05:32,BLUAIUSDT,SELL,8
2025-10-26,05:33,BLUAIUSDT,SELL,11
2025-10-26,05:34,BLUAIUSDT,SELL,12
2025-10-26,05:38,BLESSUSDT,SELL,11
2025-10-26,05:39,BLESSUSDT,SELL,11
2025-10-26,05:41,AIXBTUSDT,BUY,9
2025-10-26,05:41,币安人生USDT,BUY,7
2025-10-26,05:42,AIXBTUSDT,BUY,8
2025-10-26,05:42,币安人生USDT,BUY,7
2025-10-26,05:43,CLOUSDT,SELL,10
2025-10-26,05:44,CLOUSDT,SELL,12
2025-10-26,05:44,AVNTUSDT,BUY,9
2025-10-26,05:45,AVNTUSDT,BUY,10
2025-10-26,05:46,HUSDT,BUY,7
2025-10-26,05:50,PIPPINUSDT,SELL,9
2025-10-26,05:51,PIPPINUSDT,SELL,13
2025-10-26,05:52,PIPPINUSDT,SELL,9
2025-10-26,05:53,AIXBTUSDT,BUY,8
2025-10-26,05:54,AIXBTUSDT,BUY,8
2025-10-26,05:59,GIGGLEUSDT,BUY,7
2025-10-26,06:00,BLUAIUSDT,BUY,8
2025-10-26,06:01,HUSDT,BUY,7
2025-10-26,06:01,BLUAIUSDT,BUY,8
2025-10-26,06:15,PIPPINUSDT,SELL,7
2025-10-26,06:15,BLUAIUSDT,BUY,7
2025-10-26,06:16,PIPPINUSDT,SELL,9
2025-10-26,06:16,4USDT,SELL,7
2025-10-26,06:17,PIPPINUSDT,SELL,7
2025-10-26,06:19,RVVUSDT,SELL,9
2025-10-26,06:20,RVVUSDT,SELL,7
2025-10-26,06:23,BLUAIUSDT,SELL,7
2025-10-26,06:41,PIPPINUSDT,SELL,9
2025-10-26,06:42,PIPPINUSDT,SELL,9
2025-10-26,06:47,AIXBTUSDT,BUY,7
2025-10-26,06:51,AIXBTUSDT,BUY,15
2025-10-26,06:52,AIXBTUSDT,BUY,21
2025-10-26,06:52,币安人生USDT,BUY,8
2025-10-26,06:53,AIXBTUSDT,BUY,9
2025-10-26,06:54,XPINUSDT,BUY,8
2025-10-26,06:55,XPINUSDT,BUY,8
2025-10-26,06:55,4USDT,SELL,11
2025-10-26,06:56,4USDT,SELL,9
2025-10-26,06:56,COAIUSDT,SELL,11
2025-10-26,07:02,GIGGLEUSDT,BUY,7
2025-10-26,07:03,GIGGLEUSDT,BUY,11
2025-10-26,07:04,GIGGLEUSDT,BUY,13
2025-10-26,07:05,GIGGLEUSDT,BUY,8
2025-10-26,07:05,币安人生USDT,SELL,10
2025-10-26,07:06,币安人生USDT,SELL,9
2025-10-26,07:09,PIPPINUSDT,SELL,9
2025-10-26,07:10,PIPPINUSDT,SELL,15
2025-10-26,07:13,UBUSDT,SELL,8
2025-10-26,07:17,PIPPINUSDT,BUY,7
2025-10-26,07:25,B3USDT,BUY,7
2025-10-26,07:26,B3USDT,BUY,8
2025-10-26,07:27,币安人生USDT,BUY,11
2025-10-26,07:28,币安人生USDT,BUY,9
2025-10-26,07:29,ZECUSDT,BUY,15
2025-10-26,07:30,ZECUSDT,BUY,12
2025-10-26,07:31,PUMPUSDT,SELL,7
2025-10-26,07:32,PUMPUSDT,SELL,7
2025-10-26,07:33,NOMUSDT,SELL,8
2025-10-26,07:34,VIRTUALUSDT,SELL,7
2025-10-26,07:35,VIRTUALUSDT,SELL,14
2025-10-26,07:36,VIRTUALUSDT,SELL,10
2025-10-26,07:39,BLESSUSDT,BUY,7
2025-10-26,07:42,ZECUSDT,BUY,12
2025-10-26,07:43,ZECUSDT,BUY,8
2025-10-26,07:44,币安人生USDT,SELL,9
2025-10-26,07:50,ZENUSDT,BUY,7
2025-10-26,07:52,PIPPINUSDT,SELL,9
2025-10-26,07:53,PIPPINUSDT,SELL,8
2025-10-26,07:56,FARTCOINUSDT,BUY,8
2025-10-26,07:57,XRPUSDT,BUY,7
2025-10-26,07:59,PIPPINUSDT,SELL,8
2025-10-26,08:02,AIXBTUSDT,SELL,8
2025-10-26,08:02,GIGGLEUSDT,SELL,7
2025-10-26,08:02,KDAUSDT,BUY,12
2025-10-26,08:03,KDAUSDT,BUY,12
2025-10-26,08:04,PIPPINUSDT,SELL,11
2025-10-26,08:05,PIPPINUSDT,SELL,16
2025-10-26,08:05,TRADOORUSDT,SELL,8
2025-10-26,08:06,PIPPINUSDT,SELL,10
2025-10-26,08:09,FARTCOINUSDT,BUY,8
2025-10-26,08:09,B3USDT,SELL,8
2025-10-26,08:10,B3USDT,SELL,9
2025-10-26,08:13,PIPPINUSDT,BUY,7
2025-10-26,08:14,DEGOUSDT,SELL,7
2025-10-26,08:15,DEGOUSDT,SELL,13
2025-10-26,08:15,KDAUSDT,SELL,7
2025-10-26,08:16,PIPPINUSDT,BUY,10
2025-10-26,08:18,COAIUSDT,BUY,10
2025-10-26,08:19,COAIUSDT,BUY,15
2025-10-26,08:19,BLUAIUSDT,SELL,7
2025-10-26,08:20,COAIUSDT,BUY,7
2025-10-26,08:20,DASHUSDT,BUY,7
2025-10-26,08:21,DASHUSDT,BUY,7
2025-10-26,08:24,TRADOORUSDT,SELL,10
2025-10-26,08:25,TRADOORUSDT,SELL,8
2025-10-26,08:33,LABUSDT,SELL,8
2025-10-26,08:34,LABUSDT,SELL,7
2025-10-26,08:35,DASHUSDT,BUY,8
2025-10-26,08:36,DASHUSDT,BUY,7
2025-10-26,08:36,KDAUSDT,BUY,9
2025-10-26,08:37,GIGGLEUSDT,SELL,8
2025-10-26,08:37,EVAAUSDT,SELL,22
2025-10-26,08:38,GIGGLEUSDT,SELL,9
2025-10-26,08:38,币安人生USDT,SELL,7
2025-10-26,08:41,KDAUSDT,SELL,7
2025-10-26,08:42,KDAUSDT,SELL,11
2025-10-26,08:42,币安人生USDT,SELL,11
2025-10-26,08:43,KDAUSDT,SELL,8
2025-10-26,08:43,币安人生USDT,SELL,12
2025-10-26,08:46,AIXBTUSDT,BUY,7
2025-10-26,08:47,KDAUSDT,SELL,8
2025-10-26,08:47,AIXBTUSDT,BUY,8
2025-10-26,08:48,KDAUSDT,SELL,11
2025-10-26,08:49,AIOUSDT,SELL,9
2025-10-26,08:50,AIOUSDT,SELL,15
2025-10-26,08:50,NAORISUSDT,SELL,9
2025-10-26,08:51,AIOUSDT,SELL,11
2025-10-26,08:51,COAIUSDT,SELL,7
2025-10-26,08:52,COAIUSDT,SELL,9
2025-10-26,08:52,BLUAIUSDT,SELL,13
2025-10-26,08:52,AIOUSDT,SELL,10
2025-10-26,08:53,AIOUSDT,SELL,16
2025-10-26,08:56,COAIUSDT,SELL,9
2025-10-26,09:00,COAIUSDT,SELL,7
2025-10-26,09:01,PIPPINUSDT,SELL,10
2025-10-26,09:01,BTCUSDT,BUY,7
2025-10-26,09:01,COAIUSDT,SELL,14
2025-10-26,09:01,币安人生USDT,BUY,8
2025-10-26,09:02,COAIUSDT,SELL,12
2025-10-26,09:02,PIPPINUSDT,SELL,10
2025-10-26,09:03,PIPPINUSDT,SELL,8
2025-10-26,09:04,PIPPINUSDT,SELL,8
2025-10-26,09:04,EVAAUSDT,BUY,8
2025-10-26,09:04,COAIUSDT,SELL,10
2025-10-26,09:05,TRUTHUSDT,SELL,7
2025-10-26,09:05,EVAAUSDT,BUY,8
2025-10-26,09:05,COAIUSDT,SELL,11
2025-10-26,09:06,TRUTHUSDT,SELL,10
2025-10-26,09:06,AIXBTUSDT,BUY,9
2025-10-26,09:07,AIXBTUSDT,BUY,20
2025-10-26,09:07,COAIUSDT,SELL,14
2025-10-26,09:08,COAIUSDT,SELL,14
2025-10-26,09:08,AIXBTUSDT,BUY,17
2025-10-26,09:09,AIXBTUSDT,BUY,7
2025-10-26,09:10,B2USDT,BUY,9
2025-10-26,09:10,BLUAIUSDT,BUY,7
2025-10-26,09:11,B2USDT,BUY,7
2025-10-26,09:11,TRUTHUSDT,SELL,7
2025-10-26,09:12,TRUTHUSDT,SELL,7
2025-10-26,09:13,AIXBTUSDT,SELL,8
2025-10-26,09:15,KDAUSDT,SELL,12
2025-10-26,09:15,4USDT,BUY,7
2025-10-26,09:16,KDAUSDT,SELL,10
2025-10-26,09:16,EVAAUSDT,BUY,10
2025-10-26,09:16,4USDT,BUY,8
2025-10-26,09:16,BIDUSDT,SELL,7
2025-10-26,09:17,BIDUSDT,SELL,7
2025-10-26,09:17,EVAAUSDT,BUY,7
2025-10-26,09:17,COAIUSDT,SELL,15
2025-10-26,09:18,COAIUSDT,SELL,15
2025-10-26,09:18,AIXBTUSDT,SELL,7
2025-10-26,09:22,GIGGLEUSDT,SELL,10
2025-10-26,09:23,GIGGLEUSDT,SELL,8
2025-10-26,09:28,ZECUSDT,BUY,20
2025-10-26,09:29,ZECUSDT,BUY,16
2025-10-26,09:30,AIXBTUSDT,BUY,7
2025-10-26,09:31,COAIUSDT,SELL,10
2025-10-26,09:32,COAIUSDT,SELL,13
2025-10-26,09:40,XRPUSDT,BUY,8
2025-10-26,09:41,XRPUSDT,BUY,9
2025-10-26,09:43,AIXBTUSDT,SELL,12
2025-10-26,09:43,KDAUSDT,BUY,12
2025-10-26,09:46,GIGGLEUSDT,SELL,15
2025-10-26,09:47,GIGGLEUSDT,SELL,15
2025-10-26,09:47,ZECUSDT,BUY,11
2025-10-26,09:48,ZECUSDT,BUY,12
2025-10-26,09:56,B2USDT,BUY,8
2025-10-26,09:57,B2USDT,BUY,7
2025-10-26,09:58,B2USDT,BUY,7
2025-10-26,09:58,GIGGLEUSDT,SELL,8
2025-10-26,09:59,GIGGLEUSDT,SELL,8
2025-10-26,09:59,B2USDT,BUY,14
2025-10-26,10:00,B2USDT,BUY,10
2025-10-26,10:00,GIGGLEUSDT,SELL,8
2025-10-26,10:00,ZECUSDT,BUY,7
2025-10-26,10:01,GIGGLEUSDT,SELL,14
2025-10-26,10:01,币安人生USDT,SELL,11
2025-10-26,10:02,币安人生USDT,SELL,17
2025-10-26,10:07,GIGGLEUSDT,SELL,8
2025-10-26,10:08,GIGGLEUSDT,SELL,7
2025-10-26,10:08,EVAAUSDT,BUY,9
2025-10-26,10:09,MAVIAUSDT,BUY,7
2025-10-26,10:09,币安人生USDT,SELL,15
2025-10-26,10:10,币安人生USDT,SELL,14
2025-10-26,10:14,GIGGLEUSDT,BUY,7
2025-10-26,10:15,GIGGLEUSDT,BUY,11
2025-10-26,10:15,4USDT,BUY,7
2025-10-26,10:16,4USDT,BUY,10
2025-10-26,10:18,ZECUSDT,BUY,11
2025-10-26,10:19,ZECUSDT,BUY,13
2025-10-26,10:19,XRPUSDT,BUY,8
2025-10-26,10:20,XRPUSDT,BUY,12
2025-10-26,10:21,XRPUSDT,BUY,10
2025-10-26,10:21,BTCUSDT,BUY,7
2025-10-26,10:22,XRPUSDT,BUY,13
2025-10-26,10:22,ZECUSDT,BUY,19
2025-10-26,10:22,BTCUSDT,BUY,19
2025-10-26,10:22,AIXBTUSDT,BUY,10
2025-10-26,10:22,ETHUSDT,BUY,27
2025-10-26,10:22,DOGEUSDT,BUY,12
2025-10-26,10:22,ETHUSDC,BUY,9
2025-10-26,10:22,SOLUSDT,BUY,9
2025-10-26,10:22,ADAUSDT,BUY,8
2025-10-26,10:23,ETHUSDT,BUY,29
2025-10-26,10:23,BTCUSDT,BUY,17
2025-10-26,10:23,DOGEUSDT,BUY,14
2025-10-26,10:23,ZECUSDT,BUY,13
2025-10-26,10:23,ADAUSDT,BUY,7
2025-10-26,10:23,XRPUSDT,BUY,7
2025-10-26,10:23,SOLUSDT,BUY,8
2025-10-26,10:23,BNBUSDT,BUY,9
2025-10-26,10:23,HYPEUSDT,BUY,7
2025-10-26,10:23,ETHUSDC,BUY,8
2025-10-26,10:24,DOGEUSDT,BUY,12
2025-10-26,10:24,BTCUSDT,BUY,24
2025-10-26,10:24,BNBUSDT,BUY,10
2025-10-26,10:24,ETHUSDT,BUY,18
2025-10-26,10:24,GIGGLEUSDT,BUY,8
2025-10-26,10:24,SOLUSDT,BUY,10
2025-10-26,10:24,WLDUSDT,BUY,7
2025-10-26,10:24,BCHUSDT,BUY,7
2025-10-26,10:24,1000PEPEUSDT,BUY,15
2025-10-26,10:24,ETHUSDC,BUY,8
2025-10-26,10:24,BTCUSDC,BUY,10
2025-10-26,10:24,XRPUSDT,BUY,12
2025-10-26,10:24,SUIUSDT,BUY,8
2025-10-26,10:25,ETHUSDT,BUY,15
2025-10-26,10:25,BTCUSDT,BUY,23
2025-10-26,10:25,1000PEPEUSDT,BUY,14
2025-10-26,10:25,ETHUSDC,BUY,7
2025-10-26,10:25,ADAUSDT,BUY,7
2025-10-26,10:25,BTCUSDC,BUY,10
2025-10-26,10:25,BNBUSDT,BUY,11
2025-10-26,10:25,DOGEUSDT,BUY,7
2025-10-26,10:25,SOLUSDT,BUY,12
2025-10-26,10:25,XRPUSDT,BUY,12
2025-10-26,10:25,SUIUSDT,BUY,8
2025-10-26,10:25,COAIUSDT,BUY,9
2025-10-26,10:25,BASUSDT,BUY,12
2025-10-26,10:26,COAIUSDT,BUY,7
2025-10-26,10:26,BASUSDT,BUY,12
2025-10-26,10:27,ETHUSDT,BUY,16
2025-10-26,10:27,ZECUSDT,BUY,11
2025-10-26,10:28,ZECUSDT,BUY,13
2025-10-26,10:28,BNBUSDT,BUY,9
2025-10-26,10:28,BTCUSDC,BUY,11
2025-10-26,10:28,ETHUSDC,BUY,11
2025-10-26,10:28,SOLUSDT,BUY,15
2025-10-26,10:28,1000PEPEUSDT,BUY,9
2025-10-26,10:28,DOGEUSDT,BUY,14
2025-10-26,10:29,BTCUSDT,BUY,15
2025-10-26,10:29,BTCUSDC,BUY,8
2025-10-26,10:29,DOGEUSDT,BUY,16
2025-10-26,10:29,SOLUSDT,BUY,16
2025-10-26,10:29,BNBUSDT,BUY,7
2025-10-26,10:29,1000PEPEUSDT,BUY,12
2025-10-26,10:29,ETHUSDC,BUY,8
2025-10-26,10:30,1000PEPEUSDT,BUY,7
2025-10-26,10:30,SOLUSDT,BUY,18
2025-10-26,10:30,DOGEUSDT,BUY,12
2025-10-26,10:30,XRPUSDT,BUY,9
2025-10-26,10:30,GIGGLEUSDT,BUY,23
2025-10-26,10:30,BTCUSDT,BUY,9
2025-10-26,10:30,BNBUSDT,BUY,10
2025-10-26,10:31,SOLUSDT,BUY,11
2025-10-26,10:31,BNBUSDT,BUY,10
2025-10-26,10:31,DOGEUSDT,BUY,8
2025-10-26,10:36,YBUSDT,SELL,9
2025-10-26,10:36,BLESSUSDT,SELL,9
2025-10-26,10:37,YBUSDT,SELL,8
2025-10-26,10:37,BLESSUSDT,SELL,9
2025-10-26,10:39,MAVIAUSDT,BUY,7
2025-10-26,10:42,MAVIAUSDT,BUY,7
2025-10-26,10:42,ZECUSDT,SELL,11
2025-10-26,10:43,ZECUSDT,SELL,7
2025-10-26,10:45,MAVIAUSDT,BUY,11
2025-10-26,10:50,AIXBTUSDT,BUY,13
2025-10-26,10:51,AIXBTUSDT,BUY,14
2025-10-26,10:55,TRUMPUSDT,BUY,10
2025-10-26,10:55,HYPEUSDT,BUY,7
2025-10-26,10:56,TRUMPUSDT,BUY,10
2025-10-26,11:02,AIXBTUSDT,SELL,12
2025-10-26,11:04,MAVIAUSDT,BUY,12
2025-10-26,11:04,BLUAIUSDT,SELL,14
2025-10-26,11:05,BLUAIUSDT,SELL,10
2025-10-26,11:05,4USDT,SELL,10
2025-10-26,11:06,4USDT,SELL,8
2025-10-26,11:08,BIDUSDT,SELL,7
2025-10-26,11:08,MAVIAUSDT,SELL,16
2025-10-26,11:09,MAVIAUSDT,SELL,17
2025-10-26,11:09,4USDT,SELL,8
2025-10-26,11:09,TRUTHUSDT,SELL,8
2025-10-26,11:10,4USDT,SELL,8
2025-10-26,11:17,AIXBTUSDT,BUY,9
2025-10-26,11:18,AIXBTUSDT,BUY,7
2025-10-26,11:20,AKTUSDT,BUY,8
2025-10-26,11:21,AKTUSDT,BUY,14
2025-10-26,11:21,MAVIAUSDT,BUY,13
2025-10-26,11:22,AKTUSDT,BUY,9
2025-10-26,11:22,MAVIAUSDT,BUY,11
2025-10-26,11:24,GIGGLEUSDT,SELL,7
2025-10-26,11:30,COAIUSDT,BUY,7
2025-10-26,11:31,COAIUSDT,BUY,7
2025-10-26,11:32,MAVIAUSDT,SELL,8
2025-10-26,11:35,AIXBTUSDT,BUY,10
2025-10-26,11:38,MAVIAUSDT,SELL,9
2025-10-26,11:39,MAVIAUSDT,SELL,18
2025-10-26,11:40,AIXBTUSDT,BUY,11
2025-10-26,11:41,AIXBTUSDT,BUY,12
2025-10-26,11:41,UBUSDT,BUY,7
2025-10-26,11:42,UBUSDT,BUY,8
2025-10-26,11:45,MAVIAUSDT,SELL,9
2025-10-26,11:45,1000RATSUSDT,BUY,8
2025-10-26,11:46,GIGGLEUSDT,SELL,7
2025-10-26,11:47,BLUAIUSDT,SELL,9
2025-10-26,11:49,ZECUSDT,BUY,9
2025-10-26,11:51,GIGGLEUSDT,SELL,7
2025-10-26,11:51,币安人生USDT,BUY,13
2025-10-26,11:51,HUSDT,BUY,7
2025-10-26,11:52,币安人生USDT,BUY,13
2025-10-26,11:52,HUSDT,BUY,7
2025-10-26,11:59,GIGGLEUSDT,SELL,7
2025-10-26,11:59,AIXBTUSDT,BUY,9
2025-10-26,12:00,AIXBTUSDT,BUY,14
2025-10-26,12:01,GIGGLEUSDT,BUY,9
2025-10-26,12:02,币安人生USDT,BUY,10
2025-10-26,12:03,币安人生USDT,BUY,10
2025-10-26,12:04,RECALLUSDT,SELL,8
2025-10-26,12:05,RECALLUSDT,SELL,9
2025-10-26,12:05,XRPUSDT,SELL,9
2025-10-26,12:06,RECALLUSDT,SELL,11
2025-10-26,12:06,KGENUSDT,SELL,20
2025-10-26,12:06,XRPUSDT,SELL,10
2025-10-26,12:07,RECALLUSDT,SELL,10
2025-10-26,12:07,GIGGLEUSDT,SELL,10
2025-10-26,12:07,KGENUSDT,SELL,16
2025-10-26,12:08,RECALLUSDT,SELL,7
2025-10-26,12:09,GIGGLEUSDT,SELL,13
2025-10-26,12:10,RECALLUSDT,SELL,18
2025-10-26,12:11,ZECUSDT,BUY,9
2025-10-26,12:11,NOMUSDT,SELL,7
2025-10-26,12:11,RECALLUSDT,SELL,21
2025-10-26,12:12,NOMUSDT,SELL,10
2025-10-26,12:14,HYPEUSDT,BUY,17
2025-10-26,12:16,BTCUSDT,BUY,7
2025-10-26,12:17,BTCUSDT,BUY,7
2025-10-26,12:17,币安人生USDT,BUY,14
2025-10-26,12:18,币安人生USDT,BUY,10
2025-10-26,12:18,GIGGLEUSDT,SELL,10
2025-10-26,12:18,ZECUSDT,BUY,7
2025-10-26,12:19,ZECUSDT,BUY,7
2025-10-26,12:20,PUMPUSDT,BUY,12
2025-10-26,12:20,ETHUSDT,BUY,10
2025-10-26,12:21,PUMPUSDT,BUY,11
2025-10-26,12:21,ETHUSDT,BUY,10
2025-10-26,12:21,MAVIAUSDT,SELL,8
2025-10-26,12:23,BLUAIUSDT,BUY,12
2025-10-26,12:23,4USDT,BUY,9
2025-10-26,12:23,GIGGLEUSDT,BUY,13
2025-10-26,12:24,4USDT,BUY,8
2025-10-26,12:24,GIGGLEUSDT,BUY,17
2025-10-26,12:24,BLUAIUSDT,BUY,10
2025-10-26,12:24,BTCUSDT,BUY,8
2025-10-26,12:25,BTCUSDT,BUY,11
2025-10-26,12:26,MAVIAUSDT,BUY,10
2025-10-26,12:27,COAIUSDT,BUY,7
2025-10-26,12:28,HYPEUSDT,BUY,10
2025-10-26,12:29,PUMPUSDT,BUY,8
2025-10-26,12:30,PUMPUSDT,BUY,14
2025-10-26,12:30,ETHFIUSDT,BUY,8
2025-10-26,12:30,EIGENUSDT,BUY,8
2025-10-26,12:31,TAUSDT,BUY,8
2025-10-26,12:31,EIGENUSDT,BUY,8
2025-10-26,12:31,PUMPUSDT,BUY,7
2025-10-26,12:31,SOLUSDT,BUY,7
2025-10-26,12:31,ETHUSDT,BUY,16
2025-10-26,12:31,MAVIAUSDT,SELL,7
2025-10-26,12:31,BTCUSDT,BUY,10
2025-10-26,12:31,BLUAIUSDT,SELL,8
2025-10-26,12:31,ETHUSDC,BUY,7
2025-10-26,12:31,HYPEUSDT,BUY,8
2025-10-26,12:32,ETHUSDT,BUY,18
2025-10-26,12:32,ETHUSDC,BUY,11
2025-10-26,12:32,BLUAIUSDT,SELL,7
2025-10-26,12:32,BTCUSDT,BUY,13
2025-10-26,12:32,HYPEUSDT,BUY,8
2025-10-26,12:32,BCHUSDT,BUY,9
2025-10-26,12:32,SOLUSDT,BUY,8
2025-10-26,12:33,AIXBTUSDT,BUY,8
2025-10-26,12:33,BCHUSDT,BUY,7
2025-10-26,12:33,币安人生USDT,SELL,7
2025-10-26,12:33,PUMPUSDT,BUY,10
2025-10-26,12:34,PUMPUSDT,BUY,12
2025-10-26,12:35,AIXBTUSDT,BUY,13
2025-10-26,12:35,BTCUSDT,BUY,9
2025-10-26,12:35,SOLUSDT,BUY,7
2025-10-26,12:36,BTCUSDT,BUY,9
2025-10-26,12:36,SOLUSDT,BUY,7
2025-10-26,12:36,VIRTUALUSDT,BUY,11
2025-10-26,12:37,VIRTUALUSDT,BUY,15
2025-10-26,12:37,BLESSUSDT,BUY,11
2025-10-26,12:39,VIRTUALUSDT,BUY,8
2025-10-26,12:39,GIGGLEUSDT,BUY,9
2025-10-26,12:39,AIOUSDT,BUY,7
2025-10-26,12:40,VIRTUALUSDT,BUY,14
2025-10-26,12:40,GIGGLEUSDT,BUY,10
2025-10-26,12:40,AIOUSDT,BUY,7
2025-10-26,12:41,VIRTUALUSDT,BUY,13
2025-10-26,12:41,BTCUSDT,BUY,10
2025-10-26,12:41,4USDT,BUY,8
2025-10-26,12:42,DOGEUSDT,BUY,11
2025-10-26,12:42,BTCUSDT,BUY,20
2025-10-26,12:42,BTCUSDC,BUY,7
2025-10-26,12:42,VIRTUALUSDT,BUY,11
2025-10-26,12:42,ADAUSDT,BUY,10
2025-10-26,12:42,ETHUSDT,BUY,12
2025-10-26,12:42,SOLUSDT,BUY,8
2025-10-26,12:42,TAOUSDT,BUY,10
2025-10-26,12:42,BNBUSDT,BUY,7
2025-10-26,12:43,VIRTUALUSDT,BUY,7
2025-10-26,12:43,ADAUSDT,BUY,16
2025-10-26,12:43,ZECUSDT,BUY,7
2025-10-26,12:43,LINKUSDT,BUY,8
2025-10-26,12:43,DOGEUSDT,BUY,15
2025-10-26,12:43,BTCUSDT,BUY,25
2025-10-26,12:43,ETHUSDT,BUY,25
2025-10-26,12:43,XRPUSDT,BUY,13
2025-10-26,12:43,SUIUSDT,BUY,7
2025-10-26,12:43,USELESSUSDT,BUY,7
2025-10-26,12:43,BTCUSDC,BUY,11
2025-10-26,12:43,TAOUSDT,BUY,20
2025-10-26,12:43,ETHUSDC,BUY,12
2025-10-26,12:43,1000PEPEUSDT,BUY,8
2025-10-26,12:43,LTCUSDT,BUY,7
2025-10-26,12:43,ENAUSDT,BUY,7
2025-10-26,12:43,BNBUSDT,BUY,13
2025-10-26,12:44,ETHUSDC,BUY,9
2025-10-26,12:44,WLDUSDT,BUY,8
2025-10-26,12:44,BTCUSDT,BUY,18
2025-10-26,12:44,ETHUSDT,BUY,16
2025-10-26,12:44,BTCUSDC,BUY,9
2025-10-26,12:44,XRPUSDT,BUY,7
2025-10-26,12:44,TAOUSDT,BUY,12
2025-10-26,12:44,BNBUSDT,BUY,7
2025-10-26,12:45,BTCUSDT,BUY,19
2025-10-26,12:45,BTCUSDC,BUY,9
2025-10-26,12:45,SOLUSDT,BUY,12
2025-10-26,12:45,ETHUSDT,BUY,13
2025-10-26,12:45,SUIUSDT,BUY,8
2025-10-26,12:45,DOGEUSDT,BUY,8
2025-10-26,12:46,DOGEUSDT,BUY,8
2025-10-26,12:46,SUIUSDT,BUY,7
2025-10-26,12:46,BTCUSDT,BUY,12
2025-10-26,12:46,SOLUSDT,BUY,11
2025-10-26,12:47,EVAAUSDT,BUY,11
2025-10-26,12:48,EVAAUSDT,BUY,23
2025-10-26,12:49,AVAXUSDT,BUY,9
2025-10-26,12:49,EVAAUSDT,BUY,28
2025-10-26,12:50,ASTERUSDT,BUY,7
2025-10-26,12:51,ASTERUSDT,BUY,12
2025-10-26,12:52,BLUAIUSDT,SELL,7
2025-10-26,12:53,BLUAIUSDT,SELL,10
2025-10-26,12:58,AIXBTUSDT,SELL,9
2025-10-26,13:00,GIGGLEUSDT,BUY,7
2025-10-26,13:00,ETHUSDT,BUY,14
2025-10-26,13:00,SOLUSDT,BUY,10
2025-10-26,13:01,ADAUSDT,BUY,7
2025-10-26,13:01,ETHUSDT,BUY,16
2025-10-26,13:01,SOLUSDT,BUY,10
2025-10-26,13:01,GIGGLEUSDT,BUY,7
2025-10-26,13:02,AIXBTUSDT,BUY,9
2025-10-26,13:03,BCHUSDT,BUY,7
2025-10-26,13:06,AIOUSDT,BUY,7
2025-10-26,13:06,PENGUUSDT,BUY,7
2025-10-26,13:06,VIRTUALUSDT,BUY,9
2025-10-26,13:07,VIRTUALUSDT,BUY,11
2025-10-26,13:07,KDAUSDT,SELL,15
2025-10-26,13:08,BTCUSDT,BUY,12
2025-10-26,13:08,VIRTUALUSDT,BUY,7
2025-10-26,13:09,BTCUSDT,BUY,9
2025-10-26,13:10,BTCUSDT,BUY,15
2025-10-26,13:11,BTCUSDT,BUY,15
2025-10-26,13:11,ETHUSDT,BUY,7
2025-10-26,13:11,AIXBTUSDT,SELL,13
2025-10-26,13:12,BTCUSDT,BUY,11
2025-10-26,13:14,HYPEUSDT,BUY,8
2025-10-26,13:15,币安人生USDT,SELL,8
2025-10-26,13:16,SOLUSDT,BUY,8
2025-10-26,13:16,币安人生USDT,SELL,8
2025-10-26,13:16,ENAUSDT,BUY,8
2025-10-26,13:16,HYPEUSDT,BUY,8
2025-10-26,13:17,HYPEUSDT,BUY,12
2025-10-26,13:17,ENAUSDT,BUY,7
2025-10-26,13:17,币安人生USDT,SELL,7
2025-10-26,13:18,FUSDT,SELL,11
2025-10-26,13:21,PIPPINUSDT,SELL,7
2025-10-26,13:22,PIPPINUSDT,SELL,7
2025-10-26,13:22,币安人生USDT,SELL,10
2025-10-26,13:22,ZECUSDT,BUY,18
2025-10-26,13:23,币安人生USDT,SELL,8
2025-10-26,13:23,ZECUSDT,BUY,14
2025-10-26,13:23,AIXBTUSDT,SELL,8
2025-10-26,13:25,AIOUSDT,BUY,10
2025-10-26,13:25,ZECUSDT,BUY,15
2025-10-26,13:25,ZENUSDT,BUY,7
2025-10-26,13:26,AIOUSDT,BUY,12
2025-10-26,13:26,ZECUSDT,BUY,19
2025-10-26,13:26,ZENUSDT,BUY,9
2025-10-26,13:26,BCHUSDT,BUY,7
2025-10-26,13:27,BCHUSDT,BUY,7
2025-10-26,13:29,4USDT,SELL,7
2025-10-26,13:30,4USDT,SELL,10
2025-10-26,13:30,FUSDT,SELL,15
2025-10-26,13:31,FUSDT,SELL,15
2025-10-26,13:31,AIXBTUSDT,BUY,7
2025-10-26,13:33,BSVUSDT,BUY,7
2025-10-26,13:34,BRUSDT,BUY,8
2025-10-26,13:34,4USDT,SELL,8
2025-10-26,13:40,RVVUSDT,SELL,11
2025-10-26,13:41,RVVUSDT,SELL,11
2025-10-26,13:45,GIGGLEUSDT,BUY,8
2025-10-26,13:47,AIXBTUSDT,SELL,10
2025-10-26,13:47,RIVERUSDT,BUY,7
2025-10-26,13:48,AIXBTUSDT,SELL,13
2025-10-26,13:48,4USDT,SELL,11
2025-10-26,13:48,BASUSDT,SELL,7
2025-10-26,13:49,4USDT,SELL,10
2025-10-26,13:49,BASUSDT,SELL,7
2025-10-26,13:50,BLUAIUSDT,SELL,7
2025-10-26,13:51,PIPPINUSDT,SELL,12
2025-10-26,13:52,PIPPINUSDT,SELL,12
2025-10-26,13:59,MAVIAUSDT,BUY,12
2025-10-26,13:59,币安人生USDT,BUY,10
2025-10-26,14:02,币安人生USDT,SELL,7
2025-10-26,14:03,币安人生USDT,SELL,8
2025-10-26,14:03,AIXBTUSDT,SELL,24
2025-10-26,14:04,AIXBTUSDT,SELL,22
2025-10-26,14:04,4USDT,SELL,9
2025-10-26,14:05,4USDT,SELL,8
2025-10-26,14:05,UBUSDT,BUY,7
2025-10-26,14:06,UBUSDT,BUY,13
2025-10-26,14:06,XPLUSDT,BUY,9
2025-10-26,14:08,ZENUSDT,SELL,15
2025-10-26,14:08,TAOUSDT,SELL,8
2025-10-26,14:08,BLUAIUSDT,SELL,8
2025-10-26,14:09,ZENUSDT,SELL,15
2025-10-26,14:09,币安人生USDT,SELL,12
2025-10-26,14:10,AIXBTUSDT,SELL,7
2025-10-26,14:11,VIRTUALUSDT,SELL,7
2025-10-26,14:12,VIRTUALUSDT,SELL,7
2025-10-26,14:12,AIXBTUSDT,SELL,13
2025-10-26,14:13,GIGGLEUSDT,SELL,9
2025-10-26,14:14,GIGGLEUSDT,SELL,8
2025-10-26,14:14,HIPPOUSDT,BUY,7
2025-10-26,14:15,HIPPOUSDT,BUY,9
2025-10-26,14:15,GIGGLEUSDT,SELL,7
2025-10-26,14:15,BTCUSDT,SELL,8
2025-10-26,14:16,BTCUSDT,SELL,8
2025-10-26,14:16,ZENUSDT,SELL,7
2025-10-26,14:17,HUSDT,BUY,12
2025-10-26,14:17,UBUSDT,BUY,10
2025-10-26,14:18,UBUSDT,BUY,7
2025-10-26,14:24,SUIUSDT,BUY,7
2025-10-26,14:25,SUIUSDT,BUY,7
2025-10-26,14:25,CLOUSDT,BUY,7
2025-10-26,14:26,CLOUSDT,BUY,7
2025-10-26,14:27,EVAAUSDT,BUY,8
2025-10-26,14:29,MAVIAUSDT,SELL,16
2025-10-26,14:29,SOLUSDT,BUY,13
2025-10-26,14:29,ETHUSDT,BUY,7
2025-10-26,14:30,SOLUSDT,BUY,19
2025-10-26,14:30,ETHUSDT,BUY,12
2025-10-26,14:30,DOGEUSDT,BUY,13
2025-10-26,14:31,DOGEUSDT,BUY,11
2025-10-26,14:31,1000PEPEUSDT,BUY,8
2025-10-26,14:31,SOLUSDT,BUY,9
2025-10-26,14:31,ETHUSDT,BUY,9
2025-10-26,14:33,ENAUSDT,BUY,9
2025-10-26,14:33,ZECUSDT,BUY,9
2025-10-26,14:34,ENAUSDT,BUY,9
2025-10-26,14:34,ZECUSDT,BUY,21
2025-10-26,14:35,ZECUSDT,BUY,14
2025-10-26,14:40,ETHUSDT,BUY,16
2025-10-26,14:40,AAVEUSDT,BUY,7
2025-10-26,14:40,SOLUSDT,BUY,11
2025-10-26,14:40,ZECUSDT,BUY,22
2025-10-26,14:41,ZECUSDT,BUY,23
2025-10-26,14:41,UNIUSDT,BUY,7
2025-10-26,14:41,ETHUSDT,BUY,16
2025-10-26,14:41,SOLUSDT,BUY,12
2025-10-26,14:41,AAVEUSDT,BUY,8
2025-10-26,14:42,ETHUSDT,BUY,10
2025-10-26,14:42,ZECUSDT,BUY,10
2025-10-26,14:42,AKTUSDT,BUY,7
2025-10-26,14:42,SOLUSDT,BUY,9
2025-10-26,14:43,ZECUSDT,BUY,9
2025-10-26,14:43,ETHUSDT,BUY,8
2025-10-26,14:43,AKTUSDT,BUY,8
2025-10-26,14:44,ETHUSDT,BUY,13
2025-10-26,14:44,BTCUSDT,BUY,15
2025-10-26,14:45,BTCUSDT,BUY,12
2025-10-26,14:45,ETHUSDT,BUY,10
2025-10-26,14:45,币安人生USDT,SELL,8
2025-10-26,14:45,B2USDT,BUY,8
2025-10-26,14:46,B2USDT,BUY,13
2025-10-26,14:46,币安人生USDT,SELL,9
2025-10-26,14:47,ZECUSDT,BUY,13
2025-10-26,14:48,ZECUSDT,BUY,12
2025-10-26,14:52,EDUUSDT,BUY,9
2025-10-26,14:53,EDUUSDT,BUY,7
2025-10-26,14:54,ETHUSDT,SELL,8
2025-10-26,14:54,GIGGLEUSDT,BUY,9
2025-10-26,14:55,GIGGLEUSDT,BUY,7
2025-10-26,14:56,FFUSDT,BUY,8
2025-10-26,14:57,FFUSDT,BUY,8
2025-10-26,15:04,BLUAIUSDT,BUY,8
2025-10-26,15:08,AIXBTUSDT,SELL,9
2025-10-26,15:09,AIXBTUSDT,SELL,11
2025-10-26,15:10,AIXBTUSDT,SELL,7
2025-10-26,15:11,EDENUSDT,BUY,7
2025-10-26,15:12,BLESSUSDT,SELL,9
2025-10-26,15:15,ZECUSDT,BUY,8
2025-10-26,15:17,XPINUSDT,BUY,7
2025-10-26,15:17,QUSDT,BUY,8
2025-10-26,15:18,QUSDT,BUY,12
2025-10-26,15:20,币安人生USDT,SELL,11
2025-10-26,15:21,GIGGLEUSDT,BUY,7
2025-10-26,15:22,ETHUSDT,SELL,7
2025-10-26,15:23,GIGGLEUSDT,BUY,7
2025-10-26,15:26,ASTERUSDT,SELL,9
2025-10-26,15:27,ASTERUSDT,SELL,9
2025-10-26,15:29,BANANAUSDT,BUY,7
2025-10-26,15:30,BANANAUSDT,BUY,10
2025-10-26,15:31,BLESSUSDT,SELL,7
2025-10-26,15:32,BLESSUSDT,SELL,11
2025-10-26,15:33,BLESSUSDT,SELL,10
2025-10-26,15:34,ZECUSDT,BUY,10
2025-10-26,15:34,KDAUSDT,SELL,9
2025-10-26,15:35,币安人生USDT,BUY,8
2025-10-26,15:36,MAVIAUSDT,BUY,11
2025-10-26,15:37,ZECUSDT,BUY,13
2025-10-26,15:38,ZECUSDT,BUY,13
2025-10-26,15:39,ZECUSDT,BUY,11
2025-10-26,15:40,ZECUSDT,BUY,7
2025-10-26,15:40,BANANAUSDT,SELL,11
2025-10-26,15:42,MYXUSDT,BUY,8
2025-10-26,15:43,MYXUSDT,BUY,7
2025-10-26,15:43,ZECUSDT,BUY,13
2025-10-26,15:44,LABUSDT,BUY,7
2025-10-26,15:47,ETHUSDT,SELL,12
2025-10-26,15:47,4USDT,SELL,8
2025-10-26,15:48,4USDT,SELL,20
2025-10-26,15:48,ETHUSDT,SELL,7
2025-10-26,15:49,4USDT,SELL,16
2025-10-26,15:53,AIXBTUSDT,SELL,8
2025-10-26,15:53,ZECUSDT,SELL,9
2025-10-26,15:53,ETHUSDT,SELL,13
2025-10-26,15:54,ETHUSDT,SELL,10
2025-10-26,15:54,MAVIAUSDT,SELL,9
2025-10-26,15:55,MAVIAUSDT,SELL,17
2025-10-26,15:55,COAIUSDT,SELL,8
2025-10-26,15:56,MAVIAUSDT,SELL,10
2025-10-26,15:56,COAIUSDT,SELL,7
2025-10-26,15:57,ZECUSDT,SELL,12
2025-10-26,16:00,EPTUSDT,BUY,8
2025-10-26,16:01,BASUSDT,SELL,7
2025-10-26,16:01,AIXBTUSDT,SELL,11
2025-10-26,16:01,BTCUSDT,SELL,7
2025-10-26,16:02,AIXBTUSDT,SELL,11
2025-10-26,16:02,BTCUSDT,SELL,9
2025-10-26,16:02,ETHUSDT,SELL,9
2025-10-26,16:03,ETHUSDT,SELL,8
2025-10-26,16:05,TAOUSDT,SELL,7
2025-10-26,16:05,RIVERUSDT,SELL,7
2025-10-26,16:06,EVAAUSDT,SELL,9
2025-10-26,16:07,EVAAUSDT,SELL,10
2025-10-26,16:10,UBUSDT,BUY,11
2025-10-26,16:11,UBUSDT,BUY,7
2025-10-26,16:12,EDUUSDT,BUY,7
2025-10-26,16:15,ETHUSDT,BUY,8
2025-10-26,16:17,KGENUSDT,SELL,9
2025-10-26,16:18,CLOUSDT,SELL,8
2025-10-26,16:18,KGENUSDT,SELL,12
2025-10-26,16:19,CLOUSDT,SELL,10
2025-10-26,16:21,HIPPOUSDT,SELL,7
2025-10-26,16:22,HUSDT,SELL,11
2025-10-26,16:22,HIPPOUSDT,SELL,13
2025-10-26,16:23,HUSDT,SELL,12
2025-10-26,16:23,HIPPOUSDT,SELL,11
2025-10-26,16:26,HIPPOUSDT,SELL,11
2025-10-26,16:26,LIGHTUSDT,BUY,7
2025-10-26,16:27,HIPPOUSDT,SELL,8
2025-10-26,16:27,LIGHTUSDT,BUY,7
2025-10-26,16:32,UBUSDT,BUY,9
2025-10-26,16:33,UBUSDT,BUY,13
2025-10-26,16:33,币安人生USDT,BUY,7
2025-10-26,16:40,ZECUSDT,BUY,8
2025-10-26,16:41,ZECUSDT,BUY,8
2025-10-26,16:45,TRADOORUSDT,SELL,8
2025-10-26,16:46,TRADOORUSDT,SELL,8
2025-10-26,16:48,MAVIAUSDT,BUY,11
2025-10-26,16:49,ZECUSDT,BUY,15
2025-10-26,16:52,ZECUSDT,BUY,19
2025-10-26,16:52,EVAAUSDT,BUY,7
2025-10-26,16:54,BTCUSDT,BUY,7
2025-10-26,17:01,MAVIAUSDT,BUY,23
2025-10-26,17:02,ZENUSDT,BUY,10
2025-10-26,17:02,COAIUSDT,SELL,7
2025-10-26,17:02,DASHUSDT,BUY,7
2025-10-26,17:03,币安人生USDT,SELL,7
2025-10-26,17:03,AKTUSDT,BUY,7
2025-10-26,17:04,BLESSUSDT,SELL,10
2025-10-26,17:04,币安人生USDT,SELL,9
2025-10-26,17:05,币安人生USDT,SELL,11
2025-10-26,17:05,BLESSUSDT,SELL,8
2025-10-26,17:06,AVNTUSDT,SELL,10
2025-10-26,17:06,币安人生USDT,SELL,11
2025-10-26,17:07,AVNTUSDT,SELL,9
2025-10-26,17:07,币安人生USDT,SELL,21
2025-10-26,17:08,币安人生USDT,SELL,13
2025-10-26,17:09,ZECUSDT,SELL,17
2025-10-26,17:09,ASTERUSDT,SELL,7
2025-10-26,17:09,BLESSUSDT,SELL,9
2025-10-26,17:10,ASTERUSDT,SELL,7
2025-10-26,17:10,BLESSUSDT,SELL,28
2025-10-26,17:10,GIGGLEUSDT,SELL,7
2025-10-26,17:11,EDUUSDT,SELL,10
2025-10-26,17:13,ZECUSDT,BUY,14
2025-10-26,17:14,ZECUSDT,BUY,9
2025-10-26,17:15,BTCUSDT,SELL,8
2025-10-26,17:15,ETHUSDT,SELL,9
2025-10-26,17:16,ETHUSDT,SELL,12
2025-10-26,17:16,BTCUSDT,SELL,14
2025-10-26,17:17,BTCUSDT,SELL,12
2025-10-26,17:17,ETHUSDT,SELL,10
2025-10-26,17:17,XRPUSDT,SELL,7
2025-10-26,17:17,KGENUSDT,SELL,8
2025-10-26,17:17,ASTERUSDT,SELL,7
2025-10-26,17:17,GIGGLEUSDT,SELL,18
2025-10-26,17:18,币安人生USDT,SELL,29
2025-10-26,17:18,KGENUSDT,SELL,9
2025-10-26,17:18,XRPUSDT,SELL,9
2025-10-26,17:18,ASTERUSDT,SELL,8
2025-10-26,17:18,LYNUSDT,SELL,10
2025-10-26,17:18,AIAUSDT,SELL,7
2025-10-26,17:19,LYNUSDT,SELL,20
2025-10-26,17:19,AIAUSDT,SELL,7
2025-10-26,17:19,币安人生USDT,SELL,26
2025-10-26,17:20,LYNUSDT,SELL,10
2025-10-26,17:20,YBUSDT,BUY,8
2025-10-26,17:20,ZECUSDT,BUY,10
2025-10-26,17:22,BLUAIUSDT,BUY,7
2025-10-26,17:24,ZECUSDT,BUY,8
2025-10-26,17:29,TAUSDT,SELL,7
2025-10-26,17:30,TAUSDT,SELL,9
2025-10-26,17:30,XRPUSDT,SELL,13
2025-10-26,17:31,XRPUSDT,SELL,9
2025-10-26,17:32,币安人生USDT,SELL,8
2025-10-26,17:38,BLUAIUSDT,BUY,8
2025-10-26,17:39,BLUAIUSDT,BUY,8
2025-10-26,17:43,GIGGLEUSDT,SELL,13
2025-10-26,17:47,币安人生USDT,SELL,7
2025-10-26,17:48,币安人生USDT,SELL,13
2025-10-26,17:49,币安人生USDT,SELL,18
2025-10-26,17:50,币安人生USDT,SELL,8
2025-10-26,17:50,ZECUSDT,SELL,9
2025-10-26,17:51,币安人生USDT,SELL,10
2025-10-26,17:52,币安人生USDT,SELL,8
2025-10-26,17:52,4USDT,SELL,7
2025-10-26,17:53,4USDT,SELL,7
2025-10-26,17:56,BLUAIUSDT,SELL,8
2025-10-26,17:57,PIPPINUSDT,SELL,9
2025-10-26,17:57,币安人生USDT,SELL,7
2025-10-26,17:57,BLUAIUSDT,SELL,14
2025-10-26,17:57,4USDT,SELL,8
2025-10-26,17:58,AIAUSDT,SELL,8
2025-10-26,17:58,BLUAIUSDT,SELL,10
2025-10-26,17:58,4USDT,SELL,11
2025-10-26,17:58,KGENUSDT,SELL,11
2025-10-26,17:58,BNBUSDT,SELL,9
2025-10-26,17:59,KGENUSDT,SELL,11
2025-10-26,17:59,AIAUSDT,SELL,7
2025-10-26,17:59,HUSDT,BUY,8
2025-10-26,17:59,4USDT,SELL,12
2025-10-26,18:00,HUSDT,BUY,9
2025-10-26,18:00,4USDT,SELL,9
2025-10-26,18:00,AIAUSDT,SELL,8
2025-10-26,18:01,HUSDT,BUY,11
2025-10-26,18:01,COAIUSDT,SELL,13
2025-10-26,18:01,OGUSDT,SELL,8
2025-10-26,18:02,COAIUSDT,SELL,11
2025-10-26,18:02,4USDT,SELL,8
2025-10-26,18:02,BLESSUSDT,SELL,7
2025-10-26,18:02,OGUSDT,SELL,10
2025-10-26,18:03,ZECUSDT,BUY,7
2025-10-26,18:04,EVAAUSDT,BUY,13
2025-10-26,18:04,币安人生USDT,SELL,9
2025-10-26,18:05,EVAAUSDT,BUY,10
2025-10-26,18:05,EDENUSDT,SELL,7
2025-10-26,18:05,LYNUSDT,SELL,8
2025-10-26,18:10,EVAAUSDT,BUY,15
2025-10-26,18:11,ZECUSDT,BUY,15
2025-10-26,18:11,EVAAUSDT,BUY,15
2025-10-26,18:12,ZECUSDT,BUY,15
2025-10-26,18:13,ZECUSDT,BUY,7
2025-10-26,18:16,GIGGLEUSDT,BUY,7
2025-10-26,18:17,MAVIAUSDT,SELL,8
2025-10-26,18:17,GIGGLEUSDT,BUY,8
2025-10-26,18:17,BDXNUSDT,SELL,11
2025-10-26,18:20,MAVIAUSDT,BUY,11
2025-10-26,18:21,ETHUSDT,BUY,10
2025-10-26,18:22,ETHUSDT,BUY,10
2025-10-26,18:27,ZECUSDT,BUY,7
2025-10-26,18:28,ZECUSDT,BUY,11
2025-10-26,18:32,BUSDT,BUY,8
2025-10-26,18:34,ZECUSDT,BUY,9
2025-10-26,18:34,FFUSDT,BUY,8
2025-10-26,18:34,GIGGLEUSDT,SELL,7
2025-10-26,18:35,FFUSDT,BUY,9
2025-10-26,18:36,MAVIAUSDT,SELL,8
2025-10-26,18:36,EVAAUSDT,BUY,12
2025-10-26,18:37,EVAAUSDT,BUY,12
2025-10-26,18:38,BDXNUSDT,BUY,9
2025-10-26,18:39,BDXNUSDT,BUY,9
2025-10-26,18:41,MAVIAUSDT,BUY,10
2025-10-26,18:42,BDXNUSDT,BUY,7
2025-10-26,18:46,YBUSDT,SELL,7
2025-10-26,18:48,XVGUSDT,BUY,8
2025-10-26,18:48,MAVIAUSDT,SELL,14
2025-10-26,18:50,OGUSDT,BUY,8
2025-10-26,18:51,OGUSDT,BUY,7
2025-10-26,18:54,MAVIAUSDT,SELL,8
2025-10-26,18:56,MAVIAUSDT,BUY,7
2025-10-26,18:57,MAVIAUSDT,BUY,14
2025-10-26,18:58,MAVIAUSDT,BUY,14
2025-10-26,19:00,RVVUSDT,BUY,8
2025-10-26,19:00,GIGGLEUSDT,BUY,10
2025-10-26,19:00,VIRTUALUSDT,BUY,8
2025-10-26,19:00,MAVIAUSDT,BUY,11
2025-10-26,19:00,ZECUSDT,BUY,8
2025-10-26,19:01,GIGGLEUSDT,BUY,15
2025-10-26,19:01,RVVUSDT,BUY,7
2025-10-26,19:01,VIRTUALUSDT,BUY,8
2025-10-26,19:02,GIGGLEUSDT,BUY,7
2025-10-26,19:12,BDXNUSDT,SELL,11
2025-10-26,19:13,BDXNUSDT,SELL,7
2025-10-26,19:18,SKATEUSDT,SELL,10
2025-10-26,19:18,COAIUSDT,BUY,7
2025-10-26,19:20,AIXBTUSDT,BUY,7
2025-10-26,19:22,EDUUSDT,BUY,8
2025-10-26,19:22,HUSDT,BUY,8
2025-10-26,19:23,HUSDT,BUY,14
2025-10-26,19:23,AIXBTUSDT,BUY,9
2025-10-26,19:24,HUSDT,BUY,8
2025-10-26,19:24,AIXBTUSDT,BUY,18
2025-10-26,19:24,YBUSDT,SELL,7
2025-10-26,19:25,AIXBTUSDT,BUY,13
2025-10-26,19:29,HUSDT,BUY,14
2025-10-26,19:30,VVVUSDT,BUY,7
2025-10-26,19:31,VVVUSDT,BUY,8
2025-10-26,19:32,COAIUSDT,BUY,8
2025-10-26,19:33,COAIUSDT,BUY,8
2025-10-26,19:37,COAIUSDT,BUY,8
2025-10-26,19:38,COAIUSDT,BUY,14
2025-10-26,19:41,COAIUSDT,BUY,12
2025-10-26,19:42,COAIUSDT,BUY,23
2025-10-26,19:43,COAIUSDT,BUY,25
2025-10-26,19:44,COAIUSDT,BUY,17
2025-10-26,19:45,COAIUSDT,BUY,12
2025-10-26,19:51,VIRTUALUSDT,BUY,8
2025-10-26,19:52,ZECUSDT,SELL,8
2025-10-26,19:53,GIGGLEUSDT,BUY,7
2025-10-26,19:54,VIRTUALUSDT,BUY,8
2025-10-26,19:56,MAVIAUSDT,BUY,7
2025-10-26,19:58,GIGGLEUSDT,BUY,8
2025-10-26,19:59,GIGGLEUSDT,BUY,11
2025-10-26,20:00,BDXNUSDT,BUY,8
2025-10-26,20:01,BDXNUSDT,BUY,10
2025-10-26,20:01,COAIUSDT,BUY,7
2025-10-26,20:01,YBUSDT,SELL,7
2025-10-26,20:02,YBUSDT,SELL,7
2025-10-26,20:02,COAIUSDT,BUY,9
2025-10-26,20:02,BDXNUSDT,BUY,14
2025-10-26,20:06,FFUSDT,SELL,9
2025-10-26,20:07,FFUSDT,SELL,10
2025-10-26,20:08,BDXNUSDT,BUY,22
2025-10-26,20:08,COAIUSDT,BUY,10
2025-10-26,20:09,EVAAUSDT,BUY,8
2025-10-26,20:12,EDUUSDT,SELL,7
2025-10-26,20:14,MAVIAUSDT,BUY,9
2025-10-26,20:22,MAVIAUSDT,SELL,12
2025-10-26,20:24,COAIUSDT,SELL,8
2025-10-26,20:25,COAIUSDT,SELL,8
2025-10-26,20:25,BDXNUSDT,SELL,17
2025-10-26,20:26,HUSDT,SELL,10
2025-10-26,20:30,BDXNUSDT,SELL,16
2025-10-26,20:34,BDXNUSDT,SELL,8
2025-10-26,20:38,COAIUSDT,SELL,7
2025-10-26,20:38,MAVIAUSDT,SELL,11
2025-10-26,20:38,GIGGLEUSDT,SELL,8
2025-10-26,20:39,GIGGLEUSDT,SELL,11
2025-10-26,20:45,HUSDT,SELL,15
2025-10-26,20:45,COAIUSDT,SELL,10
2025-10-26,20:46,HUSDT,SELL,15
2025-10-26,20:46,COAIUSDT,SELL,7
2025-10-26,20:47,COAIUSDT,SELL,17
2025-10-26,20:48,COAIUSDT,SELL,17
2025-10-26,20:58,MAVIAUSDT,SELL,8
2025-10-26,21:01,VVVUSDT,SELL,7
2025-10-26,21:02,VVVUSDT,SELL,7
2025-10-26,21:02,COAIUSDT,SELL,19
2025-10-26,21:03,COAIUSDT,SELL,21
2025-10-26,21:04,XPINUSDT,SELL,7
2025-10-26,21:06,LIGHTUSDT,SELL,12
2025-10-26,21:07,LIGHTUSDT,SELL,11
2025-10-26,21:10,MAVIAUSDT,BUY,7
2025-10-26,21:14,MAVIAUSDT,BUY,8
2025-10-26,21:14,GIGGLEUSDT,BUY,10
2025-10-26,21:15,GIGGLEUSDT,BUY,8
2025-10-26,21:18,COAIUSDT,SELL,8
2025-10-26,21:19,DOGEUSDT,SELL,8
2025-10-26,21:20,TAOUSDT,SELL,9
2025-10-26,21:21,TAOUSDT,SELL,11
2025-10-26,21:21,ASTERUSDT,SELL,11
2025-10-26,21:21,COAIUSDT,SELL,16
2025-10-26,21:21,MAVIAUSDT,SELL,8
2025-10-26,21:22,1000PEPEUSDT,SELL,8
2025-10-26,21:22,ETHUSDT,SELL,7
2025-10-26,21:22,COAIUSDT,SELL,26
2025-10-26,21:22,XRPUSDT,SELL,14
2025-10-26,21:22,SOLUSDT,SELL,9
2025-10-26,21:22,ASTERUSDT,SELL,11
2025-10-26,21:22,TAOUSDT,SELL,8
2025-10-26,21:23,COAIUSDT,SELL,42
2025-10-26,21:23,SOLUSDT,SELL,9
2025-10-26,21:23,BLUAIUSDT,SELL,7
2025-10-26,21:23,ETHUSDT,SELL,7
2025-10-26,21:23,ZECUSDT,BUY,13
2025-10-26,21:24,COAIUSDT,SELL,33
2025-10-26,21:24,ZECUSDT,BUY,12
2025-10-26,21:26,COAIUSDT,BUY,7
2025-10-26,21:26,ZECUSDT,BUY,7
2025-10-26,21:26,DASHUSDT,BUY,8
2025-10-26,21:27,DASHUSDT,BUY,11
2025-10-26,21:39,BLESSUSDT,BUY,7
2025-10-26,21:41,EVAAUSDT,BUY,11
2025-10-26,21:42,EVAAUSDT,BUY,11
2025-10-26,21:43,ZECUSDT,SELL,10
2025-10-26,21:45,DIAUSDT,BUY,9
2025-10-26,21:47,MAVIAUSDT,SELL,9
2025-10-26,21:48,EVAAUSDT,BUY,14
2025-10-26,21:49,EVAAUSDT,BUY,9
2025-10-26,21:49,ENSOUSDT,BUY,8
2025-10-26,21:50,ENSOUSDT,BUY,8
2025-10-26,21:56,EDUUSDT,SELL,9
2025-10-26,21:57,EDUUSDT,SELL,7
2025-10-26,22:02,VIRTUALUSDT,BUY,10
2025-10-26,22:03,VIRTUALUSDT,BUY,9
2025-10-26,22:11,DIAUSDT,BUY,8
2025-10-26,22:15,DIAUSDT,BUY,8
2025-10-26,22:15,MAVIAUSDT,SELL,11
2025-10-26,22:16,DIAUSDT,BUY,10
2025-10-26,22:23,VIRTUALUSDT,BUY,8
2025-10-26,22:25,EVAAUSDT,BUY,7
2025-10-26,22:26,DIAUSDT,SELL,10
2025-10-26,22:28,BTCUSDT,SELL,19
2025-10-26,22:28,TAOUSDT,SELL,8
2025-10-26,22:29,BTCUSDT,SELL,15
2025-10-26,22:29,TAOUSDT,SELL,8
2025-10-26,22:35,VIRTUALUSDT,BUY,7
2025-10-26,22:35,MAVIAUSDT,BUY,9
2025-10-26,22:36,VIRTUALUSDT,BUY,11
2025-10-26,22:41,COAIUSDT,SELL,21
2025-10-26,22:41,ETHUSDT,BUY,8
2025-10-26,22:42,COAIUSDT,SELL,18
2025-10-26,22:42,ETHUSDT,BUY,8
2025-10-26,22:42,4USDT,BUY,7
2025-10-26,22:47,VIRTUALUSDT,BUY,9
2025-10-26,22:50,AIXBTUSDT,BUY,7
2025-10-26,22:51,AIXBTUSDT,BUY,7
2025-10-26,22:51,VIRTUALUSDT,BUY,7
2025-10-26,22:56,VIRTUALUSDT,BUY,8
2025-10-26,23:00,SOLUSDT,BUY,8
2025-10-26,23:00,GIGGLEUSDT,BUY,11
2025-10-26,23:00,AIXBTUSDT,BUY,7
2025-10-26,23:00,BTCUSDT,BUY,12
2025-10-26,23:00,ENAUSDT,BUY,8
2025-10-26,23:01,SOLUSDT,BUY,7
2025-10-26,23:01,GIGGLEUSDT,BUY,11
2025-10-26,23:01,AIXBTUSDT,BUY,7
2025-10-26,23:01,BTCUSDT,BUY,12
2025-10-26,23:01,ENAUSDT,BUY,8
2025-10-26,23:02,ETHUSDT,BUY,22
2025-10-26,23:02,SOLUSDT,BUY,17
2025-10-26,23:02,BTCUSDT,BUY,18
2025-10-26,23:02,LTCUSDT,BUY,11
2025-10-26,23:02,ENAUSDT,BUY,10
2025-10-26,23:03,AVAXUSDT,BUY,12
2025-10-26,23:03,TRUMPUSDT,BUY,10
2025-10-26,23:03,BTCUSDT,BUY,40
2025-10-26,23:03,LTCUSDT,BUY,24
2025-10-26,23:03,BCHUSDT,BUY,14
2025-10-26,23:03,DOTUSDT,BUY,15
2025-10-26,23:03,WLDUSDT,BUY,10
2025-10-26,23:03,ADAUSDT,BUY,18
2025-10-26,23:03,HUSDT,BUY,9
2025-10-26,23:03,UNIUSDT,BUY,14
2025-10-26,23:03,SUIUSDT,BUY,16
2025-10-26,23:03,NEARUSDT,BUY,10
2025-10-26,23:03,SOLUSDC,BUY,15
2025-10-26,23:03,CRVUSDT,BUY,7
2025-10-26,23:03,OPUSDT,BUY,11
2025-10-26,23:03,AAVEUSDT,BUY,8
2025-10-26,23:03,FARTCOINUSDT,BUY,17
2025-10-26,23:03,ENAUSDT,BUY,20
2025-10-26,23:03,COAIUSDT,SELL,14
2025-10-26,23:03,GALAUSDT,BUY,9
2025-10-26,23:03,1000PEPEUSDT,BUY,20
2025-10-26,23:03,XRPUSDC,BUY,8
2025-10-26,23:03,1000SHIBUSDT,BUY,17
2025-10-26,23:03,TRBUSDT,BUY,8
2025-10-26,23:03,DOGEUSDC,BUY,11
2025-10-26,23:03,1000BONKUSDT,BUY,8
2025-10-26,23:03,HYPEUSDT,BUY,7
2025-10-26,23:03,PUMPUSDT,BUY,9
2025-10-26,23:03,ETCUSDT,BUY,9
2025-10-26,23:03,FETUSDT,BUY,7
2025-10-26,23:03,JUPUSDT,BUY,8
2025-10-26,23:03,PENGUUSDT,BUY,12
2025-10-26,23:03,DASHUSDT,BUY,7
2025-10-26,23:03,SEIUSDT,BUY,7
2025-10-26,23:03,ARBUSDT,BUY,7
2025-10-26,23:03,AXSUSDT,BUY,7
2025-10-26,23:04,1000SHIBUSDT,BUY,13
2025-10-26,23:04,ZECUSDT,BUY,15
2025-10-26,23:04,OPUSDT,BUY,8
2025-10-26,23:04,XRPUSDT,BUY,18
2025-10-26,23:04,SUIUSDT,BUY,10
2025-10-26,23:04,BNBUSDT,BUY,15
2025-10-26,23:04,BTCUSDC,BUY,20
2025-10-26,23:04,UNIUSDT,BUY,12
2025-10-26,23:04,TRUMPUSDT,BUY,8
2025-10-26,23:04,FARTCOINUSDT,BUY,20
2025-10-26,23:04,SOLUSDC,BUY,11
2025-10-26,23:04,LTCUSDT,BUY,13
2025-10-26,23:04,1000PEPEUSDT,BUY,14
2025-10-26,23:04,AVAXUSDT,BUY,7
2025-10-26,23:04,DOGEUSDC,BUY,9
2025-10-26,23:04,PENGUUSDT,BUY,10
2025-10-26,23:04,DOTUSDT,BUY,9
2025-10-26,23:04,AIXBTUSDT,BUY,8
2025-10-26,23:04,WIFUSDT,BUY,8
2025-10-26,23:04,BCHUSDT,BUY,10
2025-10-26,23:04,NEARUSDT,BUY,8
2025-10-26,23:04,ADAUSDT,BUY,12
2025-10-26,23:04,COAIUSDT,SELL,10
2025-10-26,23:04,ARBUSDT,BUY,7
2025-10-26,23:04,LINKUSDT,BUY,11
2025-10-26,23:04,AXSUSDT,BUY,7
2025-10-26,23:05,FARTCOINUSDT,BUY,7
2025-10-26,23:05,ETHUSDT,SELL,10
2025-10-26,23:06,BTCUSDT,SELL,7
2025-10-26,23:06,ETHUSDT,SELL,9
2025-10-26,23:07,GIGGLEUSDT,BUY,12
2025-10-26,23:07,AIXBTUSDT,BUY,23
2025-10-26,23:08,AIXBTUSDT,BUY,26
2025-10-26,23:09,AIXBTUSDT,BUY,13
2025-10-26,23:10,AIXBTUSDT,BUY,9
2025-10-26,23:10,CLOUSDT,BUY,8
2025-10-26,23:13,DEGOUSDT,SELL,8
2025-10-26,23:13,VIRTUALUSDT,BUY,8
2025-10-26,23:14,EVAAUSDT,BUY,13
2025-10-26,23:15,MAVIAUSDT,BUY,14
2025-10-26,23:15,EVAAUSDT,BUY,34
2025-10-26,23:15,GIGGLEUSDT,BUY,7
2025-10-26,23:15,VIRTUALUSDT,BUY,8
2025-10-26,23:16,VIRTUALUSDT,BUY,8
2025-10-26,23:16,YALAUSDT,SELL,8
2025-10-26,23:28,AIXBTUSDT,BUY,10
2025-10-26,23:31,AIXBTUSDT,SELL,7
2025-10-26,23:37,EVAAUSDT,BUY,15
2025-10-26,23:40,ETHUSDT,BUY,7
2025-10-26,23:41,ETHUSDT,BUY,9
2025-10-26,23:43,VIRTUALUSDT,BUY,9
2025-10-26,23:44,VIRTUALUSDT,BUY,7
2025-10-26,23:44,MAVIAUSDT,SELL,10
2025-10-26,23:49,FFUSDT,BUY,12
2025-10-26,23:50,FFUSDT,BUY,12
2025-10-26,23:50,ETHUSDT,BUY,8
2025-10-26,23:51,ETHUSDT,BUY,7
2025-10-27,00:10,DIAUSDT,BUY,8
2025-10-27,00:11,VIRTUALUSDT,BUY,9
2025-10-27,00:12,VIRTUALUSDT,BUY,11
2025-10-27,00:15,DIAUSDT,BUY,8
2025-10-27,00:16,DIAUSDT,BUY,7
2025-10-27,00:21,VIRTUALUSDT,BUY,9
2025-10-27,00:24,EVAAUSDT,SELL,7
2025-10-27,00:24,AIXBTUSDT,BUY,9
2025-10-27,00:25,EVAAUSDT,SELL,7
2025-10-27,00:28,BLUAIUSDT,SELL,11
2025-10-27,00:29,BLUAIUSDT,SELL,9
2025-10-27,00:30,ZECUSDT,SELL,9
2025-10-27,00:31,MAVIAUSDT,SELL,9
2025-10-27,00:32,MAVIAUSDT,SELL,9
2025-10-27,00:33,FUSDT,BUY,8
2025-10-27,00:34,ETHUSDT,BUY,7
2025-10-27,00:35,ETHUSDT,BUY,7
2025-10-27,00:36,FUSDT,BUY,7
2025-10-27,00:36,GIGGLEUSDT,SELL,8
2025-10-27,00:37,币安人生USDT,SELL,7
2025-10-27,00:38,币安人生USDT,SELL,8
2025-10-27,00:38,MAVIAUSDT,BUY,7
2025-10-27,00:38,CLOUSDT,SELL,11
2025-10-27,00:39,CLOUSDT,SELL,10
2025-10-27,00:39,ZECUSDT,SELL,13
2025-10-27,00:40,ZECUSDT,SELL,16
2025-10-27,00:47,CLOUSDT,SELL,7
2025-10-27,00:48,DIAUSDT,BUY,9
2025-10-27,00:48,MAVIAUSDT,BUY,15
2025-10-27,00:48,CLOUSDT,SELL,9
2025-10-27,00:49,MAVIAUSDT,BUY,14
2025-10-27,00:50,MAVIAUSDT,BUY,19
2025-10-27,00:51,CLOUSDT,SELL,7
2025-10-27,00:52,CLOUSDT,SELL,22
2025-10-27,00:53,CLOUSDT,SELL,16
2025-10-27,00:56,ZECUSDT,SELL,11
2025-10-27,00:57,ZECUSDT,SELL,10
2025-10-27,01:00,ETHUSDT,SELL,8
2025-10-27,01:01,BLUAIUSDT,BUY,7
2025-10-27,01:02,BLUAIUSDT,BUY,7
2025-10-27,01:08,ZKCUSDT,BUY,9
2025-10-27,01:09,ZKCUSDT,BUY,7
2025-10-27,01:09,SOMIUSDT,BUY,7
2025-10-27,01:10,SOMIUSDT,BUY,13
2025-10-27,01:12,MAVIAUSDT,SELL,7
2025-10-27,01:13,SOMIUSDT,SELL,7
2025-10-27,01:13,MAVIAUSDT,SELL,7
2025-10-27,01:16,SOLUSDT,BUY,8
2025-10-27,01:17,SOLUSDT,BUY,8
2025-10-27,01:17,BLESSUSDT,SELL,8
2025-10-27,01:18,MAVIAUSDT,SELL,9
2025-10-27,01:18,BLESSUSDT,SELL,8
2025-10-27,01:18,SOLUSDT,BUY,7
2025-10-27,01:19,AIXBTUSDT,SELL,8
2025-10-27,01:19,EVAAUSDT,SELL,14
2025-10-27,01:20,AIXBTUSDT,SELL,7
2025-10-27,01:24,FORMUSDT,SELL,8
2025-10-27,01:26,ZECUSDT,BUY,10
2025-10-27,01:27,ZECUSDT,BUY,12
2025-10-27,01:28,GIGGLEUSDT,SELL,7
2025-10-27,01:29,GIGGLEUSDT,SELL,10
2025-10-27,01:30,GIGGLEUSDT,SELL,7
2025-10-27,01:34,ETHUSDT,BUY,11
2025-10-27,01:34,SOLUSDT,BUY,8
2025-10-27,01:35,SOLUSDT,BUY,16
2025-10-27,01:35,BTCUSDT,BUY,14
2025-10-27,01:35,DOGEUSDT,BUY,12
2025-10-27,01:35,SUIUSDT,BUY,10
2025-10-27,01:35,XRPUSDT,BUY,7
2025-10-27,01:35,ETHUSDC,BUY,8
2025-10-27,01:36,SUIUSDT,BUY,9
2025-10-27,01:36,BTCUSDT,BUY,14
2025-10-27,01:36,DIAUSDT,BUY,16
2025-10-27,01:36,DOGEUSDT,BUY,8
2025-10-27,01:36,SOLUSDT,BUY,9
2025-10-27,01:37,DIAUSDT,BUY,14
2025-10-27,01:39,DIAUSDT,BUY,14
2025-10-27,01:39,EVAAUSDT,BUY,8
2025-10-27,01:39,GIGGLEUSDT,SELL,7
2025-10-27,01:40,EVAAUSDT,BUY,8
2025-10-27,01:40,GIGGLEUSDT,SELL,8
2025-10-27,01:41,MAVIAUSDT,BUY,15
2025-10-27,01:43,DIAUSDT,BUY,8
2025-10-27,01:43,SOLUSDT,BUY,9
2025-10-27,01:44,ZECUSDT,BUY,7
2025-10-27,01:44,GIGGLEUSDT,SELL,9
2025-10-27,01:50,GIGGLEUSDT,BUY,7
2025-10-27,01:54,币安人生USDT,SELL,9
2025-10-27,01:55,ZECUSDT,BUY,13
2025-10-27,01:56,ZECUSDT,BUY,11
2025-10-27,02:01,ZECUSDT,BUY,29
2025-10-27,02:01,EVAAUSDT,BUY,11
2025-10-27,02:02,ZECUSDT,BUY,28
2025-10-27,02:02,EVAAUSDT,BUY,26
2025-10-27,02:02,MAVIAUSDT,BUY,9
2025-10-27,02:08,GIGGLEUSDT,BUY,15
2025-10-27,02:09,GIGGLEUSDT,BUY,15
2025-10-27,02:10,DIAUSDT,BUY,9
2025-10-27,02:10,SOLUSDT,BUY,8
2025-10-27,02:11,EVAAUSDT,BUY,9
2025-10-27,02:11,DEGOUSDT,SELL,10
2025-10-27,02:11,DIAUSDT,BUY,7
2025-10-27,02:11,SOLUSDT,BUY,8
2025-10-27,02:12,DEGOUSDT,SELL,7
2025-10-27,02:12,EVAAUSDT,BUY,14
2025-10-27,02:13,EVAAUSDT,BUY,11
2025-10-27,02:18,EPTUSDT,SELL,8
2025-10-27,02:19,EPTUSDT,SELL,7
2025-10-27,02:20,SOLUSDT,BUY,13
2025-10-27,02:21,SOLUSDT,BUY,10
2025-10-27,02:22,ETHUSDT,BUY,15
2025-10-27,02:23,ETHUSDT,BUY,20
2025-10-27,02:23,BTCUSDT,BUY,11
2025-10-27,02:24,BTCUSDT,BUY,7
2025-10-27,02:24,SOLUSDT,BUY,8
2025-10-27,02:25,SOLUSDT,BUY,7
2025-10-27,02:32,DEGOUSDT,SELL,7
2025-10-27,02:34,BNBUSDT,BUY,7
2025-10-27,02:36,ETHUSDT,BUY,10
2025-10-27,02:37,ETHUSDT,BUY,22
2025-10-27,02:37,BTCUSDT,BUY,9
2025-10-27,02:37,DOGEUSDT,BUY,13
2025-10-27,02:37,XRPUSDT,BUY,7
2025-10-27,02:37,ADAUSDT,BUY,11
2025-10-27,02:38,ETHUSDT,BUY,13
2025-10-27,02:38,DOGEUSDT,BUY,7
2025-10-27,02:38,ETHUSDC,BUY,8
2025-10-27,02:39,EVAAUSDT,BUY,8
2025-10-27,02:40,DEGOUSDT,SELL,10
2025-10-27,02:41,BNBUSDT,BUY,12
2025-10-27,02:42,BNBUSDT,BUY,12
2025-10-27,02:44,MAVIAUSDT,BUY,11
2025-10-27,02:44,1000CHEEMSUSDT,SELL,8
2025-10-27,02:45,ETHUSDT,SELL,8
2025-10-27,02:45,AIXBTUSDT,BUY,9
2025-10-27,02:48,DASHUSDT,BUY,7
2025-10-27,02:48,VIRTUALUSDT,BUY,12
2025-10-27,02:49,VIRTUALUSDT,BUY,10
2025-10-27,02:49,DIAUSDT,BUY,8
2025-10-27,02:50,DIAUSDT,BUY,11
2025-10-27,02:51,VIRTUALUSDT,BUY,9
2025-10-27,02:52,VIRTUALUSDT,BUY,9
2025-10-27,02:53,GIGGLEUSDT,BUY,7
2025-10-27,02:54,DIAUSDT,BUY,8
2025-10-27,02:55,DIAUSDT,BUY,20
2025-10-27,02:55,ZECUSDT,BUY,8
2025-10-27,02:55,DASHUSDT,BUY,10
2025-10-27,02:56,VIRTUALUSDT,BUY,7
2025-10-27,02:56,DASHUSDT,BUY,14
2025-10-27,02:58,DIAUSDT,BUY,13
2025-10-27,02:58,DASHUSDT,BUY,7
2025-10-27,02:59,1000CHEEMSUSDT,BUY,8
2025-10-27,03:00,DIAUSDT,BUY,17
2025-10-27,03:02,COAIUSDT,SELL,10
2025-10-27,03:05,BNBUSDT,BUY,11
2025-10-27,03:06,BNBUSDT,BUY,8
2025-10-27,03:07,BTCUSDT,BUY,7
2025-10-27,03:08,BNBUSDT,BUY,11
2025-10-27,03:09,BNBUSDT,BUY,10
2025-10-27,03:10,BNBUSDT,BUY,10
2025-10-27,03:11,BNBUSDT,BUY,17
2025-10-27,03:11,BNBUSDC,BUY,7
2025-10-27,03:12,BNBUSDT,BUY,17
2025-10-27,03:13,VIRTUALUSDT,BUY,8
2025-10-27,03:14,ZECUSDT,BUY,9
2025-10-27,03:16,4USDT,SELL,8
2025-10-27,03:17,4USDT,SELL,10
2025-10-27,03:17,DIAUSDT,SELL,10
2025-10-27,03:18,VIRTUALUSDT,BUY,11
2025-10-27,03:18,DEGOUSDT,SELL,18
2025-10-27,03:18,EVAAUSDT,SELL,13
2025-10-27,03:19,VIRTUALUSDT,BUY,12
2025-10-27,03:19,DEGOUSDT,SELL,26
2025-10-27,03:19,EVAAUSDT,SELL,20
2025-10-27,03:19,ETHUSDT,BUY,9
2025-10-27,03:20,DEGOUSDT,SELL,16
2025-10-27,03:20,VIRTUALUSDT,BUY,8
2025-10-27,03:20,ETHUSDT,BUY,9
2025-10-27,03:21,VIRTUALUSDT,BUY,11
2025-10-27,03:22,VIRTUALUSDT,BUY,11
2025-10-27,03:24,ETHUSDT,BUY,12
2025-10-27,03:25,ETHUSDT,BUY,14
2025-10-27,03:25,ETHUSDC,BUY,7
2025-10-27,03:26,AIXBTUSDT,BUY,12
2025-10-27,03:27,DEGOUSDT,SELL,17
2025-10-27,03:30,XRPUSDT,SELL,8
2025-10-27,03:30,SOLUSDT,SELL,7
2025-10-27,03:30,BASUSDT,SELL,8
2025-10-27,03:31,ETHUSDT,SELL,14
2025-10-27,03:31,BASUSDT,SELL,7
2025-10-27,03:31,SOLUSDT,SELL,8
2025-10-27,03:31,DOGEUSDT,SELL,7
2025-10-27,03:31,XRPUSDT,SELL,10
2025-10-27,03:31,BTCUSDT,SELL,10
2025-10-27,03:32,ETHUSDT,SELL,12
2025-10-27,03:32,BTCUSDT,SELL,9
2025-10-27,03:33,LYNUSDT,SELL,11
2025-10-27,03:34,LYNUSDT,SELL,8
2025-10-27,03:35,DIAUSDT,BUY,11
2025-10-27,03:36,1000CHEEMSUSDT,BUY,9
2025-10-27,03:42,ETHUSDT,BUY,8
2025-10-27,03:43,1000CHEEMSUSDT,SELL,18
2025-10-27,03:43,ETHUSDT,BUY,9
2025-10-27,03:44,ENAUSDT,BUY,7
2025-10-27,03:46,PUMPBTCUSDT,SELL,8
2025-10-27,03:47,PUMPBTCUSDT,SELL,8
2025-10-27,03:51,EVAAUSDT,SELL,12
2025-10-27,03:51,DIAUSDT,BUY,10
2025-10-27,03:52,DIAUSDT,BUY,9
2025-10-27,03:52,EVAAUSDT,SELL,16
2025-10-27,03:54,币安人生USDT,SELL,7
2025-10-27,03:56,COAIUSDT,BUY,7
2025-10-27,03:57,COAIUSDT,BUY,14
2025-10-27,03:57,DASHUSDT,SELL,7
2025-10-27,03:58,COAIUSDT,BUY,13
2025-10-27,03:59,EVAAUSDT,SELL,9
2025-10-27,03:59,METUSDT,BUY,7
2025-10-27,04:00,METUSDT,BUY,8
2025-10-27,04:00,DIAUSDT,BUY,9
2025-10-27,04:01,COAIUSDT,BUY,14
2025-10-27,04:01,METUSDT,BUY,8
2025-10-27,04:01,DIAUSDT,BUY,19
2025-10-27,04:02,MAVIAUSDT,BUY,8
2025-10-27,04:03,MAVIAUSDT,BUY,7
2025-10-27,04:06,COAIUSDT,BUY,12
2025-10-27,04:07,COAIUSDT,BUY,13
2025-10-27,04:09,DEGOUSDT,SELL,7
2025-10-27,04:10,EVAAUSDT,SELL,14
2025-10-27,04:10,DEGOUSDT,SELL,18
2025-10-27,04:11,EVAAUSDT,SELL,21
2025-10-27,04:12,ETHUSDT,BUY,7
2025-10-27,04:12,FFUSDT,BUY,10
2025-10-27,04:13,FFUSDT,BUY,9
2025-10-27,04:13,DIAUSDT,SELL,9
2025-10-27,04:13,YALAUSDT,SELL,24
2025-10-27,04:14,DIAUSDT,SELL,8
2025-10-27,04:15,DIAUSDT,SELL,14
2025-10-27,04:16,YALAUSDT,SELL,11
2025-10-27,04:16,COAIUSDT,BUY,14
2025-10-27,04:17,COAIUSDT,BUY,14
2025-10-27,04:18,EDENUSDT,BUY,8
2025-10-27,04:19,ETHUSDT,BUY,8
2025-10-27,04:21,GIGGLEUSDT,SELL,7
2025-10-27,04:21,YALAUSDT,SELL,7
2025-10-27,04:22,YALAUSDT,SELL,7
2025-10-27,04:23,DIAUSDT,BUY,11
2025-10-27,04:23,币安人生USDT,SELL,11
2025-10-27,04:23,GIGGLEUSDT,SELL,8
2025-10-27,04:23,XRPUSDT,SELL,10
2025-10-27,04:24,XRPUSDT,SELL,10
2025-10-27,04:24,VIRTUALUSDT,SELL,7
2025-10-27,04:25,XRPUSDT,SELL,7
2025-10-27,04:26,GIGGLEUSDT,SELL,7
2025-10-27,04:32,FFUSDT,BUY,8
2025-10-27,04:34,EVAAUSDT,BUY,10
2025-10-27,04:34,VIRTUALUSDT,SELL,13
2025-10-27,04:35,YALAUSDT,SELL,7
2025-10-27,04:35,DIAUSDT,SELL,8
2025-10-27,04:35,VIRTUALUSDT,SELL,16
2025-10-27,04:36,MAVIAUSDT,BUY,7
2025-10-27,04:36,GIGGLEUSDT,SELL,10
2025-10-27,04:37,GIGGLEUSDT,SELL,7
2025-10-27,04:37,币安人生USDT,SELL,7
2025-10-27,04:38,币安人生USDT,SELL,8
2025-10-27,04:40,FFUSDT,SELL,7
2025-10-27,04:41,GIGGLEUSDT,BUY,8
2025-10-27,04:41,MAVIAUSDT,BUY,15
2025-10-27,04:44,SAPIENUSDT,SELL,8
2025-10-27,04:45,SAPIENUSDT,SELL,10
2025-10-27,04:45,MAVIAUSDT,BUY,8
2025-10-27,04:47,DEGOUSDT,BUY,7
2025-10-27,04:48,GIGGLEUSDT,BUY,7
2025-10-27,04:48,ENSOUSDT,BUY,9
2025-10-27,04:51,COAIUSDT,BUY,9
2025-10-27,04:52,COAIUSDT,BUY,9
2025-10-27,04:53,ZECUSDT,BUY,7
2025-10-27,04:54,ZECUSDT,BUY,7
2025-10-27,04:55,ZECUSDT,BUY,19
2025-10-27,04:55,DEGOUSDT,SELL,7
2025-10-27,04:56,ZECUSDT,BUY,20
2025-10-27,04:56,DEGOUSDT,SELL,17
2025-10-27,04:57,DEGOUSDT,SELL,14
2025-10-27,05:02,CAKEUSDT,SELL,9
2025-10-27,05:03,ZECUSDT,SELL,8
2025-10-27,05:04,DIAUSDT,SELL,7
2025-10-27,05:07,DEGOUSDT,SELL,22
2025-10-27,05:08,DIAUSDT,BUY,8
2025-10-27,05:08,ETHUSDT,SELL,7
2025-10-27,05:08,ASTERUSDT,SELL,7
2025-10-27,05:09,DIAUSDT,BUY,8
2025-10-27,05:09,ETHUSDT,SELL,9
2025-10-27,05:09,ASTERUSDT,SELL,8
2025-10-27,05:10,DEGOUSDT,BUY,10
2025-10-27,05:11,GIGGLEUSDT,BUY,8
2025-10-27,05:12,DEGOUSDT,SELL,7
2025-10-27,05:12,BNBUSDT,SELL,8
2025-10-27,05:13,DEGOUSDT,SELL,10
2025-10-27,05:13,BNBUSDT,SELL,10
2025-10-27,05:13,CAKEUSDT,SELL,8
2025-10-27,05:14,BNBUSDT,SELL,7
2025-10-27,05:18,ENSOUSDT,BUY,10
2025-10-27,05:19,ENSOUSDT,BUY,8
2025-10-27,05:23,GIGGLEUSDT,BUY,15
2025-10-27,05:23,DIAUSDT,SELL,11
2025-10-27,05:26,B2USDT,SELL,11
2025-10-27,05:30,DEGOUSDT,SELL,17
2025-10-27,05:32,ASTERUSDT,SELL,8
2025-10-27,05:33,B2USDT,SELL,10
2025-10-27,05:34,B2USDT,SELL,11
2025-10-27,05:35,B2USDT,SELL,8
2025-10-27,05:35,DEGOUSDT,BUY,8
2025-10-27,05:38,PIPPINUSDT,SELL,24
2025-10-27,05:39,BLESSUSDT,SELL,7
2025-10-27,05:40,ENSOUSDT,SELL,7
2025-10-27,05:40,GIGGLEUSDT,BUY,10
2025-10-27,05:40,DIAUSDT,SELL,7
2025-10-27,05:41,EVAAUSDT,SELL,12
2025-10-27,05:42,MAVIAUSDT,BUY,8
2025-10-27,05:42,BLUAIUSDT,SELL,9
2025-10-27,05:42,EVAAUSDT,SELL,11
2025-10-27,05:42,EDENUSDT,SELL,8
2025-10-27,05:43,BLUAIUSDT,SELL,11
2025-10-27,05:43,ETHUSDT,BUY,7
2025-10-27,05:44,GIGGLEUSDT,BUY,7
2025-10-27,05:44,ETHUSDT,BUY,12
2025-10-27,05:45,ETHUSDT,BUY,10
2025-10-27,05:45,B2USDT,SELL,28
2025-10-27,05:45,GIGGLEUSDT,BUY,8
2025-10-27,05:46,B2USDT,SELL,30
2025-10-27,05:46,ENAUSDT,BUY,8
2025-10-27,05:49,GIGGLEUSDT,BUY,7
2025-10-27,05:49,B2USDT,BUY,13
2025-10-27,05:50,B2USDT,BUY,7
2025-10-27,05:52,MAVIAUSDT,BUY,12
2025-10-27,05:52,GIGGLEUSDT,BUY,9
2025-10-27,05:53,MAVIAUSDT,BUY,12
2025-10-27,05:53,GIGGLEUSDT,BUY,9
2025-10-27,05:54,DEGOUSDT,BUY,10
2025-10-27,05:57,GIGGLEUSDT,BUY,8
2025-10-27,05:58,B2USDT,SELL,11
2025-10-27,05:58,MAVIAUSDT,SELL,11
2025-10-27,05:58,GIGGLEUSDT,BUY,14
2025-10-27,05:59,GIGGLEUSDT,BUY,30
2025-10-27,05:59,MAVIAUSDT,SELL,19
2025-10-27,06:04,DEGOUSDT,SELL,8
2025-10-27,06:09,B2USDT,BUY,8
2025-10-27,06:09,MAVIAUSDT,SELL,7
2025-10-27,06:10,MAVIAUSDT,SELL,10
2025-10-27,06:11,LIGHTUSDT,SELL,9
2025-10-27,06:11,ETHUSDT,BUY,12
2025-10-27,06:11,BTCUSDT,BUY,8
2025-10-27,06:12,ETHUSDT,BUY,13
2025-10-27,06:12,XRPUSDT,BUY,7
2025-10-27,06:12,BTCUSDT,BUY,9
2025-10-27,06:12,ETHUSDC,BUY,8
2025-10-27,06:12,DIAUSDT,BUY,7
2025-10-27,06:13,DIAUSDT,BUY,7
2025-10-27,06:16,MYROUSDT,BUY,9
2025-10-27,06:16,ENAUSDT,BUY,10
2025-10-27,06:16,COAIUSDT,SELL,8
2025-10-27,06:17,COAIUSDT,SELL,8
2025-10-27,06:17,ENAUSDT,BUY,9
2025-10-27,06:17,XRPUSDT,BUY,8
2025-10-27,06:18,XRPUSDT,BUY,10
2025-10-27,06:18,BTCUSDT,BUY,10
2025-10-27,06:18,COAIUSDT,SELL,8
2025-10-27,06:19,BTCUSDT,BUY,10
2025-10-27,06:19,ETHUSDT,BUY,10
2025-10-27,06:19,COAIUSDT,SELL,9
2025-10-27,06:19,EVAAUSDT,SELL,8
2025-10-27,06:20,ETHUSDT,BUY,8
2025-10-27,06:21,ETHUSDT,BUY,19
2025-10-27,06:22,ETHUSDT,BUY,15
2025-10-27,06:24,LABUSDT,SELL,8
2025-10-27,06:24,SOLUSDT,BUY,8
2025-10-27,06:24,ETHUSDT,BUY,9
2025-10-27,06:25,COAIUSDT,SELL,10
2025-10-27,06:25,LABUSDT,SELL,11
2025-10-27,06:26,LABUSDT,SELL,9
2025-10-27,06:26,COAIUSDT,SELL,9
2025-10-27,06:27,B2USDT,SELL,8
2025-10-27,06:28,B2USDT,SELL,9
2025-10-27,06:28,DEGOUSDT,SELL,16
2025-10-27,06:29,DEGOUSDT,SELL,14
2025-10-27,06:30,DEGOUSDT,SELL,19
2025-10-27,06:30,MUBARAKUSDT,BUY,7
2025-10-27,06:30,MAVIAUSDT,BUY,12
2025-10-27,06:30,B2USDT,SELL,7
2025-10-27,06:31,DIAUSDT,SELL,7
2025-10-27,06:31,B2USDT,SELL,15
2025-10-27,06:31,HANAUSDT,SELL,7
2025-10-27,06:32,B2USDT,SELL,9
2025-10-27,06:32,DEGOUSDT,BUY,7
2025-10-27,06:32,HANAUSDT,SELL,7
2025-10-27,06:34,MAVIAUSDT,BUY,9
2025-10-27,06:35,MAVIAUSDT,BUY,7
2025-10-27,06:37,MAVIAUSDT,BUY,21
2025-10-27,06:38,MAVIAUSDT,BUY,33
2025-10-27,06:38,PIPPINUSDT,SELL,7
2025-10-27,06:38,BTCUSDT,BUY,7
2025-10-27,06:39,PIPPINUSDT,SELL,8
2025-10-27,06:41,FFUSDT,SELL,7
2025-10-27,06:45,B2USDT,BUY,9
2025-10-27,06:45,PIPPINUSDT,SELL,9
2025-10-27,06:45,GIGGLEUSDT,BUY,9
2025-10-27,06:46,B2USDT,BUY,10
2025-10-27,06:46,PIPPINUSDT,SELL,9
2025-10-27,06:46,GIGGLEUSDT,BUY,9
2025-10-27,06:51,MYROUSDT,BUY,14
2025-10-27,06:51,ZECUSDT,SELL,7
2025-10-27,06:52,ZECUSDT,SELL,20
2025-10-27,06:52,ZENUSDT,SELL,8
2025-10-27,06:52,MYROUSDT,BUY,19
2025-10-27,06:52,EVAAUSDT,BUY,15
2025-10-27,06:53,ZECUSDT,SELL,15
2025-10-27,06:53,MYROUSDT,BUY,15
2025-10-27,06:57,MAVIAUSDT,BUY,7
2025-10-27,06:58,ENSOUSDT,BUY,7
2025-10-27,06:58,GIGGLEUSDT,SELL,7
2025-10-27,06:59,MAVIAUSDT,SELL,7
2025-10-27,07:00,BLUAIUSDT,SELL,17
2025-10-27,07:00,4USDT,SELL,7
2025-10-27,07:01,BLUAIUSDT,SELL,23
2025-10-27,07:01,4USDT,SELL,8
2025-10-27,07:01,币安人生USDT,SELL,9
2025-10-27,07:01,RVVUSDT,SELL,8
2025-10-27,07:01,CLOUSDT,SELL,11
2025-10-27,07:01,AIXBTUSDT,SELL,11
2025-10-27,07:01,XPLUSDT,SELL,11
2025-10-27,07:01,VIRTUALUSDT,SELL,7
2025-10-27,07:01,ASTERUSDT,SELL,16
2025-10-27,07:01,GIGGLEUSDT,SELL,13
2025-10-27,07:01,YBUSDT,SELL,16
2025-10-27,07:02,XPLUSDT,SELL,10
2025-10-27,07:02,ASTERUSDT,SELL,14
2025-10-27,07:02,RECALLUSDT,SELL,7
2025-10-27,07:02,AIXBTUSDT,SELL,9
2025-10-27,07:02,RIVERUSDT,SELL,8
2025-10-27,07:02,币安人生USDT,SELL,7
2025-10-27,07:02,CLOUSDT,SELL,11
2025-10-27,07:02,YBUSDT,SELL,18
2025-10-27,07:02,VIRTUALUSDT,SELL,7
2025-10-27,07:03,EVAAUSDT,BUY,8
2025-10-27,07:04,HANAUSDT,SELL,13
2025-10-27,07:04,EVAAUSDT,BUY,7
2025-10-27,07:04,DIAUSDT,SELL,9
2025-10-27,07:04,XANUSDT,SELL,7
2025-10-27,07:05,RIVERUSDT,SELL,7
2025-10-27,07:05,RVVUSDT,SELL,10
2025-10-27,07:05,DIAUSDT,SELL,9
2025-10-27,07:05,EDENUSDT,SELL,7
2025-10-27,07:05,HANAUSDT,SELL,13
2025-10-27,07:05,XANUSDT,SELL,13
2025-10-27,07:05,MAVIAUSDT,BUY,7
2025-10-27,07:06,RVVUSDT,SELL,10
2025-10-27,07:06,AVNTUSDT,SELL,8
2025-10-27,07:06,KGENUSDT,SELL,8
2025-10-27,07:08,KGENUSDT,SELL,9
2025-10-27,07:08,AVNTUSDT,SELL,11
2025-10-27,07:08,EDENUSDT,SELL,9
2025-10-27,07:08,MAVIAUSDT,SELL,7
2025-10-27,07:08,HANAUSDT,SELL,9
2025-10-27,07:09,AVNTUSDT,SELL,10
2025-10-27,07:09,XNYUSDT,SELL,7
2025-10-27,07:09,HANAUSDT,SELL,14
2025-10-27,07:12,VIRTUALUSDT,SELL,11
2025-10-27,07:12,METUSDT,SELL,7
2025-10-27,07:12,SOLUSDT,SELL,7
2025-10-27,07:13,SOLUSDT,SELL,7
2025-10-27,07:14,DEGOUSDT,SELL,10
2025-10-27,07:15,ENSOUSDT,SELL,8
2025-10-27,07:15,VANAUSDT,BUY,12
2025-10-27,07:16,VANAUSDT,BUY,8
2025-10-27,07:16,MAVIAUSDT,SELL,10
2025-10-27,07:16,ENSOUSDT,SELL,8
2025-10-27,07:16,NXPCUSDT,BUY,7
2025-10-27,07:17,MAVIAUSDT,SELL,7
2025-10-27,07:17,币安人生USDT,SELL,7
2025-10-27,07:17,TRUTHUSDT,SELL,9
2025-10-27,07:18,ETHUSDT,BUY,7
2025-10-27,07:18,币安人生USDT,SELL,7
2025-10-27,07:18,TRUTHUSDT,SELL,14
2025-10-27,07:19,ETHUSDT,BUY,7
2025-10-27,07:21,DIAUSDT,BUY,10
2025-10-27,07:22,DIAUSDT,BUY,12
2025-10-27,07:25,BASUSDT,SELL,7
2025-10-27,07:25,COAIUSDT,SELL,14
2025-10-27,07:26,COAIUSDT,SELL,15
2025-10-27,07:28,MAVIAUSDT,BUY,8
2025-10-27,07:29,MAVIAUSDT,BUY,17
2025-10-27,07:30,VIRTUALUSDT,SELL,7
2025-10-27,07:31,RVVUSDT,SELL,9
2025-10-27,07:32,币安人生USDT,BUY,7
2025-10-27,07:32,MAVIAUSDT,SELL,9
2025-10-27,07:32,RVVUSDT,SELL,9
2025-10-27,07:32,ASTERUSDT,SELL,8
2025-10-27,07:32,VIRTUALUSDT,SELL,7
2025-10-27,07:33,币安人生USDT,BUY,9
2025-10-27,07:33,ASTERUSDT,SELL,8
2025-10-27,07:33,VIRTUALUSDT,SELL,7
2025-10-27,07:33,HUSDT,SELL,8
2025-10-27,07:34,币安人生USDT,BUY,10
2025-10-27,07:35,DIAUSDT,SELL,9
2025-10-27,07:36,GIGGLEUSDT,BUY,11
2025-10-27,07:37,币安人生USDT,BUY,10
2025-10-27,07:38,币安人生USDT,BUY,19
2025-10-27,07:39,MYROUSDT,BUY,7
2025-10-27,07:39,TRUTHUSDT,SELL,19
2025-10-27,07:40,KDAUSDT,SELL,8
2025-10-27,07:40,ETHUSDT,SELL,7
2025-10-27,07:47,MAVIAUSDT,BUY,9
2025-10-27,07:48,MAVIAUSDT,BUY,11
2025-10-27,07:48,BTCUSDT,BUY,7
2025-10-27,07:49,BTCUSDT,BUY,7
2025-10-27,07:49,MAVIAUSDT,BUY,10
2025-10-27,07:51,BTCUSDT,BUY,10
2025-10-27,07:51,ETHUSDT,BUY,7
2025-10-27,07:51,ZECUSDT,BUY,7
2025-10-27,07:51,B2USDT,SELL,7
2025-10-27,07:51,DIAUSDT,SELL,7
2025-10-27,07:52,DIAUSDT,SELL,7
2025-10-27,07:52,B2USDT,SELL,7
2025-10-27,08:02,币安人生USDT,SELL,7
2025-10-27,08:02,DEGOUSDT,SELL,7
2025-10-27,08:06,DEGOUSDT,SELL,7
2025-10-27,08:06,BTCUSDC,BUY,9
2025-10-27,08:07,BTCUSDC,BUY,7
2025-10-27,08:07,DEGOUSDT,SELL,11
2025-10-27,08:11,MAVIAUSDT,SELL,10
2025-10-27,08:13,XANUSDT,SELL,9
2025-10-27,08:16,ENSOUSDT,SELL,8
2025-10-27,08:18,MAVIAUSDT,SELL,12
2025-10-27,08:26,MAVIAUSDT,BUY,8
2025-10-27,08:30,DIAUSDT,SELL,9
2025-10-27,08:30,ETHUSDT,SELL,8
2025-10-27,08:31,DIAUSDT,SELL,17
2025-10-27,08:31,ETHUSDT,SELL,17
2025-10-27,08:31,UBUSDT,BUY,10
2025-10-27,08:31,STBLUSDT,SELL,8
2025-10-27,08:32,MAVIAUSDT,SELL,13
2025-10-27,08:32,ETHUSDT,SELL,17
2025-10-27,08:32,UBUSDT,BUY,10
2025-10-27,08:32,STBLUSDT,SELL,8
2025-10-27,08:33,ETHUSDT,SELL,8
2025-10-27,08:33,MAVIAUSDT,SELL,13
2025-10-27,08:34,MAVIAUSDT,SELL,24
2025-10-27,08:34,SOLUSDT,SELL,8
2025-10-27,08:38,UBUSDT,BUY,7
2025-10-27,08:39,UBUSDT,BUY,11
2025-10-27,08:39,ASTERUSDT,SELL,17
2025-10-27,08:39,FORMUSDT,SELL,9
2025-10-27,08:39,BTCUSDT,SELL,17
2025-10-27,08:39,MIRAUSDT,SELL,7
2025-10-27,08:39,FARTCOINUSDT,SELL,9
2025-10-27,08:39,ETHFIUSDT,SELL,14
2025-10-27,08:39,LTCUSDT,SELL,8
2025-10-27,08:39,1000PEPEUSDT,SELL,12
2025-10-27,08:39,TAOUSDT,SELL,10
2025-10-27,08:39,ADAUSDT,SELL,9
2025-10-27,08:39,XPLUSDT,SELL,9
2025-10-27,08:39,SUIUSDT,SELL,9
2025-10-27,08:39,AI16ZUSDT,SELL,10
2025-10-27,08:39,WLDUSDT,SELL,8
2025-10-27,08:40,MIRAUSDT,SELL,8
2025-10-27,08:40,FARTCOINUSDT,SELL,10
2025-10-27,08:40,ETHFIUSDT,SELL,21
2025-10-27,08:40,ETHUSDC,SELL,10
2025-10-27,08:40,TRUMPUSDT,SELL,7
2025-10-27,08:40,LTCUSDT,SELL,9
2025-10-27,08:40,1000PEPEUSDT,SELL,17
2025-10-27,08:40,FORMUSDT,SELL,11
2025-10-27,08:40,TIAUSDT,SELL,8
2025-10-27,08:40,TAOUSDT,SELL,18
2025-10-27,08:40,ADAUSDT,SELL,17
2025-10-27,08:40,XPLUSDT,SELL,13
2025-10-27,08:40,SUIUSDT,SELL,16
2025-10-27,08:40,AI16ZUSDT,SELL,14
2025-10-27,08:40,4USDT,SELL,11
2025-10-27,08:40,ASTERUSDT,SELL,28
2025-10-27,08:40,NEIROUSDT,SELL,7
2025-10-27,08:40,ZEREBROUSDT,SELL,7
2025-10-27,08:40,1000BONKUSDT,SELL,7
2025-10-27,08:40,WLDUSDT,SELL,13
2025-10-27,08:40,SAPIENUSDT,SELL,10
2025-10-27,08:40,STBLUSDT,SELL,11
2025-10-27,08:40,DIAUSDT,SELL,8
2025-10-27,08:40,ZBTUSDT,SELL,8
2025-10-27,08:40,BDXNUSDT,SELL,9
2025-10-27,08:40,ZECUSDT,SELL,8
2025-10-27,08:40,AVNTUSDT,SELL,14
2025-10-27,08:40,MYXUSDT,SELL,8
2025-10-27,08:40,CAKEUSDT,SELL,9
2025-10-27,08:41,ASTERUSDT,SELL,12
2025-10-27,08:41,ADAUSDT,SELL,8
2025-10-27,08:41,TAOUSDT,SELL,9
2025-10-27,08:41,4USDT,SELL,7
2025-10-27,08:41,XRPUSDT,SELL,11
2025-10-27,08:41,ETHUSDT,SELL,11
2025-10-27,08:41,SOLUSDT,SELL,9
2025-10-27,08:41,DOGEUSDT,SELL,8
2025-10-27,08:41,CAKEUSDT,SELL,8
2025-10-27,08:41,ETHFIUSDT,SELL,7
2025-10-27,08:41,SUIUSDT,SELL,7
2025-10-27,08:41,HYPEUSDT,SELL,7
2025-10-27,08:41,SAPIENUSDT,SELL,7
2025-10-27,08:41,STBLUSDT,SELL,7
2025-10-27,08:41,AVNTUSDT,SELL,10
2025-10-27,08:44,MAVIAUSDT,BUY,15
2025-10-27,08:45,MAVIAUSDT,BUY,13
2025-10-27,08:50,HIPPOUSDT,SELL,9
2025-10-27,08:50,SAPIENUSDT,SELL,7
2025-10-27,08:53,ZECUSDT,SELL,10
2025-10-27,08:54,ZECUSDT,SELL,7
2025-10-27,09:00,COAIUSDT,BUY,7
2025-10-27,09:00,NXPCUSDT,BUY,7
2025-10-27,09:02,UBUSDT,SELL,10
2025-10-27,09:03,SAPIENUSDT,SELL,8
2025-10-27,09:03,BASUSDT,SELL,9
2025-10-27,09:04,BASUSDT,SELL,7
2025-10-27,09:06,UBUSDT,SELL,14
2025-10-27,09:11,SOLUSDT,SELL,11
2025-10-27,09:12,SOLUSDT,SELL,9
2025-10-27,09:13,MAVIAUSDT,BUY,8
2025-10-27,09:13,B2USDT,SELL,9
2025-10-27,09:14,B2USDT,SELL,10
2025-10-27,09:14,ETHUSDT,SELL,10
2025-10-27,09:15,MAVIAUSDT,BUY,8
2025-10-27,09:15,ENSOUSDT,BUY,7
2025-10-27,09:16,UBUSDT,SELL,11
2025-10-27,09:17,ZBTUSDT,SELL,16
2025-10-27,09:18,DIAUSDT,SELL,7
2025-10-27,09:19,MAVIAUSDT,BUY,12
2025-10-27,09:19,UBUSDT,SELL,17
2025-10-27,09:20,EVAAUSDT,BUY,12
2025-10-27,09:20,UBUSDT,SELL,16
2025-10-27,09:21,FFUSDT,SELL,8
2025-10-27,09:21,EVAAUSDT,BUY,10
2025-10-27,09:22,ASTERUSDT,SELL,7
2025-10-27,09:23,MAVIAUSDT,BUY,11
2025-10-27,09:23,EVAAUSDT,BUY,8
2025-10-27,09:24,EVAAUSDT,BUY,9
2025-10-27,09:25,ETHUSDT,SELL,12
2025-10-27,09:26,EVAAUSDT,BUY,9
2025-10-27,09:26,MYXUSDT,SELL,7
2025-10-27,09:26,SOLUSDT,SELL,15
2025-10-27,09:26,ETHUSDT,SELL,26
2025-10-27,09:26,BTCUSDT,SELL,16
2025-10-27,09:26,1000PEPEUSDT,SELL,9
2025-10-27,09:26,BOMEUSDT,SELL,7
2025-10-27,09:26,XRPUSDT,SELL,9
2025-10-27,09:26,TIAUSDT,SELL,8
2025-10-27,09:26,ADAUSDT,SELL,7
2025-10-27,09:26,SANDUSDT,SELL,7
2025-10-27,09:27,ETHUSDT,SELL,16
2025-10-27,09:27,EVAAUSDT,BUY,26
2025-10-27,09:27,BTCUSDT,SELL,12
2025-10-27,09:27,SOLUSDT,SELL,15
2025-10-27,09:27,1000PEPEUSDT,SELL,9
2025-10-27,09:27,BOMEUSDT,SELL,7
2025-10-27,09:27,WLDUSDT,SELL,7
2025-10-27,09:27,XRPUSDT,SELL,9
2025-10-27,09:27,TIAUSDT,SELL,8
2025-10-27,09:27,LINKUSDT,SELL,8
2025-10-27,09:27,ADAUSDT,SELL,7
2025-10-27,09:27,SANDUSDT,SELL,7
2025-10-27,09:27,DIAUSDT,SELL,10
2025-10-27,09:28,LINKUSDT,SELL,9
2025-10-27,09:28,DIAUSDT,SELL,9
2025-10-27,09:28,ASTERUSDT,SELL,7
2025-10-27,09:28,EVAAUSDT,BUY,19
2025-10-27,09:28,BTCUSDT,SELL,9
2025-10-27,09:28,XRPUSDT,SELL,9
2025-10-27,09:28,ETHUSDC,SELL,7
2025-10-27,09:28,DOTUSDT,SELL,7
2025-10-27,09:29,CAKEUSDT,SELL,7
2025-10-27,09:29,DOGEUSDT,SELL,11
2025-10-27,09:29,XRPUSDT,SELL,21
2025-10-27,09:29,ETHFIUSDT,SELL,8
2025-10-27,09:29,PENGUUSDT,SELL,8
2025-10-27,09:29,SOLUSDT,SELL,13
2025-10-27,09:29,BNBUSDT,SELL,10
2025-10-27,09:29,LINKUSDT,SELL,11
2025-10-27,09:29,1000PEPEUSDT,SELL,10
2025-10-27,09:29,ETHUSDC,SELL,10
2025-10-27,09:29,ARBUSDT,SELL,8
2025-10-27,09:29,XPLUSDT,SELL,12
2025-10-27,09:29,ADAUSDT,SELL,10
2025-10-27,09:29,TIAUSDT,SELL,7
2025-10-27,09:29,DOTUSDT,SELL,10
2025-10-27,09:29,PUMPUSDT,SELL,9
2025-10-27,09:29,MYXUSDT,SELL,9
2025-10-27,09:29,HYPEUSDT,SELL,11
2025-10-27,09:29,STBLUSDT,SELL,7
2025-10-27,09:30,XRPUSDT,SELL,12
2025-10-27,09:30,BNBUSDT,SELL,7
2025-10-27,09:30,MYXUSDT,SELL,8
2025-10-27,09:30,SOLUSDT,SELL,8
2025-10-27,09:30,XPLUSDT,SELL,8
2025-10-27,09:30,EVAAUSDT,BUY,10
2025-10-27,09:31,UBUSDT,SELL,7
2025-10-27,09:32,UBUSDT,SELL,8
2025-10-27,09:35,EVAAUSDT,SELL,8
2025-10-27,09:38,VIRTUALUSDT,SELL,9
2025-10-27,09:38,MAVIAUSDT,BUY,12
2025-10-27,09:39,MAVIAUSDT,BUY,10
2025-10-27,09:39,VIRTUALUSDT,SELL,11
2025-10-27,09:41,HUSDT,BUY,7
2025-10-27,09:41,ZECUSDT,BUY,10
2025-10-27,09:42,ZECUSDT,BUY,13
2025-10-27,09:42,RECALLUSDT,BUY,9
2025-10-27,09:43,RECALLUSDT,BUY,17
2025-10-27,09:44,RECALLUSDT,BUY,10
2025-10-27,09:47,GIGGLEUSDT,BUY,7
2025-10-27,09:50,BTCUSDT,SELL,9
2025-10-27,09:50,USELESSUSDT,SELL,8
2025-10-27,09:51,USELESSUSDT,SELL,8
2025-10-27,09:52,DIAUSDT,BUY,8
2025-10-27,09:53,BTCUSDT,SELL,9
2025-10-27,09:54,FFUSDT,SELL,12
2025-10-27,09:54,BTCUSDT,SELL,9
2025-10-27,09:54,TAOUSDT,SELL,7
2025-10-27,09:54,PAXGUSDT,SELL,10
2025-10-27,09:55,PAXGUSDT,SELL,11
2025-10-27,09:56,DOGEUSDT,SELL,7
2025-10-27,09:58,MAVIAUSDT,BUY,17
2025-10-27,09:58,YBUSDT,SELL,8
2025-10-27,09:59,YBUSDT,SELL,9
2025-10-27,10:01,YBUSDT,SELL,7
2025-10-27,10:02,HEMIUSDT,SELL,7
2025-10-27,10:02,YBUSDT,SELL,14
2025-10-27,10:02,ETHFIUSDT,SELL,11
2025-10-27,10:02,EDENUSDT,SELL,7
2025-10-27,10:02,EIGENUSDT,SELL,8
2025-10-27,10:02,DEGOUSDT,SELL,11
2025-10-27,10:02,1000PEPEUSDT,SELL,7
2025-10-27,10:02,ETHUSDT,SELL,7
2025-10-27,10:02,WLDUSDT,SELL,7
2025-10-27,10:02,DOGEUSDT,SELL,9
2025-10-27,10:02,SOLUSDT,SELL,8
2025-10-27,10:03,DEGOUSDT,SELL,14
2025-10-27,10:03,YBUSDT,SELL,8
2025-10-27,10:03,EIGENUSDT,SELL,7
2025-10-27,10:03,1000PEPEUSDT,SELL,7
2025-10-27,10:03,ETHUSDT,SELL,7
2025-10-27,10:03,ETHFIUSDT,SELL,9
2025-10-27,10:03,WLDUSDT,SELL,7
2025-10-27,10:03,DOGEUSDT,SELL,9
2025-10-27,10:03,SOLUSDT,SELL,8
2025-10-27,10:05,GIGGLEUSDT,SELL,7
2025-10-27,10:05,AVNTUSDT,SELL,7
2025-10-27,10:05,DEGOUSDT,SELL,8
2025-10-27,10:06,YBUSDT,SELL,12
2025-10-27,10:06,AVNTUSDT,SELL,9
2025-10-27,10:06,TUTUSDT,SELL,9
2025-10-27,10:06,XRPUSDT,SELL,11
2025-10-27,10:06,CLOUSDT,SELL,10
2025-10-27,10:06,FETUSDT,SELL,7
2025-10-27,10:06,ENSOUSDT,SELL,7
2025-10-27,10:06,FUNUSDT,SELL,8
2025-10-27,10:06,FORMUSDT,SELL,8
2025-10-27,10:06,TAOUSDT,SELL,10
2025-10-27,10:06,DEGOUSDT,SELL,11
2025-10-27,10:06,OPENUSDT,SELL,10
2025-10-27,10:06,1000PEPEUSDT,SELL,7
2025-10-27,10:06,DOGEUSDT,SELL,9
2025-10-27,10:06,ZBTUSDT,SELL,7
2025-10-27,10:06,DOGSUSDT,SELL,7
2025-10-27,10:06,EDENUSDT,SELL,11
2025-10-27,10:06,NEIROUSDT,SELL,7
2025-10-27,10:06,TSTUSDT,SELL,7
2025-10-27,10:06,INUSDT,SELL,9
2025-10-27,10:07,YBUSDT,SELL,12
2025-10-27,10:07,OPENUSDT,SELL,8
2025-10-27,10:07,EDENUSDT,SELL,11
2025-10-27,10:07,ORDERUSDT,SELL,8
2025-10-27,10:07,INUSDT,SELL,9
2025-10-27,10:07,HOLOUSDT,SELL,8
2025-10-27,10:08,PTBUSDT,SELL,8
2025-10-27,10:08,AKTUSDT,SELL,8
2025-10-27,10:08,ORDERUSDT,SELL,8
2025-10-27,10:08,HYPEUSDT,SELL,10
2025-10-27,10:09,HYPEUSDT,SELL,10
2025-10-27,10:09,MAVIAUSDT,SELL,14
2025-10-27,10:10,MEUSDT,BUY,8
2025-10-27,10:11,MEUSDT,BUY,8
2025-10-27,10:12,LABUSDT,SELL,11
2025-10-27,10:13,LABUSDT,SELL,10
2025-10-27,10:14,MYROUSDT,BUY,16
2025-10-27,10:15,DIAUSDT,BUY,7
2025-10-27,10:15,GIGGLEUSDT,SELL,8
2025-10-27,10:16,GIGGLEUSDT,SELL,11
2025-10-27,10:16,DIAUSDT,BUY,12
2025-10-27,10:17,GIGGLEUSDT,SELL,8
2025-10-27,10:17,ZBTUSDT,SELL,9
2025-10-27,10:17,XRPUSDT,SELL,12
2025-10-27,10:18,XRPUSDT,SELL,8
2025-10-27,10:18,ZBTUSDT,SELL,8
2025-10-27,10:18,MYROUSDT,SELL,7
2025-10-27,10:20,BTCUSDT,BUY,9
2025-10-27,10:21,BTCUSDT,BUY,9
2025-10-27,10:21,EVAAUSDT,BUY,8
2025-10-27,10:22,HUSDT,BUY,7
2025-10-27,10:23,HUSDT,BUY,7
2025-10-27,10:23,NXPCUSDT,SELL,7
2025-10-27,10:24,NXPCUSDT,SELL,7
2025-10-27,10:30,FUNUSDT,SELL,8
2025-10-27,10:32,MAVIAUSDT,BUY,7
2025-10-27,10:32,MYROUSDT,SELL,7
2025-10-27,10:35,MYROUSDT,SELL,12
2025-10-27,10:37,RIVERUSDT,SELL,9
2025-10-27,10:38,RIVERUSDT,SELL,7
2025-10-27,10:39,DIAUSDT,BUY,12
2025-10-27,10:40,MYROUSDT,SELL,17
2025-10-27,10:40,BLUAIUSDT,SELL,10
2025-10-27,10:41,KDAUSDT,SELL,7
2025-10-27,10:41,MYROUSDT,SELL,21
2025-10-27,10:41,BLUAIUSDT,SELL,10
2025-10-27,10:42,币安人生USDT,SELL,7
2025-10-27,10:43,币安人生USDT,SELL,8
2025-10-27,10:45,FUSDT,SELL,8
2025-10-27,10:45,币安人生USDT,SELL,14
2025-10-27,10:45,CLOUSDT,SELL,7
2025-10-27,10:46,币安人生USDT,SELL,11
2025-10-27,10:46,FUSDT,SELL,7
2025-10-27,10:46,MAVIAUSDT,BUY,13
2025-10-27,10:46,CLOUSDT,SELL,7
2025-10-27,10:47,MAVIAUSDT,BUY,9
2025-10-27,10:48,MYROUSDT,BUY,7
2025-10-27,10:49,MYROUSDT,BUY,8
2025-10-27,10:49,PUMPBTCUSDT,SELL,7
2025-10-27,10:50,币安人生USDT,SELL,13
2025-10-27,10:51,DIAUSDT,BUY,10
2025-10-27,10:51,币安人生USDT,SELL,12
2025-10-27,10:53,HUSDT,BUY,10
2025-10-27,10:56,B2USDT,SELL,10
2025-10-27,10:57,B2USDT,SELL,14
2025-10-27,10:58,B2USDT,SELL,10
2025-10-27,10:58,MAVIAUSDT,BUY,7
2025-10-27,11:02,COAIUSDT,SELL,13
2025-10-27,11:03,MYROUSDT,SELL,10
2025-10-27,11:03,COAIUSDT,SELL,21
2025-10-27,11:03,AKEUSDT,SELL,10
2025-10-27,11:04,MAVIAUSDT,BUY,11
2025-10-27,11:04,COAIUSDT,SELL,10
2025-10-27,11:04,MYROUSDT,SELL,9
2025-10-27,11:04,AKEUSDT,SELL,12
2025-10-27,11:05,AKEUSDT,SELL,7
2025-10-27,11:05,MAVIAUSDT,BUY,10
2025-10-27,11:07,EVAAUSDT,BUY,7
2025-10-27,11:07,KGENUSDT,SELL,8
2025-10-27,11:08,KGENUSDT,SELL,8
2025-10-27,11:08,MYROUSDT,SELL,12
2025-10-27,11:09,MYROUSDT,SELL,13
2025-10-27,11:10,COAIUSDT,SELL,15
2025-10-27,11:10,RVVUSDT,SELL,10
2025-10-27,11:10,MYROUSDT,SELL,13
2025-10-27,11:11,MYROUSDT,SELL,10
2025-10-27,11:11,MAVIAUSDT,BUY,9
2025-10-27,11:11,COAIUSDT,SELL,24
2025-10-27,11:11,DAMUSDT,SELL,11
2025-10-27,11:11,BASUSDT,SELL,9
2025-10-27,11:11,HANAUSDT,SELL,7
2025-10-27,11:12,COAIUSDT,SELL,11
2025-10-27,11:12,BASUSDT,SELL,13
2025-10-27,11:12,4USDT,SELL,7
2025-10-27,11:12,HANAUSDT,SELL,9
2025-10-27,11:12,YBUSDT,SELL,7
2025-10-27,11:12,DAMUSDT,SELL,10
2025-10-27,11:17,4USDT,SELL,9
2025-10-27,11:19,BTCUSDT,BUY,12
2025-10-27,11:20,BTCUSDT,BUY,9
2025-10-27,11:20,ZECUSDT,BUY,7
2025-10-27,11:21,4USDT,SELL,9
2025-10-27,11:22,4USDT,SELL,10
2025-10-27,11:26,KGENUSDT,SELL,20
2025-10-27,11:27,MAVIAUSDT,BUY,11
2025-10-27,11:27,KGENUSDT,SELL,20
2025-10-27,11:29,DIAUSDT,BUY,14
2025-10-27,11:29,MYROUSDT,BUY,9
2025-10-27,11:30,DIAUSDT,BUY,11
2025-10-27,11:30,MYROUSDT,BUY,13
2025-10-27,11:31,VIRTUALUSDT,SELL,9
2025-10-27,11:32,DIAUSDT,BUY,7
2025-10-27,11:32,UBUSDT,BUY,9
2025-10-27,11:33,UBUSDT,BUY,9
2025-10-27,11:34,MAVIAUSDT,BUY,23
2025-10-27,11:34,ZORAUSDT,SELL,7
2025-10-27,11:35,ZORAUSDT,SELL,7
2025-10-27,11:37,DEGOUSDT,SELL,10
2025-10-27,11:38,DEGOUSDT,SELL,11
2025-10-27,11:40,BLESSUSDT,SELL,7
2025-10-27,11:40,EVAAUSDT,SELL,9
2025-10-27,11:41,EVAAUSDT,SELL,11
2025-10-27,11:41,MYROUSDT,BUY,9
2025-10-27,11:42,EVAAUSDT,SELL,13
2025-10-27,11:43,EVAAUSDT,SELL,14
2025-10-27,11:44,EVAAUSDT,SELL,8
2025-10-27,11:44,MAVIAUSDT,SELL,9
2025-10-27,11:50,MAVIAUSDT,BUY,11
2025-10-27,11:51,MAVIAUSDT,BUY,9
2025-10-27,11:55,MYROUSDT,BUY,12
2025-10-27,11:55,DIAUSDT,BUY,7
2025-10-27,11:55,RECALLUSDT,SELL,7
2025-10-27,11:56,RECALLUSDT,SELL,7
2025-10-27,12:01,DIAUSDT,BUY,8
2025-10-27,12:02,DIAUSDT,BUY,8
2025-10-27,12:04,RECALLUSDT,SELL,12
2025-10-27,12:05,RECALLUSDT,SELL,18
2025-10-27,12:06,RECALLUSDT,SELL,12
2025-10-27,12:08,BLUAIUSDT,SELL,8
2025-10-27,12:09,BLUAIUSDT,SELL,9
2025-10-27,12:11,BLESSUSDT,SELL,16
2025-10-27,12:12,BLESSUSDT,SELL,16
2025-10-27,12:19,ETHUSDT,SELL,7
2025-10-27,12:20,ETHUSDT,SELL,23
2025-10-27,12:20,ENAUSDT,SELL,11
2025-10-27,12:20,DEGOUSDT,BUY,8
2025-10-27,12:20,SOLUSDT,SELL,9
2025-10-27,12:21,ENAUSDT,SELL,12
2025-10-27,12:21,SOLUSDT,SELL,16
2025-10-27,12:21,SUIUSDT,SELL,8
2025-10-27,12:21,DOGEUSDT,SELL,8
2025-10-27,12:21,IPUSDT,SELL,10
2025-10-27,12:21,DIAUSDT,SELL,9
2025-10-27,12:21,AGTUSDT,SELL,8
2025-10-27,12:22,IPUSDT,SELL,7
2025-10-27,12:22,DIAUSDT,SELL,13
2025-10-27,12:22,SOLUSDT,SELL,7
2025-10-27,12:22,AGTUSDT,SELL,9
2025-10-27,12:30,YBUSDT,SELL,7
2025-10-27,12:31,YBUSDT,SELL,7
2025-10-27,12:38,PAXGUSDT,SELL,10
2025-10-27,12:39,PAXGUSDT,SELL,10
2025-10-27,12:40,BNBUSDT,BUY,11
2025-10-27,12:41,BNBUSDT,BUY,18
2025-10-27,12:41,UBUSDT,BUY,13
2025-10-27,12:42,BNBUSDT,BUY,11
2025-10-27,12:45,BNBUSDT,BUY,9
2025-10-27,12:46,BNBUSDT,BUY,7
2025-10-27,12:48,BLUAIUSDT,BUY,7
2025-10-27,12:48,XPLUSDT,SELL,10
2025-10-27,12:48,METUSDT,SELL,7
2025-10-27,12:49,METUSDT,SELL,8
2025-10-27,12:51,COAIUSDT,SELL,8
2025-10-27,12:51,ENAUSDT,SELL,7
2025-10-27,12:51,DEGOUSDT,SELL,7
2025-10-27,12:51,VIRTUALUSDT,SELL,8
2025-10-27,12:52,ENAUSDT,SELL,8
2025-10-27,12:52,COAIUSDT,SELL,7
2025-10-27,12:52,VIRTUALUSDT,SELL,9
2025-10-27,12:53,RECALLUSDT,BUY,7
2025-10-27,12:55,VIRTUALUSDT,SELL,7
2025-10-27,12:56,VIRTUALUSDT,SELL,7
2025-10-27,12:56,BNBUSDT,BUY,7
2025-10-27,12:57,BNBUSDC,BUY,9
2025-10-27,12:57,BNBUSDT,BUY,18
2025-10-27,12:58,MAVIAUSDT,SELL,11
2025-10-27,12:58,BNBUSDT,BUY,13
2025-10-27,12:59,BNBUSDT,BUY,12
2025-10-27,13:00,BNBUSDT,BUY,16
2025-10-27,13:01,EVAAUSDT,SELL,9
2025-10-27,13:01,FISUSDT,BUY,11
2025-10-27,13:02,EVAAUSDT,SELL,11
2025-10-27,13:02,MEUSDT,SELL,9
2025-10-27,13:02,FISUSDT,BUY,11
2025-10-27,13:03,MEUSDT,SELL,7
2025-10-27,13:07,MAVIAUSDT,SELL,14
2025-10-27,13:11,AIAUSDT,BUY,7
2025-10-27,13:12,DIAUSDT,SELL,9
2025-10-27,13:13,DIAUSDT,SELL,9
2025-10-27,13:17,NXPCUSDT,SELL,8
2025-10-27,13:17,DEGOUSDT,SELL,8
2025-10-27,13:18,FISUSDT,SELL,9
2025-10-27,13:18,NXPCUSDT,SELL,7
2025-10-27,13:18,DEGOUSDT,SELL,8
2025-10-27,13:20,DIAUSDT,BUY,8
2025-10-27,13:23,ZECUSDT,BUY,11
2025-10-27,13:24,ZECUSDT,BUY,12
2025-10-27,13:25,RECALLUSDT,SELL,10
2025-10-27,13:26,RECALLUSDT,SELL,9
2025-10-27,13:27,ZECUSDT,BUY,12
2025-10-27,13:28,MAVIAUSDT,BUY,7
2025-10-27,13:28,ZECUSDT,BUY,15
2025-10-27,13:32,MAVIAUSDT,SELL,9
2025-10-27,13:33,4USDT,SELL,9
2025-10-27,13:34,4USDT,SELL,7
2025-10-27,13:34,ETHUSDT,SELL,11
2025-10-27,13:35,ETHUSDT,SELL,12
2025-10-27,13:36,MEUSDT,SELL,7
2025-10-27,13:37,EVAAUSDT,BUY,10
2025-10-27,13:38,DIAUSDT,BUY,8
2025-10-27,13:41,ETHUSDT,SELL,7
2025-10-27,13:42,MYXUSDT,SELL,7
2025-10-27,13:43,MYXUSDT,SELL,7
2025-10-27,13:51,GIGGLEUSDT,BUY,10
2025-10-27,13:52,GIGGLEUSDT,BUY,9
2025-10-27,13:58,SPXUSDT,SELL,8
2025-10-27,14:00,MAVIAUSDT,BUY,26
2025-10-27,14:03,ZECUSDT,BUY,11
2025-10-27,14:03,GIGGLEUSDT,BUY,8
2025-10-27,14:04,ZECUSDT,BUY,10
2025-10-27,14:04,GIGGLEUSDT,BUY,7
2025-10-27,14:08,GIGGLEUSDT,BUY,10
2025-10-27,14:08,UBUSDT,SELL,10
2025-10-27,14:09,GIGGLEUSDT,BUY,11
2025-10-27,14:10,VIRTUALUSDT,SELL,7
2025-10-27,14:11,VIRTUALUSDT,SELL,7
2025-10-27,14:13,DIAUSDT,SELL,9
2025-10-27,14:13,UBUSDT,SELL,11
2025-10-27,14:14,UBUSDT,SELL,16
2025-10-27,14:16,DIAUSDT,SELL,13
2025-10-27,14:16,FISUSDT,BUY,7
2025-10-27,14:19,UBUSDT,SELL,9
2025-10-27,14:20,UBUSDT,SELL,9
2025-10-27,14:21,MAVIAUSDT,SELL,7
2025-10-27,14:22,UBUSDT,SELL,9
2025-10-27,14:23,EVAAUSDT,SELL,8
2025-10-27,14:23,UBUSDT,SELL,16
2025-10-27,14:24,UBUSDT,SELL,12
2025-10-27,14:29,FISUSDT,SELL,9
2025-10-27,14:29,GIGGLEUSDT,BUY,13
2025-10-27,14:33,EVAAUSDT,SELL,9
2025-10-27,14:33,UBUSDT,SELL,12
2025-10-27,14:35,ETHUSDT,SELL,12
2025-10-27,14:35,ADAUSDT,SELL,8
2025-10-27,14:35,BTCUSDT,SELL,7
2025-10-27,14:35,BLUAIUSDT,SELL,8
2025-10-27,14:35,SUIUSDT,SELL,7
2025-10-27,14:36,ADAUSDT,SELL,9
2025-10-27,14:36,XRPUSDT,SELL,7
2025-10-27,14:36,ETHUSDT,SELL,14
2025-10-27,14:36,BTCUSDT,SELL,15
2025-10-27,14:36,SOLUSDT,SELL,8
2025-10-27,14:36,BLUAIUSDT,SELL,11
2025-10-27,14:36,SUIUSDT,SELL,7
2025-10-27,14:37,BNBUSDT,SELL,7
2025-10-27,14:37,COAIUSDT,SELL,7
2025-10-27,14:37,BTCUSDT,SELL,8
2025-10-27,14:37,BLUAIUSDT,SELL,13
2025-10-27,14:37,EVAAUSDT,SELL,10
2025-10-27,14:38,EVAAUSDT,SELL,8
2025-10-27,14:39,WLDUSDT,SELL,9
2025-10-27,14:39,BNBUSDT,SELL,12
2025-10-27,14:39,XRPUSDT,SELL,8
2025-10-27,14:39,COAIUSDT,SELL,16
2025-10-27,14:39,BTCUSDT,SELL,11
2025-10-27,14:39,LINKUSDT,SELL,7
2025-10-27,14:39,ETHUSDT,SELL,7
2025-10-27,14:39,METUSDT,SELL,14
2025-10-27,14:39,MYROUSDT,SELL,10
2025-10-27,14:39,RVVUSDT,SELL,10
2025-10-27,14:40,COAIUSDT,SELL,20
2025-10-27,14:40,BNBUSDT,SELL,17
2025-10-27,14:40,WLDUSDT,SELL,7
2025-10-27,14:40,LINKUSDT,SELL,8
2025-10-27,14:40,SUIUSDT,SELL,11
2025-10-27,14:40,SOLUSDT,SELL,11
2025-10-27,14:40,BRETTUSDT,SELL,9
2025-10-27,14:40,ARBUSDT,SELL,7
2025-10-27,14:40,ETHUSDT,SELL,11
2025-10-27,14:40,AVAXUSDT,SELL,8
2025-10-27,14:40,XRPUSDT,SELL,14
2025-10-27,14:40,METUSDT,SELL,17
2025-10-27,14:40,MYROUSDT,SELL,11
2025-10-27,14:40,1000PEPEUSDT,SELL,7
2025-10-27,14:40,BDXNUSDT,SELL,7
2025-10-27,14:40,ZECUSDT,SELL,13
2025-10-27,14:40,RVVUSDT,SELL,18
2025-10-27,14:40,SKYAIUSDT,SELL,7
2025-10-27,14:41,EIGENUSDT,SELL,12
2025-10-27,14:41,COAIUSDT,SELL,7
2025-10-27,14:41,RVVUSDT,SELL,10
2025-10-27,14:41,ADAUSDT,SELL,12
2025-10-27,14:41,MYROUSDT,SELL,11
2025-10-27,14:41,BRETTUSDT,SELL,11
2025-10-27,14:41,YBUSDT,SELL,10
2025-10-27,14:41,PENGUUSDT,SELL,9
2025-10-27,14:41,1000BONKUSDT,SELL,9
2025-10-27,14:41,BNBUSDT,SELL,24
2025-10-27,14:41,SUIUSDT,SELL,14
2025-10-27,14:41,SOLUSDT,SELL,16
2025-10-27,14:41,ARBUSDT,SELL,7
2025-10-27,14:41,HOOKUSDT,SELL,7
2025-10-27,14:41,GALAUSDT,SELL,10
2025-10-27,14:41,AVAXUSDT,SELL,13
2025-10-27,14:41,VETUSDT,SELL,7
2025-10-27,14:41,ATOMUSDT,SELL,10
2025-10-27,14:41,SKYAIUSDT,SELL,11
2025-10-27,14:41,DOTUSDT,SELL,8
2025-10-27,14:41,NEARUSDT,SELL,7
2025-10-27,14:41,TRUMPUSDT,SELL,7
2025-10-27,14:41,XRPUSDT,SELL,16
2025-10-27,14:41,FORTHUSDT,SELL,9
2025-10-27,14:41,1000PEPEUSDT,SELL,15
2025-10-27,14:41,DMCUSDT,SELL,8
2025-10-27,14:41,SEIUSDT,SELL,7
2025-10-27,14:41,XANUSDT,SELL,7
2025-10-27,14:41,APEUSDT,SELL,10
2025-10-27,14:41,NFPUSDT,SELL,8
2025-10-27,14:41,BDXNUSDT,SELL,8
2025-10-27,14:41,PYTHUSDT,SELL,7
2025-10-27,14:41,DOGEUSDT,SELL,13
2025-10-27,14:41,LINKUSDT,SELL,9
2025-10-27,14:41,1000FLOKIUSDT,SELL,10
2025-10-27,14:41,DASHUSDT,SELL,9
2025-10-27,14:41,WLDUSDT,SELL,10
2025-10-27,14:41,ETHFIUSDT,SELL,13
2025-10-27,14:41,VIRTUALUSDT,SELL,9
2025-10-27,14:41,OMUSDT,SELL,8
2025-10-27,14:41,AI16ZUSDT,SELL,8
2025-10-27,14:41,ORDERUSDT,SELL,7
2025-10-27,14:42,SUIUSDT,SELL,11
2025-10-27,14:42,ETHFIUSDT,SELL,12
2025-10-27,14:42,NFPUSDT,SELL,8
2025-10-27,14:42,AI16ZUSDT,SELL,8
2025-10-27,14:42,BNBUSDT,SELL,29
2025-10-27,14:42,GALAUSDT,SELL,8
2025-10-27,14:42,MYROUSDT,SELL,11
2025-10-27,14:42,BRETTUSDT,SELL,8
2025-10-27,14:42,SKYAIUSDT,SELL,8
2025-10-27,14:42,AVAXUSDT,SELL,9
2025-10-27,14:42,ADAUSDT,SELL,9
2025-10-27,14:42,EIGENUSDT,SELL,11
2025-10-27,14:42,YBUSDT,SELL,12
2025-10-27,14:42,DOGEUSDT,SELL,14
2025-10-27,14:42,1000PEPEUSDT,SELL,12
2025-10-27,14:42,ETHUSDC,SELL,7
2025-10-27,14:42,DOTUSDT,SELL,7
2025-10-27,14:42,ATOMUSDT,SELL,10
2025-10-27,14:42,WLDUSDT,SELL,9
2025-10-27,14:42,XRPUSDT,SELL,14
2025-10-27,14:42,LINKUSDT,SELL,8
2025-10-27,14:42,ASTERUSDT,SELL,11
2025-10-27,14:42,BTCUSDT,SELL,18
2025-10-27,14:42,SOLUSDT,SELL,14
2025-10-27,14:42,ORDERUSDT,SELL,9
2025-10-27,14:42,OMUSDT,SELL,8
2025-10-27,14:42,APEUSDT,SELL,9
2025-10-27,14:42,DEGOUSDT,SELL,7
2025-10-27,14:42,1000FLOKIUSDT,SELL,9
2025-10-27,14:42,OLUSDT,SELL,7
2025-10-27,14:42,BNBUSDC,SELL,9
2025-10-27,14:42,DASHUSDT,SELL,9
2025-10-27,14:42,FORTHUSDT,SELL,7
2025-10-27,14:42,ALPINEUSDT,SELL,7
2025-10-27,14:43,ASTERUSDT,SELL,9
2025-10-27,14:43,BNBUSDT,SELL,12
2025-10-27,14:43,DEGOUSDT,SELL,8
2025-10-27,14:44,EVAAUSDT,BUY,11
2025-10-27,14:44,币安人生USDT,SELL,9
2025-10-27,14:45,币安人生USDT,SELL,23
2025-10-27,14:45,MYROUSDT,SELL,9
2025-10-27,14:46,币安人生USDT,SELL,21
2025-10-27,14:46,MYROUSDT,SELL,10
2025-10-27,14:47,币安人生USDT,SELL,7
2025-10-27,14:49,ETHUSDT,BUY,10
2025-10-27,14:49,GRIFFAINUSDT,SELL,7
2025-10-27,14:50,BCHUSDT,BUY,11
2025-10-27,14:50,ETHUSDT,BUY,13
2025-10-27,14:50,BTCUSDT,BUY,8
2025-10-27,14:50,MAVIAUSDT,SELL,7
2025-10-27,14:51,ETHUSDT,BUY,7
2025-10-27,14:51,MAVIAUSDT,SELL,14
2025-10-27,14:51,BTCUSDT,BUY,8
2025-10-27,14:51,MEUSDT,SELL,8
2025-10-27,14:52,MEUSDT,SELL,9
2025-10-27,14:52,ETHUSDT,BUY,25
2025-10-27,14:52,SOLUSDT,BUY,7
2025-10-27,14:52,BTCUSDT,BUY,15
2025-10-27,14:53,BTCUSDT,BUY,13
2025-10-27,14:53,ETHUSDT,BUY,23
2025-10-27,14:53,BCHUSDT,BUY,7
2025-10-27,14:54,BCHUSDT,BUY,8
2025-10-27,14:55,MAVIAUSDT,SELL,14
2025-10-27,14:56,XANUSDT,SELL,10
2025-10-27,14:57,XANUSDT,SELL,10
2025-10-27,15:01,MYROUSDT,BUY,7
2025-10-27,15:01,RECALLUSDT,BUY,7
2025-10-27,15:02,BLUAIUSDT,SELL,7
2025-10-27,15:03,BLUAIUSDT,SELL,11
2025-10-27,15:04,ETHUSDT,SELL,12
2025-10-27,15:04,BLUAIUSDT,SELL,8
2025-10-27,15:04,ZECUSDT,SELL,13
2025-10-27,15:05,ZECUSDT,SELL,12
2025-10-27,15:05,SOLUSDT,SELL,9
2025-10-27,15:05,ETHUSDT,SELL,15
2025-10-27,15:06,CLOUSDT,SELL,10
2025-10-27,15:06,ETHUSDT,SELL,12
2025-10-27,15:06,BTCUSDT,SELL,7
2025-10-27,15:06,RVVUSDT,SELL,11
2025-10-27,15:06,HANAUSDT,SELL,11
2025-10-27,15:06,EVAAUSDT,SELL,13
2025-10-27,15:07,FFUSDT,SELL,10
2025-10-27,15:07,RVVUSDT,SELL,9
2025-10-27,15:07,BTCUSDT,SELL,7
2025-10-27,15:07,HANAUSDT,SELL,10
2025-10-27,15:07,RECALLUSDT,SELL,14
2025-10-27,15:07,4USDT,SELL,7
2025-10-27,15:07,LABUSDT,SELL,12
2025-10-27,15:08,FFUSDT,SELL,9
2025-10-27,15:08,LABUSDT,SELL,12
2025-10-27,15:08,PAXGUSDT,SELL,10
2025-10-27,15:08,LYNUSDT,SELL,8
2025-10-27,15:09,PAXGUSDT,SELL,7
2025-10-27,15:09,VANAUSDT,SELL,10
2025-10-27,15:10,VANAUSDT,SELL,11
2025-10-27,15:10,UBUSDT,SELL,7
2025-10-27,15:11,UBUSDT,SELL,7
2025-10-27,15:11,ETHUSDT,SELL,8
2025-10-27,15:11,RVVUSDT,SELL,8
2025-10-27,15:11,LABUSDT,SELL,8
2025-10-27,15:11,FHEUSDT,SELL,9
2025-10-27,15:12,RVVUSDT,SELL,10
2025-10-27,15:12,HANAUSDT,SELL,7
2025-10-27,15:12,LABUSDT,SELL,7
2025-10-27,15:12,KDAUSDT,SELL,13
2025-10-27,15:12,FHEUSDT,SELL,9
2025-10-27,15:13,RVVUSDT,SELL,11
2025-10-27,15:13,KDAUSDT,SELL,8
2025-10-27,15:13,MAVIAUSDT,SELL,9
2025-10-27,15:14,MAVIAUSDT,SELL,19
2025-10-27,15:15,UBUSDT,SELL,7
2025-10-27,15:15,HANAUSDT,SELL,8
2025-10-27,15:15,4USDT,SELL,8
2025-10-27,15:16,HANAUSDT,SELL,13
2025-10-27,15:16,4USDT,SELL,9
2025-10-27,15:17,RVVUSDT,SELL,7
2025-10-27,15:17,XANUSDT,SELL,7
2025-10-27,15:17,HANAUSDT,SELL,8
2025-10-27,15:17,币安人生USDT,SELL,7
2025-10-27,15:18,币安人生USDT,SELL,8
2025-10-27,15:18,BLUAIUSDT,SELL,12
2025-10-27,15:18,RVVUSDT,SELL,8
2025-10-27,15:19,RVVUSDT,SELL,8
2025-10-27,15:19,COAIUSDT,SELL,10
2025-10-27,15:19,BMTUSDT,BUY,7
2025-10-27,15:20,RVVUSDT,SELL,9
2025-10-27,15:20,BTCUSDT,SELL,19
2025-10-27,15:20,SOLUSDT,SELL,12
2025-10-27,15:21,BTCUSDT,SELL,11
2025-10-27,15:21,SOLUSDT,SELL,10
2025-10-27,15:21,TAOUSDT,SELL,9
2025-10-27,15:22,TAOUSDT,SELL,9
2025-10-27,15:23,ETHUSDT,SELL,10
2025-10-27,15:23,BNBUSDT,SELL,7
2025-10-27,15:24,BNBUSDT,SELL,7
2025-10-27,15:25,GIGGLEUSDT,BUY,9
2025-10-27,15:25,ZECUSDT,BUY,7
2025-10-27,15:25,B2USDT,SELL,11
2025-10-27,15:26,B2USDT,SELL,13
2025-10-27,15:27,B2USDT,SELL,14
2025-10-27,15:28,B2USDT,SELL,12
2025-10-27,15:29,BMTUSDT,SELL,8
2025-10-27,15:30,BMTUSDT,SELL,13
2025-10-27,15:31,BMTUSDT,SELL,7
2025-10-27,15:32,HUSDT,BUY,15
2025-10-27,15:33,HUSDT,BUY,11
2025-10-27,15:35,MYROUSDT,BUY,8
2025-10-27,15:35,DEGOUSDT,SELL,8
2025-10-27,15:36,MYROUSDT,BUY,7
2025-10-27,15:38,B2USDT,SELL,8
2025-10-27,15:39,B2USDT,SELL,10
2025-10-27,15:41,DIAUSDT,SELL,8
2025-10-27,15:44,LABUSDT,SELL,10
2025-10-27,15:44,B2USDT,SELL,7
2025-10-27,15:44,ENSOUSDT,SELL,7
2025-10-27,15:45,LIGHTUSDT,SELL,7
2025-10-27,15:45,LABUSDT,SELL,8
2025-10-27,15:45,B2USDT,SELL,17
2025-10-27,15:45,ENSOUSDT,SELL,9
2025-10-27,15:46,KGENUSDT,SELL,8
2025-10-27,15:46,ENSOUSDT,SELL,17
2025-10-27,15:47,KGENUSDT,SELL,7
2025-10-27,15:49,BLUAIUSDT,SELL,7
2025-10-27,15:49,ENSOUSDT,SELL,14
2025-10-27,15:50,ENSOUSDT,SELL,14
2025-10-27,15:51,XPLUSDT,SELL,9
2025-10-27,15:52,XPLUSDT,SELL,7
2025-10-27,15:52,币安人生USDT,SELL,9
2025-10-27,15:52,KGENUSDT,SELL,8
2025-10-27,15:53,币安人生USDT,SELL,7
2025-10-27,15:53,MAVIAUSDT,SELL,7
2025-10-27,15:53,KGENUSDT,SELL,13
2025-10-27,15:54,BNBUSDT,SELL,11
2025-10-27,15:55,BNBUSDT,SELL,11
2025-10-27,15:55,4USDT,SELL,7
2025-10-27,15:56,4USDT,SELL,8
2025-10-27,15:57,HEMIUSDT,SELL,11
2025-10-27,15:57,GIGGLEUSDT,SELL,9
2025-10-27,15:57,币安人生USDT,SELL,18
2025-10-27,15:58,币安人生USDT,SELL,17
2025-10-27,15:58,HEMIUSDT,SELL,8
2025-10-27,15:59,GIGGLEUSDT,SELL,8
2025-10-27,16:00,GIGGLEUSDT,SELL,8
2025-10-27,16:00,TRUMPUSDT,BUY,12
2025-10-27,16:00,PAXGUSDT,SELL,10
2025-10-27,16:01,PAXGUSDT,SELL,10
2025-10-27,16:01,TRUMPUSDT,BUY,14
2025-10-27,16:01,RECALLUSDT,SELL,7
2025-10-27,16:01,MAVIAUSDT,BUY,7
2025-10-27,16:01,XRPUSDT,BUY,7
2025-10-27,16:02,XRPUSDT,BUY,7
2025-10-27,16:02,LIGHTUSDT,SELL,8
2025-10-27,16:03,MAVIAUSDT,SELL,8
2025-10-27,16:04,MAVIAUSDT,SELL,8
2025-10-27,16:04,B2USDT,SELL,7
2025-10-27,16:04,XRPUSDT,BUY,7
2025-10-27,16:05,XRPUSDT,BUY,17
2025-10-27,16:06,ETHUSDT,BUY,7
2025-10-27,16:06,XRPUSDT,BUY,22
2025-10-27,16:06,B2USDT,SELL,10
2025-10-27,16:07,XRPUSDT,BUY,9
2025-10-27,16:07,B2USDT,SELL,10
2025-10-27,16:08,4USDT,SELL,11
2025-10-27,16:08,PAXGUSDT,SELL,9
2025-10-27,16:09,4USDT,SELL,10
2025-10-27,16:10,ZECUSDT,BUY,8
2025-10-27,16:12,DIAUSDT,BUY,10
2025-10-27,16:12,COAIUSDT,SELL,15
2025-10-27,16:13,DIAUSDT,BUY,10
2025-10-27,16:13,COAIUSDT,SELL,15
2025-10-27,16:13,MLNUSDT,BUY,7
2025-10-27,16:15,MAVIAUSDT,SELL,8
2025-10-27,16:16,LIGHTUSDT,SELL,9
2025-10-27,16:17,LIGHTUSDT,SELL,19
2025-10-27,16:17,YBUSDT,SELL,8
2025-10-27,16:18,LIGHTUSDT,SELL,14
2025-10-27,16:20,LIGHTUSDT,SELL,7
2025-10-27,16:22,XPLUSDT,SELL,9
2025-10-27,16:22,B2USDT,SELL,8
2025-10-27,16:22,ASTERUSDT,SELL,7
2025-10-27,16:23,B2USDT,SELL,16
2025-10-27,16:23,XPLUSDT,SELL,8
2025-10-27,16:23,RECALLUSDT,SELL,8
2025-10-27,16:23,MAVIAUSDT,SELL,9
2025-10-27,16:23,XPINUSDT,SELL,9
2025-10-27,16:23,LIGHTUSDT,SELL,7
2025-10-27,16:23,ASTERUSDT,SELL,7
2025-10-27,16:23,AIAUSDT,SELL,10
2025-10-27,16:24,XPINUSDT,SELL,7
2025-10-27,16:24,B2USDT,SELL,12
2025-10-27,16:24,LIGHTUSDT,SELL,11
2025-10-27,16:24,AIAUSDT,SELL,7
2025-10-27,16:24,METUSDT,SELL,7
2025-10-27,16:25,METUSDT,SELL,9
2025-10-27,16:25,SAPIENUSDT,BUY,7
2025-10-27,16:25,LABUSDT,SELL,10
2025-10-27,16:25,BLUAIUSDT,SELL,7
2025-10-27,16:26,LABUSDT,SELL,10
2025-10-27,16:26,BLUAIUSDT,SELL,8
2025-10-27,16:26,METUSDT,SELL,10
2025-10-27,16:26,PUMPBTCUSDT,SELL,9
2025-10-27,16:26,HANAUSDT,SELL,10
2025-10-27,16:26,STBLUSDT,SELL,7
2025-10-27,16:27,PUMPBTCUSDT,SELL,7
2025-10-27,16:27,METUSDT,SELL,11
2025-10-27,16:27,HANAUSDT,SELL,7
2025-10-27,16:29,LABUSDT,SELL,9
2025-10-27,16:30,LIGHTUSDT,SELL,8
2025-10-27,16:30,ZBTUSDT,SELL,7
2025-10-27,16:31,LIGHTUSDT,SELL,17
2025-10-27,16:31,ZBTUSDT,SELL,7
2025-10-27,16:32,XPINUSDT,SELL,7
2025-10-27,16:33,XPINUSDT,SELL,7
2025-10-27,16:33,MAVIAUSDT,BUY,8
2025-10-27,16:35,LIGHTUSDT,BUY,9
2025-10-27,16:35,BANKUSDT,BUY,7
2025-10-27,16:35,VIRTUALUSDT,BUY,7
2025-10-27,16:36,VIRTUALUSDT,BUY,7
2025-10-27,16:38,DIAUSDT,BUY,9
2025-10-27,16:41,B2USDT,SELL,11
2025-10-27,16:41,XPLUSDT,SELL,9
2025-10-27,16:42,XPLUSDT,SELL,8
2025-10-27,16:46,MAVIAUSDT,BUY,9
2025-10-27,16:46,XPINUSDT,SELL,10
2025-10-27,16:47,XPINUSDT,SELL,7
2025-10-27,16:47,MAVIAUSDT,BUY,7
2025-10-27,16:48,GIGGLEUSDT,SELL,9
2025-10-27,16:48,PIPPINUSDT,SELL,7
2025-10-27,16:56,NILUSDT,SELL,7
2025-10-27,16:57,NILUSDT,SELL,8
2025-10-27,16:57,XANUSDT,SELL,8
2025-10-27,16:58,B2USDT,SELL,12
2025-10-27,16:58,DEGOUSDT,SELL,7
2025-10-27,16:58,XANUSDT,SELL,17
2025-10-27,16:59,XANUSDT,SELL,25
2025-10-27,16:59,B2USDT,SELL,12
2025-10-27,17:01,XRPUSDT,BUY,10
2025-10-27,17:02,XRPUSDT,BUY,11
2025-10-27,17:04,BMTUSDT,SELL,8
2025-10-27,17:04,ETHUSDT,BUY,11
2025-10-27,17:05,ETHUSDT,BUY,11
2025-10-27,17:05,BMTUSDT,SELL,7
2025-10-27,17:06,ETHUSDT,BUY,8
2025-10-27,17:07,ETHUSDT,BUY,8
2025-10-27,17:07,MLNUSDT,SELL,7
2025-10-27,17:08,XRPUSDT,BUY,12
2025-10-27,17:08,BASUSDT,BUY,7
2025-10-27,17:08,ETHUSDT,BUY,11
2025-10-27,17:08,SOLUSDT,BUY,12
2025-10-27,17:08,BTCUSDT,BUY,8
2025-10-27,17:09,ETHUSDT,BUY,14
2025-10-27,17:09,SOLUSDT,BUY,13
2025-10-27,17:09,XRPUSDT,BUY,14
2025-10-27,17:09,1000PEPEUSDT,BUY,9
2025-10-27,17:10,XPINUSDT,BUY,7
2025-10-27,17:10,XRPUSDT,BUY,7
2025-10-27,17:13,GIGGLEUSDT,SELL,8
2025-10-27,17:13,BLUAIUSDT,SELL,8
2025-10-27,17:14,BLUAIUSDT,SELL,8
2025-10-27,17:15,MLNUSDT,SELL,9
2025-10-27,17:16,MLNUSDT,SELL,9
2025-10-27,17:16,GIGGLEUSDT,SELL,8
2025-10-27,17:16,BANKUSDT,SELL,7
2025-10-27,17:17,BANKUSDT,SELL,14
2025-10-27,17:17,BLUAIUSDT,SELL,9
2025-10-27,17:17,TRUMPUSDT,BUY,11
2025-10-27,17:17,BTCUSDT,BUY,7
2025-10-27,17:18,BANKUSDT,SELL,7
2025-10-27,17:18,ETHUSDT,BUY,7
2025-10-27,17:18,TRUMPUSDT,BUY,15
2025-10-27,17:19,TRBUSDT,BUY,7
2025-10-27,17:20,DIAUSDT,SELL,8
2025-10-27,17:20,ENSOUSDT,SELL,9
2025-10-27,17:20,FISUSDT,SELL,7
2025-10-27,17:20,GIGGLEUSDT,SELL,8
2025-10-27,17:21,ENSOUSDT,SELL,9
2025-10-27,17:21,TRUMPUSDT,BUY,13
2025-10-27,17:21,GIGGLEUSDT,SELL,15
2025-10-27,17:21,FISUSDT,SELL,7
2025-10-27,17:27,TRBUSDT,BUY,16
2025-10-27,17:30,TRUMPUSDT,SELL,7
2025-10-27,17:33,DEGOUSDT,BUY,7
2025-10-27,17:33,MAVIAUSDT,BUY,9
2025-10-27,17:33,ETHUSDT,BUY,12
2025-10-27,17:34,ETHUSDT,BUY,14
2025-10-27,17:34,BTCUSDT,BUY,7
2025-10-27,17:34,FARTCOINUSDT,BUY,8
2025-10-27,17:34,COAIUSDT,BUY,10
2025-10-27,17:35,COAIUSDT,BUY,11
2025-10-27,17:35,EVAAUSDT,BUY,7
2025-10-27,17:36,EVAAUSDT,BUY,7
2025-10-27,17:37,SOLUSDT,BUY,8
2025-10-27,17:38,SOLUSDT,BUY,13
2025-10-27,17:38,ETHUSDT,BUY,7
2025-10-27,17:38,JUPUSDT,BUY,7
2025-10-27,17:39,ETHUSDT,BUY,14
2025-10-27,17:39,SOLUSDT,BUY,9
2025-10-27,17:39,JUPUSDT,BUY,10
2025-10-27,17:40,ETHUSDT,BUY,12
2025-10-27,17:41,XRPUSDT,BUY,7
2025-10-27,17:42,SOLUSDT,BUY,9
2025-10-27,17:46,RECALLUSDT,SELL,7
2025-10-27,17:47,RECALLUSDT,SELL,8
2025-10-27,17:48,RECALLUSDT,SELL,7
2025-10-27,17:49,SAPIENUSDT,SELL,16
2025-10-27,17:50,SAPIENUSDT,SELL,11
2025-10-27,17:52,FARTCOINUSDT,BUY,7
2025-10-27,17:53,BTCUSDT,BUY,7
2025-10-27,17:53,GIGGLEUSDT,BUY,7
2025-10-27,17:54,GIGGLEUSDT,BUY,7
2025-10-27,17:54,ZECUSDT,BUY,21
2025-10-27,17:55,ZECUSDT,BUY,23
2025-10-27,17:57,B2USDT,BUY,12
2025-10-27,17:59,MLNUSDT,SELL,7
2025-10-27,18:00,SAPIENUSDT,SELL,8
2025-10-27,18:01,MAVIAUSDT,SELL,9
2025-10-27,18:01,COAIUSDT,BUY,7
2025-10-27,18:02,MAVIAUSDT,SELL,14
2025-10-27,18:09,ZECUSDT,SELL,10
2025-10-27,18:10,ZECUSDT,SELL,10
2025-10-27,18:13,ENSOUSDT,SELL,7
2025-10-27,18:13,SAPIENUSDT,SELL,10
2025-10-27,18:14,SAPIENUSDT,SELL,21
2025-10-27,18:14,MAVIAUSDT,SELL,8
2025-10-27,18:14,MELANIAUSDT,BUY,7
2025-10-27,18:15,SAPIENUSDT,SELL,12
2025-10-27,18:15,EVAAUSDT,SELL,7
2025-10-27,18:19,XRPUSDT,BUY,7
2025-10-27,18:20,XRPUSDT,BUY,8
2025-10-27,18:21,ENSOUSDT,SELL,8
2025-10-27,18:22,ENSOUSDT,SELL,9
2025-10-27,18:22,B2USDT,BUY,11
2025-10-27,18:23,AVNTUSDT,SELL,9
2025-10-27,18:23,ETHUSDT,SELL,8
2025-10-27,18:24,ETHUSDT,SELL,8
2025-10-27,18:24,EVAAUSDT,SELL,12
2025-10-27,18:24,TRUMPUSDT,BUY,7
2025-10-27,18:30,MEUSDT,SELL,8
2025-10-27,18:30,B2USDT,SELL,12
2025-10-27,18:31,B2USDT,SELL,10
2025-10-27,18:32,TRUMPUSDT,BUY,7
2025-10-27,18:35,RECALLUSDT,BUY,9
2025-10-27,18:36,TRUMPUSDT,BUY,11
2025-10-27,18:37,TRUMPUSDT,BUY,14
2025-10-27,18:38,TRUMPUSDT,BUY,8
2025-10-27,18:39,MYROUSDT,BUY,7
2025-10-27,18:40,ETHUSDT,BUY,9
2025-10-27,18:40,MYROUSDT,BUY,7
2025-10-27,18:45,MAVIAUSDT,BUY,7
2025-10-27,18:46,MELANIAUSDT,SELL,13
2025-10-27,18:47,ETHUSDT,BUY,8
2025-10-27,18:48,ETHUSDT,BUY,12
2025-10-27,18:56,TRUMPUSDT,BUY,8
2025-10-27,18:56,MAVIAUSDT,BUY,7
2025-10-27,18:57,MAVIAUSDT,BUY,7
2025-10-27,19:00,DIAUSDT,BUY,12
2025-10-27,19:02,GIGGLEUSDT,SELL,9
2025-10-27,19:03,DIAUSDT,BUY,11
2025-10-27,19:05,PUMPUSDT,BUY,7
2025-10-27,19:06,PUMPUSDT,BUY,16
2025-10-27,19:06,ETHUSDT,BUY,11
2025-10-27,19:07,ETHUSDT,BUY,12
2025-10-27,19:07,PUMPUSDT,BUY,11
2025-10-27,19:08,ETHUSDT,BUY,8
2025-10-27,19:08,TRUMPUSDT,BUY,15
2025-10-27,19:14,MELANIAUSDT,BUY,18
2025-10-27,19:14,TRADOORUSDT,BUY,8
2025-10-27,19:16,DIAUSDT,SELL,10
2025-10-27,19:16,GIGGLEUSDT,SELL,16
2025-10-27,19:17,DIAUSDT,SELL,11
2025-10-27,19:17,GIGGLEUSDT,SELL,17
2025-10-27,19:17,ZECUSDT,SELL,14
2025-10-27,19:18,TRUMPUSDT,BUY,15
2025-10-27,19:18,ZECUSDT,SELL,9
2025-10-27,19:19,DASHUSDT,SELL,9
2025-10-27,19:20,MELANIAUSDT,BUY,19
2025-10-27,19:21,COAIUSDT,SELL,11
2025-10-27,19:22,COAIUSDT,SELL,10
2025-10-27,19:23,MELANIAUSDT,BUY,10
2025-10-27,19:23,ZECUSDT,SELL,9
2025-10-27,19:24,MELANIAUSDT,BUY,10
2025-10-27,19:26,ZECUSDT,SELL,16
2025-10-27,19:26,DASHUSDT,SELL,8
2025-10-27,19:34,DASHUSDT,SELL,7
2025-10-27,19:35,DASHUSDT,SELL,7
2025-10-27,19:38,ZECUSDT,SELL,13
2025-10-27,19:43,TRUMPUSDT,BUY,9
2025-10-27,19:44,TRUMPUSDT,BUY,7
2025-10-27,19:47,币安人生USDT,SELL,8
2025-10-27,19:48,币安人生USDT,SELL,8
2025-10-27,19:50,ZECUSDT,BUY,7
2025-10-27,19:51,ZECUSDT,BUY,7
2025-10-27,19:52,币安人生USDT,SELL,7
2025-10-27,19:55,4USDT,SELL,11
2025-10-27,19:55,RVVUSDT,BUY,7
2025-10-27,19:56,4USDT,SELL,17
2025-10-27,19:57,4USDT,SELL,12
2025-10-27,20:00,XPINUSDT,BUY,10
2025-10-27,20:00,DIAUSDT,BUY,8
2025-10-27,20:01,DIAUSDT,BUY,10
2025-10-27,20:01,XPINUSDT,BUY,7
2025-10-27,20:01,BTCUSDT,SELL,7
2025-10-27,20:01,ETHUSDT,SELL,8
2025-10-27,20:02,ETHUSDT,SELL,10
2025-10-27,20:02,BTCUSDT,SELL,12
2025-10-27,20:03,ZBTUSDT,SELL,12
2025-10-27,20:03,BTCUSDT,SELL,18
2025-10-27,20:03,ETHUSDT,SELL,21
2025-10-27,20:03,SOLUSDT,SELL,13
2025-10-27,20:03,VANAUSDT,SELL,7
2025-10-27,20:03,1000PEPEUSDT,SELL,7
2025-10-27,20:03,ADAUSDT,SELL,7
2025-10-27,20:04,BTCUSDT,SELL,10
2025-10-27,20:04,ETHUSDT,SELL,19
2025-10-27,20:04,1000PEPEUSDT,SELL,7
2025-10-27,20:04,SOLUSDT,SELL,13
2025-10-27,20:04,ADAUSDT,SELL,7
2025-10-27,20:05,TRUMPUSDT,SELL,10
2025-10-27,20:05,EVAAUSDT,BUY,16
2025-10-27,20:05,METUSDT,SELL,9
2025-10-27,20:06,EVAAUSDT,BUY,11
2025-10-27,20:06,METUSDT,SELL,8
2025-10-27,20:07,MELANIAUSDT,SELL,9
2025-10-27,20:08,BLESSUSDT,BUY,9
2025-10-27,20:08,COAIUSDT,SELL,8
2025-10-27,20:09,COAIUSDT,SELL,8
2025-10-27,20:14,BLESSUSDT,BUY,7
2025-10-27,20:16,TRUMPUSDT,SELL,8
2025-10-27,20:16,EVAAUSDT,BUY,9
2025-10-27,20:17,TRUMPUSDT,SELL,12
2025-10-27,20:18,TRUMPUSDT,SELL,13
2025-10-27,20:18,MELANIAUSDT,SELL,12
2025-10-27,20:19,TRUMPUSDT,SELL,9
2025-10-27,20:23,STOUSDT,SELL,7
2025-10-27,20:24,STOUSDT,SELL,7
2025-10-27,20:26,TRUMPUSDT,SELL,8
2025-10-27,20:30,ZORAUSDT,SELL,7
2025-10-27,20:30,XRPUSDT,SELL,9
2025-10-27,20:31,MELANIAUSDT,SELL,17
2025-10-27,20:31,4USDT,SELL,10
2025-10-27,20:31,ZORAUSDT,SELL,16
2025-10-27,20:32,4USDT,SELL,11
2025-10-27,20:32,BTCUSDT,SELL,15
2025-10-27,20:32,ZORAUSDT,SELL,14
2025-10-27,20:32,DOGEUSDT,SELL,9
2025-10-27,20:32,COAIUSDT,SELL,13
2025-10-27,20:32,SOLUSDT,SELL,10
2025-10-27,20:33,COAIUSDT,SELL,9
2025-10-27,20:33,BTCUSDT,SELL,15
2025-10-27,20:33,SOLUSDT,SELL,10
2025-10-27,20:33,XRPUSDT,SELL,7
2025-10-27,20:34,TRUMPUSDT,BUY,7
2025-10-27,20:34,GIGGLEUSDT,SELL,9
2025-10-27,20:34,METUSDT,SELL,11
2025-10-27,20:35,METUSDT,SELL,28
2025-10-27,20:35,4USDT,SELL,7
2025-10-27,20:35,XRPUSDT,SELL,10
2025-10-27,20:35,GIGGLEUSDT,SELL,26
2025-10-27,20:35,COAIUSDT,SELL,30
2025-10-27,20:35,SOLUSDT,SELL,8
2025-10-27,20:36,COAIUSDT,SELL,41
2025-10-27,20:36,MELANIAUSDT,SELL,11
2025-10-27,20:36,GIGGLEUSDT,SELL,21
2025-10-27,20:36,MAVIAUSDT,SELL,7
2025-10-27,20:36,XRPUSDT,SELL,9
2025-10-27,20:36,BLESSUSDT,SELL,12
2025-10-27,20:36,4USDT,SELL,11
2025-10-27,20:36,ENSOUSDT,SELL,7
2025-10-27,20:36,METUSDT,SELL,36
2025-10-27,20:36,SOLUSDT,SELL,8
2025-10-27,20:36,TRUMPUSDT,SELL,11
2025-10-27,20:36,AIAUSDT,SELL,11
2025-10-27,20:36,EDENUSDT,SELL,7
2025-10-27,20:36,ZBTUSDT,SELL,8
2025-10-27,20:37,METUSDT,SELL,19
2025-10-27,20:37,ZBTUSDT,SELL,9
2025-10-27,20:37,COAIUSDT,SELL,13
2025-10-27,20:37,GIGGLEUSDT,SELL,8
2025-10-27,20:37,4USDT,SELL,8
2025-10-27,20:37,BLESSUSDT,SELL,16
2025-10-27,20:37,AIAUSDT,SELL,7
2025-10-27,20:38,TRUMPUSDT,BUY,9
2025-10-27,20:38,BLESSUSDT,SELL,10
2025-10-27,20:39,ZBTUSDT,SELL,7
2025-10-27,20:40,ZBTUSDT,SELL,7
2025-10-27,20:41,GIGGLEUSDT,SELL,16
2025-10-27,20:41,METUSDT,SELL,10
2025-10-27,20:42,METUSDT,SELL,12
2025-10-27,20:42,MAVIAUSDT,BUY,7
2025-10-27,20:42,GIGGLEUSDT,SELL,22
2025-10-27,20:43,GIGGLEUSDT,SELL,8
2025-10-27,20:43,MAVIAUSDT,BUY,7
2025-10-27,20:45,DIAUSDT,BUY,8
2025-10-27,20:46,DIAUSDT,BUY,24
2025-10-27,20:46,AIAUSDT,SELL,7
2025-10-27,20:47,DIAUSDT,BUY,17
2025-10-27,20:47,MELANIAUSDT,BUY,8
2025-10-27,20:47,MAVIAUSDT,BUY,7
2025-10-27,20:48,DIAUSDT,BUY,14
2025-10-27,20:51,MAVIAUSDT,BUY,7
2025-10-27,20:57,CLOUSDT,SELL,10
2025-10-27,20:57,METUSDT,SELL,10
2025-10-27,20:58,CLOUSDT,SELL,9
2025-10-27,20:58,METUSDT,SELL,18
2025-10-27,20:58,DIAUSDT,BUY,12
2025-10-27,20:59,METUSDT,SELL,11
2025-10-27,20:59,ETHUSDT,SELL,8
2025-10-27,21:00,METUSDT,SELL,28
2025-10-27,21:00,ETHUSDT,SELL,14
2025-10-27,21:01,METUSDT,SELL,29
2025-10-27,21:01,MELANIAUSDT,SELL,8
2025-10-27,21:01,2ZUSDT,SELL,7
2025-10-27,21:01,BTCUSDT,SELL,7
2025-10-27,21:01,SOLUSDT,SELL,14
2025-10-27,21:01,ETHUSDT,SELL,27
2025-10-27,21:01,ETHUSDC,SELL,7
2025-10-27,21:01,PENGUUSDT,SELL,7
2025-10-27,21:01,DASHUSDT,SELL,9
2025-10-27,21:01,ENSOUSDT,SELL,7
2025-10-27,21:01,XRPUSDT,SELL,7
2025-10-27,21:01,1000PEPEUSDT,SELL,8
2025-10-27,21:01,BLUAIUSDT,SELL,7
2025-10-27,21:02,XPLUSDT,SELL,7
2025-10-27,21:02,ETHUSDT,SELL,37
2025-10-27,21:02,DOGEUSDT,SELL,7
2025-10-27,21:02,ENSOUSDT,SELL,10
2025-10-27,21:02,ZECUSDT,SELL,7
2025-10-27,21:02,XRPUSDT,SELL,14
2025-10-27,21:02,BTCUSDT,SELL,14
2025-10-27,21:02,SOLUSDT,SELL,17
2025-10-27,21:02,ADAUSDT,SELL,9
2025-10-27,21:02,ETHUSDC,SELL,12
2025-10-27,21:02,VIRTUALUSDT,SELL,8
2025-10-27,21:02,ARBUSDT,SELL,8
2025-10-27,21:02,1000PEPEUSDT,SELL,15
2025-10-27,21:02,BOMEUSDT,SELL,7
2025-10-27,21:02,TIAUSDT,SELL,7
2025-10-27,21:02,DASHUSDT,SELL,10
2025-10-27,21:02,ZBTUSDT,SELL,9
2025-10-27,21:02,EDENUSDT,SELL,9
2025-10-27,21:02,AVNTUSDT,SELL,11
2025-10-27,21:02,WLFIUSDT,SELL,8
2025-10-27,21:02,METUSDT,SELL,11
2025-10-27,21:02,ZENUSDT,SELL,8
2025-10-27,21:02,PENGUUSDT,SELL,10
2025-10-27,21:02,BLUAIUSDT,SELL,8
2025-10-27,21:02,0GUSDT,SELL,11
2025-10-27,21:02,FFUSDT,SELL,9
2025-10-27,21:02,STBLUSDT,SELL,9
2025-10-27,21:03,METUSDT,SELL,8
2025-10-27,21:03,ETHUSDC,SELL,10
2025-10-27,21:03,0GUSDT,SELL,7
2025-10-27,21:03,ETHUSDT,SELL,27
2025-10-27,21:03,ZENUSDT,SELL,8
2025-10-27,21:03,FFUSDT,SELL,10
2025-10-27,21:03,TAOUSDT,SELL,7
2025-10-27,21:03,BTCUSDT,SELL,16
2025-10-27,21:03,DOGEUSDT,SELL,7
2025-10-27,21:03,SOLUSDT,SELL,13
2025-10-27,21:03,ADAUSDT,SELL,8
2025-10-27,21:03,1000PEPEUSDT,SELL,12
2025-10-27,21:03,XRPUSDT,SELL,10
2025-10-27,21:03,BOMEUSDT,SELL,7
2025-10-27,21:03,PENGUUSDT,SELL,7
2025-10-27,21:03,STBLUSDT,SELL,10
2025-10-27,21:03,AVNTUSDT,SELL,9
2025-10-27,21:03,HANAUSDT,SELL,14
2025-10-27,21:03,MAVIAUSDT,BUY,7
2025-10-27,21:04,SOLUSDT,SELL,8
2025-10-27,21:04,ETHUSDT,SELL,11
2025-10-27,21:04,BTCUSDT,SELL,8
2025-10-27,21:04,HANAUSDT,SELL,12
2025-10-27,21:04,KGENUSDT,SELL,7
2025-10-27,21:04,BLUAIUSDT,SELL,14
2025-10-27,21:05,BLUAIUSDT,SELL,12
2025-10-27,21:05,TRUMPUSDT,BUY,7
2025-10-27,21:06,DIAUSDT,BUY,17
2025-10-27,21:07,YBUSDT,BUY,8
2025-10-27,21:08,MAVIAUSDT,BUY,8
2025-10-27,21:09,XRPUSDT,SELL,7
2025-10-27,21:10,DIAUSDT,SELL,21
2025-10-27,21:10,XRPUSDT,SELL,10
2025-10-27,21:10,ETHUSDT,SELL,10
2025-10-27,21:11,ETHUSDT,SELL,10
2025-10-27,21:12,TRUMPUSDT,SELL,7
2025-10-27,21:12,ETHUSDT,SELL,7
2025-10-27,21:13,ETHUSDT,SELL,7
2025-10-27,21:16,币安人生USDT,SELL,10
2025-10-27,21:20,SKLUSDT,SELL,8
2025-10-27,21:21,ENSOUSDT,SELL,7
2025-10-27,21:22,ENSOUSDT,SELL,8
2025-10-27,21:23,DIAUSDT,BUY,15
2025-10-27,21:24,ENSOUSDT,SELL,12
2025-10-27,21:24,COAIUSDT,SELL,7
2025-10-27,21:24,币安人生USDT,SELL,7
2025-10-27,21:24,XRPUSDT,SELL,11
2025-10-27,21:24,ETHUSDT,SELL,10
2025-10-27,21:25,ETHUSDT,SELL,12
2025-10-27,21:25,XRPUSDT,SELL,12
2025-10-27,21:25,ENSOUSDT,SELL,11
2025-10-27,21:30,SOLUSDT,SELL,7
2025-10-27,21:31,SOLUSDT,SELL,10
2025-10-27,21:32,SOLUSDT,SELL,10
2025-10-27,21:33,VIRTUALUSDT,SELL,7
2025-10-27,21:33,EIGENUSDT,SELL,7
2025-10-27,21:33,SOLUSDT,SELL,12
2025-10-27,21:33,COAIUSDT,SELL,22
2025-10-27,21:33,ALICEUSDT,SELL,7
2025-10-27,21:33,KGENUSDT,SELL,7
2025-10-27,21:33,ETHUSDT,SELL,10
2025-10-27,21:33,WLDUSDT,SELL,8
2025-10-27,21:33,DEGOUSDT,SELL,9
2025-10-27,21:33,AIAUSDT,SELL,7
2025-10-27,21:33,STBLUSDT,SELL,7
2025-10-27,21:34,SOLUSDT,SELL,8
2025-10-27,21:34,ZECUSDT,SELL,7
2025-10-27,21:34,COAIUSDT,SELL,19
2025-10-27,21:34,AIAUSDT,SELL,7
2025-10-27,21:34,STBLUSDT,SELL,8
2025-10-27,21:34,DEGOUSDT,SELL,9
2025-10-27,21:35,ZECUSDT,SELL,7
2025-10-27,21:35,BTCUSDT,SELL,11
2025-10-27,21:36,BTCUSDT,SELL,11
2025-10-27,21:36,TRUMPUSDT,SELL,10
2025-10-27,21:37,TRUMPUSDT,SELL,10
2025-10-27,21:39,COAIUSDT,SELL,7
2025-10-27,21:39,EVAAUSDT,BUY,11
2025-10-27,21:40,EVAAUSDT,BUY,12
2025-10-27,21:45,ETHUSDT,SELL,10
2025-10-27,21:45,STBLUSDT,SELL,8
2025-10-27,21:46,ETHUSDT,SELL,10
2025-10-27,21:46,STBLUSDT,SELL,9
2025-10-27,21:48,TRUMPUSDT,BUY,7
2025-10-27,21:52,EVAAUSDT,BUY,7
2025-10-27,21:53,EVAAUSDT,BUY,7
2025-10-27,21:53,DIAUSDT,BUY,9
2025-10-27,21:54,DIAUSDT,BUY,8
2025-10-27,21:55,XRPUSDT,SELL,7
2025-10-27,21:55,COAIUSDT,SELL,9
2025-10-27,21:56,ETHUSDT,SELL,7
2025-10-27,21:56,XRPUSDT,SELL,7
2025-10-27,21:56,COAIUSDT,SELL,14
2025-10-27,21:56,DOGEUSDT,SELL,8
2025-10-27,21:57,COAIUSDT,SELL,11
2025-10-27,21:58,COAIUSDT,SELL,12
2025-10-27,21:59,COAIUSDT,SELL,7
2025-10-27,22:00,XRPUSDT,SELL,11
2025-10-27,22:00,SOLUSDT,SELL,8
2025-10-27,22:01,SOLUSDT,SELL,9
2025-10-27,22:01,TRUMPUSDT,SELL,16
2025-10-27,22:01,MELANIAUSDT,SELL,7
2025-10-27,22:02,YBUSDT,BUY,11
2025-10-27,22:02,TRUMPUSDT,SELL,16
2025-10-27,22:02,BTCUSDT,SELL,7
2025-10-27,22:03,YBUSDT,BUY,16
2025-10-27,22:04,YBUSDT,BUY,7
2025-10-27,22:08,TRUMPUSDT,SELL,11
2025-10-27,22:09,TRUMPUSDT,SELL,20
2025-10-27,22:10,TRUMPUSDT,SELL,12
2025-10-27,22:12,YBUSDT,BUY,8
2025-10-27,22:14,DIAUSDT,SELL,8
2025-10-27,22:14,BTCUSDT,SELL,8
2025-10-27,22:15,BTCUSDT,SELL,10
2025-10-27,22:15,ETHUSDT,SELL,9
2025-10-27,22:23,BTCUSDT,SELL,15
2025-10-27,22:23,BNBUSDT,SELL,8
2025-10-27,22:23,ETHUSDC,SELL,8
2025-10-27,22:23,SOLUSDT,SELL,7
2025-10-27,22:24,COAIUSDT,SELL,10
2025-10-27,22:24,RECALLUSDT,SELL,9
2025-10-27,22:24,BTCUSDT,SELL,25
2025-10-27,22:24,BTCUSDC,SELL,10
2025-10-27,22:24,BNBUSDT,SELL,14
2025-10-27,22:24,ETHUSDC,SELL,13
2025-10-27,22:24,DOGEUSDT,SELL,12
2025-10-27,22:24,SOLUSDC,SELL,7
2025-10-27,22:24,XRPUSDT,SELL,9
2025-10-27,22:24,1000PEPEUSDT,SELL,7
2025-10-27,22:24,ASTERUSDT,SELL,16
2025-10-27,22:24,ADAUSDT,SELL,7
2025-10-27,22:24,TIAUSDT,SELL,7
2025-10-27,22:24,VIRTUALUSDT,SELL,8
2025-10-27,22:24,RVVUSDT,SELL,7
2025-10-27,22:25,ASTERUSDT,SELL,14
2025-10-27,22:25,BNBUSDT,SELL,7
2025-10-27,22:25,DOGEUSDT,SELL,8
2025-10-27,22:25,ETHUSDT,SELL,13
2025-10-27,22:25,BTCUSDT,SELL,10
2025-10-27,22:25,VIRTUALUSDT,SELL,7
2025-10-27,22:25,RVVUSDT,SELL,7
2025-10-27,22:27,MELANIAUSDT,SELL,10
2025-10-27,22:28,MELANIAUSDT,SELL,8
2025-10-27,22:29,COAIUSDT,SELL,16
2025-10-27,22:30,COAIUSDT,SELL,19
2025-10-27,22:32,ETHUSDT,BUY,7
2025-10-27,22:34,COAIUSDT,SELL,8
2025-10-27,22:35,COAIUSDT,SELL,8
2025-10-27,22:44,MAVIAUSDT,BUY,7
2025-10-27,22:45,MAVIAUSDT,BUY,7
2025-10-27,22:47,BTCUSDT,BUY,7
2025-10-27,22:47,ETHUSDT,BUY,8
2025-10-27,22:51,PIPPINUSDT,SELL,10
2025-10-27,22:52,PIPPINUSDT,SELL,10
2025-10-27,22:54,CLOUSDT,SELL,7
2025-10-27,22:55,MAVIAUSDT,BUY,8
2025-10-27,22:55,CLOUSDT,SELL,9
2025-10-27,22:56,MAVIAUSDT,BUY,14
2025-10-27,22:57,MAVIAUSDT,BUY,11
2025-10-27,22:58,FLOCKUSDT,BUY,8
2025-10-27,22:58,TRUMPUSDT,SELL,9
2025-10-27,22:59,4USDT,SELL,7
2025-10-27,22:59,TRUMPUSDT,SELL,12
2025-10-27,23:00,MAVIAUSDT,BUY,8
2025-10-27,23:01,MAVIAUSDT,BUY,7
2025-10-27,23:01,BTCUSDT,SELL,10
2025-10-27,23:02,MELANIAUSDT,BUY,14
2025-10-27,23:02,BTCUSDT,SELL,8
2025-10-27,23:02,MYROUSDT,SELL,7
2025-10-27,23:03,MELANIAUSDT,BUY,10
2025-10-27,23:19,LABUSDT,SELL,7
2025-10-27,23:20,LABUSDT,SELL,7
2025-10-27,23:21,DIAUSDT,BUY,10
2025-10-27,23:22,DIAUSDT,BUY,8
2025-10-27,23:22,METUSDT,SELL,7
2025-10-27,23:27,HUSDT,SELL,7
2025-10-27,23:28,YBUSDT,BUY,10
2025-10-27,23:29,YBUSDT,BUY,8
2025-10-27,23:33,AIXBTUSDT,SELL,7
2025-10-27,23:34,AIXBTUSDT,SELL,9
2025-10-27,23:38,HUSDT,SELL,7
2025-10-27,23:38,AIXBTUSDT,SELL,7
2025-10-27,23:39,LTCUSDT,SELL,7
2025-10-27,23:39,PENGUUSDT,SELL,7
2025-10-27,23:39,AIXBTUSDT,SELL,8
2025-10-27,23:39,AVNTUSDT,SELL,8
2025-10-27,23:39,ETHFIUSDT,SELL,9
2025-10-27,23:39,LABUSDT,SELL,8
2025-10-27,23:40,LABUSDT,SELL,8
2025-10-27,23:40,CLOUSDT,SELL,7
2025-10-27,23:42,PUMPBTCUSDT,SELL,8
2025-10-27,23:42,BLUAIUSDT,SELL,10
2025-10-27,23:42,ASTERUSDT,SELL,8
2025-10-27,23:42,TAUSDT,SELL,9
2025-10-27,23:42,LINEAUSDT,SELL,8
2025-10-27,23:42,HOLOUSDT,SELL,8
2025-10-27,23:43,LINEAUSDT,SELL,8
2025-10-27,23:43,TAUSDT,SELL,8
2025-10-27,23:43,HOLOUSDT,SELL,8
2025-10-27,23:43,BLUAIUSDT,SELL,8
2025-10-27,23:45,ETHUSDT,SELL,7
2025-10-27,23:48,DIAUSDT,SELL,9
2025-10-27,23:49,DIAUSDT,SELL,13
2025-10-27,23:55,TRUMPUSDT,SELL,8
2025-10-27,23:56,TRUMPUSDT,SELL,8
2025-10-27,23:56,BTCUSDT,SELL,15
2025-10-27,23:57,BTCUSDT,SELL,12
2025-10-27,23:58,EDENUSDT,SELL,8
2025-10-27,23:58,MAVIAUSDT,SELL,8
2025-10-27,23:59,MAVIAUSDT,SELL,7
2025-10-28,00:01,BNBUSDT,SELL,13
2025-10-28,00:01,WLDUSDT,SELL,7
2025-10-28,00:01,ASTERUSDT,SELL,11
2025-10-28,00:01,DOGEUSDT,SELL,7
2025-10-28,00:02,BNBUSDT,SELL,10
2025-10-28,00:02,DOGEUSDT,SELL,7
2025-10-28,00:02,币安人生USDT,SELL,8
2025-10-28,00:02,ASTERUSDT,SELL,15
2025-10-28,00:02,DEGOUSDT,SELL,7
2025-10-28,00:02,COAIUSDT,SELL,12
2025-10-28,00:03,COAIUSDT,SELL,10
2025-10-28,00:03,MELANIAUSDT,SELL,8
2025-10-28,00:04,LABUSDT,SELL,11
2025-10-28,00:04,BMTUSDT,SELL,7
2025-10-28,00:04,RECALLUSDT,SELL,7
2025-10-28,00:05,MAVIAUSDT,SELL,7
2025-10-28,00:05,LABUSDT,SELL,8
2025-10-28,00:06,STBLUSDT,SELL,7
2025-10-28,00:07,STBLUSDT,SELL,10
2025-10-28,00:09,DOGEUSDT,SELL,8
2025-10-28,00:09,ETHUSDT,SELL,8
2025-10-28,00:09,SOLUSDT,SELL,15
2025-10-28,00:09,MERLUSDT,SELL,7
2025-10-28,00:10,MAVIAUSDT,BUY,9
2025-10-28,00:10,SOLUSDT,SELL,9
2025-10-28,00:14,MAVIAUSDT,BUY,11
2025-10-28,00:15,MAVIAUSDT,BUY,14
2025-10-28,00:15,LABUSDT,SELL,7
2025-10-28,00:15,HYPEUSDT,SELL,15
2025-10-28,00:15,DOGEUSDT,SELL,9
2025-10-28,00:16,LABUSDT,SELL,9
2025-10-28,00:16,DOGEUSDT,SELL,11
2025-10-28,00:16,HYPEUSDT,SELL,10
2025-10-28,00:16,AVNTUSDT,SELL,10
2025-10-28,00:16,BTCUSDT,SELL,10
2025-10-28,00:16,METUSDT,SELL,11
2025-10-28,00:16,AVAXUSDT,SELL,7
2025-10-28,00:16,TRUTHUSDT,SELL,12
2025-10-28,00:17,LABUSDT,SELL,8
2025-10-28,00:17,METUSDT,SELL,12
2025-10-28,00:17,TRUTHUSDT,SELL,12
2025-10-28,00:19,EVAAUSDT,BUY,7
2025-10-28,00:20,TRUMPUSDT,SELL,9
2025-10-28,00:21,TRUMPUSDT,SELL,12
2025-10-28,00:22,EVAAUSDT,BUY,9
2025-10-28,00:23,EVAAUSDT,BUY,8
2025-10-28,00:25,EVAAUSDT,BUY,9
2025-10-28,00:26,EVAAUSDT,BUY,10
2025-10-28,00:28,B2USDT,BUY,8
2025-10-28,00:43,METUSDT,SELL,7
2025-10-28,00:44,YBUSDT,BUY,7
2025-10-28,00:45,YBUSDT,BUY,7
2025-10-28,00:48,METUSDT,SELL,14
2025-10-28,00:49,METUSDT,SELL,21
2025-10-28,00:50,METUSDT,SELL,12
2025-10-28,00:52,YBUSDT,BUY,11
2025-10-28,00:53,DIAUSDT,SELL,8
2025-10-28,00:53,YBUSDT,BUY,14
2025-10-28,00:59,MAVIAUSDT,BUY,13
2025-10-28,01:00,EVAAUSDT,SELL,8
2025-10-28,01:01,FLOCKUSDT,SELL,17
2025-10-28,01:01,DEGOUSDT,SELL,7
2025-10-28,01:02,FLOCKUSDT,SELL,13
2025-10-28,01:02,MEUSDT,SELL,9
2025-10-28,01:03,MEUSDT,SELL,9
2025-10-28,01:03,DEGOUSDT,SELL,7
2025-10-28,01:04,DEGOUSDT,SELL,14
2025-10-28,01:05,DEGOUSDT,SELL,7
2025-10-28,01:05,币安人生USDT,SELL,7
2025-10-28,01:06,FUSDT,SELL,16
2025-10-28,01:07,FUSDT,SELL,16
2025-10-28,01:07,COAIUSDT,SELL,7
2025-10-28,01:11,MERLUSDT,SELL,7
2025-10-28,01:12,MERLUSDT,SELL,12
2025-10-28,01:12,MELANIAUSDT,SELL,7
2025-10-28,01:12,MAVIAUSDT,SELL,7
2025-10-28,01:13,MERLUSDT,SELL,7
2025-10-28,01:13,B2USDT,SELL,12
2025-10-28,01:13,METUSDT,SELL,7
2025-10-28,01:14,B2USDT,SELL,10
2025-10-28,01:14,METUSDT,SELL,10
2025-10-28,01:14,TRUTHUSDT,SELL,7
2025-10-28,01:15,TRUTHUSDT,SELL,7
2025-10-28,01:16,SOLUSDT,BUY,7
2025-10-28,01:17,SOLUSDT,BUY,7
2025-10-28,01:19,MAVIAUSDT,SELL,7
2025-10-28,01:21,OLUSDT,BUY,8
2025-10-28,01:22,OLUSDT,BUY,9
2025-10-28,01:23,MELANIAUSDT,BUY,9
2025-10-28,01:24,MAVIAUSDT,BUY,8
2025-10-28,01:24,MELANIAUSDT,BUY,7
2025-10-28,01:29,METUSDT,SELL,9
2025-10-28,01:32,TRUMPUSDT,SELL,9
2025-10-28,01:32,METUSDT,SELL,10
2025-10-28,01:33,METUSDT,SELL,10
2025-10-28,01:33,TRUMPUSDT,SELL,8
2025-10-28,01:34,TRUMPUSDT,SELL,10
2025-10-28,01:35,TRUMPUSDT,SELL,14
2025-10-28,01:36,DIAUSDT,SELL,8
2025-10-28,01:37,RECALLUSDT,SELL,10
2025-10-28,01:37,MEUSDT,SELL,7
2025-10-28,01:37,币安人生USDT,SELL,7
2025-10-28,01:37,COAIUSDT,SELL,8
2025-10-28,01:37,TAOUSDT,SELL,8
2025-10-28,01:38,币安人生USDT,SELL,7
2025-10-28,01:38,RECALLUSDT,SELL,9
2025-10-28,01:38,COAIUSDT,SELL,8
2025-10-28,01:38,TAOUSDT,SELL,8
2025-10-28,01:38,BLUAIUSDT,SELL,7
2025-10-28,01:38,MAVIAUSDT,BUY,13
2025-10-28,01:39,MAVIAUSDT,BUY,12
2025-10-28,01:40,MAVIAUSDT,BUY,8
2025-10-28,01:40,BRETTUSDT,SELL,7
2025-10-28,01:40,ZECUSDT,SELL,16
2025-10-28,01:40,TRUMPUSDT,SELL,7
2025-10-28,01:41,ZECUSDT,SELL,17
2025-10-28,01:41,TRUMPUSDT,SELL,8
2025-10-28,01:42,OLUSDT,SELL,7
2025-10-28,01:42,MAVIAUSDT,BUY,7
2025-10-28,01:43,MAVIAUSDT,BUY,7
2025-10-28,01:46,MAVIAUSDT,BUY,7
2025-10-28,01:47,ZKCUSDT,SELL,9
2025-10-28,01:48,ZKCUSDT,SELL,7
2025-10-28,01:49,MUSDT,BUY,7
2025-10-28,01:50,MAVIAUSDT,BUY,10
2025-10-28,01:50,MUSDT,BUY,7
2025-10-28,01:51,ZBTUSDT,SELL,7
2025-10-28,01:57,OLUSDT,BUY,8
2025-10-28,01:59,FLOCKUSDT,SELL,7
2025-10-28,02:00,MAVIAUSDT,BUY,8
2025-10-28,02:01,HBARUSDT,BUY,8
2025-10-28,02:02,DIAUSDT,SELL,9
2025-10-28,02:03,DIAUSDT,SELL,9
2025-10-28,02:04,HBARUSDT,BUY,7
2025-10-28,02:07,ZBTUSDT,SELL,10
2025-10-28,02:07,RVVUSDT,SELL,17
2025-10-28,02:08,ZBTUSDT,SELL,11
2025-10-28,02:08,RVVUSDT,SELL,18
2025-10-28,02:11,RECALLUSDT,SELL,8
2025-10-28,02:13,SAPIENUSDT,SELL,8
2025-10-28,02:14,AIAUSDT,BUY,7
2025-10-28,02:14,SAPIENUSDT,SELL,8
2025-10-28,02:16,EPTUSDT,SELL,9
2025-10-28,02:17,EPTUSDT,SELL,9
2025-10-28,02:21,EPTUSDT,SELL,9
2025-10-28,02:22,EPTUSDT,SELL,7
2025-10-28,02:22,ZECUSDT,SELL,7
2025-10-28,02:23,ZECUSDT,SELL,12
2025-10-28,02:23,B2USDT,SELL,10
2025-10-28,02:24,B2USDT,SELL,9
2025-10-28,02:25,SWARMSUSDT,SELL,8
2025-10-28,02:25,BLUAIUSDT,SELL,11
2025-10-28,02:26,EDENUSDT,SELL,7
2025-10-28,02:26,SWARMSUSDT,SELL,9
2025-10-28,02:26,BLUAIUSDT,SELL,14
2025-10-28,02:27,EDENUSDT,SELL,7
2025-10-28,02:27,SWARMSUSDT,SELL,8
2025-10-28,02:27,BLESSUSDT,BUY,7
2025-10-28,02:31,B2USDT,SELL,17
2025-10-28,02:31,ZENUSDT,SELL,13
2025-10-28,02:31,MELANIAUSDT,SELL,9
2025-10-28,02:31,BLESSUSDT,BUY,9
2025-10-28,02:32,MELANIAUSDT,SELL,10
2025-10-28,02:32,ZENUSDT,SELL,11
2025-10-28,02:32,BLESSUSDT,BUY,12
2025-10-28,02:32,ZECUSDT,SELL,13
2025-10-28,02:32,HOLOUSDT,SELL,7
2025-10-28,02:33,DIAUSDT,SELL,7
2025-10-28,02:33,ZENUSDT,SELL,13
2025-10-28,02:34,ZENUSDT,SELL,12
2025-10-28,02:34,MAVIAUSDT,SELL,13
2025-10-28,02:35,MAVIAUSDT,SELL,16
2025-10-28,02:36,SWARMSUSDT,SELL,9
2025-10-28,02:36,RECALLUSDT,SELL,7
2025-10-28,02:38,AIAUSDT,BUY,7
2025-10-28,02:40,UBUSDT,SELL,10
2025-10-28,02:41,SOLUSDT,BUY,8
2025-10-28,02:41,MAVIAUSDT,BUY,7
2025-10-28,02:42,SOLUSDT,BUY,9
2025-10-28,02:42,ETHUSDT,BUY,7
2025-10-28,02:43,ETHUSDT,BUY,8
2025-10-28,02:43,SOLUSDT,BUY,13
2025-10-28,02:43,BTCUSDT,BUY,11
2025-10-28,02:44,MAVIAUSDT,BUY,7
2025-10-28,02:44,SOLUSDT,BUY,7
2025-10-28,02:44,BTCUSDT,BUY,9
2025-10-28,02:45,BLESSUSDT,SELL,8
2025-10-28,02:45,DIAUSDT,SELL,7
2025-10-28,02:46,DIAUSDT,SELL,7
2025-10-28,02:46,BLESSUSDT,SELL,9
2025-10-28,02:47,DIAUSDT,SELL,10
2025-10-28,02:48,OLUSDT,BUY,8
2025-10-28,02:48,PUMPUSDT,BUY,7
2025-10-28,02:49,PUMPUSDT,BUY,7
2025-10-28,02:49,OLUSDT,BUY,11
2025-10-28,02:50,OLUSDT,BUY,11
2025-10-28,02:52,FUSDT,BUY,7
2025-10-28,02:57,MAVIAUSDT,BUY,8
2025-10-28,02:58,SWARMSUSDT,SELL,7
2025-10-28,02:58,EPTUSDT,SELL,7
2025-10-28,02:59,EPTUSDT,SELL,10
2025-10-28,02:59,EDENUSDT,SELL,12
2025-10-28,02:59,SWARMSUSDT,SELL,16
2025-10-28,02:59,OLUSDT,BUY,10
2025-10-28,03:00,SWARMSUSDT,SELL,15
2025-10-28,03:00,EDENUSDT,SELL,9
2025-10-28,03:00,AIAUSDT,SELL,8
2025-10-28,03:01,AIAUSDT,SELL,16
2025-10-28,03:02,AIAUSDT,SELL,21
2025-10-28,03:02,GIGGLEUSDT,SELL,16
2025-10-28,03:02,COAIUSDT,SELL,24
2025-10-28,03:02,ASTERUSDT,SELL,9
2025-10-28,03:02,BLUAIUSDT,SELL,8
2025-10-28,03:03,GIGGLEUSDT,SELL,14
2025-10-28,03:03,PIPPINUSDT,SELL,8
2025-10-28,03:03,B2USDT,SELL,7
2025-10-28,03:03,ASTERUSDT,SELL,9
2025-10-28,03:03,BLUAIUSDT,SELL,10
2025-10-28,03:04,BLUAIUSDT,SELL,8
2025-10-28,03:11,ASTERUSDT,SELL,7
2025-10-28,03:11,LINEAUSDT,SELL,7
2025-10-28,03:12,LINEAUSDT,SELL,9
2025-10-28,03:12,ZENUSDT,SELL,8
2025-10-28,03:13,VIRTUALUSDT,SELL,11
2025-10-28,03:13,TRUMPUSDT,SELL,9
2025-10-28,03:14,TRUMPUSDT,SELL,8
2025-10-28,03:14,VIRTUALUSDT,SELL,11
2025-10-28,03:14,OLUSDT,BUY,10
2025-10-28,03:14,EDENUSDT,SELL,10
2025-10-28,03:15,EDENUSDT,SELL,17
2025-10-28,03:15,EPTUSDT,SELL,16
2025-10-28,03:15,SWARMSUSDT,SELL,16
2025-10-28,03:15,BLUAIUSDT,SELL,17
2025-10-28,03:15,RVVUSDT,SELL,28
2025-10-28,03:15,COAIUSDT,SELL,11
2025-10-28,03:15,AVNTUSDT,SELL,11
2025-10-28,03:15,AIXBTUSDT,SELL,7
2025-10-28,03:15,4USDT,SELL,7
2025-10-28,03:15,AIAUSDT,SELL,13
2025-10-28,03:15,FFUSDT,SELL,13
2025-10-28,03:15,MYROUSDT,SELL,10
2025-10-28,03:16,SWARMSUSDT,SELL,19
2025-10-28,03:16,EDENUSDT,SELL,18
2025-10-28,03:16,CUSDT,SELL,7
2025-10-28,03:16,RVVUSDT,SELL,26
2025-10-28,03:16,EPTUSDT,SELL,23
2025-10-28,03:16,COAIUSDT,SELL,12
2025-10-28,03:16,AIAUSDT,SELL,16
2025-10-28,03:16,ASTERUSDT,SELL,8
2025-10-28,03:16,BLUAIUSDT,SELL,16
2025-10-28,03:16,ZECUSDT,BUY,7
2025-10-28,03:16,FFUSDT,SELL,13
2025-10-28,03:16,LYNUSDT,SELL,7
2025-10-28,03:16,AVNTUSDT,SELL,13
2025-10-28,03:16,TRUMPUSDT,SELL,10
2025-10-28,03:16,MYROUSDT,SELL,13
2025-10-28,03:16,AIXBTUSDT,SELL,7
2025-10-28,03:16,TAOUSDT,SELL,8
2025-10-28,03:16,4USDT,SELL,7
2025-10-28,03:16,MELANIAUSDT,SELL,16
2025-10-28,03:16,HANAUSDT,SELL,9
2025-10-28,03:17,EPTUSDT,SELL,12
2025-10-28,03:17,SWARMSUSDT,SELL,8
2025-10-28,03:17,TRUMPUSDT,SELL,11
2025-10-28,03:17,EDENUSDT,SELL,13
2025-10-28,03:17,MELANIAUSDT,SELL,24
2025-10-28,03:18,MELANIAUSDT,SELL,12
2025-10-28,03:18,EDENUSDT,SELL,7
2025-10-28,03:18,ZBTUSDT,SELL,9
2025-10-28,03:19,ZBTUSDT,SELL,8
2025-10-28,03:21,GIGGLEUSDT,BUY,7
2025-10-28,03:22,GIGGLEUSDT,BUY,7
2025-10-28,03:22,YBUSDT,SELL,8
2025-10-28,03:22,BTCUSDT,SELL,16
2025-10-28,03:22,DOGEUSDT,SELL,17
2025-10-28,03:22,ETHUSDT,SELL,16
2025-10-28,03:22,SPKUSDT,SELL,7
2025-10-28,03:22,XRPUSDT,SELL,9
2025-10-28,03:22,ASTERUSDT,SELL,8
2025-10-28,03:22,WLDUSDT,SELL,7
2025-10-28,03:23,SOLUSDT,SELL,8
2025-10-28,03:23,BTCUSDT,SELL,13
2025-10-28,03:23,DOGEUSDT,SELL,14
2025-10-28,03:23,ETHUSDT,SELL,13
2025-10-28,03:23,YBUSDT,SELL,20
2025-10-28,03:23,AIXBTUSDT,SELL,8
2025-10-28,03:23,4USDT,SELL,7
2025-10-28,03:23,STBLUSDT,SELL,10
2025-10-28,03:23,EVAAUSDT,SELL,8
2025-10-28,03:23,TRUMPUSDT,SELL,8
2025-10-28,03:23,NFPUSDT,SELL,7
2025-10-28,03:23,DIAUSDT,SELL,10
2025-10-28,03:23,HANAUSDT,SELL,19
2025-10-28,03:24,HANAUSDT,SELL,17
2025-10-28,03:24,BLUAIUSDT,SELL,7
2025-10-28,03:24,MELANIAUSDT,SELL,7
2025-10-28,03:24,DIAUSDT,SELL,7
2025-10-28,03:24,AIXBTUSDT,SELL,7
2025-10-28,03:24,STBLUSDT,SELL,9
2025-10-28,03:25,MELANIAUSDT,SELL,7
2025-10-28,03:26,MELANIAUSDT,SELL,11
2025-10-28,03:27,MELANIAUSDT,SELL,16
2025-10-28,03:28,MELANIAUSDT,SELL,7
2025-10-28,03:29,BLESSUSDT,BUY,7
2025-10-28,03:30,GIGGLEUSDT,BUY,10
2025-10-28,03:30,MELANIAUSDT,SELL,8
2025-10-28,03:31,MELANIAUSDT,SELL,20
2025-10-28,03:31,GIGGLEUSDT,BUY,7
2025-10-28,03:31,MAVIAUSDT,BUY,8
2025-10-28,03:32,MELANIAUSDT,SELL,13
2025-10-28,03:32,MAVIAUSDT,BUY,9
2025-10-28,03:33,COAIUSDT,BUY,7
2025-10-28,03:35,ZECUSDT,BUY,14
2025-10-28,03:39,OLUSDT,BUY,14
2025-10-28,03:42,OLUSDT,BUY,7
2025-10-28,03:42,B2USDT,SELL,10
2025-10-28,03:43,B2USDT,SELL,7
2025-10-28,03:48,FFUSDT,SELL,7
2025-10-28,03:48,ETHUSDT,SELL,9
2025-10-28,03:49,ETHUSDT,SELL,27
2025-10-28,03:49,PENGUUSDT,SELL,12
2025-10-28,03:49,LINEAUSDT,SELL,8
2025-10-28,03:49,EIGENUSDT,SELL,7
2025-10-28,03:49,ETHUSDC,SELL,10
2025-10-28,03:49,SOLUSDT,SELL,7
2025-10-28,03:49,XRPUSDT,SELL,9
2025-10-28,03:49,DOGEUSDT,SELL,7
2025-10-28,03:49,HANAUSDT,SELL,8
2025-10-28,03:50,AVNTUSDT,SELL,7
2025-10-28,03:50,DEGOUSDT,SELL,7
2025-10-28,03:50,PENGUUSDT,SELL,15
2025-10-28,03:50,LINEAUSDT,SELL,12
2025-10-28,03:50,TRUMPUSDT,SELL,9
2025-10-28,03:50,EIGENUSDT,SELL,9
2025-10-28,03:50,ETHUSDC,SELL,13
2025-10-28,03:50,SUIUSDT,SELL,7
2025-10-28,03:50,ZENUSDT,SELL,8
2025-10-28,03:50,TAOUSDT,SELL,7
2025-10-28,03:50,SOLUSDT,SELL,13
2025-10-28,03:50,XRPUSDT,SELL,16
2025-10-28,03:50,ENAUSDT,SELL,7
2025-10-28,03:50,DOGEUSDT,SELL,14
2025-10-28,03:50,BNBUSDT,SELL,14
2025-10-28,03:50,BTCUSDC,SELL,9
2025-10-28,03:50,WLDUSDT,SELL,8
2025-10-28,03:50,ARBUSDT,SELL,11
2025-10-28,03:50,HANAUSDT,SELL,20
2025-10-28,03:50,LINKUSDT,SELL,8
2025-10-28,03:50,1000SHIBUSDT,SELL,7
2025-10-28,03:50,BELUSDT,SELL,7
2025-10-28,03:51,DOGEUSDT,SELL,7
2025-10-28,03:51,BNBUSDT,SELL,9
2025-10-28,03:51,BTCUSDT,SELL,7
2025-10-28,03:51,XRPUSDT,SELL,7
2025-10-28,03:51,HANAUSDT,SELL,12
2025-10-28,03:53,BLESSUSDT,SELL,29
2025-10-28,03:53,OLUSDT,SELL,10
2025-10-28,03:53,MELANIAUSDT,SELL,7
2025-10-28,03:54,MELANIAUSDT,SELL,8
2025-10-28,03:54,AVNTUSDT,SELL,7
2025-10-28,03:55,AVNTUSDT,SELL,7
2025-10-28,03:57,OLUSDT,BUY,14
2025-10-28,04:00,MAVIAUSDT,SELL,7
2025-10-28,04:00,DIAUSDT,SELL,18
2025-10-28,04:00,MLNUSDT,SELL,7
2025-10-28,04:01,DIAUSDT,SELL,15
2025-10-28,04:01,MLNUSDT,SELL,8
2025-10-28,04:02,DEGOUSDT,SELL,7
2025-10-28,04:04,DIAUSDT,SELL,11
2025-10-28,04:04,SOLUSDT,BUY,8
2025-10-28,04:05,DIAUSDT,SELL,12
2025-10-28,04:05,OLUSDT,BUY,9
2025-10-28,04:05,SOLUSDT,BUY,9
2025-10-28,04:06,BLESSUSDT,SELL,9
2025-10-28,04:09,BLESSUSDT,SELL,17
2025-10-28,04:10,BLESSUSDT,SELL,12
2025-10-28,04:12,RECALLUSDT,BUY,14
2025-10-28,04:13,RECALLUSDT,BUY,12
2025-10-28,04:14,AVNTUSDT,SELL,7
2025-10-28,04:15,AVNTUSDT,SELL,9
2025-10-28,04:16,COAIUSDT,SELL,10
2025-10-28,04:16,BLESSUSDT,SELL,9
2025-10-28,04:17,COAIUSDT,SELL,17
2025-10-28,04:18,COAIUSDT,SELL,10
2025-10-28,04:24,OLUSDT,BUY,15
2025-10-28,04:25,OLUSDT,BUY,22
2025-10-28,04:25,BLESSUSDT,SELL,15
2025-10-28,04:26,OLUSDT,BUY,16
2025-10-28,04:27,OLUSDT,BUY,9
2025-10-28,04:29,BLESSUSDT,SELL,7
2025-10-28,04:30,HANAUSDT,SELL,7
2025-10-28,04:31,HANAUSDT,SELL,25
2025-10-28,04:31,MELANIAUSDT,SELL,10
2025-10-28,04:32,FFUSDT,SELL,7
2025-10-28,04:32,HANAUSDT,SELL,20
2025-10-28,04:33,YALAUSDT,SELL,12
2025-10-28,04:34,YALAUSDT,SELL,16
2025-10-28,04:35,TRUMPUSDT,SELL,7
2025-10-28,04:46,OLUSDT,BUY,14
2025-10-28,04:48,BLESSUSDT,BUY,8
2025-10-28,04:57,TRUMPUSDT,BUY,10
2025-10-28,04:58,TRUMPUSDT,BUY,8
2025-10-28,05:00,OLUSDT,BUY,8
2025-10-28,05:01,OLUSDT,BUY,12
2025-10-28,05:01,DIAUSDT,SELL,7
2025-10-28,05:01,EVAAUSDT,SELL,10
2025-10-28,05:02,EVAAUSDT,SELL,7
2025-10-28,05:10,MAVIAUSDT,SELL,7
2025-10-28,05:13,LIGHTUSDT,BUY,8
2025-10-28,05:14,LIGHTUSDT,BUY,7
2025-10-28,05:16,RECALLUSDT,BUY,20
2025-10-28,05:17,RECALLUSDT,BUY,19
2025-10-28,05:18,OLUSDT,SELL,9
2025-10-28,05:18,MAVIAUSDT,SELL,8
2025-10-28,05:38,CHILLGUYUSDT,SELL,8
2025-10-28,05:39,CHILLGUYUSDT,SELL,10
2025-10-28,05:39,RECALLUSDT,SELL,17
2025-10-28,05:40,RECALLUSDT,SELL,21
2025-10-28,05:47,B2USDT,BUY,7
2025-10-28,05:48,MAVIAUSDT,BUY,8
2025-10-28,05:49,RECALLUSDT,SELL,8
2025-10-28,05:50,RECALLUSDT,SELL,18
2025-10-28,05:51,RECALLUSDT,SELL,13
2025-10-28,05:51,UBUSDT,SELL,8
2025-10-28,05:53,MAVIAUSDT,SELL,13
2025-10-28,05:53,FUNUSDT,BUY,8
2025-10-28,05:57,FUNUSDT,SELL,7
2025-10-28,06:01,RIVERUSDT,BUY,14
2025-10-28,06:02,RIVERUSDT,BUY,13
2025-10-28,06:04,COAIUSDT,BUY,7
2025-10-28,06:06,B2USDT,SELL,8
2025-10-28,06:16,HBARUSDT,BUY,8
2025-10-28,06:16,BIGTIMEUSDT,BUY,7
2025-10-28,06:16,FUNUSDT,SELL,11
2025-10-28,06:17,FUNUSDT,SELL,12
2025-10-28,06:30,OLUSDT,SELL,7
2025-10-28,06:36,BNBUSDT,SELL,11
2025-10-28,06:37,BNBUSDT,SELL,14
2025-10-28,06:38,BNBUSDT,SELL,8
2025-10-28,06:40,FUNUSDT,SELL,12
2025-10-28,06:40,PUMPUSDT,SELL,7
2025-10-28,06:41,PUMPUSDT,SELL,7
2025-10-28,06:41,BANKUSDT,SELL,7
2025-10-28,06:43,币安人生USDT,SELL,9
2025-10-28,06:44,币安人生USDT,SELL,11
2025-10-28,06:44,TRUMPUSDT,SELL,13
2025-10-28,06:45,1000FLOKIUSDT,SELL,12
2025-10-28,06:45,WLDUSDT,SELL,8
2025-10-28,06:45,PENGUUSDT,SELL,7
2025-10-28,06:45,WLFIUSDT,SELL,7
2025-10-28,06:45,ARBUSDT,SELL,8
2025-10-28,06:45,FARTCOINUSDT,SELL,14
2025-10-28,06:45,TRUMPUSDT,SELL,24
2025-10-28,06:45,BTCUSDT,SELL,22
2025-10-28,06:45,ZKCUSDT,SELL,8
2025-10-28,06:45,AIUSDT,SELL,12
2025-10-28,06:45,LINKUSDT,SELL,16
2025-10-28,06:45,AVAAIUSDT,SELL,11
2025-10-28,06:45,HOLOUSDT,SELL,8
2025-10-28,06:45,BNBUSDT,SELL,15
2025-10-28,06:45,SOLUSDT,SELL,15
2025-10-28,06:45,SUIUSDT,SELL,17
2025-10-28,06:45,RSRUSDT,SELL,7
2025-10-28,06:45,1000PEPEUSDT,SELL,13
2025-10-28,06:45,XRPUSDT,SELL,8
2025-10-28,06:45,DOGEUSDT,SELL,13
2025-10-28,06:45,ETHUSDC,SELL,9
2025-10-28,06:45,ASTERUSDT,SELL,18
2025-10-28,06:45,ENAUSDT,SELL,9
2025-10-28,06:45,ADAUSDT,SELL,12
2025-10-28,06:45,AVAXUSDT,SELL,13
2025-10-28,06:46,AVAAIUSDT,SELL,7
2025-10-28,06:46,LINKUSDT,SELL,16
2025-10-28,06:46,SUIUSDT,SELL,17
2025-10-28,06:46,RSRUSDT,SELL,7
2025-10-28,06:46,BTCUSDT,SELL,20
2025-10-28,06:46,BNBUSDT,SELL,13
2025-10-28,06:46,SOLUSDT,SELL,16
2025-10-28,06:46,1000PEPEUSDT,SELL,13
2025-10-28,06:46,TRUMPUSDT,SELL,11
2025-10-28,06:46,XRPUSDT,SELL,9
2025-10-28,06:46,HOLOUSDT,SELL,7
2025-10-28,06:46,DOGEUSDT,SELL,13
2025-10-28,06:46,BCHUSDT,SELL,9
2025-10-28,06:46,1000FLOKIUSDT,SELL,9
2025-10-28,06:46,ETHUSDC,SELL,10
2025-10-28,06:46,ASTERUSDT,SELL,19
2025-10-28,06:46,ENAUSDT,SELL,9
2025-10-28,06:46,ADAUSDT,SELL,12
2025-10-28,06:46,AIUSDT,SELL,11
2025-10-28,06:46,AVAXUSDT,SELL,13
2025-10-28,06:46,FARTCOINUSDT,SELL,9
2025-10-28,06:46,LYNUSDT,SELL,7
2025-10-28,06:50,MAVIAUSDT,SELL,7
2025-10-28,06:51,MAVIAUSDT,SELL,16
2025-10-28,06:51,OLUSDT,SELL,7
2025-10-28,06:52,RIVERUSDT,SELL,9
2025-10-28,06:52,MAVIAUSDT,SELL,12
2025-10-28,06:52,OLUSDT,SELL,16
2025-10-28,06:53,OLUSDT,SELL,22
2025-10-28,06:53,OPENUSDT,SELL,7
2025-10-28,06:53,RIVERUSDT,SELL,12
2025-10-28,06:53,FUNUSDT,BUY,7
2025-10-28,06:53,ETHUSDT,SELL,10
2025-10-28,06:54,FUNUSDT,BUY,7
2025-10-28,06:54,ETHUSDT,SELL,11
2025-10-28,06:54,ETHUSDC,SELL,7
2025-10-28,06:54,TRXUSDT,SELL,7
2025-10-28,06:55,ZECUSDT,SELL,7
2025-10-28,06:56,ZECUSDT,SELL,7
2025-10-28,06:56,OLUSDT,BUY,9
2025-10-28,06:59,OLUSDT,BUY,7
2025-10-28,06:59,BNBUSDT,SELL,9
2025-10-28,07:00,BNBUSDT,SELL,9
2025-10-28,07:01,MAVIAUSDT,BUY,7
2025-10-28,07:02,MAVIAUSDT,BUY,21
2025-10-28,07:02,EVAAUSDT,SELL,9
2025-10-28,07:03,XPINUSDT,BUY,7
2025-10-28,07:03,EVAAUSDT,SELL,9
2025-10-28,07:03,DIAUSDT,SELL,8
2025-10-28,07:04,DIAUSDT,SELL,8
2025-10-28,07:04,BIGTIMEUSDT,SELL,14
2025-10-28,07:05,BIGTIMEUSDT,SELL,18
2025-10-28,07:06,BIGTIMEUSDT,SELL,8
2025-10-28,07:09,BIGTIMEUSDT,SELL,12
2025-10-28,07:10,XPINUSDT,BUY,7
2025-10-28,07:10,BIGTIMEUSDT,SELL,9
2025-10-28,07:12,COAIUSDT,BUY,10
2025-10-28,07:13,COAIUSDT,BUY,9
2025-10-28,07:14,BIGTIMEUSDT,SELL,7
2025-10-28,07:15,4USDT,BUY,7
2025-10-28,07:16,KDAUSDT,BUY,11
2025-10-28,07:17,KDAUSDT,BUY,19
2025-10-28,07:21,OLUSDT,BUY,14
2025-10-28,07:25,DIAUSDT,BUY,10
2025-10-28,07:25,RIVERUSDT,BUY,11
2025-10-28,07:26,RIVERUSDT,BUY,8
2025-10-28,07:27,DIAUSDT,BUY,10
2025-10-28,07:28,DIAUSDT,BUY,18
2025-10-28,07:28,XPINUSDT,BUY,9
2025-10-28,07:29,DIAUSDT,BUY,13
2025-10-28,07:29,XPINUSDT,BUY,7
2025-10-28,07:31,UBUSDT,SELL,11
2025-10-28,07:32,UBUSDT,SELL,9
2025-10-28,07:32,EVAAUSDT,SELL,16
2025-10-28,07:33,EVAAUSDT,SELL,13
2025-10-28,07:33,UBUSDT,SELL,10
2025-10-28,07:34,UBUSDT,SELL,11
2025-10-28,07:34,HBARUSDT,BUY,12
2025-10-28,07:34,ETHUSDT,BUY,7
2025-10-28,07:34,OLUSDT,BUY,8
2025-10-28,07:35,HBARUSDT,BUY,8
2025-10-28,07:35,OLUSDT,BUY,8
2025-10-28,07:36,DIAUSDT,BUY,9
2025-10-28,07:38,EVAAUSDT,SELL,8
2025-10-28,07:39,OLUSDT,BUY,7
2025-10-28,07:40,OLUSDT,BUY,7
2025-10-28,07:40,MAVIAUSDT,BUY,10
2025-10-28,07:41,HBARUSDT,BUY,7
2025-10-28,07:41,RIVERUSDT,BUY,9
2025-10-28,07:41,MAVIAUSDT,BUY,12
2025-10-28,07:42,HBARUSDT,BUY,7
2025-10-28,07:42,RIVERUSDT,BUY,19
2025-10-28,07:48,OLUSDT,BUY,9
2025-10-28,07:50,LTCUSDT,BUY,14
2025-10-28,07:51,ETHUSDT,BUY,14
2025-10-28,07:51,LTCUSDT,BUY,23
2025-10-28,07:51,BTCUSDT,BUY,9
2025-10-28,07:52,BTCUSDT,BUY,8
2025-10-28,07:52,LTCUSDT,BUY,13
2025-10-28,07:52,ETHUSDT,BUY,17
2025-10-28,07:53,LTCUSDT,BUY,8
2025-10-28,07:54,LTCUSDT,BUY,18
2025-10-28,07:55,LTCUSDT,BUY,14
2025-10-28,08:00,HBARUSDT,BUY,11
2025-10-28,08:00,LTCUSDT,BUY,9
2025-10-28,08:01,HBARUSDT,BUY,7
2025-10-28,08:01,LTCUSDT,BUY,9
2025-10-28,08:01,PUFFERUSDT,SELL,11
2025-10-28,08:01,ETHUSDT,BUY,7
2025-10-28,08:03,EVAAUSDT,BUY,10
2025-10-28,08:04,BTCUSDT,BUY,12
2025-10-28,08:04,ETHUSDT,BUY,16
2025-10-28,08:04,XRPUSDT,BUY,14
2025-10-28,08:04,ETHUSDC,BUY,7
2025-10-28,08:04,SOLUSDT,BUY,10
2025-10-28,08:05,BTCUSDT,BUY,10
2025-10-28,08:05,ETHUSDT,BUY,15
2025-10-28,08:05,XRPUSDT,BUY,11
2025-10-28,08:05,ETHUSDC,BUY,7
2025-10-28,08:05,SOLUSDT,BUY,10
2025-10-28,08:09,OLUSDT,SELL,8
2025-10-28,08:09,SOLUSDT,BUY,9
2025-10-28,08:10,SOLUSDT,BUY,9
2025-10-28,08:12,OLUSDT,SELL,11
2025-10-28,08:12,LTCUSDT,SELL,7
2025-10-28,08:12,HBARUSDT,SELL,7
2025-10-28,08:17,SOLUSDT,BUY,7
2025-10-28,08:17,OLUSDT,SELL,8
2025-10-28,08:18,OLUSDT,SELL,8
2025-10-28,08:18,GIGGLEUSDT,BUY,14
2025-10-28,08:19,KERNELUSDT,SELL,10
2025-10-28,08:20,OLUSDT,SELL,14
2025-10-28,08:21,OLUSDT,SELL,11
2025-10-28,08:25,OLUSDT,BUY,8
2025-10-28,08:31,AIAUSDT,SELL,8
2025-10-28,08:32,PAXGUSDT,SELL,7
2025-10-28,08:36,KERNELUSDT,BUY,7
2025-10-28,08:38,FUSDT,SELL,7
2025-10-28,08:39,FUSDT,SELL,7
2025-10-28,08:39,ZECUSDT,SELL,18
2025-10-28,08:40,ZECUSDT,SELL,16
2025-10-28,08:40,AIAUSDT,SELL,9
2025-10-28,08:44,FFUSDT,SELL,7
2025-10-28,08:45,FFUSDT,SELL,8
2025-10-28,08:45,EVAAUSDT,SELL,7
2025-10-28,08:45,BLESSUSDT,BUY,8
2025-10-28,08:45,OLUSDT,BUY,8
2025-10-28,08:46,FUNUSDT,SELL,7
2025-10-28,08:46,OLUSDT,BUY,8
2025-10-28,08:46,RIVERUSDT,SELL,7
2025-10-28,08:48,FUNUSDT,SELL,10
2025-10-28,08:49,FUNUSDT,SELL,10
2025-10-28,08:49,XPINUSDT,BUY,11
2025-10-28,08:50,XPINUSDT,BUY,10
2025-10-28,08:53,OLUSDT,SELL,8
2025-10-28,08:53,TRUMPUSDT,SELL,7
2025-10-28,08:53,VIRTUALUSDT,SELL,8
2025-10-28,08:54,DRIFTUSDT,SELL,7
2025-10-28,08:54,TRUMPUSDT,SELL,7
2025-10-28,08:54,VIRTUALUSDT,SELL,9
2025-10-28,08:54,FUNUSDT,SELL,9
2025-10-28,08:55,RIVERUSDT,SELL,9
2025-10-28,08:55,FUNUSDT,SELL,18
2025-10-28,08:56,RIVERUSDT,SELL,12
2025-10-28,08:56,FUNUSDT,SELL,11
2025-10-28,09:01,HBARUSDT,SELL,7
2025-10-28,09:02,KERNELUSDT,SELL,15
2025-10-28,09:06,MELANIAUSDT,BUY,7
2025-10-28,09:07,MELANIAUSDT,BUY,8
2025-10-28,09:08,BLESSUSDT,SELL,11
2025-10-28,09:09,BLESSUSDT,SELL,9
2025-10-28,09:12,MONUSDT,SELL,7
2025-10-28,09:12,HIPPOUSDT,BUY,7
2025-10-28,09:13,HIPPOUSDT,BUY,7
2025-10-28,09:14,FUNUSDT,SELL,8
2025-10-28,09:15,MELANIAUSDT,BUY,7
2025-10-28,09:15,FUNUSDT,SELL,7
2025-10-28,09:17,FUNUSDT,SELL,8
2025-10-28,09:17,KERNELUSDT,SELL,8
2025-10-28,09:18,FUNUSDT,SELL,8
2025-10-28,09:19,PAXGUSDT,SELL,7
2025-10-28,09:22,MAVIAUSDT,BUY,7
2025-10-28,09:23,MAVIAUSDT,BUY,12
2025-10-28,09:25,OLUSDT,BUY,8
2025-10-28,09:25,ETHUSDT,BUY,13
2025-10-28,09:26,ETHUSDT,BUY,14
2025-10-28,09:31,B2USDT,BUY,9
2025-10-28,09:32,B2USDT,BUY,8
2025-10-28,09:32,RECALLUSDT,BUY,7
2025-10-28,09:32,EVAAUSDT,SELL,12
2025-10-28,09:33,EVAAUSDT,SELL,10
2025-10-28,09:37,FLOCKUSDT,BUY,7
2025-10-28,09:38,KERNELUSDT,SELL,7
2025-10-28,09:39,KERNELUSDT,SELL,7
2025-10-28,09:39,SOLUSDT,BUY,7
2025-10-28,09:40,MELANIAUSDT,SELL,7
2025-10-28,09:42,OLUSDT,SELL,8
2025-10-28,09:42,TAOUSDT,BUY,9
2025-10-28,09:43,KERNELUSDT,SELL,7
2025-10-28,09:52,OLUSDT,BUY,7
2025-10-28,09:52,RIVERUSDT,BUY,18
2025-10-28,09:53,RIVERUSDT,BUY,22
2025-10-28,09:54,FLOCKUSDT,SELL,8
2025-10-28,09:55,FLOCKUSDT,SELL,8
2025-10-28,09:58,B2USDT,BUY,10
2025-10-28,09:59,B2USDT,BUY,20
2025-10-28,10:00,B2USDT,BUY,10
2025-10-28,10:07,VIRTUALUSDT,BUY,7
2025-10-28,10:07,PAXGUSDT,SELL,7
2025-10-28,10:08,PAXGUSDT,SELL,10
2025-10-28,10:08,FUNUSDT,SELL,10
2025-10-28,10:09,FUNUSDT,SELL,8
2025-10-28,10:09,PAXGUSDT,SELL,8
2025-10-28,10:09,ETHUSDT,SELL,9
2025-10-28,10:12,OLUSDT,SELL,7
2025-10-28,10:12,MAVIAUSDT,SELL,8
2025-10-28,10:13,KDAUSDT,BUY,7
2025-10-28,10:14,KDAUSDT,BUY,7
2025-10-28,10:18,VIRTUALUSDT,BUY,7
2025-10-28,10:18,EULUSDT,SELL,8
2025-10-28,10:19,TAOUSDT,BUY,10
2025-10-28,10:19,EULUSDT,SELL,8
2025-10-28,10:25,MAVIAUSDT,SELL,8
2025-10-28,10:25,COAIUSDT,SELL,11
2025-10-28,10:26,COAIUSDT,SELL,10
2025-10-28,10:26,币安人生USDT,BUY,11
2025-10-28,10:27,币安人生USDT,BUY,11
2025-10-28,10:27,SOLUSDT,SELL,10
2025-10-28,10:27,ETHUSDT,SELL,14
2025-10-28,10:27,EVAAUSDT,SELL,15
2025-10-28,10:28,ETHUSDT,SELL,12
2025-10-28,10:28,COAIUSDT,SELL,12
2025-10-28,10:28,SOLUSDT,SELL,15
2025-10-28,10:28,EVAAUSDT,SELL,16
2025-10-28,10:28,BLESSUSDT,SELL,9
2025-10-28,10:29,SOLUSDT,SELL,9
2025-10-28,10:29,BLESSUSDT,SELL,10
2025-10-28,10:29,COAIUSDT,SELL,9
2025-10-28,10:30,RECALLUSDT,SELL,17
2025-10-28,10:31,RECALLUSDT,SELL,21
2025-10-28,10:32,EVAAUSDT,SELL,25
2025-10-28,10:32,BLESSUSDT,SELL,7
2025-10-28,10:32,MELANIAUSDT,SELL,7
2025-10-28,10:33,EVAAUSDT,SELL,14
2025-10-28,10:33,MAVIAUSDT,SELL,10
2025-10-28,10:34,MAVIAUSDT,SELL,7
2025-10-28,10:37,MAVIAUSDT,SELL,10
2025-10-28,10:38,MAVIAUSDT,SELL,11
2025-10-28,10:39,OLUSDT,SELL,8
2025-10-28,10:39,EVAAUSDT,SELL,11
2025-10-28,10:40,EVAAUSDT,SELL,11
2025-10-28,10:41,OLUSDT,SELL,9
2025-10-28,10:42,EVAAUSDT,SELL,14
2025-10-28,10:42,BLUAIUSDT,SELL,14
2025-10-28,10:43,BLUAIUSDT,SELL,12
2025-10-28,10:43,EVAAUSDT,SELL,10
2025-10-28,10:43,ETHUSDT,BUY,9
2025-10-28,10:44,ETHUSDT,BUY,9
2025-10-28,10:44,TAOUSDT,BUY,7
2025-10-28,10:45,EVAAUSDT,SELL,8
2025-10-28,10:45,B2USDT,BUY,7
2025-10-28,10:46,B2USDT,BUY,7
2025-10-28,10:49,KERNELUSDT,BUY,13
2025-10-28,10:50,KERNELUSDT,BUY,9
2025-10-28,10:52,OLUSDT,SELL,7
2025-10-28,10:53,MAVIAUSDT,SELL,7
2025-10-28,10:54,MAVIAUSDT,SELL,9
2025-10-28,10:56,EVAAUSDT,BUY,7
2025-10-28,10:57,OLUSDT,SELL,10
2025-10-28,10:59,OLUSDT,SELL,11
2025-10-28,11:00,DEGOUSDT,SELL,11
2025-10-28,11:00,B2USDT,BUY,8
2025-10-28,11:00,EVAAUSDT,SELL,7
2025-10-28,11:01,EVAAUSDT,SELL,8
2025-10-28,11:01,DEGOUSDT,SELL,11
2025-10-28,11:02,HIPPOUSDT,BUY,9
2025-10-28,11:03,HIPPOUSDT,BUY,7
2025-10-28,11:03,ZECUSDT,SELL,8
2025-10-28,11:03,COAIUSDT,SELL,8
2025-10-28,11:04,B2USDT,SELL,8
2025-10-28,11:04,MAVIAUSDT,SELL,10
2025-10-28,11:04,COAIUSDT,SELL,9
2025-10-28,11:05,MAVIAUSDT,SELL,9
2025-10-28,11:05,B2USDT,SELL,11
2025-10-28,11:06,B2USDT,SELL,9
2025-10-28,11:07,MAVIAUSDT,SELL,7
2025-10-28,11:07,OLUSDT,BUY,13
2025-10-28,11:08,OLUSDT,BUY,15
2025-10-28,11:10,MAVIAUSDT,SELL,12
2025-10-28,11:11,SOLUSDT,SELL,8
2025-10-28,11:12,SOLUSDT,SELL,7
2025-10-28,11:12,EVAAUSDT,BUY,8
2025-10-28,11:13,MYROUSDT,SELL,10
2025-10-28,11:13,GIGGLEUSDT,SELL,11
2025-10-28,11:14,MAVIAUSDT,SELL,11
2025-10-28,11:14,GIGGLEUSDT,SELL,7
2025-10-28,11:19,OLUSDT,SELL,7
2025-10-28,11:20,OLUSDT,SELL,14
2025-10-28,11:20,HIPPOUSDT,BUY,9
2025-10-28,11:21,MYROUSDT,SELL,10
2025-10-28,11:21,OLUSDT,SELL,14
2025-10-28,11:22,HIPPOUSDT,BUY,9
2025-10-28,11:23,HIPPOUSDT,BUY,8
2025-10-28,11:24,HIPPOUSDT,BUY,7
2025-10-28,11:25,HIPPOUSDT,BUY,16
2025-10-28,11:26,EVAAUSDT,SELL,8
2025-10-28,11:27,EVAAUSDT,SELL,11
2025-10-28,11:27,MYROUSDT,SELL,8
2025-10-28,11:30,RECALLUSDT,SELL,7
2025-10-28,11:31,RECALLUSDT,SELL,7
2025-10-28,11:32,MAVIAUSDT,SELL,7
2025-10-28,11:33,MAVIAUSDT,SELL,18
2025-10-28,11:35,OLUSDT,BUY,8
2025-10-28,11:35,GIGGLEUSDT,SELL,9
2025-10-28,11:36,GIGGLEUSDT,SELL,18
2025-10-28,11:37,FUNUSDT,SELL,7
2025-10-28,11:37,GIGGLEUSDT,SELL,12
2025-10-28,11:37,ENSOUSDT,SELL,8
2025-10-28,11:37,SOLUSDT,SELL,7
2025-10-28,11:38,FUNUSDT,SELL,7
2025-10-28,11:38,ENSOUSDT,SELL,9
2025-10-28,11:38,SOLUSDT,SELL,13
2025-10-28,11:40,RECALLUSDT,SELL,8
2025-10-28,11:40,TRUMPUSDT,SELL,7
2025-10-28,11:41,TRUMPUSDT,SELL,7
2025-10-28,11:43,OLUSDT,BUY,12
2025-10-28,11:45,GIGGLEUSDT,BUY,8
2025-10-28,11:45,VIRTUALUSDT,BUY,14
2025-10-28,11:46,VIRTUALUSDT,BUY,14
2025-10-28,11:47,EVAAUSDT,BUY,7
2025-10-28,11:47,HBARUSDT,SELL,10
2025-10-28,11:48,HBARUSDT,SELL,8
2025-10-28,11:48,VIRTUALUSDT,BUY,12
2025-10-28,11:49,HIPPOUSDT,BUY,7
2025-10-28,11:49,VIRTUALUSDT,BUY,8
2025-10-28,11:51,MAVIAUSDT,SELL,9
2025-10-28,11:52,OLUSDT,SELL,7
2025-10-28,11:52,VIRTUALUSDT,BUY,7
2025-10-28,11:55,MAVIAUSDT,SELL,7
2025-10-28,12:00,MONUSDT,SELL,7
2025-10-28,12:00,ENSOUSDT,SELL,8
2025-10-28,12:02,ENSOUSDT,SELL,10
2025-10-28,12:03,ENSOUSDT,SELL,12
2025-10-28,12:04,ENSOUSDT,SELL,7
2025-10-28,12:07,ENSOUSDT,SELL,15
2025-10-28,12:07,MONUSDT,SELL,8
2025-10-28,12:08,MONUSDT,SELL,10
2025-10-28,12:08,ENSOUSDT,SELL,7
2025-10-28,12:09,RIVERUSDT,SELL,8
2025-10-28,12:10,RIVERUSDT,SELL,9
2025-10-28,12:11,RIVERUSDT,SELL,9
2025-10-28,12:13,VIRTUALUSDT,BUY,11
2025-10-28,12:14,VIRTUALUSDT,BUY,8
2025-10-28,12:15,KERNELUSDT,BUY,7
2025-10-28,12:15,LIGHTUSDT,SELL,11
2025-10-28,12:16,LIGHTUSDT,SELL,8
2025-10-28,12:16,KERNELUSDT,BUY,10
2025-10-28,12:17,KERNELUSDT,BUY,12
2025-10-28,12:17,FUNUSDT,SELL,7
2025-10-28,12:18,KERNELUSDT,BUY,10
2025-10-28,12:18,PUMPUSDT,BUY,10
2025-10-28,12:18,FUNUSDT,SELL,7
2025-10-28,12:19,PUMPUSDT,BUY,10
2025-10-28,12:19,PUFFERUSDT,BUY,11
2025-10-28,12:20,PUFFERUSDT,BUY,10
2025-10-28,12:23,FUNUSDT,SELL,10
2025-10-28,12:24,FUNUSDT,SELL,11
2025-10-28,12:24,UBUSDT,BUY,7
2025-10-28,12:24,MELANIAUSDT,SELL,7
2025-10-28,12:25,MELANIAUSDT,SELL,10
2025-10-28,12:25,SOLUSDT,SELL,7
2025-10-28,12:26,SOLUSDT,SELL,9
2025-10-28,12:27,PUFFERUSDT,SELL,19
2025-10-28,12:29,RIVERUSDT,SELL,9
2025-10-28,12:30,KERNELUSDT,SELL,7
2025-10-28,12:30,RIVERUSDT,SELL,11
2025-10-28,12:31,KERNELUSDT,SELL,8
2025-10-28,12:32,HIPPOUSDT,SELL,8
2025-10-28,12:32,KERNELUSDT,SELL,7
2025-10-28,12:33,HIPPOUSDT,SELL,21
2025-10-28,12:34,HIPPOUSDT,SELL,20
2025-10-28,12:35,HIPPOUSDT,SELL,15
2025-10-28,12:35,OLUSDT,BUY,13
2025-10-28,12:36,VIRTUALUSDT,BUY,14
2025-10-28,12:36,PUFFERUSDT,SELL,8
2025-10-28,12:36,HIPPOUSDT,SELL,16
2025-10-28,12:37,VIRTUALUSDT,BUY,15
2025-10-28,12:45,MAVIAUSDT,SELL,7
2025-10-28,12:46,MAVIAUSDT,SELL,15
2025-10-28,12:47,MAVIAUSDT,SELL,12
2025-10-28,12:47,PUFFERUSDT,BUY,7
2025-10-28,12:47,RECALLUSDT,SELL,12
2025-10-28,12:47,XRPUSDT,SELL,7
2025-10-28,12:48,RECALLUSDT,SELL,12
2025-10-28,12:48,XRPUSDT,SELL,7
2025-10-28,12:48,KERNELUSDT,SELL,10
2025-10-28,12:49,HIPPOUSDT,SELL,10
2025-10-28,12:50,HIPPOUSDT,SELL,10
2025-10-28,12:51,EVAAUSDT,SELL,8
2025-10-28,12:52,EVAAUSDT,SELL,7
2025-10-28,12:53,TRUMPUSDT,SELL,7
2025-10-28,12:53,OGUSDT,SELL,7
2025-10-28,12:54,SOLUSDT,SELL,7
2025-10-28,12:54,OGUSDT,SELL,7
2025-10-28,12:55,VIRTUALUSDT,SELL,11
2025-10-28,12:56,VIRTUALUSDT,SELL,13
2025-10-28,13:00,RIVERUSDT,SELL,8
2025-10-28,13:00,HIPPOUSDT,SELL,10
2025-10-28,13:01,HIPPOUSDT,SELL,11
2025-10-28,13:02,VIRTUALUSDT,SELL,15
2025-10-28,13:03,EVAAUSDT,SELL,15
2025-10-28,13:04,EVAAUSDT,SELL,13
2025-10-28,13:04,OGUSDT,SELL,7
2025-10-28,13:08,VIRTUALUSDT,SELL,10
2025-10-28,13:08,COAIUSDT,SELL,7
2025-10-28,13:09,COAIUSDT,SELL,7
2025-10-28,13:10,DOODUSDT,BUY,7
2025-10-28,13:11,PUFFERUSDT,BUY,10
2025-10-28,13:15,VIRTUALUSDT,SELL,13
2025-10-28,13:16,VIRTUALUSDT,SELL,10
2025-10-28,13:17,0GUSDT,BUY,7
2025-10-28,13:17,EVAAUSDT,SELL,8
2025-10-28,13:18,EVAAUSDT,SELL,12
2025-10-28,13:19,SOLUSDT,SELL,7
2025-10-28,13:20,SOLUSDT,SELL,8
2025-10-28,13:21,PUFFERUSDT,BUY,8
2025-10-28,13:23,ETHUSDT,SELL,10
2025-10-28,13:23,KERNELUSDT,SELL,8
2025-10-28,13:23,VIRTUALUSDT,SELL,8
2025-10-28,13:24,EVAAUSDT,BUY,9
2025-10-28,13:24,VIRTUALUSDT,SELL,10
2025-10-28,13:24,ETHUSDT,SELL,11
2025-10-28,13:24,ENAUSDT,SELL,7
2025-10-28,13:25,PUFFERUSDT,SELL,7
2025-10-28,13:25,ENAUSDT,SELL,7
2025-10-28,13:28,SOLUSDT,SELL,8
2025-10-28,13:31,HUSDT,SELL,11
2025-10-28,13:31,KERNELUSDT,SELL,16
2025-10-28,13:32,HUSDT,SELL,13
2025-10-28,13:32,KERNELUSDT,SELL,16
2025-10-28,13:33,KERNELUSDT,SELL,10
2025-10-28,13:33,OLUSDT,SELL,13
2025-10-28,13:34,KERNELUSDT,SELL,7
2025-10-28,13:35,MAVIAUSDT,SELL,7
2025-10-28,13:38,币安人生USDT,BUY,8
2025-10-28,13:44,MAVIAUSDT,SELL,8
2025-10-28,13:45,ETHUSDT,BUY,11
2025-10-28,13:46,ETHUSDT,BUY,18
2025-10-28,13:46,TRUMPUSDT,BUY,10
2025-10-28,13:46,1000PEPEUSDT,BUY,9
2025-10-28,13:46,BTCUSDT,BUY,13
2025-10-28,13:46,TAOUSDT,BUY,8
2025-10-28,13:47,ETHUSDT,BUY,9
2025-10-28,13:47,TAOUSDT,BUY,9
2025-10-28,13:47,BTCUSDT,BUY,12
2025-10-28,13:47,DOGEUSDT,BUY,7
2025-10-28,13:48,PHBUSDT,BUY,10
2025-10-28,13:48,MELANIAUSDT,BUY,7
2025-10-28,13:49,PHBUSDT,BUY,7
2025-10-28,13:55,YBUSDT,BUY,9
2025-10-28,13:56,ZECUSDT,BUY,9
2025-10-28,13:56,XNYUSDT,BUY,8
2025-10-28,13:57,XNYUSDT,BUY,12
2025-10-28,13:57,EVAAUSDT,BUY,7
2025-10-28,13:59,PUFFERUSDT,BUY,10
2025-10-28,14:00,PUFFERUSDT,BUY,16
2025-10-28,14:01,PUFFERUSDT,BUY,20
2025-10-28,14:02,PUFFERUSDT,BUY,18
2025-10-28,14:03,PUFFERUSDT,BUY,14
2025-10-28,14:03,XRPUSDT,BUY,13
2025-10-28,14:03,ETHUSDT,BUY,15
2025-10-28,14:04,XRPUSDT,BUY,10
2025-10-28,14:04,MELANIAUSDT,BUY,12
2025-10-28,14:05,MELANIAUSDT,BUY,12
2025-10-28,14:05,OGUSDT,SELL,8
2025-10-28,14:06,OGUSDT,SELL,9
2025-10-28,14:09,TRUMPUSDT,BUY,7
2025-10-28,14:09,BTCUSDT,BUY,9
2025-10-28,14:09,ETHUSDT,BUY,11
2025-10-28,14:10,ETHUSDT,BUY,8
2025-10-28,14:10,MAVIAUSDT,BUY,7
2025-10-28,14:11,MAVIAUSDT,BUY,9
2025-10-28,14:11,RIVERUSDT,BUY,7
2025-10-28,14:12,XRPUSDT,BUY,9
2025-10-28,14:13,XRPUSDT,BUY,11
2025-10-28,14:14,PHBUSDT,BUY,7
2025-10-28,14:16,PHBUSDT,BUY,9
2025-10-28,14:18,HBARUSDT,SELL,8
2025-10-28,14:20,ETHUSDT,BUY,8
2025-10-28,14:21,PUFFERUSDT,BUY,9
2025-10-28,14:21,ETHUSDT,BUY,12
2025-10-28,14:22,PUFFERUSDT,BUY,8
2025-10-28,14:23,OGUSDT,SELL,7
2025-10-28,14:24,BTCUSDT,BUY,9
2025-10-28,14:24,ZECUSDT,BUY,13
2025-10-28,14:24,OLUSDT,BUY,9
2025-10-28,14:24,ETHUSDT,BUY,7
2025-10-28,14:25,ZECUSDT,BUY,8
2025-10-28,14:25,OLUSDT,BUY,18
2025-10-28,14:25,ETHUSDT,BUY,9
2025-10-28,14:25,BTCUSDT,BUY,11
2025-10-28,14:25,YBUSDT,BUY,7
2025-10-28,14:27,PHBUSDT,SELL,11
2025-10-28,14:27,ZECUSDT,BUY,7
2025-10-28,14:28,PHBUSDT,SELL,10
2025-10-28,14:32,ZECUSDT,BUY,8
2025-10-28,14:33,PHBUSDT,BUY,7
2025-10-28,14:36,OLUSDT,BUY,7
2025-10-28,14:39,FLOCKUSDT,SELL,9
2025-10-28,14:45,ETHUSDT,BUY,12
2025-10-28,14:46,ETHUSDT,BUY,21
2025-10-28,14:46,ETHUSDC,BUY,7
2025-10-28,14:46,BTCUSDT,BUY,13
2025-10-28,14:46,HIPPOUSDT,SELL,15
2025-10-28,14:47,BTCUSDT,BUY,9
2025-10-28,14:47,ETHUSDT,BUY,11
2025-10-28,14:47,MAVIAUSDT,BUY,7
2025-10-28,14:47,HIPPOUSDT,SELL,15
2025-10-28,14:52,TRUMPUSDT,BUY,8
2025-10-28,14:53,TRUMPUSDT,BUY,8
2025-10-28,14:55,COAIUSDT,SELL,10
2025-10-28,14:56,COAIUSDT,SELL,9
2025-10-28,14:58,GIGGLEUSDT,SELL,10
2025-10-28,14:59,GIGGLEUSDT,SELL,8
2025-10-28,14:59,TRUMPUSDT,BUY,8
2025-10-28,15:00,TRUMPUSDT,BUY,18
2025-10-28,15:01,MAVIAUSDT,SELL,7
2025-10-28,15:02,MAVIAUSDT,SELL,8
2025-10-28,15:02,MLNUSDT,SELL,10
2025-10-28,15:03,MLNUSDT,SELL,8
2025-10-28,15:03,TRUMPUSDT,BUY,8
2025-10-28,15:04,OLUSDT,BUY,8
2025-10-28,15:04,TRUMPUSDT,BUY,9
2025-10-28,15:06,MELANIAUSDT,BUY,8
2025-10-28,15:09,FUSDT,SELL,7
2025-10-28,15:10,FUSDT,SELL,7
2025-10-28,15:10,OLUSDT,SELL,9
2025-10-28,15:11,LTCUSDT,SELL,13
2025-10-28,15:12,LTCUSDT,SELL,11
2025-10-28,15:12,HBARUSDT,SELL,7
2025-10-28,15:13,PHBUSDT,BUY,14
2025-10-28,15:13,BTCUSDT,BUY,19
2025-10-28,15:13,ETHUSDT,BUY,9
2025-10-28,15:14,BTCUSDT,BUY,20
2025-10-28,15:14,PHBUSDT,BUY,12
2025-10-28,15:14,ETHUSDT,BUY,13
2025-10-28,15:17,HUSDT,SELL,7
2025-10-28,15:18,TRUMPUSDT,BUY,16
2025-10-28,15:18,ETHUSDT,BUY,9
2025-10-28,15:18,DOGEUSDT,BUY,8
2025-10-28,15:19,DOGEUSDT,BUY,9
2025-10-28,15:19,ETHUSDT,BUY,9
2025-10-28,15:20,PHBUSDT,SELL,10
2025-10-28,15:20,BTCUSDC,BUY,7
2025-10-28,15:20,BTCUSDT,BUY,14
2025-10-28,15:20,MELANIAUSDT,BUY,8
2025-10-28,15:20,ETHUSDT,BUY,9
2025-10-28,15:21,PHBUSDT,SELL,8
2025-10-28,15:21,BTCUSDT,BUY,8
2025-10-28,15:21,ETHUSDT,BUY,9
2025-10-28,15:22,TRUMPUSDT,SELL,12
2025-10-28,15:22,PUFFERUSDT,SELL,12
2025-10-28,15:22,EVAAUSDT,BUY,7
2025-10-28,15:23,PUMPUSDT,SELL,8
2025-10-28,15:23,EVAAUSDT,BUY,14
2025-10-28,15:24,MELANIAUSDT,SELL,9
2025-10-28,15:24,EVAAUSDT,BUY,10
2025-10-28,15:25,TRUMPUSDT,SELL,18
2025-10-28,15:25,MELANIAUSDT,SELL,14
2025-10-28,15:26,TAOUSDT,SELL,8
2025-10-28,15:26,ETHUSDT,SELL,9
2025-10-28,15:27,TAOUSDT,SELL,7
2025-10-28,15:27,4USDT,SELL,8
2025-10-28,15:27,ETHUSDT,SELL,8
2025-10-28,15:27,HBARUSDT,SELL,11
2025-10-28,15:28,HBARUSDT,SELL,9
2025-10-28,15:30,TRUMPUSDT,BUY,7
2025-10-28,15:30,OLUSDT,BUY,9
2025-10-28,15:31,4USDT,SELL,18
2025-10-28,15:32,4USDT,SELL,19
2025-10-28,15:32,LTCUSDT,SELL,14
2025-10-28,15:32,XRPUSDT,SELL,8
2025-10-28,15:32,BTCUSDT,SELL,7
2025-10-28,15:32,ETHUSDT,SELL,7
2025-10-28,15:33,LTCUSDT,SELL,15
2025-10-28,15:33,BTCUSDT,SELL,11
2025-10-28,15:33,ETHUSDT,SELL,12
2025-10-28,15:33,4USDT,SELL,14
2025-10-28,15:33,DEGOUSDT,SELL,7
2025-10-28,15:34,ETHUSDT,SELL,8
2025-10-28,15:34,SOLUSDT,SELL,7
2025-10-28,15:34,4USDT,SELL,14
2025-10-28,15:35,OLUSDT,BUY,9
2025-10-28,15:36,MONUSDT,SELL,7
2025-10-28,15:38,TRUMPUSDT,SELL,7
2025-10-28,15:38,BTCUSDT,SELL,9
2025-10-28,15:39,BTCUSDT,SELL,12
2025-10-28,15:39,SOLUSDT,SELL,8
2025-10-28,15:39,MONUSDT,SELL,8
2025-10-28,15:40,SOLUSDT,SELL,18
2025-10-28,15:40,WLFIUSDT,SELL,7
2025-10-28,15:40,DOGEUSDT,SELL,17
2025-10-28,15:40,ENAUSDT,SELL,7
2025-10-28,15:40,ETHUSDT,SELL,24
2025-10-28,15:40,1000PEPEUSDT,SELL,7
2025-10-28,15:40,BTCUSDT,SELL,16
2025-10-28,15:40,ETHUSDC,SELL,9
2025-10-28,15:40,币安人生USDT,SELL,8
2025-10-28,15:40,MONUSDT,SELL,9
2025-10-28,15:40,XRPUSDT,SELL,11
2025-10-28,15:41,DOGEUSDT,SELL,20
2025-10-28,15:41,FARTCOINUSDT,SELL,8
2025-10-28,15:41,1000PEPEUSDT,SELL,8
2025-10-28,15:41,ETHUSDC,SELL,8
2025-10-28,15:41,BTCUSDT,SELL,22
2025-10-28,15:41,SOLUSDT,SELL,20
2025-10-28,15:41,XRPUSDT,SELL,17
2025-10-28,15:41,PUMPUSDT,SELL,7
2025-10-28,15:41,ZECUSDT,SELL,9
2025-10-28,15:41,GIGGLEUSDT,SELL,7
2025-10-28,15:41,币安人生USDT,SELL,8
2025-10-28,15:41,LTCUSDT,SELL,12
2025-10-28,15:42,BTCUSDT,SELL,12
2025-10-28,15:42,SOLUSDT,SELL,11
2025-10-28,15:42,LTCUSDT,SELL,8
2025-10-28,15:42,DOGEUSDT,SELL,7
2025-10-28,15:42,ZECUSDT,SELL,14
2025-10-28,15:42,PUMPUSDT,SELL,7
2025-10-28,15:43,KERNELUSDT,SELL,11
2025-10-28,15:43,ETHUSDT,SELL,16
2025-10-28,15:43,DOGEUSDT,SELL,14
2025-10-28,15:43,TAOUSDT,SELL,7
2025-10-28,15:43,BNBUSDT,SELL,14
2025-10-28,15:43,PUMPUSDT,SELL,10
2025-10-28,15:43,BTCUSDT,SELL,24
2025-10-28,15:43,ASTERUSDT,SELL,10
2025-10-28,15:43,SOLUSDT,SELL,16
2025-10-28,15:43,RECALLUSDT,SELL,12
2025-10-28,15:43,HBARUSDT,SELL,9
2025-10-28,15:43,XNYUSDT,SELL,11
2025-10-28,15:43,ENAUSDT,SELL,10
2025-10-28,15:43,SUIUSDT,SELL,7
2025-10-28,15:43,XRPUSDT,SELL,14
2025-10-28,15:43,BTCUSDC,SELL,7
2025-10-28,15:43,AVAXUSDT,SELL,7
2025-10-28,15:43,AIAUSDT,SELL,7
2025-10-28,15:43,LINKUSDT,SELL,7
2025-10-28,15:43,ADAUSDT,SELL,12
2025-10-28,15:43,1000PEPEUSDT,SELL,9
2025-10-28,15:43,LTCUSDT,SELL,12
2025-10-28,15:43,GPSUSDT,SELL,7
2025-10-28,15:43,WLFIUSDT,SELL,7
2025-10-28,15:44,BTCUSDT,SELL,23
2025-10-28,15:44,BLESSUSDT,SELL,11
2025-10-28,15:44,ENAUSDT,SELL,10
2025-10-28,15:44,SOLUSDT,SELL,16
2025-10-28,15:44,SUIUSDT,SELL,9
2025-10-28,15:44,XRPUSDT,SELL,18
2025-10-28,15:44,KERNELUSDT,SELL,10
2025-10-28,15:44,BNBUSDT,SELL,14
2025-10-28,15:44,BTCUSDC,SELL,7
2025-10-28,15:44,HBARUSDT,SELL,14
2025-10-28,15:44,PUMPUSDT,SELL,10
2025-10-28,15:44,ETHUSDT,SELL,18
2025-10-28,15:44,AVAXUSDT,SELL,8
2025-10-28,15:44,GIGGLEUSDT,SELL,9
2025-10-28,15:44,AIAUSDT,SELL,15
2025-10-28,15:44,ETHUSDC,SELL,7
2025-10-28,15:44,DOGEUSDT,SELL,14
2025-10-28,15:44,LINKUSDT,SELL,7
2025-10-28,15:44,WIFUSDT,SELL,8
2025-10-28,15:44,ADAUSDT,SELL,14
2025-10-28,15:44,1000PEPEUSDT,SELL,9
2025-10-28,15:44,LTCUSDT,SELL,15
2025-10-28,15:44,XNYUSDT,SELL,14
2025-10-28,15:44,RVVUSDT,SELL,11
2025-10-28,15:44,GPSUSDT,SELL,8
2025-10-28,15:44,ASTERUSDT,SELL,11
2025-10-28,15:44,TAOUSDT,SELL,8
2025-10-28,15:44,MELANIAUSDT,SELL,11
2025-10-28,15:44,WLFIUSDT,SELL,8
2025-10-28,15:44,COAIUSDT,SELL,10
2025-10-28,15:44,4USDT,SELL,7
2025-10-28,15:45,WLFIUSDT,SELL,9
2025-10-28,15:45,MAVIAUSDT,SELL,9
2025-10-28,15:45,BOMEUSDT,SELL,7
2025-10-28,15:45,ADAUSDT,SELL,16
2025-10-28,15:45,YBUSDT,SELL,13
2025-10-28,15:45,XRPUSDT,SELL,22
2025-10-28,15:45,币安人生USDT,SELL,11
2025-10-28,15:45,AVNTUSDT,SELL,9
2025-10-28,15:45,AIAUSDT,SELL,25
2025-10-28,15:45,PUMPUSDT,SELL,13
2025-10-28,15:45,WIFUSDT,SELL,13
2025-10-28,15:45,GPSUSDT,SELL,7
2025-10-28,15:45,LYNUSDT,SELL,9
2025-10-28,15:45,EIGENUSDT,SELL,8
2025-10-28,15:45,COAIUSDT,SELL,21
2025-10-28,15:45,HBARUSDT,SELL,16
2025-10-28,15:45,MELANIAUSDT,SELL,19
2025-10-28,15:45,LTCUSDT,SELL,21
2025-10-28,15:45,STBLUSDT,SELL,12
2025-10-28,15:45,BASUSDT,SELL,7
2025-10-28,15:45,GIGGLEUSDT,SELL,20
2025-10-28,15:45,BLESSUSDT,SELL,24
2025-10-28,15:45,BLUAIUSDT,SELL,13
2025-10-28,15:45,PHBUSDT,SELL,9
2025-10-28,15:45,PIPPINUSDT,SELL,14
2025-10-28,15:45,XNYUSDT,SELL,12
2025-10-28,15:45,CLOUSDT,SELL,7
2025-10-28,15:45,RVVUSDT,SELL,24
2025-10-28,15:45,SOLUSDT,SELL,24
2025-10-28,15:45,FUSDT,SELL,7
2025-10-28,15:45,4USDT,SELL,21
2025-10-28,15:45,FFUSDT,SELL,11
2025-10-28,15:45,ASTERUSDT,SELL,16
2025-10-28,15:45,PLAYUSDT,SELL,7
2025-10-28,15:45,1000FLOKIUSDT,SELL,12
2025-10-28,15:45,TRBUSDT,SELL,10
2025-10-28,15:45,TAOUSDT,SELL,13
2025-10-28,15:45,BNBUSDT,SELL,22
2025-10-28,15:45,AVAXUSDT,SELL,17
2025-10-28,15:45,POLUSDT,SELL,7
2025-10-28,15:45,XLMUSDT,SELL,8
2025-10-28,15:45,ARBUSDT,SELL,9
2025-10-28,15:45,ETHUSDC,SELL,13
2025-10-28,15:45,DOGEUSDT,SELL,20
2025-10-28,15:45,GALAUSDT,SELL,12
2025-10-28,15:45,SUIUSDT,SELL,17
2025-10-28,15:45,SEIUSDT,SELL,8
2025-10-28,15:45,MANAUSDT,SELL,7
2025-10-28,15:45,ALGOUSDT,SELL,8
2025-10-28,15:45,CRVUSDT,SELL,7
2025-10-28,15:45,TRXUSDT,SELL,7
2025-10-28,15:45,1000BONKUSDT,SELL,12
2025-10-28,15:45,FETUSDT,SELL,10
2025-10-28,15:45,KERNELUSDT,SELL,7
2025-10-28,15:45,CAKEUSDT,SELL,7
2025-10-28,15:45,DEGOUSDT,SELL,13
2025-10-28,15:45,KGENUSDT,SELL,9
2025-10-28,15:45,NEIROUSDT,SELL,7
2025-10-28,15:45,SNXUSDT,SELL,14
2025-10-28,15:45,HEMIUSDT,SELL,11
2025-10-28,15:45,ILVUSDT,SELL,7
2025-10-28,15:45,1000SHIBUSDT,SELL,12
2025-10-28,15:45,SOLUSDC,SELL,10
2025-10-28,15:45,ENAUSDT,SELL,14
2025-10-28,15:45,ETCUSDT,SELL,8
2025-10-28,15:45,OPUSDT,SELL,12
2025-10-28,15:45,FILUSDT,SELL,11
2025-10-28,15:45,RECALLUSDT,SELL,10
2025-10-28,15:45,SPELLUSDT,SELL,7
2025-10-28,15:45,BIOUSDT,SELL,11
2025-10-28,15:45,AAVEUSDT,SELL,14
2025-10-28,15:45,BIGTIMEUSDT,SELL,7
2025-10-28,15:45,ATOMUSDT,SELL,7
2025-10-28,15:45,WLDUSDT,SELL,13
2025-10-28,15:45,1000PEPEUSDT,SELL,18
2025-10-28,15:45,GRASSUSDT,SELL,7
2025-10-28,15:45,AI16ZUSDT,SELL,9
2025-10-28,15:45,LINEAUSDT,SELL,8
2025-10-28,15:45,FORMUSDT,SELL,7
2025-10-28,15:45,LINKUSDT,SELL,14
2025-10-28,15:45,PENGUUSDT,SELL,8
2025-10-28,15:45,NEARUSDT,SELL,9
2025-10-28,15:45,ONDOUSDT,SELL,9
2025-10-28,15:45,TIAUSDT,SELL,9
2025-10-28,15:45,FARTCOINUSDT,SELL,9
2025-10-28,15:45,OMUSDT,SELL,11
2025-10-28,15:45,ARUSDT,SELL,8
2025-10-28,15:45,APTUSDT,SELL,8
2025-10-28,15:45,DOTUSDT,SELL,12
2025-10-28,15:45,INJUSDT,SELL,8
2025-10-28,15:45,BCHUSDT,SELL,7
2025-10-28,15:45,ETHFIUSDT,SELL,9
2025-10-28,15:45,MYXUSDT,SELL,10
2025-10-28,15:45,BBUSDT,SELL,7
2025-10-28,15:45,ENSOUSDT,SELL,9
2025-10-28,15:45,ACTUSDT,SELL,8
2025-10-28,15:45,BELUSDT,SELL,9
2025-10-28,15:45,SANDUSDT,SELL,7
2025-10-28,15:45,HANAUSDT,SELL,9
2025-10-28,15:45,CATIUSDT,SELL,7
2025-10-28,15:45,KDAUSDT,SELL,7
2025-10-28,15:46,AIAUSDT,SELL,17
2025-10-28,15:46,RVVUSDT,SELL,19
2025-10-28,15:46,SOLUSDT,SELL,23
2025-10-28,15:46,DOGEUSDT,SELL,19
2025-10-28,15:46,SUIUSDT,SELL,15
2025-10-28,15:46,NEIROUSDT,SELL,7
2025-10-28,15:46,SNXUSDT,SELL,14
2025-10-28,15:46,BNBUSDT,SELL,20
2025-10-28,15:46,ETHUSDC,SELL,12
2025-10-28,15:46,LTCUSDT,SELL,18
2025-10-28,15:46,ALGOUSDT,SELL,7
2025-10-28,15:46,HEMIUSDT,SELL,12
2025-10-28,15:46,XRPUSDT,SELL,18
2025-10-28,15:46,ILVUSDT,SELL,7
2025-10-28,15:46,1000SHIBUSDT,SELL,12
2025-10-28,15:46,4USDT,SELL,16
2025-10-28,15:46,SOLUSDC,SELL,10
2025-10-28,15:46,STBLUSDT,SELL,9
2025-10-28,15:46,TAOUSDT,SELL,13
2025-10-28,15:46,ADAUSDT,SELL,14
2025-10-28,15:46,ENAUSDT,SELL,14
2025-10-28,15:46,ETCUSDT,SELL,8
2025-10-28,15:46,OPUSDT,SELL,12
2025-10-28,15:46,FILUSDT,SELL,11
2025-10-28,15:46,RECALLUSDT,SELL,10
2025-10-28,15:46,SPELLUSDT,SELL,7
2025-10-28,15:46,YBUSDT,SELL,12
2025-10-28,15:46,GALAUSDT,SELL,11
2025-10-28,15:46,BIOUSDT,SELL,12
2025-10-28,15:46,PIPPINUSDT,SELL,13
2025-10-28,15:46,AVAXUSDT,SELL,16
2025-10-28,15:46,BIGTIMEUSDT,SELL,7
2025-10-28,15:46,ATOMUSDT,SELL,7
2025-10-28,15:46,WLDUSDT,SELL,13
2025-10-28,15:46,1000PEPEUSDT,SELL,18
2025-10-28,15:46,GRASSUSDT,SELL,7
2025-10-28,15:46,AI16ZUSDT,SELL,9
2025-10-28,15:46,LINEAUSDT,SELL,8
2025-10-28,15:46,FORMUSDT,SELL,7
2025-10-28,15:46,LINKUSDT,SELL,14
2025-10-28,15:46,PENGUUSDT,SELL,8
2025-10-28,15:46,1000BONKUSDT,SELL,11
2025-10-28,15:46,ARBUSDT,SELL,8
2025-10-28,15:46,NEARUSDT,SELL,9
2025-10-28,15:46,1000FLOKIUSDT,SELL,11
2025-10-28,15:46,ONDOUSDT,SELL,9
2025-10-28,15:46,EIGENUSDT,SELL,7
2025-10-28,15:46,TIAUSDT,SELL,9
2025-10-28,15:46,FARTCOINUSDT,SELL,9
2025-10-28,15:46,OMUSDT,SELL,11
2025-10-28,15:46,ARUSDT,SELL,8
2025-10-28,15:46,APTUSDT,SELL,8
2025-10-28,15:46,FETUSDT,SELL,9
2025-10-28,15:46,DOTUSDT,SELL,12
2025-10-28,15:46,INJUSDT,SELL,8
2025-10-28,15:46,PUMPUSDT,SELL,9
2025-10-28,15:46,BCHUSDT,SELL,7
2025-10-28,15:46,ETHFIUSDT,SELL,9
2025-10-28,15:46,MYXUSDT,SELL,10
2025-10-28,15:46,XLMUSDT,SELL,7
2025-10-28,15:46,BBUSDT,SELL,7
2025-10-28,15:46,SEIUSDT,SELL,7
2025-10-28,15:46,ENSOUSDT,SELL,9
2025-10-28,15:46,ACTUSDT,SELL,9
2025-10-28,15:46,BELUSDT,SELL,9
2025-10-28,15:46,FFUSDT,SELL,9
2025-10-28,15:46,COAIUSDT,SELL,14
2025-10-28,15:46,SANDUSDT,SELL,7
2025-10-28,15:46,HANAUSDT,SELL,10
2025-10-28,15:46,LYNUSDT,SELL,9
2025-10-28,15:46,WLFIUSDT,SELL,8
2025-10-28,15:46,KGENUSDT,SELL,8
2025-10-28,15:46,AVNTUSDT,SELL,7
2025-10-28,15:46,BLUAIUSDT,SELL,9
2025-10-28,15:46,DEGOUSDT,SELL,12
2025-10-28,15:46,币安人生USDT,SELL,10
2025-10-28,15:46,CATIUSDT,SELL,7
2025-10-28,15:46,DASHUSDT,SELL,7
2025-10-28,15:46,KDAUSDT,SELL,8
2025-10-28,15:47,BTCUSDT,BUY,7
2025-10-28,15:48,BTCUSDT,BUY,7
2025-10-28,15:48,UBUSDT,BUY,8
2025-10-28,15:49,UBUSDT,BUY,8
2025-10-28,15:49,OLUSDT,SELL,8
2025-10-28,15:49,ETHUSDT,BUY,7
2025-10-28,15:51,BTCUSDT,BUY,7
2025-10-28,15:53,UBUSDT,BUY,8
2025-10-28,15:54,UBUSDT,BUY,8
2025-10-28,15:56,BTCUSDT,BUY,10
2025-10-28,15:56,ETHUSDT,BUY,13
2025-10-28,15:56,SOLUSDT,BUY,11
2025-10-28,15:57,ETHUSDT,BUY,13
2025-10-28,15:57,SOLUSDT,BUY,11
2025-10-28,15:57,BTCUSDT,BUY,8
2025-10-28,15:57,PUFFERUSDT,BUY,9
2025-10-28,15:59,RIVERUSDT,BUY,7
2025-10-28,16:00,AIAUSDT,SELL,8
2025-10-28,16:01,COAIUSDT,SELL,9
2025-10-28,16:02,COAIUSDT,SELL,19
2025-10-28,16:03,COAIUSDT,SELL,14
2025-10-28,16:10,ETHUSDT,BUY,7
2025-10-28,16:11,PUFFERUSDT,BUY,10
2025-10-28,16:11,ETHUSDT,BUY,11
2025-10-28,16:16,MAVIAUSDT,SELL,18
2025-10-28,16:16,OLUSDT,SELL,11
2025-10-28,16:16,EVAAUSDT,SELL,7
2025-10-28,16:16,AIAUSDT,SELL,8
2025-10-28,16:17,OLUSDT,SELL,13
2025-10-28,16:17,COAIUSDT,SELL,19
2025-10-28,16:17,AIAUSDT,SELL,33
2025-10-28,16:18,COAIUSDT,SELL,15
2025-10-28,16:23,MAVIAUSDT,SELL,15
2025-10-28,16:23,PUFFERUSDT,BUY,9
2025-10-28,16:24,MAVIAUSDT,SELL,16
2025-10-28,16:24,TRUMPUSDT,SELL,7
2025-10-28,16:24,VELVETUSDT,SELL,13
2025-10-28,16:25,VELVETUSDT,SELL,11
2025-10-28,16:25,MAVIAUSDT,SELL,11
2025-10-28,16:26,MAVIAUSDT,SELL,11
2025-10-28,16:27,MAVIAUSDT,SELL,8
2025-10-28,16:27,HUSDT,SELL,8
2025-10-28,16:28,HUSDT,SELL,15
2025-10-28,16:28,MAVIAUSDT,SELL,13
2025-10-28,16:29,HUSDT,SELL,10
2025-10-28,16:29,MAVIAUSDT,SELL,16
2025-10-28,16:29,ZECUSDT,SELL,8
2025-10-28,16:30,ZECUSDT,SELL,10
2025-10-28,16:30,MAVIAUSDT,SELL,19
2025-10-28,16:30,RECALLUSDT,SELL,8
2025-10-28,16:30,RIVERUSDT,SELL,9
2025-10-28,16:30,ETHUSDT,SELL,15
2025-10-28,16:30,PUMPUSDT,SELL,7
2025-10-28,16:31,SOLUSDT,SELL,8
2025-10-28,16:31,DASHUSDT,SELL,9
2025-10-28,16:31,PUMPUSDT,SELL,7
2025-10-28,16:32,DASHUSDT,SELL,8
2025-10-28,16:33,RECALLUSDT,SELL,22
2025-10-28,16:33,TAOUSDT,SELL,8
2025-10-28,16:34,RECALLUSDT,SELL,17
2025-10-28,16:34,ENAUSDT,SELL,11
2025-10-28,16:35,RIVERUSDT,SELL,9
2025-10-28,16:35,ENAUSDT,SELL,12
2025-10-28,16:35,ETHUSDT,SELL,10
2025-10-28,16:35,VELVETUSDT,SELL,9
2025-10-28,16:36,VELVETUSDT,SELL,8
2025-10-28,16:36,ETHUSDT,SELL,12
2025-10-28,16:36,TAOUSDT,SELL,7
2025-10-28,16:36,OLUSDT,SELL,21
2025-10-28,16:37,OLUSDT,SELL,19
2025-10-28,16:39,RIVERUSDT,SELL,7
2025-10-28,16:40,币安人生USDT,SELL,13
2025-10-28,16:41,币安人生USDT,SELL,26
2025-10-28,16:41,COAIUSDT,SELL,7
2025-10-28,16:41,BTCUSDT,SELL,11
2025-10-28,16:41,AIAUSDT,SELL,13
2025-10-28,16:41,ETHUSDT,SELL,10
2025-10-28,16:42,币安人生USDT,SELL,16
2025-10-28,16:42,ETHUSDT,SELL,11
2025-10-28,16:42,AIAUSDT,SELL,8
2025-10-28,16:43,ETHUSDT,SELL,13
2025-10-28,16:44,ETHUSDT,SELL,9
2025-10-28,16:44,OLUSDT,SELL,15
2025-10-28,16:45,OLUSDT,SELL,25
2025-10-28,16:48,PHBUSDT,BUY,8
2025-10-28,16:48,AIAUSDT,SELL,9
2025-10-28,16:49,MAVIAUSDT,SELL,11
2025-10-28,16:49,AIAUSDT,SELL,10
2025-10-28,16:49,FLOCKUSDT,SELL,9
2025-10-28,16:50,VELVETUSDT,SELL,10
2025-10-28,16:50,GIGGLEUSDT,BUY,8
2025-10-28,16:50,MAVIAUSDT,BUY,8
2025-10-28,16:51,OLUSDT,SELL,10
2025-10-28,16:52,OLUSDT,SELL,19
2025-10-28,16:53,OLUSDT,SELL,27
2025-10-28,16:53,MAVIAUSDT,SELL,9
2025-10-28,16:54,DASHUSDT,SELL,7
2025-10-28,16:55,RIVERUSDT,BUY,8
2025-10-28,16:56,RIVERUSDT,BUY,11
2025-10-28,16:57,AIAUSDT,SELL,8
2025-10-28,16:57,PHBUSDT,BUY,13
2025-10-28,16:58,AIAUSDT,SELL,7
2025-10-28,16:58,PHBUSDT,BUY,15
2025-10-28,17:01,PHBUSDT,BUY,7
2025-10-28,17:01,MELANIAUSDT,SELL,7
2025-10-28,17:02,MELANIAUSDT,SELL,7
2025-10-28,17:02,DEGOUSDT,SELL,7
2025-10-28,17:07,MAVIAUSDT,BUY,7
2025-10-28,17:08,YBUSDT,BUY,8
2025-10-28,17:10,MAVIAUSDT,BUY,8
2025-10-28,17:11,MAVIAUSDT,BUY,11
2025-10-28,17:12,MAVIAUSDT,BUY,23
2025-10-28,17:13,MAVIAUSDT,BUY,18
2025-10-28,17:17,PHBUSDT,BUY,18
2025-10-28,17:17,AIAUSDT,SELL,11
2025-10-28,17:18,AIAUSDT,SELL,9
2025-10-28,17:19,MAVIAUSDT,BUY,12
2025-10-28,17:19,PUFFERUSDT,BUY,8
2025-10-28,17:20,MAVIAUSDT,BUY,8
2025-10-28,17:20,OLUSDT,BUY,15
2025-10-28,17:20,AIAUSDT,SELL,7
2025-10-28,17:20,MELANIAUSDT,SELL,8
2025-10-28,17:20,TRUMPUSDT,SELL,8
2025-10-28,17:21,AIAUSDT,SELL,17
2025-10-28,17:21,COAIUSDT,SELL,7
2025-10-28,17:21,MELANIAUSDT,SELL,14
2025-10-28,17:21,OLUSDT,BUY,15
2025-10-28,17:21,TRUMPUSDT,SELL,10
2025-10-28,17:21,RECALLUSDT,SELL,12
2025-10-28,17:22,MELANIAUSDT,SELL,17
2025-10-28,17:22,RECALLUSDT,SELL,11
2025-10-28,17:22,AIAUSDT,SELL,29
2025-10-28,17:22,COAIUSDT,SELL,12
2025-10-28,17:23,COAIUSDT,SELL,10
2025-10-28,17:23,MELANIAUSDT,SELL,11
2025-10-28,17:23,PUFFERUSDT,SELL,7
2025-10-28,17:23,AVAUSDT,SELL,7
2025-10-28,17:24,ZECUSDT,SELL,10
2025-10-28,17:24,B2USDT,SELL,7
2025-10-28,17:25,B2USDT,SELL,15
2025-10-28,17:25,MELANIAUSDT,SELL,9
2025-10-28,17:26,B2USDT,SELL,12
2025-10-28,17:26,MELANIAUSDT,SELL,9
2025-10-28,17:27,OGUSDT,SELL,8
2025-10-28,17:27,PHBUSDT,SELL,7
2025-10-28,17:28,BTCUSDT,BUY,9
2025-10-28,17:28,ETHUSDT,BUY,12
2025-10-28,17:28,MAVIAUSDT,SELL,11
2025-10-28,17:28,PHBUSDT,SELL,7
2025-10-28,17:29,MAVIAUSDT,SELL,12
2025-10-28,17:29,ETHUSDT,BUY,9
2025-10-28,17:29,RECALLUSDT,SELL,15
2025-10-28,17:30,RECALLUSDT,SELL,11
2025-10-28,17:30,ETHUSDT,BUY,8
2025-10-28,17:31,BTCUSDT,BUY,9
2025-10-28,17:31,OLUSDT,BUY,7
2025-10-28,17:31,ETHUSDT,BUY,14
2025-10-28,17:31,XRPUSDT,BUY,8
2025-10-28,17:31,SOLUSDT,BUY,9
2025-10-28,17:31,PHBUSDT,BUY,7
2025-10-28,17:32,PHBUSDT,BUY,7
2025-10-28,17:33,OGUSDT,SELL,7
2025-10-28,17:34,OLUSDT,SELL,9
2025-10-28,17:34,OGUSDT,SELL,11
2025-10-28,17:35,OGUSDT,SELL,7
2025-10-28,17:36,OLUSDT,BUY,7
2025-10-28,17:37,OGUSDT,SELL,9
2025-10-28,17:38,PHBUSDT,BUY,9
2025-10-28,17:39,PHBUSDT,BUY,22
2025-10-28,17:45,ZECUSDT,SELL,21
2025-10-28,17:45,EVAAUSDT,SELL,8
2025-10-28,17:46,EVAAUSDT,SELL,8
2025-10-28,17:47,MAVIAUSDT,SELL,7
2025-10-28,17:48,MAVIAUSDT,SELL,9
2025-10-28,17:49,MAVIAUSDT,SELL,9
2025-10-28,17:50,AVAUSDT,BUY,8
2025-10-28,17:51,ASTERUSDT,BUY,7
2025-10-28,17:52,ASTERUSDT,BUY,7
2025-10-28,17:52,OLUSDT,BUY,12
2025-10-28,17:52,OGUSDT,SELL,7
2025-10-28,17:52,BTCUSDT,BUY,7
2025-10-28,17:56,PHBUSDT,BUY,15
2025-10-28,17:56,MAVIAUSDT,SELL,7
2025-10-28,17:57,PHBUSDT,BUY,11
2025-10-28,17:58,MAVIAUSDT,BUY,9
2025-10-28,17:58,PUFFERUSDT,SELL,12
2025-10-28,17:59,PUFFERUSDT,SELL,13
2025-10-28,17:59,MAVIAUSDT,BUY,11
2025-10-28,18:01,PHBUSDT,SELL,7
2025-10-28,18:01,DEGOUSDT,SELL,10
2025-10-28,18:03,DEGOUSDT,SELL,7
2025-10-28,18:04,DEGOUSDT,SELL,7
2025-10-28,18:05,ZECUSDT,SELL,15
2025-10-28,18:05,PUFFERUSDT,SELL,12
2025-10-28,18:06,PUFFERUSDT,SELL,13
2025-10-28,18:07,PUFFERUSDT,SELL,19
2025-10-28,18:08,MAVIAUSDT,BUY,8
2025-10-28,18:09,OGUSDT,BUY,7
2025-10-28,18:12,ETHUSDT,BUY,8
2025-10-28,18:12,BTCUSDT,BUY,9
2025-10-28,18:13,ETHUSDT,BUY,8
2025-10-28,18:13,BTCUSDT,BUY,9
2025-10-28,18:16,ENAUSDT,SELL,8
2025-10-28,18:17,ENAUSDT,SELL,8
2025-10-28,18:17,PHBUSDT,BUY,7
2025-10-28,18:18,ETHUSDT,BUY,9
2025-10-28,18:19,ETHUSDT,BUY,9
2025-10-28,18:19,EVAAUSDT,BUY,10
2025-10-28,18:23,HUSDT,SELL,9
2025-10-28,18:23,LQTYUSDT,BUY,9
2025-10-28,18:24,HUSDT,SELL,7
2025-10-28,18:24,AIAUSDT,SELL,7
2025-10-28,18:27,XRPUSDT,BUY,9
2025-10-28,18:28,XRPUSDT,BUY,9
2025-10-28,18:28,ENAUSDT,SELL,7
2025-10-28,18:29,ENAUSDT,SELL,8
2025-10-28,18:30,ENAUSDT,SELL,10
2025-10-28,18:30,PUFFERUSDT,SELL,8
2025-10-28,18:31,ENAUSDT,SELL,17
2025-10-28,18:31,MAVIAUSDT,SELL,9
2025-10-28,18:31,ETHUSDT,SELL,9
2025-10-28,18:32,ETHUSDT,SELL,9
2025-10-28,18:32,ENAUSDT,SELL,13
2025-10-28,18:32,OLUSDT,SELL,7
2025-10-28,18:33,OLUSDT,SELL,10
2025-10-28,18:34,PHBUSDT,BUY,7
2025-10-28,18:35,PHBUSDT,BUY,13
2025-10-28,18:36,PHBUSDT,BUY,7
2025-10-28,18:38,OLUSDT,SELL,13
2025-10-28,18:39,OLUSDT,SELL,22
2025-10-28,18:43,PUFFERUSDT,SELL,21
2025-10-28,18:44,AVAUSDT,BUY,14
2025-10-28,18:45,AIAUSDT,SELL,7
2025-10-28,18:47,AVAUSDT,BUY,8
2025-10-28,18:49,EVAAUSDT,SELL,7
2025-10-28,18:50,EVAAUSDT,SELL,7
2025-10-28,18:53,OLUSDT,BUY,10
2025-10-28,18:56,DEGOUSDT,SELL,10
2025-10-28,18:57,DEGOUSDT,SELL,29
2025-10-28,18:57,PUFFERUSDT,SELL,15
2025-10-28,18:58,AIAUSDT,SELL,7
2025-10-28,18:58,B2USDT,SELL,8
2025-10-28,19:00,PHBUSDT,BUY,21
2025-10-28,19:02,BTCUSDT,SELL,9
2025-10-28,19:03,ZECUSDT,SELL,8
2025-10-28,19:04,PHBUSDT,BUY,10
2025-10-28,19:04,KERNELUSDT,SELL,9
2025-10-28,19:05,KERNELUSDT,SELL,11
2025-10-28,19:07,GIGGLEUSDT,BUY,8
2025-10-28,19:08,AIAUSDT,SELL,8
2025-10-28,19:09,AIAUSDT,SELL,17
2025-10-28,19:10,AIAUSDT,SELL,12
2025-10-28,19:11,币安人生USDT,SELL,12
2025-10-28,19:12,币安人生USDT,SELL,7
2025-10-28,19:14,UBUSDT,BUY,13
2025-10-28,19:15,UBUSDT,BUY,19
2025-10-28,19:16,SHELLUSDT,BUY,10
2025-10-28,19:16,币安人生USDT,SELL,8
2025-10-28,19:16,ETHUSDT,BUY,8
2025-10-28,19:16,LQTYUSDT,SELL,9
2025-10-28,19:17,SHELLUSDT,BUY,10
2025-10-28,19:17,LQTYUSDT,SELL,9
2025-10-28,19:20,AIAUSDT,SELL,12
2025-10-28,19:22,MERLUSDT,SELL,8
2025-10-28,19:24,AVAUSDT,BUY,7
2025-10-28,19:24,AIAUSDT,SELL,7
2025-10-28,19:27,PHBUSDT,BUY,12
2025-10-28,19:27,MERLUSDT,SELL,7
2025-10-28,19:27,BASUSDT,SELL,7
2025-10-28,19:27,币安人生USDT,SELL,10
2025-10-28,19:28,币安人生USDT,SELL,9
2025-10-28,19:29,PHBUSDT,SELL,7
2025-10-28,19:29,MAVIAUSDT,SELL,16
2025-10-28,19:29,SOLUSDT,SELL,7
2025-10-28,19:29,ETHUSDT,SELL,9
2025-10-28,19:30,MAVIAUSDT,SELL,14
2025-10-28,19:30,SOLUSDT,SELL,7
2025-10-28,19:30,ETHUSDT,SELL,9
2025-10-28,19:32,MAVIAUSDT,SELL,16
2025-10-28,19:35,PHBUSDT,SELL,7
2025-10-28,19:36,PHBUSDT,SELL,19
2025-10-28,19:36,ETHUSDT,SELL,7
2025-10-28,19:37,ETHUSDT,SELL,11
2025-10-28,19:37,PUMPUSDT,SELL,11
2025-10-28,19:37,PHBUSDT,SELL,20
2025-10-28,19:37,币安人生USDT,SELL,11
2025-10-28,19:37,RECALLUSDT,SELL,13
2025-10-28,19:38,PUMPUSDT,SELL,15
2025-10-28,19:38,币安人生USDT,SELL,10
2025-10-28,19:38,RECALLUSDT,SELL,13
2025-10-28,19:39,MAVIAUSDT,BUY,10
2025-10-28,19:39,EULUSDT,BUY,9
2025-10-28,19:40,MAVIAUSDT,BUY,12
2025-10-28,19:40,EULUSDT,BUY,10
2025-10-28,19:41,EULUSDT,BUY,10
2025-10-28,19:44,MERLUSDT,SELL,8
2025-10-28,19:45,MERLUSDT,SELL,15
2025-10-28,19:45,ETHUSDT,SELL,7
2025-10-28,19:46,ETHUSDT,SELL,8
2025-10-28,19:48,COAIUSDT,SELL,22
2025-10-28,19:48,AIAUSDT,SELL,9
2025-10-28,19:48,币安人生USDT,SELL,10
2025-10-28,19:49,COAIUSDT,SELL,33
2025-10-28,19:49,AIAUSDT,SELL,12
2025-10-28,19:49,DEGOUSDT,SELL,8
2025-10-28,19:49,币安人生USDT,SELL,12
2025-10-28,19:49,HANAUSDT,SELL,9
2025-10-28,19:49,FFUSDT,SELL,7
2025-10-28,19:49,XPINUSDT,SELL,7
2025-10-28,19:50,COAIUSDT,SELL,11
2025-10-28,19:50,OLUSDT,SELL,11
2025-10-28,19:51,OLUSDT,SELL,14
2025-10-28,19:52,OLUSDT,SELL,15
2025-10-28,19:53,PHBUSDT,SELL,7
2025-10-28,19:54,PHBUSDT,SELL,11
2025-10-28,19:58,COAIUSDT,SELL,7
2025-10-28,19:58,TRUMPUSDT,SELL,9
2025-10-28,19:59,AVAUSDT,SELL,10
2025-10-28,19:59,KERNELUSDT,SELL,7
2025-10-28,19:59,TRUMPUSDT,SELL,7
2025-10-28,19:59,LQTYUSDT,SELL,9
2025-10-28,20:00,AVAUSDT,SELL,9
2025-10-28,20:00,LQTYUSDT,SELL,7
2025-10-28,20:01,KERNELUSDT,SELL,8
2025-10-28,20:01,SHELLUSDT,SELL,10
2025-10-28,20:02,SHELLUSDT,SELL,7
2025-10-28,20:02,KERNELUSDT,SELL,7
2025-10-28,20:04,KERNELUSDT,SELL,10
2025-10-28,20:05,KERNELUSDT,SELL,10
2025-10-28,20:06,OLUSDT,BUY,10
2025-10-28,20:06,PUFFERUSDT,BUY,9
2025-10-28,20:06,LQTYUSDT,SELL,7
2025-10-28,20:07,OLUSDT,BUY,9
2025-10-28,20:07,EVAAUSDT,BUY,8
2025-10-28,20:11,SHELLUSDT,SELL,7
2025-10-28,20:12,SHELLUSDT,SELL,7
2025-10-28,20:12,ZECUSDT,SELL,8
2025-10-28,20:13,EVAAUSDT,BUY,16
2025-10-28,20:15,ETHUSDT,SELL,17
2025-10-28,20:15,ZECUSDT,SELL,8
2025-10-28,20:16,ETHUSDT,SELL,27
2025-10-28,20:16,ZECUSDT,SELL,13
2025-10-28,20:16,OLUSDT,SELL,20
2025-10-28,20:16,ZENUSDT,SELL,8
2025-10-28,20:16,PUFFERUSDT,SELL,7
2025-10-28,20:16,BTCUSDT,SELL,11
2025-10-28,20:16,RECALLUSDT,SELL,10
2025-10-28,20:16,SOLUSDT,SELL,7
2025-10-28,20:16,KERNELUSDT,SELL,9
2025-10-28,20:17,FFUSDT,SELL,7
2025-10-28,20:17,LINKUSDT,SELL,7
2025-10-28,20:17,ETHUSDT,SELL,33
2025-10-28,20:17,BTCUSDT,SELL,26
2025-10-28,20:17,KERNELUSDT,SELL,10
2025-10-28,20:17,SOLUSDT,SELL,17
2025-10-28,20:17,DOGEUSDT,SELL,10
2025-10-28,20:17,ENAUSDT,SELL,8
2025-10-28,20:17,WLFIUSDT,SELL,9
2025-10-28,20:17,4USDT,SELL,11
2025-10-28,20:17,DASHUSDT,SELL,8
2025-10-28,20:17,MLNUSDT,SELL,8
2025-10-28,20:17,RECALLUSDT,SELL,13
2025-10-28,20:17,币安人生USDT,SELL,8
2025-10-28,20:17,BTCUSDC,SELL,10
2025-10-28,20:17,AVAXUSDT,SELL,7
2025-10-28,20:17,ETHUSDC,SELL,8
2025-10-28,20:18,BTCUSDT,SELL,24
2025-10-28,20:18,DASHUSDT,SELL,10
2025-10-28,20:18,ETHUSDT,SELL,29
2025-10-28,20:18,TRUMPUSDT,SELL,7
2025-10-28,20:18,SOLUSDT,SELL,18
2025-10-28,20:18,DOGEUSDT,SELL,9
2025-10-28,20:18,WLFIUSDT,SELL,8
2025-10-28,20:18,ETHUSDC,SELL,8
2025-10-28,20:18,BTCUSDC,SELL,9
2025-10-28,20:18,4USDT,SELL,14
2025-10-28,20:18,RECALLUSDT,SELL,13
2025-10-28,20:18,LINKUSDT,SELL,7
2025-10-28,20:18,BASUSDT,SELL,7
2025-10-28,20:18,LABUSDT,SELL,8
2025-10-28,20:18,SHELLUSDT,SELL,8
2025-10-28,20:18,ENAUSDT,SELL,7
2025-10-28,20:18,WLDUSDT,SELL,7
2025-10-28,20:18,AVAXUSDT,SELL,7
2025-10-28,20:18,CUDISUSDT,SELL,9
2025-10-28,20:18,AVAUSDT,BUY,8
2025-10-28,20:19,BTCUSDT,SELL,23
2025-10-28,20:19,LABUSDT,SELL,14
2025-10-28,20:19,4USDT,SELL,13
2025-10-28,20:19,ETHUSDT,SELL,27
2025-10-28,20:19,SOLUSDT,SELL,17
2025-10-28,20:19,PUMPUSDT,SELL,9
2025-10-28,20:19,ETHFIUSDT,SELL,8
2025-10-28,20:19,DOGEUSDT,SELL,7
2025-10-28,20:19,XRPUSDT,SELL,8
2025-10-28,20:19,BELUSDT,SELL,7
2025-10-28,20:19,ZECUSDT,SELL,7
2025-10-28,20:19,XPINUSDT,SELL,8
2025-10-28,20:19,CUDISUSDT,SELL,14
2025-10-28,20:19,PUFFERUSDT,SELL,10
2025-10-28,20:19,SHELLUSDT,SELL,10
2025-10-28,20:19,TAOUSDT,SELL,8
2025-10-28,20:19,AVAUSDT,BUY,15
2025-10-28,20:19,RECALLUSDT,SELL,17
2025-10-28,20:19,HANAUSDT,SELL,10
2025-10-28,20:19,ENAUSDT,SELL,7
2025-10-28,20:20,ZECUSDT,SELL,19
2025-10-28,20:20,SOLUSDT,SELL,34
2025-10-28,20:20,MLNUSDT,SELL,8
2025-10-28,20:20,ETHUSDT,SELL,38
2025-10-28,20:20,XPINUSDT,SELL,8
2025-10-28,20:20,PUFFERUSDT,SELL,8
2025-10-28,20:20,BTCUSDT,SELL,35
2025-10-28,20:20,ETHUSDC,SELL,11
2025-10-28,20:20,FARTCOINUSDT,SELL,12
2025-10-28,20:20,PUMPUSDT,SELL,16
2025-10-28,20:20,DOGEUSDT,SELL,13
2025-10-28,20:20,RECALLUSDT,SELL,11
2025-10-28,20:20,LABUSDT,SELL,16
2025-10-28,20:20,TAOUSDT,SELL,7
2025-10-28,20:20,币安人生USDT,SELL,7
2025-10-28,20:20,SHELLUSDT,SELL,7
2025-10-28,20:20,XRPUSDT,SELL,16
2025-10-28,20:20,4USDT,SELL,12
2025-10-28,20:20,HANAUSDT,SELL,9
2025-10-28,20:20,BTCUSDC,SELL,8
2025-10-28,20:20,ETHFIUSDT,SELL,13
2025-10-28,20:20,ENAUSDT,SELL,13
2025-10-28,20:20,NEARUSDT,SELL,8
2025-10-28,20:20,AVAXUSDT,SELL,10
2025-10-28,20:20,ADAUSDT,SELL,10
2025-10-28,20:20,FETUSDT,SELL,9
2025-10-28,20:20,LTCUSDT,SELL,11
2025-10-28,20:20,ASTERUSDT,SELL,12
2025-10-28,20:20,BIGTIMEUSDT,SELL,7
2025-10-28,20:20,KDAUSDT,SELL,8
2025-10-28,20:20,BIOUSDT,SELL,7
2025-10-28,20:20,TRUMPUSDT,SELL,11
2025-10-28,20:20,XPLUSDT,SELL,7
2025-10-28,20:20,1000PEPEUSDT,SELL,10
2025-10-28,20:20,WLDUSDT,SELL,7
2025-10-28,20:20,WLFIUSDT,SELL,7
2025-10-28,20:21,ASTERUSDT,SELL,10
2025-10-28,20:21,SOLUSDT,SELL,23
2025-10-28,20:21,XRPUSDT,SELL,10
2025-10-28,20:21,ETHUSDC,SELL,8
2025-10-28,20:21,ZECUSDT,SELL,13
2025-10-28,20:21,TRUMPUSDT,SELL,9
2025-10-28,20:21,DOGEUSDT,SELL,9
2025-10-28,20:21,PUMPUSDT,SELL,9
2025-10-28,20:21,BTCUSDT,SELL,18
2025-10-28,20:21,ADAUSDT,SELL,8
2025-10-28,20:21,ENAUSDT,SELL,8
2025-10-28,20:21,ETHFIUSDT,SELL,7
2025-10-28,20:21,LTCUSDT,SELL,8
2025-10-28,20:21,FETUSDT,SELL,8
2025-10-28,20:21,TRADOORUSDT,SELL,8
2025-10-28,20:21,1000PEPEUSDT,SELL,8
2025-10-28,20:21,FARTCOINUSDT,SELL,9
2025-10-28,20:21,WLFIUSDT,SELL,7
2025-10-28,20:21,CHILLGUYUSDT,SELL,7
2025-10-28,20:23,AIAUSDT,BUY,10
2025-10-28,20:24,AIAUSDT,BUY,9
2025-10-28,20:24,TRADOORUSDT,SELL,8
2025-10-28,20:25,TRADOORUSDT,SELL,14
2025-10-28,20:27,BLESSUSDT,SELL,7
2025-10-28,20:28,HIPPOUSDT,SELL,9
2025-10-28,20:28,BLESSUSDT,SELL,8
2025-10-28,20:28,ENAUSDT,SELL,15
2025-10-28,20:28,HEMIUSDT,SELL,7
2025-10-28,20:28,AVAUSDT,SELL,7
2025-10-28,20:28,ETHUSDT,SELL,9
2025-10-28,20:28,BTCUSDT,SELL,10
2025-10-28,20:29,ENAUSDT,SELL,14
2025-10-28,20:29,SOLUSDT,SELL,8
2025-10-28,20:29,ETHUSDT,SELL,9
2025-10-28,20:29,XRPUSDT,SELL,8
2025-10-28,20:29,BNBUSDT,SELL,7
2025-10-28,20:29,BTCUSDT,SELL,14
2025-10-28,20:29,HIPPOUSDT,SELL,9
2025-10-28,20:30,HIPPOUSDT,SELL,7
2025-10-28,20:30,ENAUSDT,SELL,9
2025-10-28,20:30,BNBUSDT,SELL,15
2025-10-28,20:30,TAOUSDT,SELL,8
2025-10-28,20:30,ETHFIUSDT,SELL,18
2025-10-28,20:30,XRPUSDT,SELL,16
2025-10-28,20:30,HBARUSDT,SELL,11
2025-10-28,20:30,SOLUSDT,SELL,20
2025-10-28,20:30,DOGEUSDT,SELL,15
2025-10-28,20:30,ASTERUSDT,SELL,9
2025-10-28,20:30,ADAUSDT,SELL,8
2025-10-28,20:30,TURBOUSDT,SELL,8
2025-10-28,20:30,ETHUSDT,SELL,15
2025-10-28,20:30,WLFIUSDT,SELL,7
2025-10-28,20:30,1000PEPEUSDT,SELL,10
2025-10-28,20:30,AERGOUSDT,SELL,7
2025-10-28,20:30,CHILLGUYUSDT,SELL,9
2025-10-28,20:30,CATIUSDT,SELL,7
2025-10-28,20:30,LINKUSDT,SELL,10
2025-10-28,20:30,AVAXUSDT,SELL,10
2025-10-28,20:30,TIAUSDT,SELL,9
2025-10-28,20:30,WLDUSDT,SELL,8
2025-10-28,20:30,FETUSDT,SELL,10
2025-10-28,20:30,STRKUSDT,SELL,7
2025-10-28,20:30,FUNUSDT,SELL,7
2025-10-28,20:30,ARBUSDT,SELL,9
2025-10-28,20:30,HEMIUSDT,SELL,8
2025-10-28,20:30,FARTCOINUSDT,SELL,14
2025-10-28,20:30,NEIROUSDT,SELL,8
2025-10-28,20:30,DOGSUSDT,SELL,7
2025-10-28,20:31,XRPUSDT,SELL,13
2025-10-28,20:31,ADAUSDT,SELL,9
2025-10-28,20:31,ETHFIUSDT,SELL,18
2025-10-28,20:31,SOLUSDT,SELL,18
2025-10-28,20:31,TURBOUSDT,SELL,8
2025-10-28,20:31,DOGEUSDT,SELL,15
2025-10-28,20:31,WLFIUSDT,SELL,7
2025-10-28,20:31,1000PEPEUSDT,SELL,10
2025-10-28,20:31,AERGOUSDT,SELL,7
2025-10-28,20:31,CHILLGUYUSDT,SELL,9
2025-10-28,20:31,CATIUSDT,SELL,7
2025-10-28,20:31,LINKUSDT,SELL,10
2025-10-28,20:31,AVAXUSDT,SELL,11
2025-10-28,20:31,TIAUSDT,SELL,9
2025-10-28,20:31,ASTERUSDT,SELL,8
2025-10-28,20:31,WLDUSDT,SELL,9
2025-10-28,20:31,FETUSDT,SELL,10
2025-10-28,20:31,STRKUSDT,SELL,7
2025-10-28,20:31,FUNUSDT,SELL,7
2025-10-28,20:31,ENAUSDT,SELL,7
2025-10-28,20:31,ARBUSDT,SELL,9
2025-10-28,20:31,HBARUSDT,SELL,8
2025-10-28,20:31,HEMIUSDT,SELL,9
2025-10-28,20:31,FARTCOINUSDT,SELL,14
2025-10-28,20:31,NEIROUSDT,SELL,8
2025-10-28,20:31,DOGSUSDT,SELL,7
2025-10-28,20:33,HUSDT,BUY,10
2025-10-28,20:33,ZECUSDT,BUY,7
2025-10-28,20:33,PHBUSDT,SELL,7
2025-10-28,20:34,HUSDT,BUY,8
2025-10-28,20:35,OLUSDT,BUY,11
2025-10-28,20:41,ETHUSDT,SELL,9
2025-10-28,20:42,GIGGLEUSDT,BUY,8
2025-10-28,20:43,GIGGLEUSDT,BUY,12
2025-10-28,20:44,GIGGLEUSDT,BUY,9
2025-10-28,20:44,KERNELUSDT,SELL,8
2025-10-28,20:45,KERNELUSDT,SELL,7
2025-10-28,20:45,MAVIAUSDT,SELL,8
2025-10-28,20:46,ASTERUSDT,SELL,9
2025-10-28,20:46,SOLUSDT,SELL,10
2025-10-28,20:47,SOLUSDT,SELL,10
2025-10-28,20:47,BNBUSDT,SELL,7
2025-10-28,20:47,DEGOUSDT,SELL,8
2025-10-28,20:47,ETHUSDT,SELL,8
2025-10-28,20:48,KERNELUSDT,SELL,7
2025-10-28,20:48,BNBUSDT,SELL,8
2025-10-28,20:48,ETHUSDT,SELL,8
2025-10-28,20:49,ETHUSDC,SELL,8
2025-10-28,20:49,ETHUSDT,SELL,12
2025-10-28,20:49,SOLUSDT,SELL,8
2025-10-28,20:49,BNBUSDT,SELL,9
2025-10-28,20:50,BRETTUSDT,SELL,13
2025-10-28,20:50,ETHUSDT,SELL,28
2025-10-28,20:50,ETHUSDC,SELL,21
2025-10-28,20:50,ICPUSDT,SELL,9
2025-10-28,20:50,SUIUSDT,SELL,17
2025-10-28,20:50,WLDUSDT,SELL,16
2025-10-28,20:50,LTCUSDT,SELL,8
2025-10-28,20:50,LINKUSDT,SELL,16
2025-10-28,20:50,SOLUSDC,SELL,8
2025-10-28,20:50,TRUMPUSDT,SELL,12
2025-10-28,20:50,GRASSUSDT,SELL,9
2025-10-28,20:50,1000PEPEUSDT,SELL,14
2025-10-28,20:50,ENAUSDT,SELL,8
2025-10-28,20:50,SNXUSDT,SELL,7
2025-10-28,20:50,ZENUSDT,SELL,9
2025-10-28,20:50,WLFIUSDT,SELL,9
2025-10-28,20:50,AVAXUSDT,SELL,14
2025-10-28,20:50,PENGUUSDT,SELL,8
2025-10-28,20:50,FARTCOINUSDT,SELL,7
2025-10-28,20:50,OPUSDT,SELL,9
2025-10-28,20:50,1000BONKUSDT,SELL,11
2025-10-28,20:50,SYNUSDT,SELL,10
2025-10-28,20:50,EIGENUSDT,SELL,10
2025-10-28,20:50,BOMEUSDT,SELL,7
2025-10-28,20:50,TIAUSDT,SELL,10
2025-10-28,20:50,1000SHIBUSDT,SELL,8
2025-10-28,20:50,TAOUSDT,SELL,10
2025-10-28,20:50,MEMEUSDT,SELL,7
2025-10-28,20:50,NEARUSDT,SELL,10
2025-10-28,20:50,CRVUSDT,SELL,8
2025-10-28,20:50,DOTUSDT,SELL,11
2025-10-28,20:50,ARBUSDT,SELL,7
2025-10-28,20:50,SEIUSDT,SELL,12
2025-10-28,20:50,ETHFIUSDT,SELL,8
2025-10-28,20:50,EDENUSDT,SELL,7
2025-10-28,20:50,NEIROUSDT,SELL,11
2025-10-28,20:50,DEGOUSDT,SELL,7
2025-10-28,20:50,AVAAIUSDT,SELL,9
2025-10-28,20:51,DOTUSDT,SELL,11
2025-10-28,20:51,EIGENUSDT,SELL,9
2025-10-28,20:51,ARBUSDT,SELL,7
2025-10-28,20:51,1000PEPEUSDT,SELL,12
2025-10-28,20:51,TIAUSDT,SELL,9
2025-10-28,20:51,LINKUSDT,SELL,12
2025-10-28,20:51,WLDUSDT,SELL,12
2025-10-28,20:51,ETHUSDC,SELL,14
2025-10-28,20:51,ETHUSDT,SELL,18
2025-10-28,20:51,SUIUSDT,SELL,15
2025-10-28,20:51,AVAXUSDT,SELL,12
2025-10-28,20:51,WLFIUSDT,SELL,8
2025-10-28,20:51,SEIUSDT,SELL,12
2025-10-28,20:51,ETHFIUSDT,SELL,8
2025-10-28,20:51,TAOUSDT,SELL,10
2025-10-28,20:51,PENGUUSDT,SELL,7
2025-10-28,20:51,SYNUSDT,SELL,9
2025-10-28,20:51,BRETTUSDT,SELL,9
2025-10-28,20:51,TRUMPUSDT,SELL,11
2025-10-28,20:51,1000BONKUSDT,SELL,9
2025-10-28,20:51,CRVUSDT,SELL,7
2025-10-28,20:51,GRASSUSDT,SELL,7
2025-10-28,20:51,NEARUSDT,SELL,9
2025-10-28,20:51,EDENUSDT,SELL,7
2025-10-28,20:51,ICPUSDT,SELL,8
2025-10-28,20:51,NEIROUSDT,SELL,11
2025-10-28,20:51,1000SHIBUSDT,SELL,7
2025-10-28,20:51,OPUSDT,SELL,8
2025-10-28,20:51,ZENUSDT,SELL,8
2025-10-28,20:51,DEGOUSDT,SELL,11
2025-10-28,20:51,AVAAIUSDT,SELL,9
2025-10-28,20:57,SOLUSDT,SELL,10
2025-10-28,20:57,PUMPUSDT,SELL,8
2025-10-28,20:58,PUMPUSDT,SELL,9
2025-10-28,20:58,TRUMPUSDT,SELL,13
2025-10-28,20:58,AVAUSDT,BUY,7
2025-10-28,20:59,TRUMPUSDT,SELL,8
2025-10-28,21:00,OLUSDT,BUY,20
2025-10-28,21:00,AVAUSDT,BUY,10
2025-10-28,21:01,COAIUSDT,BUY,7
2025-10-28,21:01,SQDUSDT,SELL,7
2025-10-28,21:01,1000SATSUSDT,SELL,9
2025-10-28,21:02,1000SATSUSDT,SELL,8
2025-10-28,21:04,MONUSDT,BUY,14
2025-10-28,21:04,BTCUSDT,SELL,8
2025-10-28,21:05,MONUSDT,BUY,9
2025-10-28,21:05,HBARUSDT,SELL,8
2025-10-28,21:05,PUFFERUSDT,SELL,9
2025-10-28,21:05,SOLUSDT,SELL,14
2025-10-28,21:05,XRPUSDT,SELL,8
2025-10-28,21:05,DOGEUSDT,SELL,10
2025-10-28,21:05,ETHUSDC,SELL,8
2025-10-28,21:05,AVAXUSDT,SELL,8
2025-10-28,21:05,LINKUSDT,SELL,7
2025-10-28,21:05,ADAUSDT,SELL,7
2025-10-28,21:05,ETHFIUSDT,SELL,7
2025-10-28,21:06,BNBUSDT,SELL,29
2025-10-28,21:06,HBARUSDT,SELL,14
2025-10-28,21:06,SUIUSDT,SELL,19
2025-10-28,21:06,XRPUSDT,SELL,18
2025-10-28,21:06,BNBUSDC,SELL,7
2025-10-28,21:06,KGENUSDT,SELL,12
2025-10-28,21:06,AVAXUSDT,SELL,22
2025-10-28,21:06,HEMIUSDT,SELL,10
2025-10-28,21:06,DOGEUSDT,SELL,25
2025-10-28,21:06,GPSUSDT,SELL,9
2025-10-28,21:06,TAOUSDT,SELL,21
2025-10-28,21:06,DOGSUSDT,SELL,8
2025-10-28,21:06,TRUMPUSDT,SELL,15
2025-10-28,21:06,HYPEUSDT,SELL,8
2025-10-28,21:06,NEARUSDT,SELL,12
2025-10-28,21:06,1000FLOKIUSDT,SELL,9
2025-10-28,21:06,PENGUUSDT,SELL,16
2025-10-28,21:06,ETHUSDC,SELL,15
2025-10-28,21:06,BTCUSDC,SELL,7
2025-10-28,21:06,ENAUSDT,SELL,14
2025-10-28,21:06,RSRUSDT,SELL,10
2025-10-28,21:06,FILUSDT,SELL,7
2025-10-28,21:06,LTCUSDT,SELL,18
2025-10-28,21:06,1000PEPEUSDT,SELL,20
2025-10-28,21:06,DOTUSDT,SELL,15
2025-10-28,21:06,FUNUSDT,SELL,8
2025-10-28,21:06,ASTERUSDT,SELL,24
2025-10-28,21:06,ARBUSDT,SELL,13
2025-10-28,21:06,OPUSDT,SELL,9
2025-10-28,21:06,LINKUSDT,SELL,23
2025-10-28,21:06,ADAUSDT,SELL,24
2025-10-28,21:06,APTUSDT,SELL,13
2025-10-28,21:06,ATOMUSDT,SELL,9
2025-10-28,21:06,ETHFIUSDT,SELL,22
2025-10-28,21:06,DOGEUSDC,SELL,7
2025-10-28,21:06,PUFFERUSDT,SELL,13
2025-10-28,21:06,SOLUSDC,SELL,16
2025-10-28,21:06,PUMPUSDT,SELL,9
2025-10-28,21:06,ZKUSDT,SELL,10
2025-10-28,21:06,AIXBTUSDT,SELL,7
2025-10-28,21:06,FARTCOINUSDT,SELL,14
2025-10-28,21:06,PLUMEUSDT,SELL,11
2025-10-28,21:06,ZROUSDT,SELL,7
2025-10-28,21:06,AAVEUSDT,SELL,8
2025-10-28,21:06,ICPUSDT,SELL,7
2025-10-28,21:06,WIFUSDT,SELL,10
2025-10-28,21:06,WLDUSDT,SELL,14
2025-10-28,21:06,NEIROUSDT,SELL,7
2025-10-28,21:06,LDOUSDT,SELL,10
2025-10-28,21:06,CAKEUSDT,SELL,7
2025-10-28,21:06,RECALLUSDT,SELL,12
2025-10-28,21:06,1000SHIBUSDT,SELL,12
2025-10-28,21:06,SPELLUSDT,SELL,7
2025-10-28,21:06,TRBUSDT,SELL,13
2025-10-28,21:06,GALAUSDT,SELL,10
2025-10-28,21:06,SANDUSDT,SELL,9
2025-10-28,21:06,1000BONKUSDT,SELL,9
2025-10-28,21:06,FETUSDT,SELL,13
2025-10-28,21:06,BRETTUSDT,SELL,8
2025-10-28,21:06,ENSUSDT,SELL,7
2025-10-28,21:06,KDAUSDT,SELL,9
2025-10-28,21:06,COAIUSDT,SELL,8
2025-10-28,21:06,PNUTUSDT,SELL,8
2025-10-28,21:06,BIOUSDT,SELL,8
2025-10-28,21:06,KERNELUSDT,SELL,9
2025-10-28,21:06,币安人生USDT,SELL,14
2025-10-28,21:06,EIGENUSDT,SELL,7
2025-10-28,21:06,XVGUSDT,SELL,8
2025-10-28,21:06,FFUSDT,SELL,10
2025-10-28,21:06,DOLOUSDT,SELL,7
2025-10-28,21:06,WLFIUSDT,SELL,13
2025-10-28,21:06,YBUSDT,SELL,7
2025-10-28,21:06,FORMUSDT,SELL,9
2025-10-28,21:06,GRASSUSDT,SELL,8
2025-10-28,21:06,XPLUSDT,SELL,11
2025-10-28,21:06,ZENUSDT,SELL,10
2025-10-28,21:06,TIAUSDT,SELL,8
2025-10-28,21:06,UNIUSDT,SELL,7
2025-10-28,21:06,CRVUSDT,SELL,7
2025-10-28,21:06,SOMIUSDT,SELL,11
2025-10-28,21:06,WUSDT,SELL,7
2025-10-28,21:06,MANAUSDT,SELL,9
2025-10-28,21:06,SAGAUSDT,SELL,9
2025-10-28,21:07,GRASSUSDT,SELL,8
2025-10-28,21:07,ASTERUSDT,SELL,20
2025-10-28,21:07,HEMIUSDT,SELL,9
2025-10-28,21:07,ETHUSDT,SELL,27
2025-10-28,21:07,ADAUSDT,SELL,19
2025-10-28,21:07,TAOUSDT,SELL,16
2025-10-28,21:07,RECALLUSDT,SELL,9
2025-10-28,21:07,PLUMEUSDT,SELL,8
2025-10-28,21:07,BNBUSDT,SELL,21
2025-10-28,21:07,XPLUSDT,SELL,11
2025-10-28,21:07,LTCUSDT,SELL,15
2025-10-28,21:07,LINKUSDT,SELL,18
2025-10-28,21:07,ZENUSDT,SELL,10
2025-10-28,21:07,XRPUSDT,SELL,14
2025-10-28,21:07,DASHUSDT,SELL,9
2025-10-28,21:07,ZECUSDT,SELL,17
2025-10-28,21:07,KDAUSDT,SELL,9
2025-10-28,21:07,TIAUSDT,SELL,8
2025-10-28,21:07,PENGUUSDT,SELL,13
2025-10-28,21:07,ENAUSDT,SELL,13
2025-10-28,21:07,UNIUSDT,SELL,7
2025-10-28,21:07,FETUSDT,SELL,11
2025-10-28,21:07,FFUSDT,SELL,9
2025-10-28,21:07,SWARMSUSDT,SELL,10
2025-10-28,21:07,FARTCOINUSDT,SELL,8
2025-10-28,21:07,ETHFIUSDT,SELL,16
2025-10-28,21:07,SANDUSDT,SELL,8
2025-10-28,21:07,WIFUSDT,SELL,9
2025-10-28,21:07,GALAUSDT,SELL,9
2025-10-28,21:07,AVAXUSDT,SELL,16
2025-10-28,21:07,1000PEPEUSDT,SELL,16
2025-10-28,21:07,BRETTUSDT,SELL,7
2025-10-28,21:07,COAIUSDT,SELL,7
2025-10-28,21:07,CRVUSDT,SELL,7
2025-10-28,21:07,LDOUSDT,SELL,10
2025-10-28,21:07,SOLUSDC,SELL,13
2025-10-28,21:07,KERNELUSDT,SELL,8
2025-10-28,21:07,SOMIUSDT,SELL,11
2025-10-28,21:07,SUIUSDT,SELL,15
2025-10-28,21:07,DOGEUSDT,SELL,19
2025-10-28,21:07,ATOMUSDT,SELL,8
2025-10-28,21:07,WLDUSDT,SELL,12
2025-10-28,21:07,FILUSDT,SELL,7
2025-10-28,21:07,ETHUSDC,SELL,10
2025-10-28,21:07,WUSDT,SELL,7
2025-10-28,21:07,WLFIUSDT,SELL,11
2025-10-28,21:07,HBARUSDT,SELL,9
2025-10-28,21:07,LINEAUSDT,SELL,7
2025-10-28,21:07,TRUMPUSDT,SELL,10
2025-10-28,21:07,ARBUSDT,SELL,11
2025-10-28,21:07,TRBUSDT,SELL,9
2025-10-28,21:07,PNUTUSDT,SELL,7
2025-10-28,21:07,1000SHIBUSDT,SELL,10
2025-10-28,21:07,CAKEUSDT,SELL,7
2025-10-28,21:07,DOTUSDT,SELL,13
2025-10-28,21:07,APTUSDT,SELL,14
2025-10-28,21:07,MANAUSDT,SELL,9
2025-10-28,21:07,SAGAUSDT,SELL,9
2025-10-28,21:07,GPSUSDT,SELL,8
2025-10-28,21:07,FORMUSDT,SELL,9
2025-10-28,21:07,TRXUSDT,SELL,7
2025-10-28,21:07,NEARUSDT,SELL,9
2025-10-28,21:07,HYPEUSDT,SELL,7
2025-10-28,21:07,1000BONKUSDT,SELL,8
2025-10-28,21:07,1000FLOKIUSDT,SELL,7
2025-10-28,21:07,DOGSUSDT,SELL,7
2025-10-28,21:07,XVGUSDT,SELL,7
2025-10-28,21:07,ORDIUSDT,SELL,7
2025-10-28,21:07,FUNUSDT,SELL,7
2025-10-28,21:07,BDXNUSDT,SELL,7
2025-10-28,21:07,RSRUSDT,SELL,8
2025-10-28,21:09,BTCUSDT,SELL,9
2025-10-28,21:10,OLUSDT,BUY,8
2025-10-28,21:11,AVAUSDT,SELL,15
2025-10-28,21:12,TAOUSDT,SELL,7
2025-10-28,21:12,ETHUSDT,SELL,23
2025-10-28,21:12,PUMPUSDT,SELL,13
2025-10-28,21:12,BTCUSDT,SELL,9
2025-10-28,21:12,SOLUSDT,SELL,11
2025-10-28,21:12,BNBUSDT,SELL,8
2025-10-28,21:13,ETHUSDT,SELL,30
2025-10-28,21:13,PUMPUSDT,SELL,24
2025-10-28,21:13,BTCUSDT,SELL,27
2025-10-28,21:13,ETHUSDC,SELL,7
2025-10-28,21:13,SOLUSDT,SELL,15
2025-10-28,21:13,BNBUSDT,SELL,13
2025-10-28,21:13,LINKUSDT,SELL,9
2025-10-28,21:13,ADAUSDT,SELL,7
2025-10-28,21:13,USELESSUSDT,SELL,8
2025-10-28,21:13,FARTCOINUSDT,SELL,7
2025-10-28,21:14,PUMPUSDT,SELL,11
2025-10-28,21:14,BTCUSDT,SELL,18
2025-10-28,21:16,AIAUSDT,BUY,8
2025-10-28,21:16,BTCUSDT,SELL,11
2025-10-28,21:17,AIAUSDT,BUY,7
2025-10-28,21:17,COAIUSDT,BUY,7
2025-10-28,21:17,MERLUSDT,BUY,8
2025-10-28,21:17,BTCUSDT,SELL,12
2025-10-28,21:18,ETHUSDT,SELL,8
2025-10-28,21:19,XPLUSDT,SELL,15
2025-10-28,21:19,FARTCOINUSDT,SELL,22
2025-10-28,21:19,OLUSDT,SELL,9
2025-10-28,21:19,AIXBTUSDT,SELL,17
2025-10-28,21:19,WLFIUSDT,SELL,21
2025-10-28,21:19,YBUSDT,SELL,9
2025-10-28,21:19,CAKEUSDT,SELL,14
2025-10-28,21:19,TSTUSDT,SELL,7
2025-10-28,21:19,ETHUSDC,SELL,18
2025-10-28,21:19,BNBUSDT,SELL,32
2025-10-28,21:19,ETHUSDT,SELL,38
2025-10-28,21:19,AIAUSDT,SELL,7
2025-10-28,21:19,PIPPINUSDT,SELL,7
2025-10-28,21:19,ZBTUSDT,SELL,8
2025-10-28,21:19,LINEAUSDT,SELL,12
2025-10-28,21:19,NEIROUSDT,SELL,15
2025-10-28,21:19,TAOUSDT,SELL,21
2025-10-28,21:19,TRUMPUSDT,SELL,22
2025-10-28,21:19,DASHUSDT,SELL,8
2025-10-28,21:19,XRPUSDT,SELL,36
2025-10-28,21:19,ENAUSDT,SELL,17
2025-10-28,21:19,RLCUSDT,SELL,9
2025-10-28,21:19,AEROUSDT,SELL,7
2025-10-28,21:19,SYSUSDT,SELL,10
2025-10-28,21:19,HANAUSDT,SELL,15
2025-10-28,21:19,HBARUSDT,SELL,17
2025-10-28,21:19,TREEUSDT,SELL,11
2025-10-28,21:19,ADAUSDT,SELL,26
2025-10-28,21:19,LTCUSDT,SELL,25
2025-10-28,21:19,SPELLUSDT,SELL,9
2025-10-28,21:19,BASUSDT,SELL,9
2025-10-28,21:19,DOGEUSDT,SELL,27
2025-10-28,21:19,OPUSDT,SELL,16
2025-10-28,21:19,ETHFIUSDT,SELL,18
2025-10-28,21:19,SOLUSDT,SELL,28
2025-10-28,21:19,1000PEPEUSDT,SELL,22
2025-10-28,21:19,1000SHIBUSDT,SELL,17
2025-10-28,21:19,POLUSDT,SELL,8
2025-10-28,21:19,MELANIAUSDT,SELL,12
2025-10-28,21:19,AVNTUSDT,SELL,14
2025-10-28,21:19,MOODENGUSDT,SELL,9
2025-10-28,21:19,RSRUSDT,SELL,8
2025-10-28,21:19,ATOMUSDT,SELL,15
2025-10-28,21:19,ETCUSDT,SELL,13
2025-10-28,21:19,AVAXUSDT,SELL,24
2025-10-28,21:19,DEGENUSDT,SELL,7
2025-10-28,21:19,AUCTIONUSDT,SELL,9
2025-10-28,21:19,COAIUSDT,SELL,17
2025-10-28,21:19,JUPUSDT,SELL,10
2025-10-28,21:19,EIGENUSDT,SELL,19
2025-10-28,21:19,NFPUSDT,SELL,8
2025-10-28,21:19,HYPEUSDT,SELL,17
2025-10-28,21:19,SUIUSDT,SELL,23
2025-10-28,21:19,ASTERUSDT,SELL,17
2025-10-28,21:19,BNBUSDC,SELL,7
2025-10-28,21:19,SUIUSDC,SELL,7
2025-10-28,21:19,ONDOUSDT,SELL,11
2025-10-28,21:19,1000FLOKIUSDT,SELL,16
2025-10-28,21:19,1000LUNCUSDT,SELL,14
2025-10-28,21:19,FETUSDT,SELL,17
2025-10-28,21:19,AXLUSDT,SELL,12
2025-10-28,21:19,DOGSUSDT,SELL,14
2025-10-28,21:19,BRETTUSDT,SELL,10
2025-10-28,21:19,NOTUSDT,SELL,12
2025-10-28,21:19,LINKUSDT,SELL,22
2025-10-28,21:19,FILUSDT,SELL,16
2025-10-28,21:19,FIDAUSDT,SELL,12
2025-10-28,21:19,ADAUSDC,SELL,8
2025-10-28,21:19,LDOUSDT,SELL,17
2025-10-28,21:19,PYTHUSDT,SELL,10
2025-10-28,21:19,RVNUSDT,SELL,7
2025-10-28,21:19,XAIUSDT,SELL,8
2025-10-28,21:19,JTOUSDT,SELL,8
2025-10-28,21:19,YGGUSDT,SELL,10
2025-10-28,21:19,APEUSDT,SELL,12
2025-10-28,21:19,ZKUSDT,SELL,10
2025-10-28,21:19,GALAUSDT,SELL,15
2025-10-28,21:19,CUDISUSDT,SELL,10
2025-10-28,21:19,TRBUSDT,SELL,10
2025-10-28,21:19,NEARUSDT,SELL,17
2025-10-28,21:19,ARBUSDT,SELL,19
2025-10-28,21:19,ORDIUSDT,SELL,13
2025-10-28,21:19,WLDUSDT,SELL,17
2025-10-28,21:19,JASMYUSDT,SELL,9
2025-10-28,21:19,PENDLEUSDT,SELL,8
2025-10-28,21:19,THETAUSDT,SELL,11
2025-10-28,21:19,PUMPUSDT,SELL,19
2025-10-28,21:19,XLMUSDT,SELL,13
2025-10-28,21:19,INUSDT,SELL,7
2025-10-28,21:19,ARCUSDT,SELL,7
2025-10-28,21:19,AAVEUSDT,SELL,11
2025-10-28,21:19,KDAUSDT,SELL,9
2025-10-28,21:19,HOLOUSDT,SELL,8
2025-10-28,21:19,AI16ZUSDT,SELL,14
2025-10-28,21:19,STRKUSDT,SELL,10
2025-10-28,21:19,WIFUSDT,SELL,15
2025-10-28,21:19,VIRTUALUSDT,SELL,11
2025-10-28,21:19,SNXUSDT,SELL,11
2025-10-28,21:19,ARKMUSDT,SELL,13
2025-10-28,21:19,APTUSDT,SELL,17
2025-10-28,21:19,BCHUSDT,SELL,9
2025-10-28,21:19,MEMEUSDT,SELL,12
2025-10-28,21:19,1000BONKUSDT,SELL,13
2025-10-28,21:19,GMTUSDT,SELL,8
2025-10-28,21:19,EULUSDT,SELL,7
2025-10-28,21:19,PLUMEUSDT,SELL,16
2025-10-28,21:19,HOOKUSDT,SELL,11
2025-10-28,21:19,币安人生USDT,SELL,13
2025-10-28,21:19,CHZUSDT,SELL,8
2025-10-28,21:19,ROSEUSDT,SELL,10
2025-10-28,21:19,ALGOUSDT,SELL,8
2025-10-28,21:19,SEIUSDT,SELL,8
2025-10-28,21:19,HOTUSDT,SELL,7
2025-10-28,21:19,AVAAIUSDT,SELL,11
2025-10-28,21:19,SOMIUSDT,SELL,10
2025-10-28,21:19,API3USDT,SELL,11
2025-10-28,21:19,KSMUSDT,SELL,9
2025-10-28,21:19,LUMIAUSDT,SELL,7
2025-10-28,21:19,UNIUSDT,SELL,12
2025-10-28,21:19,WUSDT,SELL,12
2025-10-28,21:19,1MBABYDOGEUSDT,SELL,8
2025-10-28,21:19,ICPUSDT,SELL,15
2025-10-28,21:19,SAGAUSDT,SELL,12
2025-10-28,21:19,GRASSUSDT,SELL,7
2025-10-28,21:19,INJUSDT,SELL,8
2025-10-28,21:19,REZUSDT,SELL,9
2025-10-28,21:19,VETUSDT,SELL,8
2025-10-28,21:19,FORMUSDT,SELL,12
2025-10-28,21:19,TIAUSDT,SELL,16
2025-10-28,21:19,IPUSDT,SELL,12
2025-10-28,21:19,BOMEUSDT,SELL,14
2025-10-28,21:19,MITOUSDT,SELL,7
2025-10-28,21:19,ENSUSDT,SELL,10
2025-10-28,21:19,1000SATSUSDT,SELL,7
2025-10-28,21:19,PNUTUSDT,SELL,12
2025-10-28,21:19,MIRAUSDT,SELL,9
2025-10-28,21:19,SUSDT,SELL,9
2025-10-28,21:19,TRADOORUSDT,SELL,8
2025-10-28,21:19,GOATUSDT,SELL,9
2025-10-28,21:19,ALICEUSDT,SELL,8
2025-10-28,21:19,XNYUSDT,SELL,14
2025-10-28,21:19,BIGTIMEUSDT,SELL,7
2025-10-28,21:19,RUNEUSDT,SELL,10
2025-10-28,21:19,EDUUSDT,SELL,12
2025-10-28,21:19,STBLUSDT,SELL,8
2025-10-28,21:19,KERNELUSDT,SELL,7
2025-10-28,21:19,BIOUSDT,SELL,12
2025-10-28,21:19,GHSTUSDT,SELL,7
2025-10-28,21:19,MEUSDT,SELL,7
2025-10-28,21:19,RVVUSDT,SELL,7
2025-10-28,21:19,4USDT,SELL,8
2025-10-28,21:19,1INCHUSDT,SELL,7
2025-10-28,21:19,VANRYUSDT,SELL,7
2025-10-28,21:19,RENDERUSDT,SELL,8
2025-10-28,21:19,SUSHIUSDT,SELL,9
2025-10-28,21:19,MUBARAKUSDT,SELL,11
2025-10-28,21:19,RECALLUSDT,SELL,8
2025-10-28,21:19,GRTUSDT,SELL,8
2025-10-28,21:19,ARUSDT,SELL,9
2025-10-28,21:19,PIXELUSDT,SELL,8
2025-10-28,21:19,DYDXUSDT,SELL,9
2025-10-28,21:19,OMUSDT,SELL,12
2025-10-28,21:19,GRIFFAINUSDT,SELL,11
2025-10-28,21:19,DAMUSDT,SELL,7
2025-10-28,21:19,SCRTUSDT,SELL,7
2025-10-28,21:19,TAUSDT,SELL,8
2025-10-28,21:19,IOUSDT,SELL,7
2025-10-28,21:19,CRVUSDT,SELL,11
2025-10-28,21:19,TACUSDT,SELL,9
2025-10-28,21:19,CFXUSDT,SELL,7
2025-10-28,21:19,LQTYUSDT,SELL,7
2025-10-28,21:19,BBUSDT,SELL,9
2025-10-28,21:19,HEMIUSDT,SELL,7
2025-10-28,21:19,BDXNUSDT,SELL,7
2025-10-28,21:19,ZENUSDT,SELL,11
2025-10-28,21:19,XVGUSDT,SELL,7
2025-10-28,21:19,EDENUSDT,SELL,7
2025-10-28,21:19,FFUSDT,SELL,8
2025-10-28,21:19,LUNA2USDT,SELL,8
2025-10-28,21:19,SOLUSDC,SELL,8
2025-10-28,21:19,BIDUSDT,SELL,8
2025-10-28,21:19,RESOLVUSDT,SELL,7
2025-10-28,21:19,MANAUSDT,SELL,7
2025-10-28,21:19,MAGICUSDT,SELL,7
2025-10-28,21:19,SANDUSDT,SELL,8
2025-10-28,21:19,TLMUSDT,SELL,7
2025-10-28,21:19,SKLUSDT,SELL,7
2025-10-28,21:19,1000XECUSDT,SELL,8
2025-10-28,21:19,BANKUSDT,SELL,7
2025-10-28,21:19,RDNTUSDT,SELL,8
2025-10-28,21:19,BUSDT,SELL,9
2025-10-28,21:20,TAOUSDT,SELL,20
2025-10-28,21:20,OPUSDT,SELL,16
2025-10-28,21:20,ETHUSDT,SELL,33
2025-10-28,21:20,ADAUSDT,SELL,25
2025-10-28,21:20,DOGEUSDT,SELL,27
2025-10-28,21:20,XRPUSDT,SELL,36
2025-10-28,21:20,BNBUSDT,SELL,29
2025-10-28,21:20,ENAUSDT,SELL,18
2025-10-28,21:20,ETHFIUSDT,SELL,18
2025-10-28,21:20,SOLUSDT,SELL,32
2025-10-28,21:20,1000PEPEUSDT,SELL,23
2025-10-28,21:20,AIXBTUSDT,SELL,15
2025-10-28,21:20,1000SHIBUSDT,SELL,17
2025-10-28,21:20,POLUSDT,SELL,8
2025-10-28,21:20,MELANIAUSDT,SELL,12
2025-10-28,21:20,AVNTUSDT,SELL,15
2025-10-28,21:20,HBARUSDT,SELL,16
2025-10-28,21:20,MOODENGUSDT,SELL,9
2025-10-28,21:20,ETHUSDC,SELL,15
2025-10-28,21:20,RSRUSDT,SELL,8
2025-10-28,21:20,ATOMUSDT,SELL,15
2025-10-28,21:20,LTCUSDT,SELL,26
2025-10-28,21:20,ETCUSDT,SELL,13
2025-10-28,21:20,AVAXUSDT,SELL,24
2025-10-28,21:20,DEGENUSDT,SELL,8
2025-10-28,21:20,AUCTIONUSDT,SELL,10
2025-10-28,21:20,COAIUSDT,SELL,17
2025-10-28,21:20,JUPUSDT,SELL,10
2025-10-28,21:20,EIGENUSDT,SELL,19
2025-10-28,21:20,NFPUSDT,SELL,9
2025-10-28,21:20,TRXUSDT,SELL,10
2025-10-28,21:20,SUIUSDT,SELL,23
2025-10-28,21:20,XPLUSDT,SELL,13
2025-10-28,21:20,TRUMPUSDT,SELL,22
2025-10-28,21:20,BNBUSDC,SELL,7
2025-10-28,21:20,SUIUSDC,SELL,7
2025-10-28,21:20,ONDOUSDT,SELL,11
2025-10-28,21:20,YBUSDT,SELL,8
2025-10-28,21:20,1000FLOKIUSDT,SELL,16
2025-10-28,21:20,1000LUNCUSDT,SELL,15
2025-10-28,21:20,FETUSDT,SELL,18
2025-10-28,21:20,AXLUSDT,SELL,14
2025-10-28,21:20,DOGSUSDT,SELL,15
2025-10-28,21:20,BRETTUSDT,SELL,10
2025-10-28,21:20,NOTUSDT,SELL,12
2025-10-28,21:20,LINKUSDT,SELL,22
2025-10-28,21:20,FILUSDT,SELL,17
2025-10-28,21:20,FIDAUSDT,SELL,12
2025-10-28,21:20,RLCUSDT,SELL,8
2025-10-28,21:20,CAKEUSDT,SELL,13
2025-10-28,21:20,ADAUSDC,SELL,8
2025-10-28,21:20,LDOUSDT,SELL,17
2025-10-28,21:20,PYTHUSDT,SELL,10
2025-10-28,21:20,SYSUSDT,SELL,10
2025-10-28,21:20,RVNUSDT,SELL,7
2025-10-28,21:20,XAIUSDT,SELL,8
2025-10-28,21:20,JTOUSDT,SELL,8
2025-10-28,21:20,YGGUSDT,SELL,10
2025-10-28,21:20,APEUSDT,SELL,12
2025-10-28,21:20,ZKUSDT,SELL,10
2025-10-28,21:20,GALAUSDT,SELL,15
2025-10-28,21:20,CUDISUSDT,SELL,11
2025-10-28,21:20,TRBUSDT,SELL,10
2025-10-28,21:20,NEARUSDT,SELL,17
2025-10-28,21:20,ARBUSDT,SELL,19
2025-10-28,21:20,ORDIUSDT,SELL,13
2025-10-28,21:20,WLDUSDT,SELL,18
2025-10-28,21:20,JASMYUSDT,SELL,9
2025-10-28,21:20,PENDLEUSDT,SELL,8
2025-10-28,21:20,THETAUSDT,SELL,11
2025-10-28,21:20,VICUSDT,SELL,7
2025-10-28,21:20,PUMPUSDT,SELL,20
2025-10-28,21:20,XLMUSDT,SELL,13
2025-10-28,21:20,INUSDT,SELL,7
2025-10-28,21:20,ARCUSDT,SELL,7
2025-10-28,21:20,FARTCOINUSDT,SELL,25
2025-10-28,21:20,SPELLUSDT,SELL,11
2025-10-28,21:20,AAVEUSDT,SELL,11
2025-10-28,21:20,WLFIUSDT,SELL,21
2025-10-28,21:20,KDAUSDT,SELL,9
2025-10-28,21:20,HOLOUSDT,SELL,9
2025-10-28,21:20,USELESSUSDT,SELL,7
2025-10-28,21:20,MLNUSDT,SELL,8
2025-10-28,21:20,AI16ZUSDT,SELL,14
2025-10-28,21:20,STRKUSDT,SELL,10
2025-10-28,21:20,WIFUSDT,SELL,15
2025-10-28,21:20,SNXUSDT,SELL,11
2025-10-28,21:20,ARKMUSDT,SELL,13
2025-10-28,21:20,APTUSDT,SELL,18
2025-10-28,21:20,BCHUSDT,SELL,9
2025-10-28,21:20,MEMEUSDT,SELL,12
2025-10-28,21:20,1000BONKUSDT,SELL,14
2025-10-28,21:20,GMTUSDT,SELL,8
2025-10-28,21:20,EULUSDT,SELL,7
2025-10-28,21:20,PLUMEUSDT,SELL,18
2025-10-28,21:20,HOOKUSDT,SELL,11
2025-10-28,21:20,币安人生USDT,SELL,13
2025-10-28,21:20,CHZUSDT,SELL,8
2025-10-28,21:20,ROSEUSDT,SELL,10
2025-10-28,21:20,ALGOUSDT,SELL,9
2025-10-28,21:20,SEIUSDT,SELL,8
2025-10-28,21:20,HOTUSDT,SELL,7
2025-10-28,21:20,AVAAIUSDT,SELL,11
2025-10-28,21:20,NEIROUSDT,SELL,15
2025-10-28,21:20,SOMIUSDT,SELL,10
2025-10-28,21:20,API3USDT,SELL,12
2025-10-28,21:20,LINEAUSDT,SELL,11
2025-10-28,21:20,KSMUSDT,SELL,9
2025-10-28,21:20,LUMIAUSDT,SELL,9
2025-10-28,21:20,UNIUSDT,SELL,12
2025-10-28,21:20,TREEUSDT,SELL,10
2025-10-28,21:20,WUSDT,SELL,12
2025-10-28,21:20,1MBABYDOGEUSDT,SELL,8
2025-10-28,21:20,ICPUSDT,SELL,15
2025-10-28,21:20,SAGAUSDT,SELL,13
2025-10-28,21:20,GRASSUSDT,SELL,7
2025-10-28,21:20,INJUSDT,SELL,8
2025-10-28,21:20,TSTUSDT,SELL,7
2025-10-28,21:20,REZUSDT,SELL,9
2025-10-28,21:20,VETUSDT,SELL,8
2025-10-28,21:20,FORMUSDT,SELL,12
2025-10-28,21:20,BASUSDT,SELL,8
2025-10-28,21:20,TIAUSDT,SELL,16
2025-10-28,21:20,IPUSDT,SELL,12
2025-10-28,21:20,TUTUSDT,SELL,7
2025-10-28,21:20,BOMEUSDT,SELL,15
2025-10-28,21:20,HANAUSDT,SELL,15
2025-10-28,21:20,MITOUSDT,SELL,8
2025-10-28,21:20,ENSUSDT,SELL,10
2025-10-28,21:20,1000SATSUSDT,SELL,7
2025-10-28,21:20,PNUTUSDT,SELL,13
2025-10-28,21:20,MIRAUSDT,SELL,9
2025-10-28,21:20,SUSDT,SELL,10
2025-10-28,21:20,ZBTUSDT,SELL,7
2025-10-28,21:20,TRADOORUSDT,SELL,8
2025-10-28,21:20,GOATUSDT,SELL,9
2025-10-28,21:20,ALICEUSDT,SELL,8
2025-10-28,21:20,XNYUSDT,SELL,14
2025-10-28,21:20,BIGTIMEUSDT,SELL,7
2025-10-28,21:20,RUNEUSDT,SELL,10
2025-10-28,21:20,EDUUSDT,SELL,13
2025-10-28,21:20,STBLUSDT,SELL,8
2025-10-28,21:20,KERNELUSDT,SELL,8
2025-10-28,21:20,BIOUSDT,SELL,12
2025-10-28,21:20,GHSTUSDT,SELL,7
2025-10-28,21:20,MEUSDT,SELL,7
2025-10-28,21:20,RVVUSDT,SELL,7
2025-10-28,21:20,4USDT,SELL,8
2025-10-28,21:20,PORTALUSDT,SELL,8
2025-10-28,21:20,1INCHUSDT,SELL,7
2025-10-28,21:20,VANRYUSDT,SELL,7
2025-10-28,21:20,RENDERUSDT,SELL,8
2025-10-28,21:20,SUSHIUSDT,SELL,9
2025-10-28,21:20,MUBARAKUSDT,SELL,11
2025-10-28,21:20,RECALLUSDT,SELL,8
2025-10-28,21:20,GRTUSDT,SELL,8
2025-10-28,21:20,ARUSDT,SELL,10
2025-10-28,21:20,CHILLGUYUSDT,SELL,14
2025-10-28,21:20,PIXELUSDT,SELL,8
2025-10-28,21:20,DYDXUSDT,SELL,9
2025-10-28,21:20,OMUSDT,SELL,13
2025-10-28,21:20,GRIFFAINUSDT,SELL,11
2025-10-28,21:20,DAMUSDT,SELL,7
2025-10-28,21:20,SCRTUSDT,SELL,8
2025-10-28,21:20,TAUSDT,SELL,10
2025-10-28,21:20,IOUSDT,SELL,7
2025-10-28,21:20,CRVUSDT,SELL,11
2025-10-28,21:20,TACUSDT,SELL,9
2025-10-28,21:20,CFXUSDT,SELL,7
2025-10-28,21:20,BBUSDT,SELL,9
2025-10-28,21:20,BROCCOLIF3BUSDT,SELL,7
2025-10-28,21:20,HEMIUSDT,SELL,7
2025-10-28,21:20,BDXNUSDT,SELL,8
2025-10-28,21:20,ZENUSDT,SELL,11
2025-10-28,21:20,XVGUSDT,SELL,7
2025-10-28,21:20,DASHUSDT,SELL,8
2025-10-28,21:20,EDENUSDT,SELL,7
2025-10-28,21:20,FFUSDT,SELL,9
2025-10-28,21:20,LUNA2USDT,SELL,8
2025-10-28,21:20,SOLUSDC,SELL,10
2025-10-28,21:20,BIDUSDT,SELL,8
2025-10-28,21:20,RESOLVUSDT,SELL,7
2025-10-28,21:20,MANAUSDT,SELL,8
2025-10-28,21:20,MBOXUSDT,SELL,7
2025-10-28,21:20,MAGICUSDT,SELL,7
2025-10-28,21:20,SANDUSDT,SELL,8
2025-10-28,21:20,FUNUSDT,SELL,7
2025-10-28,21:20,TLMUSDT,SELL,7
2025-10-28,21:20,SKLUSDT,SELL,7
2025-10-28,21:20,1000XECUSDT,SELL,8
2025-10-28,21:20,TOKENUSDT,SELL,8
2025-10-28,21:20,BANKUSDT,SELL,9
2025-10-28,21:20,RDNTUSDT,SELL,8
2025-10-28,21:20,BUSDT,SELL,14
2025-10-28,21:20,CTSIUSDT,SELL,7
2025-10-28,21:21,CHILLGUYUSDT,SELL,8
2025-10-28,21:27,PLUMEUSDT,SELL,9
2025-10-28,21:28,PLUMEUSDT,SELL,13
2025-10-28,21:28,ETHUSDT,SELL,9
2025-10-28,21:29,PLUMEUSDT,SELL,7
2025-10-28,21:29,ETHUSDT,SELL,12
2025-10-28,21:30,ETHUSDT,SELL,14
2025-10-28,21:30,AVAUSDT,SELL,11
2025-10-28,21:30,BNBUSDT,SELL,10
2025-10-28,21:31,ETHUSDT,SELL,18
2025-10-28,21:31,BNBUSDT,SELL,32
2025-10-28,21:31,BTCUSDT,SELL,18
2025-10-28,21:31,AVAUSDT,SELL,8
2025-10-28,21:31,BNBUSDC,SELL,9
2025-10-28,21:32,BNBUSDT,SELL,36
2025-10-28,21:32,BNBUSDC,SELL,13
2025-10-28,21:32,ETHUSDT,SELL,31
2025-10-28,21:32,SOLUSDT,SELL,14
2025-10-28,21:32,LTCUSDT,SELL,11
2025-10-28,21:32,ETHUSDC,SELL,8
2025-10-28,21:33,BNBUSDT,SELL,26
2025-10-28,21:33,BNBUSDC,SELL,8
2025-10-28,21:33,SOLUSDT,SELL,18
2025-10-28,21:33,LTCUSDT,SELL,16
2025-10-28,21:33,SPELLUSDT,SELL,7
2025-10-28,21:33,ETHUSDC,SELL,10
2025-10-28,21:33,CAKEUSDT,SELL,7
2025-10-28,21:33,DOGEUSDT,SELL,12
2025-10-28,21:33,AVAXUSDT,SELL,8
2025-10-28,21:33,MLNUSDT,SELL,8
2025-10-28,21:33,BDXNUSDT,SELL,8
2025-10-28,21:33,ASTERUSDT,SELL,8
2025-10-28,21:34,BNBUSDT,SELL,13
2025-10-28,21:34,DOGEUSDT,SELL,9
2025-10-28,21:36,EVAAUSDT,SELL,8
2025-10-28,21:37,FUNUSDT,SELL,8
2025-10-28,21:37,AVAUSDT,SELL,8
2025-10-28,21:38,AVAUSDT,SELL,10
2025-10-28,21:39,AVAUSDT,SELL,11
2025-10-28,21:39,BTCUSDT,BUY,13
2025-10-28,21:39,XRPUSDT,BUY,9
2025-10-28,21:39,ETHUSDT,BUY,8
2025-10-28,21:40,BTCUSDT,BUY,13
2025-10-28,21:40,XRPUSDT,BUY,10
2025-10-28,21:43,AVAUSDT,SELL,14
2025-10-28,21:44,AVAUSDT,SELL,13
2025-10-28,21:49,COAIUSDT,BUY,7
2025-10-28,21:51,TAOUSDT,SELL,9
2025-10-28,21:51,ETHUSDT,SELL,7
2025-10-28,21:51,GPSUSDT,SELL,9
2025-10-28,21:51,BNBUSDT,SELL,29
2025-10-28,21:51,BNBUSDC,SELL,14
2025-10-28,21:52,GPSUSDT,SELL,8
2025-10-28,21:52,SOLUSDT,SELL,9
2025-10-28,21:52,BNBUSDC,SELL,18
2025-10-28,21:52,TAOUSDT,SELL,7
2025-10-28,21:52,ETHUSDT,SELL,9
2025-10-28,21:52,SUIUSDT,SELL,7
2025-10-28,21:52,BTCUSDT,SELL,7
2025-10-28,21:59,COAIUSDT,BUY,11
2025-10-28,22:00,COAIUSDT,BUY,18
2025-10-28,22:00,PHBUSDT,SELL,7
2025-10-28,22:01,COAIUSDT,BUY,19
2025-10-28,22:01,NOTUSDT,SELL,9
2025-10-28,22:02,NOTUSDT,SELL,9
2025-10-28,22:02,KGENUSDT,SELL,7
2025-10-28,22:02,THEUSDT,SELL,9
2025-10-28,22:02,ETHUSDT,SELL,7
2025-10-28,22:06,MAVIAUSDT,SELL,8
2025-10-28,22:07,BCHUSDT,SELL,10
2025-10-28,22:07,AVAUSDT,SELL,7
2025-10-28,22:07,AUCTIONUSDT,SELL,7
2025-10-28,22:07,EVAAUSDT,SELL,14
2025-10-28,22:07,MEUSDT,SELL,9
2025-10-28,22:07,XRPUSDT,SELL,16
2025-10-28,22:07,APEUSDT,SELL,10
2025-10-28,22:07,CAKEUSDT,SELL,10
2025-10-28,22:07,SOLUSDT,SELL,16
2025-10-28,22:07,币安人生USDT,SELL,8
2025-10-28,22:07,ETHUSDT,SELL,20
2025-10-28,22:07,DOGEUSDT,SELL,15
2025-10-28,22:07,PHBUSDT,SELL,8
2025-10-28,22:07,WLDUSDT,SELL,11
2025-10-28,22:07,TIAUSDT,SELL,11
2025-10-28,22:07,ARKMUSDT,SELL,7
2025-10-28,22:07,AIUSDT,SELL,9
2025-10-28,22:07,YGGUSDT,SELL,7
2025-10-28,22:07,CRVUSDT,SELL,8
2025-10-28,22:07,FILUSDT,SELL,9
2025-10-28,22:07,LINEAUSDT,SELL,7
2025-10-28,22:07,NEARUSDT,SELL,8
2025-10-28,22:07,CATIUSDT,SELL,7
2025-10-28,22:07,SUIUSDT,SELL,12
2025-10-28,22:07,SPKUSDT,SELL,7
2025-10-28,22:07,FUNUSDT,SELL,12
2025-10-28,22:07,TREEUSDT,SELL,7
2025-10-28,22:07,LTCUSDT,SELL,11
2025-10-28,22:07,ICPUSDT,SELL,8
2025-10-28,22:07,ETCUSDT,SELL,9
2025-10-28,22:07,WIFUSDT,SELL,7
2025-10-28,22:07,PENGUUSDT,SELL,9
2025-10-28,22:07,WLFIUSDT,SELL,9
2025-10-28,22:07,ENAUSDT,SELL,10
2025-10-28,22:07,HEMIUSDT,SELL,11
2025-10-28,22:07,SAGAUSDT,SELL,9
2025-10-28,22:07,GRASSUSDT,SELL,11
2025-10-28,22:07,COMPUSDT,SELL,7
2025-10-28,22:07,HBARUSDT,SELL,12
2025-10-28,22:07,BDXNUSDT,SELL,12
2025-10-28,22:07,PUMPUSDT,SELL,8
2025-10-28,22:07,TAOUSDT,SELL,9
2025-10-28,22:07,TRXUSDT,SELL,7
2025-10-28,22:07,LUMIAUSDT,SELL,8
2025-10-28,22:07,FORMUSDT,SELL,10
2025-10-28,22:07,UNIUSDT,SELL,7
2025-10-28,22:07,APTUSDT,SELL,10
2025-10-28,22:07,TANSSIUSDT,SELL,8
2025-10-28,22:07,OPUSDT,SELL,9
2025-10-28,22:07,EDENUSDT,SELL,9
2025-10-28,22:07,BNBUSDT,SELL,13
2025-10-28,22:07,PNUTUSDT,SELL,7
2025-10-28,22:07,ZKCUSDT,SELL,9
2025-10-28,22:07,ASTERUSDT,SELL,11
2025-10-28,22:07,ALICEUSDT,SELL,8
2025-10-28,22:07,TAUSDT,SELL,9
2025-10-28,22:07,GALAUSDT,SELL,7
2025-10-28,22:07,AGTUSDT,SELL,11
2025-10-28,22:07,1000BONKUSDT,SELL,9
2025-10-28,22:07,DOTUSDT,SELL,14
2025-10-28,22:07,2ZUSDT,SELL,9
2025-10-28,22:07,EDUUSDT,SELL,7
2025-10-28,22:07,INJUSDT,SELL,10
2025-10-28,22:07,BLESSUSDT,SELL,8
2025-10-28,22:07,OPENUSDT,SELL,9
2025-10-28,22:07,SOMIUSDT,SELL,7
2025-10-28,22:07,AVAXUSDT,SELL,13
2025-10-28,22:07,NFPUSDT,SELL,10
2025-10-28,22:07,FORTHUSDT,SELL,8
2025-10-28,22:07,LINKUSDT,SELL,12
2025-10-28,22:07,XRPUSDC,SELL,8
2025-10-28,22:07,AVNTUSDT,SELL,11
2025-10-28,22:07,BANANAS31USDT,SELL,8
2025-10-28,22:07,ARBUSDT,SELL,10
2025-10-28,22:07,RVVUSDT,SELL,7
2025-10-28,22:07,BASUSDT,SELL,13
2025-10-28,22:07,DOGSUSDT,SELL,9
2025-10-28,22:07,MELANIAUSDT,SELL,15
2025-10-28,22:07,1000FLOKIUSDT,SELL,10
2025-10-28,22:07,TRUMPUSDT,SELL,11
2025-10-28,22:07,ADAUSDT,SELL,12
2025-10-28,22:07,LDOUSDT,SELL,8
2025-10-28,22:07,XLMUSDT,SELL,8
2025-10-28,22:07,AAVEUSDT,SELL,11
2025-10-28,22:07,DIAUSDT,SELL,8
2025-10-28,22:07,BBUSDT,SELL,7
2025-10-28,22:07,POLUSDT,SELL,7
2025-10-28,22:07,1000PEPEUSDT,SELL,14
2025-10-28,22:07,KOMAUSDT,SELL,7
2025-10-28,22:07,1000SHIBUSDT,SELL,10
2025-10-28,22:07,ATOMUSDT,SELL,8
2025-10-28,22:07,BROCCOLI714USDT,SELL,7
2025-10-28,22:07,VETUSDT,SELL,7
2025-10-28,22:07,NEIROUSDT,SELL,7
2025-10-28,22:07,FARTCOINUSDT,SELL,12
2025-10-28,22:07,BIOUSDT,SELL,7
2025-10-28,22:07,AIAUSDT,SELL,8
2025-10-28,22:07,LYNUSDT,SELL,9
2025-10-28,22:07,PIPPINUSDT,SELL,9
2025-10-28,22:07,GPSUSDT,SELL,7
2025-10-28,22:07,KGENUSDT,SELL,10
2025-10-28,22:07,ONDOUSDT,SELL,8
2025-10-28,22:07,STBLUSDT,SELL,10
2025-10-28,22:08,AUCTIONUSDT,SELL,7
2025-10-28,22:08,EVAAUSDT,SELL,14
2025-10-28,22:08,MEUSDT,SELL,9
2025-10-28,22:08,BCHUSDT,SELL,9
2025-10-28,22:08,APEUSDT,SELL,10
2025-10-28,22:08,CAKEUSDT,SELL,10
2025-10-28,22:08,SOLUSDT,SELL,16
2025-10-28,22:08,币安人生USDT,SELL,8
2025-10-28,22:08,ETHUSDT,SELL,20
2025-10-28,22:08,DOGEUSDT,SELL,15
2025-10-28,22:08,PHBUSDT,SELL,8
2025-10-28,22:08,WLDUSDT,SELL,11
2025-10-28,22:08,TIAUSDT,SELL,11
2025-10-28,22:08,ARKMUSDT,SELL,7
2025-10-28,22:08,AIUSDT,SELL,9
2025-10-28,22:08,YGGUSDT,SELL,7
2025-10-28,22:08,CRVUSDT,SELL,8
2025-10-28,22:08,FILUSDT,SELL,9
2025-10-28,22:08,LINEAUSDT,SELL,7
2025-10-28,22:08,NEARUSDT,SELL,8
2025-10-28,22:08,CATIUSDT,SELL,7
2025-10-28,22:08,SUIUSDT,SELL,12
2025-10-28,22:08,SPKUSDT,SELL,7
2025-10-28,22:08,FUNUSDT,SELL,12
2025-10-28,22:08,TREEUSDT,SELL,7
2025-10-28,22:08,LTCUSDT,SELL,11
2025-10-28,22:08,ICPUSDT,SELL,8
2025-10-28,22:08,ETCUSDT,SELL,9
2025-10-28,22:08,WIFUSDT,SELL,7
2025-10-28,22:08,PENGUUSDT,SELL,9
2025-10-28,22:08,WLFIUSDT,SELL,9
2025-10-28,22:08,ENAUSDT,SELL,10
2025-10-28,22:08,HEMIUSDT,SELL,11
2025-10-28,22:08,SAGAUSDT,SELL,9
2025-10-28,22:08,GRASSUSDT,SELL,11
2025-10-28,22:08,COMPUSDT,SELL,7
2025-10-28,22:08,HBARUSDT,SELL,12
2025-10-28,22:08,BDXNUSDT,SELL,12
2025-10-28,22:08,TRXUSDT,SELL,7
2025-10-28,22:08,LUMIAUSDT,SELL,8
2025-10-28,22:08,FORMUSDT,SELL,11
2025-10-28,22:08,UNIUSDT,SELL,7
2025-10-28,22:08,APTUSDT,SELL,10
2025-10-28,22:08,TANSSIUSDT,SELL,8
2025-10-28,22:08,OPUSDT,SELL,9
2025-10-28,22:08,EDENUSDT,SELL,9
2025-10-28,22:08,BNBUSDT,SELL,13
2025-10-28,22:08,PNUTUSDT,SELL,7
2025-10-28,22:08,ZKCUSDT,SELL,9
2025-10-28,22:08,ASTERUSDT,SELL,11
2025-10-28,22:08,ALICEUSDT,SELL,8
2025-10-28,22:08,TAUSDT,SELL,9
2025-10-28,22:08,GALAUSDT,SELL,7
2025-10-28,22:08,AGTUSDT,SELL,11
2025-10-28,22:08,1000BONKUSDT,SELL,9
2025-10-28,22:08,DOTUSDT,SELL,14
2025-10-28,22:08,2ZUSDT,SELL,9
2025-10-28,22:08,EDUUSDT,SELL,7
2025-10-28,22:08,INJUSDT,SELL,10
2025-10-28,22:08,BLESSUSDT,SELL,8
2025-10-28,22:08,OPENUSDT,SELL,9
2025-10-28,22:08,SOMIUSDT,SELL,7
2025-10-28,22:08,AVAXUSDT,SELL,13
2025-10-28,22:08,NFPUSDT,SELL,11
2025-10-28,22:08,FORTHUSDT,SELL,8
2025-10-28,22:08,LINKUSDT,SELL,12
2025-10-28,22:08,XRPUSDC,SELL,8
2025-10-28,22:08,AVNTUSDT,SELL,11
2025-10-28,22:08,BANANAS31USDT,SELL,8
2025-10-28,22:08,ARBUSDT,SELL,10
2025-10-28,22:08,RVVUSDT,SELL,7
2025-10-28,22:08,BASUSDT,SELL,15
2025-10-28,22:08,DOGSUSDT,SELL,9
2025-10-28,22:08,MELANIAUSDT,SELL,15
2025-10-28,22:08,1000FLOKIUSDT,SELL,10
2025-10-28,22:08,TRUMPUSDT,SELL,11
2025-10-28,22:08,ADAUSDT,SELL,12
2025-10-28,22:08,LDOUSDT,SELL,8
2025-10-28,22:08,XLMUSDT,SELL,8
2025-10-28,22:08,AAVEUSDT,SELL,11
2025-10-28,22:08,DIAUSDT,SELL,9
2025-10-28,22:08,BBUSDT,SELL,7
2025-10-28,22:08,POLUSDT,SELL,7
2025-10-28,22:08,1000PEPEUSDT,SELL,14
2025-10-28,22:08,KOMAUSDT,SELL,7
2025-10-28,22:08,1000SHIBUSDT,SELL,10
2025-10-28,22:08,ATOMUSDT,SELL,8
2025-10-28,22:08,BROCCOLI714USDT,SELL,7
2025-10-28,22:08,VETUSDT,SELL,7
2025-10-28,22:08,NEIROUSDT,SELL,7
2025-10-28,22:08,FARTCOINUSDT,SELL,12
2025-10-28,22:08,BIOUSDT,SELL,7
2025-10-28,22:08,AIAUSDT,SELL,8
2025-10-28,22:08,LYNUSDT,SELL,9
2025-10-28,22:08,PIPPINUSDT,SELL,9
2025-10-28,22:08,GPSUSDT,SELL,7
2025-10-28,22:08,KGENUSDT,SELL,10
2025-10-28,22:08,AKEUSDT,SELL,7
2025-10-28,22:08,ONDOUSDT,SELL,8
2025-10-28,22:08,STBLUSDT,SELL,10
2025-10-28,22:10,ETHUSDT,SELL,7
2025-10-28,22:10,KGENUSDT,SELL,10
2025-10-28,22:11,KGENUSDT,SELL,28
2025-10-28,22:11,ETHUSDT,SELL,7
2025-10-28,22:12,KGENUSDT,SELL,18
2025-10-28,22:20,KGENUSDT,SELL,13
2025-10-28,22:23,FFUSDT,SELL,7
2025-10-28,22:27,OLUSDT,BUY,7
2025-10-28,22:27,AIAUSDT,SELL,8
2025-10-28,22:28,AIAUSDT,SELL,8
2025-10-28,22:29,SAPIENUSDT,SELL,8
2025-10-28,22:29,BLUAIUSDT,SELL,14
2025-10-28,22:30,AIAUSDT,SELL,7
2025-10-28,22:30,SAPIENUSDT,SELL,8
2025-10-28,22:30,BLUAIUSDT,SELL,14
2025-10-28,22:31,AIAUSDT,SELL,8
2025-10-28,22:33,OLUSDT,BUY,8
2025-10-28,22:34,ETHUSDT,BUY,7
2025-10-28,22:35,XRPUSDT,BUY,7
2025-10-28,22:35,SHELLUSDT,BUY,7
2025-10-28,22:35,MAVIAUSDT,SELL,12
2025-10-28,22:36,MAVIAUSDT,SELL,19
2025-10-28,22:37,UBUSDT,SELL,7
2025-10-28,22:38,KGENUSDT,BUY,9
2025-10-28,22:39,KGENUSDT,BUY,7
2025-10-28,22:46,BTCUSDT,BUY,8
2025-10-28,22:49,B2USDT,BUY,8
2025-10-28,22:49,PUFFERUSDT,BUY,7
2025-10-28,22:55,ZECUSDT,BUY,9
2025-10-28,22:55,PTBUSDT,SELL,21
2025-10-28,22:56,PTBUSDT,SELL,20
2025-10-28,22:56,ZECUSDT,BUY,7
2025-10-28,22:57,ZECUSDT,BUY,9
2025-10-28,22:58,ZECUSDT,BUY,7
2025-10-28,23:07,MAVIAUSDT,BUY,9
2025-10-28,23:07,PHBUSDT,BUY,8
2025-10-28,23:07,PAXGUSDT,SELL,7
2025-10-28,23:08,PHBUSDT,BUY,7
2025-10-28,23:08,PAXGUSDT,SELL,7
2025-10-28,23:14,B2USDT,BUY,10
2025-10-28,23:15,B2USDT,BUY,10
2025-10-28,23:18,PUFFERUSDT,BUY,7
2025-10-28,23:19,PUFFERUSDT,BUY,8
2025-10-28,23:23,RECALLUSDT,SELL,15
2025-10-28,23:24,RECALLUSDT,SELL,15
2025-10-28,23:30,XRPUSDT,BUY,7
2025-10-28,23:35,OLUSDT,BUY,7
2025-10-28,23:35,BANKUSDT,BUY,7
2025-10-28,23:36,HUSDT,BUY,11
2025-10-28,23:36,OLUSDT,BUY,8
2025-10-28,23:37,OLUSDT,BUY,7
2025-10-28,23:37,HUSDT,BUY,9
2025-10-28,23:38,BANKUSDT,SELL,8
2025-10-28,23:44,MAVIAUSDT,SELL,8
2025-10-28,23:47,TRUMPUSDT,BUY,7
2025-10-28,23:48,TRUMPUSDT,BUY,8
2025-10-28,23:55,RECALLUSDT,SELL,9
2025-10-29,00:00,RECALLUSDT,SELL,12
2025-10-29,00:01,RECALLUSDT,SELL,12
2025-10-29,00:04,RECALLUSDT,SELL,11
2025-10-29,00:05,RECALLUSDT,SELL,13
2025-10-29,00:06,RECALLUSDT,SELL,8
2025-10-29,00:07,IDOLUSDT,BUY,7
2025-10-29,00:09,ASTERUSDT,SELL,7
2025-10-29,00:18,RECALLUSDT,SELL,17
2025-10-29,00:19,RECALLUSDT,SELL,18
2025-10-29,00:21,BTCUSDT,SELL,7
2025-10-29,00:21,ETHUSDT,SELL,10
2025-10-29,00:22,RECALLUSDT,SELL,8
2025-10-29,00:25,MAVIAUSDT,BUY,7
2025-10-29,00:33,B2USDT,BUY,10
2025-10-29,00:34,OLUSDT,SELL,7
2025-10-29,00:35,COAIUSDT,BUY,9
2025-10-29,00:36,COAIUSDT,BUY,9
2025-10-29,00:46,OLUSDT,SELL,7
2025-10-29,00:47,OLUSDT,SELL,8
2025-10-29,00:48,B2USDT,BUY,10
2025-10-29,00:49,B2USDT,BUY,8
2025-10-29,00:50,COAIUSDT,BUY,9
2025-10-29,00:58,COAIUSDT,BUY,18
2025-10-29,00:58,B2USDT,BUY,8
2025-10-29,00:59,COAIUSDT,BUY,17
2025-10-29,00:59,B2USDT,BUY,9
2025-10-29,01:01,ETHUSDT,SELL,12
2025-10-29,01:01,AIAUSDT,SELL,7
2025-10-29,01:02,EVAAUSDT,BUY,17
2025-10-29,01:02,ETHUSDT,SELL,9
2025-10-29,01:03,B2USDT,BUY,19
2025-10-29,01:04,B2USDT,BUY,20
2025-10-29,01:04,AKTUSDT,SELL,7
2025-10-29,01:06,OLUSDT,SELL,10
2025-10-29,01:07,RIVERUSDT,SELL,8
2025-10-29,01:08,B2USDT,BUY,8
2025-10-29,01:09,KERNELUSDT,SELL,13
2025-10-29,01:10,KERNELUSDT,SELL,10
2025-10-29,01:10,COAIUSDT,SELL,18
2025-10-29,01:10,ASTERUSDT,SELL,7
2025-10-29,01:11,COAIUSDT,SELL,12
2025-10-29,01:11,ASTERUSDT,SELL,7
2025-10-29,01:17,KERNELUSDT,SELL,9
2025-10-29,01:18,KERNELUSDT,SELL,8
2025-10-29,01:20,OLUSDT,BUY,7
2025-10-29,01:22,KERNELUSDT,SELL,7
2025-10-29,01:24,GIGGLEUSDT,BUY,9
2025-10-29,01:25,GIGGLEUSDT,BUY,13
2025-10-29,01:27,KERNELUSDT,SELL,8
2025-10-29,01:28,KERNELUSDT,SELL,11
2025-10-29,01:30,KERNELUSDT,SELL,7
2025-10-29,01:31,YBUSDT,SELL,11
2025-10-29,01:32,YBUSDT,SELL,11
2025-10-29,01:33,MAVIAUSDT,SELL,7
2025-10-29,01:40,B2USDT,SELL,11
2025-10-29,01:41,B2USDT,SELL,14
2025-10-29,01:42,B2USDT,SELL,10
2025-10-29,01:44,TRUMPUSDT,BUY,7
2025-10-29,01:45,BTCUSDT,SELL,8
2025-10-29,01:46,BTCUSDT,SELL,20
2025-10-29,01:47,BTCUSDT,SELL,17
2025-10-29,01:47,ZECUSDT,SELL,8
2025-10-29,01:47,ETHUSDT,SELL,9
2025-10-29,01:47,SOLUSDT,SELL,9
2025-10-29,01:48,ETHUSDT,SELL,7
2025-10-29,01:51,B2USDT,SELL,7
2025-10-29,01:52,B2USDT,SELL,16
2025-10-29,01:53,B2USDT,SELL,19
2025-10-29,01:54,B2USDT,SELL,10
2025-10-29,01:56,B2USDT,SELL,7
2025-10-29,01:57,B2USDT,SELL,7
2025-10-29,02:00,PUFFERUSDT,BUY,7
2025-10-29,02:00,EULUSDT,SELL,7
2025-10-29,02:01,FUSDT,BUY,7
2025-10-29,02:02,FUSDT,BUY,10
2025-10-29,02:04,ZECUSDT,BUY,12
2025-10-29,02:05,B2USDT,BUY,7
2025-10-29,02:07,BTCUSDT,SELL,7
2025-10-29,02:07,ETHUSDT,SELL,7
2025-10-29,02:08,BTCUSDT,SELL,13
2025-10-29,02:08,PUFFERUSDT,SELL,8
2025-10-29,02:08,ETHUSDT,SELL,10
2025-10-29,02:09,PUFFERUSDT,SELL,8
2025-10-29,02:09,BTCUSDT,SELL,8
2025-10-29,02:10,PUFFERUSDT,SELL,12
2025-10-29,02:11,PUFFERUSDT,SELL,11
2025-10-29,02:11,B2USDT,SELL,13
2025-10-29,02:13,币安人生USDT,SELL,7
2025-10-29,02:13,OLUSDT,BUY,8
2025-10-29,02:14,OLUSDT,BUY,7
2025-10-29,02:17,B2USDT,SELL,8
2025-10-29,02:18,B2USDT,SELL,7
2025-10-29,02:25,BTCUSDT,SELL,19
2025-10-29,02:26,BTCUSDT,SELL,15
2025-10-29,02:26,B2USDT,SELL,18
2025-10-29,02:29,KGENUSDT,SELL,7
2025-10-29,02:31,AIAUSDT,BUY,11
2025-10-29,02:32,B2USDT,SELL,11
2025-10-29,02:33,B2USDT,SELL,12
2025-10-29,02:34,B2USDT,SELL,7
2025-10-29,02:36,TRUMPUSDT,BUY,9
2025-10-29,02:37,TRUMPUSDT,BUY,8
2025-10-29,02:39,B2USDT,BUY,8
2025-10-29,02:39,KGENUSDT,SELL,11
2025-10-29,02:40,B2USDT,BUY,10
2025-10-29,02:40,KGENUSDT,SELL,11
2025-10-29,02:40,SOLUSDT,BUY,7
2025-10-29,02:40,BTCUSDT,BUY,7
2025-10-29,02:40,ETHUSDT,BUY,12
2025-10-29,02:41,ETHUSDT,BUY,19
2025-10-29,02:41,BTCUSDT,BUY,9
2025-10-29,02:41,YBUSDT,BUY,9
2025-10-29,02:41,MAVIAUSDT,BUY,11
2025-10-29,02:42,ETHUSDT,BUY,10
2025-10-29,02:42,MAVIAUSDT,BUY,11
2025-10-29,02:44,B2USDT,BUY,15
2025-10-29,02:45,B2USDT,BUY,16
2025-10-29,02:46,B2USDT,BUY,16
2025-10-29,02:48,MAVIAUSDT,SELL,8
2025-10-29,02:49,ETHUSDT,SELL,7
2025-10-29,02:50,ETHUSDT,SELL,11
2025-10-29,02:50,KGENUSDT,SELL,12
2025-10-29,02:51,ETHUSDT,SELL,10
2025-10-29,02:51,KGENUSDT,SELL,14
2025-10-29,02:52,PHBUSDT,SELL,14
2025-10-29,02:58,B2USDT,SELL,7
2025-10-29,02:59,B2USDT,SELL,9
2025-10-29,02:59,OLUSDT,BUY,11
2025-10-29,03:00,OLUSDT,BUY,17
2025-10-29,03:00,B2USDT,SELL,9
2025-10-29,03:01,OLUSDT,BUY,8
2025-10-29,03:01,B2USDT,SELL,15
2025-10-29,03:02,B2USDT,SELL,15
2025-10-29,03:03,OLUSDT,BUY,22
2025-10-29,03:07,COAIUSDT,SELL,7
2025-10-29,03:10,B2USDT,BUY,11
2025-10-29,03:11,OLUSDT,BUY,7
2025-10-29,03:11,COAIUSDT,SELL,18
2025-10-29,03:12,COAIUSDT,SELL,21
2025-10-29,03:13,B2USDT,BUY,11
2025-10-29,03:14,YBUSDT,BUY,13
2025-10-29,03:20,OGUSDT,SELL,8
2025-10-29,03:21,OGUSDT,SELL,8
2025-10-29,03:23,AVNTUSDT,SELL,7
2025-10-29,03:25,PUFFERUSDT,SELL,9
2025-10-29,03:26,PUFFERUSDT,SELL,9
2025-10-29,03:33,PUFFERUSDT,SELL,7
2025-10-29,03:34,PUFFERUSDT,SELL,7
2025-10-29,03:34,OLUSDT,BUY,7
2025-10-29,03:35,OLUSDT,BUY,8
2025-10-29,03:37,EVAAUSDT,SELL,8
2025-10-29,03:38,EVAAUSDT,SELL,7
2025-10-29,03:38,OLUSDT,SELL,7
2025-10-29,03:41,AVNTUSDT,SELL,9
2025-10-29,03:46,SHELLUSDT,SELL,8
2025-10-29,03:46,B2USDT,SELL,8
2025-10-29,03:47,B2USDT,SELL,10
2025-10-29,03:47,SHELLUSDT,SELL,7
2025-10-29,03:49,KERNELUSDT,SELL,8
2025-10-29,03:50,KERNELUSDT,SELL,8
2025-10-29,03:50,TRUMPUSDT,BUY,7
2025-10-29,03:51,TRUMPUSDT,BUY,7
2025-10-29,03:52,OLUSDT,BUY,11
2025-10-29,03:56,B2USDT,BUY,8
2025-10-29,03:59,B2USDT,BUY,11
2025-10-29,04:01,KERNELUSDT,SELL,8
2025-10-29,04:02,KERNELUSDT,SELL,8
2025-10-29,04:03,PERPUSDT,SELL,7
2025-10-29,04:03,BANKUSDT,SELL,8
2025-10-29,04:04,FLMUSDT,SELL,9
2025-10-29,04:04,BANKUSDT,SELL,8
2025-10-29,04:04,EVAAUSDT,BUY,10
2025-10-29,04:04,ENAUSDT,SELL,20
2025-10-29,04:05,BTCUSDT,SELL,7
2025-10-29,04:05,ENAUSDT,SELL,20
2025-10-29,04:05,ETHUSDT,SELL,8
2025-10-29,04:10,FLMUSDT,BUY,18
2025-10-29,04:11,FLMUSDT,BUY,12
2025-10-29,04:13,FLMUSDT,BUY,11
2025-10-29,04:18,KDAUSDT,SELL,11
2025-10-29,04:18,FLMUSDT,SELL,17
2025-10-29,04:19,KDAUSDT,SELL,15
2025-10-29,04:19,PERPUSDT,SELL,7
2025-10-29,04:33,FLMUSDT,SELL,10
2025-10-29,04:34,FLMUSDT,SELL,9
2025-10-29,04:44,TRUMPUSDT,BUY,10
2025-10-29,04:45,TRUMPUSDT,BUY,10
2025-10-29,04:51,FLMUSDT,BUY,13
2025-10-29,04:52,FLMUSDT,BUY,9
2025-10-29,04:57,VIRTUALUSDT,SELL,8
2025-10-29,04:58,VIRTUALUSDT,SELL,10
2025-10-29,05:02,PERPUSDT,BUY,9
2025-10-29,05:03,PERPUSDT,BUY,9
2025-10-29,05:08,B2USDT,SELL,10
2025-10-29,05:09,B2USDT,SELL,7
2025-10-29,05:11,FLOCKUSDT,SELL,12
2025-10-29,05:12,FLOCKUSDT,SELL,12
2025-10-29,05:14,FLMUSDT,SELL,9
2025-10-29,05:15,FLMUSDT,SELL,7
2025-10-29,05:16,PHBUSDT,SELL,9
2025-10-29,05:17,PHBUSDT,SELL,9
2025-10-29,05:20,CLOUSDT,SELL,7
2025-10-29,05:21,PHBUSDT,SELL,9
2025-10-29,05:22,FLMUSDT,BUY,19
2025-10-29,05:22,KGENUSDT,SELL,8
2025-10-29,05:23,FLMUSDT,BUY,17
2025-10-29,05:23,KGENUSDT,SELL,8
2025-10-29,05:28,AIOUSDT,BUY,10
2025-10-29,05:29,AIOUSDT,BUY,13
2025-10-29,05:31,ETHUSDT,BUY,8
2025-10-29,05:32,ETHUSDT,BUY,12
2025-10-29,05:42,MAVIAUSDT,SELL,11
2025-10-29,05:43,MAVIAUSDT,SELL,7
2025-10-29,05:50,FLMUSDT,SELL,9
2025-10-29,05:54,KDAUSDT,SELL,8
2025-10-29,05:55,KDAUSDT,SELL,12
2025-10-29,05:55,PERPUSDT,SELL,9
2025-10-29,05:56,PERPUSDT,SELL,7
2025-10-29,06:00,MAVIAUSDT,SELL,7
2025-10-29,06:01,MAVIAUSDT,SELL,7
2025-10-29,06:05,SAPIENUSDT,BUY,7
2025-10-29,06:05,KDAUSDT,SELL,14
2025-10-29,06:06,SAPIENUSDT,BUY,12
2025-10-29,06:06,KDAUSDT,SELL,21
2025-10-29,06:07,SAPIENUSDT,BUY,7
2025-10-29,06:07,FLMUSDT,SELL,11
2025-10-29,06:07,KDAUSDT,SELL,17
2025-10-29,06:07,EVAAUSDT,SELL,9
2025-10-29,06:07,KGENUSDT,SELL,7
2025-10-29,06:08,EVAAUSDT,SELL,8
2025-10-29,06:08,KDAUSDT,SELL,10
2025-10-29,06:08,DEGOUSDT,SELL,9
2025-10-29,06:08,FLMUSDT,SELL,22
2025-10-29,06:09,FLMUSDT,SELL,15
2025-10-29,06:09,DEGOUSDT,SELL,8
2025-10-29,06:10,DEGOUSDT,SELL,7
2025-10-29,06:13,PUFFERUSDT,SELL,7
2025-10-29,06:13,FLMUSDT,SELL,8
2025-10-29,06:13,SAPIENUSDT,BUY,12
2025-10-29,06:14,FLMUSDT,SELL,7
2025-10-29,06:15,KDAUSDT,SELL,9
2025-10-29,06:20,EVAAUSDT,SELL,13
2025-10-29,06:21,EVAAUSDT,SELL,13
2025-10-29,06:23,KDAUSDT,SELL,12
2025-10-29,06:23,KGENUSDT,SELL,8
2025-10-29,06:24,KDAUSDT,SELL,18
2025-10-29,06:24,KGENUSDT,SELL,8
2025-10-29,06:24,COAIUSDT,SELL,7
2025-10-29,06:25,KDAUSDT,SELL,9
2025-10-29,06:26,COAIUSDT,SELL,7
2025-10-29,06:26,SAPIENUSDT,BUY,18
2025-10-29,06:27,COAIUSDT,SELL,8
2025-10-29,06:28,KGENUSDT,SELL,13
2025-10-29,06:29,KGENUSDT,SELL,13
2025-10-29,06:31,SAPIENUSDT,SELL,8
2025-10-29,06:32,SAPIENUSDT,SELL,7
2025-10-29,06:34,ETHUSDT,BUY,8
2025-10-29,06:37,AIOTUSDT,BUY,11
2025-10-29,06:37,BTCUSDT,BUY,7
2025-10-29,06:38,AIOTUSDT,BUY,7
2025-10-29,06:38,BTCUSDT,BUY,7
2025-10-29,06:40,ETHUSDT,BUY,12
2025-10-29,06:40,SOLUSDT,BUY,7
2025-10-29,06:40,BTCUSDT,BUY,9
2025-10-29,06:41,FLMUSDT,SELL,8
2025-10-29,06:41,SOLUSDT,BUY,7
2025-10-29,06:41,XRPUSDT,BUY,7
2025-10-29,06:41,BTCUSDT,BUY,9
2025-10-29,06:41,ETHUSDT,BUY,7
2025-10-29,06:42,FLMUSDT,SELL,8
2025-10-29,06:42,CLOUSDT,BUY,7
2025-10-29,06:43,SAPIENUSDT,SELL,9
2025-10-29,06:45,ZECUSDT,SELL,8
2025-10-29,06:46,ZECUSDT,SELL,7
2025-10-29,06:46,COAIUSDT,SELL,8
2025-10-29,06:47,COAIUSDT,SELL,9
2025-10-29,06:48,RECALLUSDT,SELL,12
2025-10-29,06:49,AIOTUSDT,BUY,9
2025-10-29,06:50,SAPIENUSDT,BUY,8
2025-10-29,06:51,MAVIAUSDT,SELL,11
2025-10-29,06:51,RVVUSDT,SELL,16
2025-10-29,06:51,SAPIENUSDT,BUY,11
2025-10-29,06:51,KDAUSDT,SELL,7
2025-10-29,06:52,RVVUSDT,SELL,10
2025-10-29,06:52,KDAUSDT,SELL,7
2025-10-29,06:52,MAVIAUSDT,SELL,12
2025-10-29,06:55,VIRTUALUSDT,SELL,8
2025-10-29,06:56,VIRTUALUSDT,SELL,7
2025-10-29,06:59,KDAUSDT,SELL,8
2025-10-29,07:00,KDAUSDT,SELL,12
2025-10-29,07:01,AIAUSDT,SELL,7
2025-10-29,07:04,XANUSDT,SELL,7
2025-10-29,07:05,SAPIENUSDT,BUY,9
2025-10-29,07:06,SAPIENUSDT,BUY,8
2025-10-29,07:08,UBUSDT,SELL,8
2025-10-29,07:08,RECALLUSDT,SELL,8
2025-10-29,07:08,MAVIAUSDT,SELL,12
2025-10-29,07:09,RECALLUSDT,SELL,7
2025-10-29,07:09,MAVIAUSDT,SELL,13
2025-10-29,07:10,YBUSDT,BUY,11
2025-10-29,07:11,PHBUSDT,SELL,7
2025-10-29,07:12,PHBUSDT,SELL,13
2025-10-29,07:13,PHBUSDT,SELL,12
2025-10-29,07:14,YBUSDT,BUY,13
2025-10-29,07:14,COAIUSDT,SELL,14
2025-10-29,07:14,EVAAUSDT,SELL,16
2025-10-29,07:15,COAIUSDT,SELL,8
2025-10-29,07:15,EVAAUSDT,SELL,14
2025-10-29,07:16,SAPIENUSDT,BUY,15
2025-10-29,07:16,UBUSDT,SELL,7
2025-10-29,07:17,UBUSDT,SELL,7
2025-10-29,07:20,PHBUSDT,SELL,8
2025-10-29,07:20,KDAUSDT,SELL,8
2025-10-29,07:21,KDAUSDT,SELL,11
2025-10-29,07:30,GIGGLEUSDT,SELL,7
2025-10-29,07:30,MAVIAUSDT,SELL,9
2025-10-29,07:33,UBUSDT,SELL,8
2025-10-29,07:34,SHELLUSDT,SELL,7
2025-10-29,07:41,STBLUSDT,BUY,7
2025-10-29,07:46,TRUMPUSDT,BUY,8
2025-10-29,07:47,ENSOUSDT,SELL,16
2025-10-29,07:50,TRUMPUSDT,BUY,7
2025-10-29,07:50,KDAUSDT,SELL,16
2025-10-29,07:51,KDAUSDT,SELL,12
2025-10-29,07:51,PHBUSDT,SELL,8
2025-10-29,07:51,PUFFERUSDT,SELL,9
2025-10-29,07:52,PUFFERUSDT,SELL,7
2025-10-29,07:54,OGUSDT,BUY,14
2025-10-29,07:54,XRPUSDT,BUY,7
2025-10-29,07:55,XRPUSDT,BUY,8
2025-10-29,07:55,OGUSDT,BUY,8
2025-10-29,07:57,AIOTUSDT,SELL,7
2025-10-29,07:59,SAPIENUSDT,BUY,7
2025-10-29,08:00,KDAUSDT,SELL,9
2025-10-29,08:01,KDAUSDT,SELL,7
2025-10-29,08:01,EVAAUSDT,BUY,7
2025-10-29,08:02,PERPUSDT,BUY,10
2025-10-29,08:03,OGUSDT,BUY,10
2025-10-29,08:04,OLUSDT,BUY,12
2025-10-29,08:05,OLUSDT,BUY,8
2025-10-29,08:06,KDAUSDT,BUY,9
2025-10-29,08:07,KDAUSDT,BUY,8
2025-10-29,08:08,GIGGLEUSDT,SELL,13
2025-10-29,08:09,GIGGLEUSDT,SELL,19
2025-10-29,08:10,GIGGLEUSDT,SELL,7
2025-10-29,08:19,SAPIENUSDT,SELL,11
2025-10-29,08:20,SAPIENUSDT,SELL,11
2025-10-29,08:22,BTCUSDT,BUY,8
2025-10-29,08:23,GIGGLEUSDT,SELL,9
2025-10-29,08:23,AIOTUSDT,SELL,8
2025-10-29,08:23,SAPIENUSDT,SELL,9
2025-10-29,08:24,TRUMPUSDT,BUY,8
2025-10-29,08:24,GIGGLEUSDT,SELL,11
2025-10-29,08:24,SAPIENUSDT,SELL,15
2025-10-29,08:25,AIOTUSDT,SELL,13
2025-10-29,08:28,GIGGLEUSDT,SELL,11
2025-10-29,08:30,SHELLUSDT,SELL,11
2025-10-29,08:31,SHELLUSDT,SELL,9
2025-10-29,08:33,GIGGLEUSDT,SELL,10
2025-10-29,08:35,AIOTUSDT,SELL,8
2025-10-29,08:36,AIOTUSDT,SELL,11
2025-10-29,08:36,4USDT,SELL,7
2025-10-29,08:37,AIOTUSDT,SELL,14
2025-10-29,08:37,KDAUSDT,SELL,7
2025-10-29,08:38,AIOTUSDT,SELL,10
2025-10-29,08:38,KDAUSDT,SELL,7
2025-10-29,08:38,MAVIAUSDT,BUY,7
2025-10-29,08:39,MAVIAUSDT,BUY,13
2025-10-29,08:40,ENSOUSDT,SELL,7
2025-10-29,08:40,YBUSDT,SELL,11
2025-10-29,08:40,4USDT,SELL,19
2025-10-29,08:41,TAOUSDT,SELL,7
2025-10-29,08:41,YBUSDT,SELL,11
2025-10-29,08:42,SAPIENUSDT,SELL,12
2025-10-29,08:42,TAOUSDT,SELL,9
2025-10-29,08:43,SAPIENUSDT,SELL,9
2025-10-29,08:43,ENSOUSDT,BUY,7
2025-10-29,08:44,ENSOUSDT,BUY,7
2025-10-29,08:45,ETHUSDT,SELL,8
2025-10-29,08:45,EDENUSDT,SELL,9
2025-10-29,08:46,ETHUSDT,SELL,7
2025-10-29,08:46,EDENUSDT,SELL,9
2025-10-29,08:46,SOMIUSDT,SELL,9
2025-10-29,08:47,ENSOUSDT,BUY,7
2025-10-29,08:48,SAPIENUSDT,BUY,7
2025-10-29,08:51,AIOTUSDT,SELL,10
2025-10-29,08:52,AIOTUSDT,SELL,14
2025-10-29,08:53,SAPIENUSDT,BUY,7
2025-10-29,08:54,SAPIENUSDT,BUY,7
2025-10-29,08:55,BTCUSDT,BUY,7
2025-10-29,08:55,OLUSDT,BUY,10
2025-10-29,08:56,TRUMPUSDT,BUY,12
2025-10-29,08:56,OLUSDT,BUY,10
2025-10-29,08:57,TRUMPUSDT,BUY,14
2025-10-29,08:58,TRUMPUSDT,BUY,9
2025-10-29,08:58,COAIUSDT,SELL,7
2025-10-29,08:59,COAIUSDT,SELL,8
2025-10-29,08:59,SAPIENUSDT,BUY,10
2025-10-29,08:59,GIGGLEUSDT,SELL,10
2025-10-29,09:00,GIGGLEUSDT,SELL,10
2025-10-29,09:00,OLUSDT,BUY,9
2025-10-29,09:01,MAVIAUSDT,SELL,7
2025-10-29,09:01,SHELLUSDT,SELL,7
2025-10-29,09:03,AIOTUSDT,SELL,9
2025-10-29,09:04,VIRTUALUSDT,SELL,8
2025-10-29,09:05,VIRTUALUSDT,SELL,8
2025-10-29,09:06,AIOTUSDT,SELL,22
2025-10-29,09:07,AIOTUSDT,SELL,23
2025-10-29,09:07,AIAUSDT,SELL,7
2025-10-29,09:08,AIAUSDT,SELL,10
2025-10-29,09:08,SOLUSDT,SELL,7
2025-10-29,09:09,SOLUSDT,SELL,7
2025-10-29,09:09,AIAUSDT,SELL,10
2025-10-29,09:09,RVVUSDT,SELL,8
2025-10-29,09:10,RVVUSDT,SELL,7
2025-10-29,09:11,ZECUSDT,SELL,7
2025-10-29,09:11,COAIUSDT,SELL,17
2025-10-29,09:12,COAIUSDT,SELL,17
2025-10-29,09:12,SAPIENUSDT,SELL,7
2025-10-29,09:13,TRUMPUSDT,SELL,8
2025-10-29,09:14,COAIUSDT,SELL,7
2025-10-29,09:15,KGENUSDT,SELL,7
2025-10-29,09:15,COAIUSDT,SELL,10
2025-10-29,09:15,KDAUSDT,SELL,8
2025-10-29,09:16,KDAUSDT,SELL,9
2025-10-29,09:17,KDAUSDT,SELL,7
2025-10-29,09:18,EULUSDT,SELL,7
2025-10-29,09:19,ENSOUSDT,BUY,8
2025-10-29,09:21,SAPIENUSDT,BUY,7
2025-10-29,09:22,ENSOUSDT,SELL,7
2025-10-29,09:23,HANAUSDT,SELL,21
2025-10-29,09:24,AIOTUSDT,SELL,11
2025-10-29,09:24,EVAAUSDT,BUY,9
2025-10-29,09:24,ENSOUSDT,BUY,12
2025-10-29,09:24,HANAUSDT,SELL,22
2025-10-29,09:25,AIOTUSDT,SELL,18
2025-10-29,09:25,ENSOUSDT,BUY,11
2025-10-29,09:26,SHELLUSDT,SELL,7
2025-10-29,09:27,ENSOUSDT,BUY,7
2025-10-29,09:27,FUSDT,SELL,8
2025-10-29,09:27,TRUMPUSDT,SELL,12
2025-10-29,09:28,FUSDT,SELL,10
2025-10-29,09:28,TRUMPUSDT,SELL,22
2025-10-29,09:28,ENSOUSDT,BUY,12
2025-10-29,09:29,TRUMPUSDT,SELL,10
2025-10-29,09:31,ENSOUSDT,BUY,8
2025-10-29,09:32,EULUSDT,SELL,8
2025-10-29,09:33,EULUSDT,SELL,11
2025-10-29,09:33,CLOUSDT,BUY,7
2025-10-29,09:34,CLOUSDT,BUY,7
2025-10-29,09:35,LIGHTUSDT,SELL,7
2025-10-29,09:37,SOLUSDT,SELL,7
2025-10-29,09:38,ETHUSDT,SELL,7
2025-10-29,09:38,LABUSDT,SELL,13
2025-10-29,09:39,ETHUSDT,SELL,13
2025-10-29,09:39,LABUSDT,SELL,18
2025-10-29,09:39,SOLUSDT,SELL,8
2025-10-29,09:39,BTCUSDT,SELL,10
2025-10-29,09:40,ETHUSDT,SELL,11
2025-10-29,09:40,BTCUSDT,SELL,9
2025-10-29,09:40,SOLUSDT,SELL,9
2025-10-29,09:40,TAOUSDT,SELL,10
2025-10-29,09:41,TAOUSDT,SELL,9
2025-10-29,09:41,HANAUSDT,SELL,14
2025-10-29,09:42,HANAUSDT,SELL,9
2025-10-29,09:42,FLMUSDT,BUY,12
2025-10-29,09:42,LABUSDT,SELL,7
2025-10-29,09:43,FLMUSDT,BUY,12
2025-10-29,09:43,LABUSDT,SELL,7
2025-10-29,09:43,BLESSUSDT,SELL,7
2025-10-29,09:44,BLESSUSDT,SELL,7
2025-10-29,09:44,COAIUSDT,SELL,8
2025-10-29,09:45,COAIUSDT,SELL,8
2025-10-29,09:47,COAIUSDT,SELL,11
2025-10-29,09:47,CLOUSDT,SELL,11
2025-10-29,09:48,COAIUSDT,SELL,8
2025-10-29,09:48,CLOUSDT,SELL,12
2025-10-29,09:49,CLOUSDT,SELL,13
2025-10-29,09:50,CLOUSDT,SELL,15
2025-10-29,09:50,TAOUSDT,SELL,7
2025-10-29,09:50,EVAAUSDT,SELL,9
2025-10-29,09:51,EVAAUSDT,SELL,7
2025-10-29,09:57,EVAAUSDT,BUY,8
2025-10-29,09:58,GIGGLEUSDT,BUY,7
2025-10-29,10:00,MAVIAUSDT,BUY,10
2025-10-29,10:03,COAIUSDT,SELL,8
2025-10-29,10:04,COAIUSDT,SELL,8
2025-10-29,10:04,EVAAUSDT,BUY,7
2025-10-29,10:05,EVAAUSDT,BUY,14
2025-10-29,10:06,EVAAUSDT,BUY,13
2025-10-29,10:07,SAPIENUSDT,SELL,18
2025-10-29,10:08,KDAUSDT,BUY,8
2025-10-29,10:09,KDAUSDT,BUY,13
2025-10-29,10:10,TRUMPUSDT,SELL,7
2025-10-29,10:10,EVAAUSDT,BUY,11
2025-10-29,10:11,EVAAUSDT,BUY,13
2025-10-29,10:11,ETHUSDT,SELL,18
2025-10-29,10:11,FLMUSDT,BUY,8
2025-10-29,10:12,FLMUSDT,BUY,8
2025-10-29,10:12,EVAAUSDT,BUY,15
2025-10-29,10:13,OLUSDT,BUY,9
2025-10-29,10:14,ETHUSDT,SELL,8
2025-10-29,10:15,SOLUSDT,SELL,7
2025-10-29,10:17,COAIUSDT,SELL,20
2025-10-29,10:17,EVAAUSDT,BUY,7
2025-10-29,10:18,COAIUSDT,SELL,19
2025-10-29,10:18,ZECUSDT,BUY,7
2025-10-29,10:18,EVAAUSDT,BUY,17
2025-10-29,10:19,EVAAUSDT,BUY,13
2025-10-29,10:19,FLMUSDT,BUY,8
2025-10-29,10:21,ENSOUSDT,SELL,8
2025-10-29,10:25,FLMUSDT,BUY,7
2025-10-29,10:25,MAVIAUSDT,BUY,8
2025-10-29,10:30,KDAUSDT,BUY,8
2025-10-29,10:31,ZECUSDT,BUY,10
2025-10-29,10:32,ZECUSDT,BUY,14
2025-10-29,10:32,ETHUSDT,SELL,9
2025-10-29,10:33,BTCUSDT,SELL,10
2025-10-29,10:33,ETHUSDT,SELL,10
2025-10-29,10:33,EVAAUSDT,BUY,11
2025-10-29,10:33,ZECUSDT,BUY,15
2025-10-29,10:34,EVAAUSDT,BUY,15
2025-10-29,10:34,KDAUSDT,BUY,11
2025-10-29,10:35,KDAUSDT,BUY,13
2025-10-29,10:36,ZECUSDT,BUY,8
2025-10-29,10:37,OLUSDT,BUY,18
2025-10-29,10:37,XRPUSDT,BUY,8
2025-10-29,10:38,XRPUSDT,BUY,13
2025-10-29,10:38,EVAAUSDT,BUY,10
2025-10-29,10:39,MAVIAUSDT,BUY,8
2025-10-29,10:40,XRPUSDT,BUY,7
2025-10-29,10:41,XRPUSDT,BUY,7
2025-10-29,10:46,ENSOUSDT,SELL,17
2025-10-29,10:48,TRUMPUSDT,BUY,7
2025-10-29,10:50,EDENUSDT,SELL,7
2025-10-29,10:59,XPINUSDT,SELL,7
2025-10-29,11:00,XPINUSDT,SELL,13
2025-10-29,11:01,XPINUSDT,SELL,11
2025-10-29,11:01,JELLYJELLYUSDT,BUY,10
2025-10-29,11:02,KDAUSDT,BUY,8
2025-10-29,11:02,EDENUSDT,SELL,8
2025-10-29,11:04,TRUMPUSDT,BUY,7
2025-10-29,11:04,SAPIENUSDT,BUY,11
2025-10-29,11:05,TRUMPUSDT,BUY,8
2025-10-29,11:06,ZECUSDT,BUY,8
2025-10-29,11:08,EVAAUSDT,BUY,8
2025-10-29,11:09,EVAAUSDT,BUY,8
2025-10-29,11:12,VIRTUALUSDT,BUY,7
2025-10-29,11:14,OLUSDT,SELL,9
2025-10-29,11:15,OLUSDT,SELL,17
2025-10-29,11:16,ENSOUSDT,BUY,10
2025-10-29,11:16,OLUSDT,SELL,22
2025-10-29,11:17,OLUSDT,SELL,21
2025-10-29,11:18,TRUMPUSDT,BUY,8
2025-10-29,11:19,TRUMPUSDT,BUY,8
2025-10-29,11:20,EVAAUSDT,BUY,13
2025-10-29,11:21,SAPIENUSDT,SELL,9
2025-10-29,11:22,SAPIENUSDT,SELL,8
2025-10-29,11:23,SOLUSDT,BUY,7
2025-10-29,11:26,SOLUSDT,BUY,12
2025-10-29,11:26,ZECUSDT,BUY,8
2025-10-29,11:27,ZECUSDT,BUY,8
2025-10-29,11:27,SOLUSDT,BUY,15
2025-10-29,11:29,EVAAUSDT,BUY,13
2025-10-29,11:35,MAVIAUSDT,BUY,7
2025-10-29,11:36,MAVIAUSDT,BUY,7
2025-10-29,11:38,TRUMPUSDT,BUY,11
2025-10-29,11:39,TRUMPUSDT,BUY,25
2025-10-29,11:40,TRUMPUSDT,BUY,21
2025-10-29,11:40,ENSOUSDT,SELL,10
2025-10-29,11:41,TRUMPUSDT,BUY,11
2025-10-29,11:41,ENSOUSDT,SELL,10
2025-10-29,11:43,币安人生USDT,SELL,11
2025-10-29,11:44,币安人生USDT,SELL,14
2025-10-29,11:45,PROMUSDT,BUY,9
2025-10-29,11:46,ENSOUSDT,BUY,9
2025-10-29,11:47,GIGGLEUSDT,SELL,7
2025-10-29,11:50,币安人生USDT,SELL,11
2025-10-29,11:51,币安人生USDT,SELL,13
2025-10-29,11:52,GIGGLEUSDT,SELL,13
2025-10-29,11:52,BTCUSDT,SELL,11
2025-10-29,11:59,LYNUSDT,SELL,9
2025-10-29,11:59,COAIUSDT,SELL,9
2025-10-29,12:00,LYNUSDT,SELL,10
2025-10-29,12:01,OLUSDT,BUY,8
2025-10-29,12:01,LYNUSDT,SELL,17
2025-10-29,12:02,OLUSDT,BUY,8
2025-10-29,12:02,LYNUSDT,SELL,15
2025-10-29,12:02,ETHUSDT,SELL,14
2025-10-29,12:03,ETHUSDT,SELL,13
2025-10-29,12:04,TRUMPUSDT,BUY,7
2025-10-29,12:04,GIGGLEUSDT,SELL,9
2025-10-29,12:05,GIGGLEUSDT,SELL,7
2025-10-29,12:05,TRUMPUSDT,BUY,10
2025-10-29,12:06,TRUMPUSDT,BUY,7
2025-10-29,12:07,TRUMPUSDT,BUY,9
2025-10-29,12:08,TRUMPUSDT,BUY,9
2025-10-29,12:10,SOLUSDT,BUY,8
2025-10-29,12:11,SOLUSDT,BUY,7
2025-10-29,12:13,TRUMPUSDT,SELL,10
2025-10-29,12:19,SOLUSDT,BUY,9
2025-10-29,12:20,SOLUSDT,BUY,10
2025-10-29,12:20,OLUSDT,BUY,10
2025-10-29,12:20,EVAAUSDT,SELL,8
2025-10-29,12:21,SOLUSDT,BUY,11
2025-10-29,12:21,EVAAUSDT,SELL,8
2025-10-29,12:22,SOLUSDT,BUY,9
2025-10-29,12:23,TRUMPUSDT,BUY,7
2025-10-29,12:24,SOLUSDT,BUY,9
2025-10-29,12:25,EVAAUSDT,SELL,7
2025-10-29,12:26,FLMUSDT,SELL,7
2025-10-29,12:33,SAPIENUSDT,SELL,9
2025-10-29,12:33,TRUMPUSDT,BUY,14
2025-10-29,12:34,SAPIENUSDT,SELL,9
2025-10-29,12:35,ETHUSDT,BUY,7
2025-10-29,12:47,ENSOUSDT,BUY,7
2025-10-29,12:49,COAIUSDT,SELL,16
2025-10-29,12:50,COAIUSDT,SELL,14
2025-10-29,12:54,COAIUSDT,SELL,8
2025-10-29,12:55,COAIUSDT,SELL,8
2025-10-29,12:58,EVAAUSDT,BUY,8
2025-10-29,12:59,EVAAUSDT,BUY,10
2025-10-29,13:01,FLMUSDT,SELL,7
2025-10-29,13:02,FLMUSDT,SELL,12
2025-10-29,13:02,TRUMPUSDT,BUY,8
2025-10-29,13:03,FLMUSDT,SELL,8
2025-10-29,13:05,EVAAUSDT,BUY,15
2025-10-29,13:06,EVAAUSDT,BUY,15
2025-10-29,13:07,XPINUSDT,BUY,11
2025-10-29,13:08,XPINUSDT,BUY,9
2025-10-29,13:21,ZECUSDT,BUY,12
2025-10-29,13:22,ZECUSDT,BUY,24
2025-10-29,13:23,ZECUSDT,BUY,21
2025-10-29,13:24,ZECUSDT,BUY,7
2025-10-29,13:26,TONUSDT,SELL,8
2025-10-29,13:27,TONUSDT,SELL,10
2025-10-29,13:28,EVAAUSDT,BUY,7
2025-10-29,13:32,MAVIAUSDT,BUY,14
2025-10-29,13:33,MAVIAUSDT,BUY,14
2025-10-29,13:35,XPINUSDT,SELL,7
2025-10-29,13:36,XPINUSDT,SELL,7
2025-10-29,13:37,MAVIAUSDT,BUY,26
2025-10-29,13:37,OLUSDT,BUY,8
2025-10-29,13:38,MAVIAUSDT,BUY,29
2025-10-29,13:38,OLUSDT,BUY,8
2025-10-29,13:42,XPINUSDT,SELL,10
2025-10-29,13:42,ZECUSDT,BUY,12
2025-10-29,13:43,XPINUSDT,SELL,7
2025-10-29,13:43,MAVIAUSDT,BUY,14
2025-10-29,13:44,MAVIAUSDT,BUY,16
2025-10-29,13:44,TRUMPUSDT,BUY,8
2025-10-29,13:45,TRUMPUSDT,BUY,11
2025-10-29,13:47,TRUMPUSDT,SELL,7
2025-10-29,13:47,EVAAUSDT,BUY,9
2025-10-29,13:48,COAIUSDT,SELL,8
2025-10-29,13:49,COAIUSDT,SELL,7
2025-10-29,13:50,EVAAUSDT,SELL,9
2025-10-29,13:50,COAIUSDT,SELL,13
2025-10-29,13:51,EVAAUSDT,SELL,20
2025-10-29,13:51,COAIUSDT,SELL,11
2025-10-29,13:52,ETHUSDT,BUY,13
2025-10-29,13:52,SOLUSDT,BUY,11
2025-10-29,13:53,SOLUSDT,BUY,10
2025-10-29,13:53,ETHUSDT,BUY,11
2025-10-29,13:58,TREEUSDT,SELL,7
2025-10-29,14:01,MAVIAUSDT,SELL,8
2025-10-29,14:02,MAVIAUSDT,SELL,14
2025-10-29,14:03,MELANIAUSDT,SELL,9
2025-10-29,14:04,SOLUSDT,BUY,10
2025-10-29,14:04,MELANIAUSDT,SELL,10
2025-10-29,14:05,SOLUSDT,BUY,23
2025-10-29,14:05,ETHUSDT,BUY,8
2025-10-29,14:06,ETHUSDT,BUY,10
2025-10-29,14:06,SOLUSDT,BUY,20
2025-10-29,14:07,TRUMPUSDT,SELL,10
2025-10-29,14:12,EVAAUSDT,BUY,7
2025-10-29,14:13,EVAAUSDT,BUY,7
2025-10-29,14:16,COAIUSDT,SELL,14
2025-10-29,14:17,COAIUSDT,SELL,14
2025-10-29,14:17,BTCUSDT,BUY,10
2025-10-29,14:17,SOLUSDT,BUY,11
2025-10-29,14:18,PIPPINUSDT,SELL,8
2025-10-29,14:19,PIPPINUSDT,SELL,10
2025-10-29,14:20,COAIUSDT,SELL,7
2025-10-29,14:21,COAIUSDT,SELL,28
2025-10-29,14:22,COAIUSDT,SELL,24
2025-10-29,14:22,XPINUSDT,SELL,8
2025-10-29,14:23,XPINUSDT,SELL,8
2025-10-29,14:26,TRUMPUSDT,BUY,12
2025-10-29,14:27,TRUMPUSDT,BUY,16
2025-10-29,14:28,TRUMPUSDT,BUY,8
2025-10-29,14:29,OLUSDT,BUY,8
2025-10-29,14:31,ZECUSDT,BUY,15
2025-10-29,14:31,EVAAUSDT,BUY,7
2025-10-29,14:31,EULUSDT,BUY,7
2025-10-29,14:32,MAVIAUSDT,SELL,8
2025-10-29,14:32,ZECUSDT,BUY,22
2025-10-29,14:32,EULUSDT,BUY,8
2025-10-29,14:32,WLFIUSDT,BUY,15
2025-10-29,14:33,WLFIUSDT,BUY,10
2025-10-29,14:33,ZECUSDT,BUY,10
2025-10-29,14:33,XPINUSDT,SELL,9
2025-10-29,14:33,MAVIAUSDT,SELL,11
2025-10-29,14:34,XPINUSDT,SELL,9
2025-10-29,14:34,SOLUSDT,SELL,9
2025-10-29,14:34,XRPUSDT,SELL,8
2025-10-29,14:34,ETHUSDT,SELL,16
2025-10-29,14:34,RECALLUSDT,SELL,13
2025-10-29,14:34,ASTERUSDT,SELL,9
2025-10-29,14:35,ETHUSDT,SELL,12
2025-10-29,14:35,SOLUSDT,SELL,7
2025-10-29,14:35,RECALLUSDT,SELL,13
2025-10-29,14:35,ASTERUSDT,SELL,9
2025-10-29,14:36,ETHUSDT,SELL,8
2025-10-29,14:37,DOGEUSDT,SELL,8
2025-10-29,14:37,ETHUSDT,SELL,23
2025-10-29,14:37,XRPUSDT,SELL,9
2025-10-29,14:37,SOLUSDT,SELL,11
2025-10-29,14:37,BTCUSDT,SELL,15
2025-10-29,14:37,COAIUSDT,SELL,13
2025-10-29,14:38,BTCUSDT,SELL,14
2025-10-29,14:38,COAIUSDT,SELL,15
2025-10-29,14:38,SOLUSDT,SELL,9
2025-10-29,14:39,TRUTHUSDT,SELL,8
2025-10-29,14:42,COAIUSDT,SELL,10
2025-10-29,14:43,COAIUSDT,SELL,15
2025-10-29,14:44,COAIUSDT,SELL,10
2025-10-29,14:44,HANAUSDT,SELL,7
2025-10-29,14:44,XPINUSDT,SELL,12
2025-10-29,14:45,XPINUSDT,SELL,22
2025-10-29,14:46,XPINUSDT,SELL,18
2025-10-29,14:46,HANAUSDT,SELL,8
2025-10-29,14:47,HANAUSDT,SELL,11
2025-10-29,14:47,XPINUSDT,SELL,8
2025-10-29,14:47,BTCUSDT,SELL,11
2025-10-29,14:47,ETHUSDT,SELL,8
2025-10-29,14:48,BTCUSDT,SELL,16
2025-10-29,14:48,YBUSDT,SELL,7
2025-10-29,14:48,ETHUSDT,SELL,15
2025-10-29,14:49,ETHUSDT,SELL,7
2025-10-29,14:49,YBUSDT,SELL,8
2025-10-29,14:50,YBUSDT,SELL,7
2025-10-29,14:50,EDENUSDT,SELL,7
2025-10-29,14:51,EDENUSDT,SELL,9
2025-10-29,14:51,SOLUSDT,BUY,8
2025-10-29,14:52,SOLUSDT,BUY,8
2025-10-29,14:54,DOGEUSDT,SELL,8
2025-10-29,14:55,DOGEUSDT,SELL,11
2025-10-29,14:56,DOGEUSDT,SELL,8
2025-10-29,14:57,EVAAUSDT,BUY,12
2025-10-29,14:58,EVAAUSDT,BUY,12
2025-10-29,15:01,PIPPINUSDT,SELL,7
2025-10-29,15:01,BTCUSDT,SELL,8
2025-10-29,15:01,ETHUSDT,SELL,7
2025-10-29,15:01,ENAUSDT,SELL,7
2025-10-29,15:02,ENAUSDT,SELL,7
2025-10-29,15:02,TRUMPUSDT,SELL,8
2025-10-29,15:02,BTCUSDT,SELL,7
2025-10-29,15:03,XRPUSDT,SELL,13
2025-10-29,15:03,ASTERUSDT,SELL,13
2025-10-29,15:03,SOLUSDT,SELL,13
2025-10-29,15:03,ETHUSDT,SELL,11
2025-10-29,15:03,BTCUSDT,SELL,11
2025-10-29,15:03,BNBUSDT,SELL,7
2025-10-29,15:03,CAKEUSDT,SELL,14
2025-10-29,15:03,ETHUSDC,SELL,7
2025-10-29,15:04,ETHUSDT,SELL,13
2025-10-29,15:04,BTCUSDT,SELL,12
2025-10-29,15:04,ASTERUSDT,SELL,11
2025-10-29,15:04,BNBUSDT,SELL,8
2025-10-29,15:04,XRPUSDT,SELL,12
2025-10-29,15:04,CAKEUSDT,SELL,14
2025-10-29,15:04,ETHUSDC,SELL,7
2025-10-29,15:04,SOLUSDT,SELL,12
2025-10-29,15:04,EDENUSDT,SELL,9
2025-10-29,15:04,STBLUSDT,SELL,8
2025-10-29,15:05,EDENUSDT,SELL,11
2025-10-29,15:05,STBLUSDT,SELL,7
2025-10-29,15:06,ENSOUSDT,SELL,9
2025-10-29,15:06,XPINUSDT,BUY,7
2025-10-29,15:07,XPINUSDT,BUY,9
2025-10-29,15:08,TRUMPUSDT,BUY,7
2025-10-29,15:08,BLESSUSDT,SELL,15
2025-10-29,15:09,BLESSUSDT,SELL,21
2025-10-29,15:10,BLESSUSDT,SELL,12
2025-10-29,15:12,EDENUSDT,SELL,11
2025-10-29,15:13,EDENUSDT,SELL,12
2025-10-29,15:16,BLESSUSDT,SELL,9
2025-10-29,15:17,BLESSUSDT,SELL,9
2025-10-29,15:17,EVAAUSDT,SELL,14
2025-10-29,15:18,4USDT,SELL,13
2025-10-29,15:18,EVAAUSDT,SELL,14
2025-10-29,15:18,EDENUSDT,SELL,7
2025-10-29,15:18,STBLUSDT,SELL,9
2025-10-29,15:19,EPTUSDT,SELL,8
2025-10-29,15:19,EDENUSDT,SELL,14
2025-10-29,15:19,SWARMSUSDT,SELL,7
2025-10-29,15:19,STBLUSDT,SELL,9
2025-10-29,15:19,4USDT,SELL,15
2025-10-29,15:19,BTCUSDT,SELL,11
2025-10-29,15:20,EDENUSDT,SELL,8
2025-10-29,15:20,EVAAUSDT,BUY,9
2025-10-29,15:21,TRUMPUSDT,SELL,9
2025-10-29,15:21,BNBUSDT,SELL,8
2025-10-29,15:21,BTCUSDT,SELL,7
2025-10-29,15:21,COAIUSDT,BUY,8
2025-10-29,15:22,ETHUSDT,SELL,7
2025-10-29,15:22,币安人生USDT,SELL,20
2025-10-29,15:22,COAIUSDT,BUY,11
2025-10-29,15:23,COAIUSDT,BUY,23
2025-10-29,15:23,币安人生USDT,SELL,19
2025-10-29,15:24,ZECUSDT,SELL,8
2025-10-29,15:25,ZECUSDT,SELL,7
2025-10-29,15:25,EVAAUSDT,SELL,10
2025-10-29,15:26,TREEUSDT,BUY,12
2025-10-29,15:28,TRUMPUSDT,SELL,11
2025-10-29,15:28,BTCUSDT,SELL,8
2025-10-29,15:29,TRUMPUSDT,SELL,10
2025-10-29,15:29,BTCUSDT,SELL,10
2025-10-29,15:30,COAIUSDT,BUY,20
2025-10-29,15:31,COAIUSDT,BUY,18
2025-10-29,15:33,OLUSDT,BUY,18
2025-10-29,15:33,MAVIAUSDT,SELL,15
2025-10-29,15:34,MAVIAUSDT,SELL,15
2025-10-29,15:34,XPINUSDT,BUY,10
2025-10-29,15:35,TRUMPUSDT,BUY,9
2025-10-29,15:35,COAIUSDT,SELL,7
2025-10-29,15:36,COAIUSDT,SELL,7
2025-10-29,15:38,ETHUSDT,BUY,8
2025-10-29,15:44,EVAAUSDT,BUY,8
2025-10-29,15:45,HUSDT,BUY,7
2025-10-29,15:46,HUSDT,BUY,7
2025-10-29,15:50,ETHUSDT,SELL,10
2025-10-29,15:51,ETHUSDT,SELL,10
2025-10-29,15:52,EVAAUSDT,BUY,13
2025-10-29,15:53,EVAAUSDT,BUY,12
2025-10-29,15:57,XPINUSDT,BUY,7
2025-10-29,15:58,XPINUSDT,BUY,7
2025-10-29,16:01,EVAAUSDT,SELL,17
2025-10-29,16:01,OLUSDT,BUY,8
2025-10-29,16:02,EVAAUSDT,SELL,12
2025-10-29,16:05,TREEUSDT,SELL,23
2025-10-29,16:07,KDAUSDT,BUY,8
2025-10-29,16:07,AIAUSDT,SELL,8
2025-10-29,16:08,4USDT,SELL,7
2025-10-29,16:08,AIAUSDT,SELL,8
2025-10-29,16:09,KGENUSDT,SELL,8
2025-10-29,16:09,COAIUSDT,SELL,7
2025-10-29,16:10,KGENUSDT,SELL,8
2025-10-29,16:10,4USDT,SELL,9
2025-10-29,16:10,RECALLUSDT,SELL,7
2025-10-29,16:10,COAIUSDT,SELL,19
2025-10-29,16:11,KDAUSDT,BUY,8
2025-10-29,16:11,COAIUSDT,SELL,12
2025-10-29,16:11,RECALLUSDT,SELL,7
2025-10-29,16:12,ZKCUSDT,SELL,8
2025-10-29,16:12,RECALLUSDT,SELL,8
2025-10-29,16:13,HIPPOUSDT,SELL,10
2025-10-29,16:13,币安人生USDT,SELL,10
2025-10-29,16:13,LYNUSDT,SELL,7
2025-10-29,16:14,HIPPOUSDT,SELL,14
2025-10-29,16:14,币安人生USDT,SELL,11
2025-10-29,16:14,LYNUSDT,SELL,7
2025-10-29,16:14,LABUSDT,SELL,7
2025-10-29,16:15,HIPPOUSDT,SELL,14
2025-10-29,16:15,CLOUSDT,SELL,7
2025-10-29,16:15,ASTERUSDT,SELL,14
2025-10-29,16:15,TREEUSDT,SELL,8
2025-10-29,16:15,BTCUSDT,SELL,7
2025-10-29,16:15,ETHUSDT,SELL,16
2025-10-29,16:15,BLESSUSDT,SELL,11
2025-10-29,16:15,PUMPUSDT,SELL,7
2025-10-29,16:15,币安人生USDT,SELL,8
2025-10-29,16:15,SOLUSDT,SELL,10
2025-10-29,16:15,ZORAUSDT,SELL,7
2025-10-29,16:16,ASTERUSDT,SELL,12
2025-10-29,16:16,SOLUSDT,SELL,9
2025-10-29,16:16,HIPPOUSDT,SELL,9
2025-10-29,16:16,PUMPBTCUSDT,SELL,7
2025-10-29,16:16,ETHUSDT,SELL,12
2025-10-29,16:16,ZORAUSDT,SELL,11
2025-10-29,16:16,TUTUSDT,SELL,16
2025-10-29,16:17,TUTUSDT,SELL,11
2025-10-29,16:19,FORMUSDT,SELL,7
2025-10-29,16:19,TREEUSDT,BUY,8
2025-10-29,16:21,GIGGLEUSDT,SELL,11
2025-10-29,16:22,EVAAUSDT,BUY,7
2025-10-29,16:22,ENSOUSDT,SELL,8
2025-10-29,16:23,ENSOUSDT,SELL,8
2025-10-29,16:24,EPTUSDT,SELL,8
2025-10-29,16:25,EDENUSDT,SELL,7
2025-10-29,16:25,EPTUSDT,SELL,9
2025-10-29,16:27,EPTUSDT,SELL,7
2025-10-29,16:27,币安人生USDT,SELL,7
2025-10-29,16:27,ORDERUSDT,SELL,7
2025-10-29,16:28,COAIUSDT,SELL,9
2025-10-29,16:28,EVAAUSDT,SELL,8
2025-10-29,16:28,KDAUSDT,BUY,9
2025-10-29,16:29,EVAAUSDT,SELL,10
2025-10-29,16:29,KDAUSDT,BUY,10
2025-10-29,16:29,COAIUSDT,SELL,8
2025-10-29,16:29,BTCUSDT,SELL,16
2025-10-29,16:29,ENSOUSDT,SELL,7
2025-10-29,16:30,EVAAUSDT,SELL,11
2025-10-29,16:30,KGENUSDT,SELL,8
2025-10-29,16:30,BTCUSDT,SELL,20
2025-10-29,16:30,BTCUSDC,SELL,10
2025-10-29,16:30,AGTUSDT,SELL,7
2025-10-29,16:31,BTCUSDT,SELL,8
2025-10-29,16:31,AGTUSDT,SELL,7
2025-10-29,16:31,KGENUSDT,SELL,8
2025-10-29,16:32,KGENUSDT,SELL,9
2025-10-29,16:32,CUSDT,SELL,8
2025-10-29,16:32,币安人生USDT,SELL,9
2025-10-29,16:32,BTCUSDC,SELL,8
2025-10-29,16:32,BTCUSDT,SELL,14
2025-10-29,16:32,SOLUSDT,SELL,18
2025-10-29,16:32,KERNELUSDT,SELL,8
2025-10-29,16:32,ETHUSDT,SELL,16
2025-10-29,16:32,CAKEUSDT,SELL,7
2025-10-29,16:32,ETHUSDC,SELL,7
2025-10-29,16:33,SOLUSDT,SELL,34
2025-10-29,16:33,KERNELUSDT,SELL,12
2025-10-29,16:33,BTCUSDC,SELL,13
2025-10-29,16:33,ETHUSDT,SELL,36
2025-10-29,16:33,4USDT,SELL,7
2025-10-29,16:33,SOMIUSDT,SELL,8
2025-10-29,16:33,CUSDT,SELL,7
2025-10-29,16:33,TRUMPUSDT,SELL,10
2025-10-29,16:33,KGENUSDT,SELL,16
2025-10-29,16:33,ENAUSDT,SELL,9
2025-10-29,16:33,FORMUSDT,SELL,14
2025-10-29,16:33,币安人生USDT,SELL,11
2025-10-29,16:33,CAKEUSDT,SELL,16
2025-10-29,16:33,BELUSDT,SELL,7
2025-10-29,16:33,ETHUSDC,SELL,13
2025-10-29,16:33,COAIUSDT,SELL,21
2025-10-29,16:33,BNBUSDT,SELL,16
2025-10-29,16:33,ZKCUSDT,SELL,8
2025-10-29,16:33,UNIUSDT,SELL,10
2025-10-29,16:33,YBUSDT,SELL,7
2025-10-29,16:33,ADAUSDT,SELL,9
2025-10-29,16:33,DOGEUSDT,SELL,21
2025-10-29,16:33,WUSDT,SELL,7
2025-10-29,16:33,PENGUUSDT,SELL,7
2025-10-29,16:33,1000PEPEUSDT,SELL,7
2025-10-29,16:33,SUIUSDT,SELL,10
2025-10-29,16:33,RECALLUSDT,SELL,8
2025-10-29,16:33,BLUAIUSDT,SELL,8
2025-10-29,16:33,ASTERUSDT,SELL,20
2025-10-29,16:33,ZBTUSDT,SELL,7
2025-10-29,16:33,EDENUSDT,SELL,7
2025-10-29,16:33,LABUSDT,SELL,7
2025-10-29,16:33,XPLUSDT,SELL,11
2025-10-29,16:33,BLESSUSDT,SELL,12
2025-10-29,16:33,HANAUSDT,SELL,10
2025-10-29,16:33,BASUSDT,SELL,8
2025-10-29,16:34,币安人生USDT,SELL,10
2025-10-29,16:34,SUIUSDT,SELL,8
2025-10-29,16:34,SOLUSDT,SELL,21
2025-10-29,16:34,BNBUSDT,SELL,13
2025-10-29,16:34,LABUSDT,SELL,7
2025-10-29,16:34,COAIUSDT,SELL,25
2025-10-29,16:34,CAKEUSDT,SELL,9
2025-10-29,16:34,EDENUSDT,SELL,7
2025-10-29,16:34,BLUAIUSDT,SELL,7
2025-10-29,16:34,RVVUSDT,SELL,8
2025-10-29,16:34,BTCUSDC,SELL,7
2025-10-29,16:34,DOGEUSDT,SELL,20
2025-10-29,16:34,KGENUSDT,SELL,8
2025-10-29,16:34,4USDT,SELL,7
2025-10-29,16:34,XPLUSDT,SELL,11
2025-10-29,16:34,ETHUSDC,SELL,7
2025-10-29,16:34,ASTERUSDT,SELL,18
2025-10-29,16:34,BLESSUSDT,SELL,14
2025-10-29,16:34,HANAUSDT,SELL,10
2025-10-29,16:34,RECALLUSDT,SELL,7
2025-10-29,16:34,TRUTHUSDT,SELL,12
2025-10-29,16:34,BASUSDT,SELL,9
2025-10-29,16:35,TRUTHUSDT,SELL,12
2025-10-29,16:35,COAIUSDT,SELL,14
2025-10-29,16:35,币安人生USDT,SELL,21
2025-10-29,16:35,KDAUSDT,BUY,7
2025-10-29,16:36,4USDT,SELL,9
2025-10-29,16:36,币安人生USDT,SELL,17
2025-10-29,16:36,KDAUSDT,BUY,8
2025-10-29,16:36,COAIUSDT,SELL,11
2025-10-29,16:36,LYNUSDT,SELL,14
2025-10-29,16:37,COAIUSDT,SELL,7
2025-10-29,16:37,LYNUSDT,SELL,12
2025-10-29,16:37,FHEUSDT,SELL,12
2025-10-29,16:37,ETHUSDT,SELL,7
2025-10-29,16:37,BTCUSDT,SELL,8
2025-10-29,16:37,DOGEUSDT,SELL,10
2025-10-29,16:37,ENAUSDT,SELL,9
2025-10-29,16:37,MYXUSDT,SELL,9
2025-10-29,16:38,BTCUSDT,SELL,8
2025-10-29,16:38,DOGEUSDT,SELL,10
2025-10-29,16:38,FHEUSDT,SELL,12
2025-10-29,16:38,ENAUSDT,SELL,9
2025-10-29,16:38,MYXUSDT,SELL,9
2025-10-29,16:41,COAIUSDT,SELL,8
2025-10-29,16:42,COAIUSDT,SELL,10
2025-10-29,16:42,HANAUSDT,SELL,10
2025-10-29,16:42,IPUSDT,SELL,9
2025-10-29,16:42,KERNELUSDT,SELL,11
2025-10-29,16:43,HANAUSDT,SELL,8
2025-10-29,16:43,COAIUSDT,SELL,26
2025-10-29,16:43,KERNELUSDT,SELL,7
2025-10-29,16:43,ETHUSDT,SELL,8
2025-10-29,16:43,DEGOUSDT,SELL,13
2025-10-29,16:43,WLDUSDT,SELL,7
2025-10-29,16:43,ZECUSDT,SELL,7
2025-10-29,16:43,IPUSDT,SELL,9
2025-10-29,16:43,XRPUSDT,SELL,10
2025-10-29,16:43,LABUSDT,SELL,12
2025-10-29,16:43,TAUSDT,SELL,10
2025-10-29,16:43,CLOUSDT,SELL,7
2025-10-29,16:44,LABUSDT,SELL,21
2025-10-29,16:44,COAIUSDT,SELL,25
2025-10-29,16:44,DEGOUSDT,SELL,11
2025-10-29,16:44,SOLVUSDT,SELL,8
2025-10-29,16:44,DOGEUSDT,SELL,7
2025-10-29,16:44,TAUSDT,SELL,10
2025-10-29,16:44,WLDUSDT,SELL,7
2025-10-29,16:44,CLOUSDT,SELL,12
2025-10-29,16:44,BTCUSDT,SELL,8
2025-10-29,16:44,ETHUSDT,SELL,11
2025-10-29,16:44,BDXNUSDT,SELL,7
2025-10-29,16:44,XRPUSDT,SELL,11
2025-10-29,16:44,BNBUSDT,SELL,11
2025-10-29,16:45,LABUSDT,SELL,10
2025-10-29,16:45,EVAAUSDT,SELL,7
2025-10-29,16:45,MYXUSDT,SELL,9
2025-10-29,16:45,RVVUSDT,SELL,9
2025-10-29,16:46,RVVUSDT,SELL,10
2025-10-29,16:46,FORMUSDT,SELL,10
2025-10-29,16:46,GIGGLEUSDT,SELL,11
2025-10-29,16:46,MYXUSDT,SELL,13
2025-10-29,16:46,RESOLVUSDT,BUY,15
2025-10-29,16:46,DEGOUSDT,SELL,27
2025-10-29,16:47,GIGGLEUSDT,SELL,9
2025-10-29,16:47,DEGOUSDT,SELL,29
2025-10-29,16:47,TOWNSUSDT,SELL,7
2025-10-29,16:47,FORMUSDT,SELL,12
2025-10-29,16:47,PHBUSDT,SELL,7
2025-10-29,16:47,WLFIUSDT,SELL,7
2025-10-29,16:47,TRUMPUSDT,SELL,25
2025-10-29,16:47,MYXUSDT,SELL,24
2025-10-29,16:47,ASTERUSDT,SELL,13
2025-10-29,16:47,COAIUSDT,SELL,11
2025-10-29,16:47,MELANIAUSDT,SELL,8
2025-10-29,16:47,RVVUSDT,SELL,18
2025-10-29,16:47,EPTUSDT,SELL,11
2025-10-29,16:47,EDENUSDT,SELL,8
2025-10-29,16:47,ETHUSDT,SELL,17
2025-10-29,16:47,XPLUSDT,SELL,9
2025-10-29,16:47,ENSOUSDT,SELL,8
2025-10-29,16:47,LABUSDT,SELL,9
2025-10-29,16:47,INUSDT,SELL,8
2025-10-29,16:47,USELESSUSDT,SELL,7
2025-10-29,16:47,BASUSDT,SELL,12
2025-10-29,16:47,MUBARAKUSDT,SELL,7
2025-10-29,16:47,EVAAUSDT,SELL,7
2025-10-29,16:47,DOGEUSDT,SELL,13
2025-10-29,16:47,LTCUSDT,SELL,7
2025-10-29,16:47,BNBUSDT,SELL,14
2025-10-29,16:47,1000PEPEUSDT,SELL,11
2025-10-29,16:47,ENAUSDT,SELL,8
2025-10-29,16:47,EIGENUSDT,SELL,9
2025-10-29,16:47,ZORAUSDT,SELL,9
2025-10-29,16:47,FARTCOINUSDT,SELL,8
2025-10-29,16:47,FFUSDT,SELL,7
2025-10-29,16:47,KGENUSDT,SELL,8
2025-10-29,16:47,WLDUSDT,SELL,11
2025-10-29,16:47,BTCUSDT,SELL,9
2025-10-29,16:47,CAKEUSDT,SELL,11
2025-10-29,16:47,ADAUSDT,SELL,7
2025-10-29,16:48,EDENUSDT,SELL,7
2025-10-29,16:48,EPTUSDT,SELL,13
2025-10-29,16:48,ASTERUSDT,SELL,9
2025-10-29,16:48,INUSDT,SELL,8
2025-10-29,16:48,RESOLVUSDT,SELL,23
2025-10-29,16:48,MYXUSDT,SELL,19
2025-10-29,16:48,USELESSUSDT,SELL,7
2025-10-29,16:48,BASUSDT,SELL,13
2025-10-29,16:48,MUBARAKUSDT,SELL,7
2025-10-29,16:48,COAIUSDT,SELL,13
2025-10-29,16:48,RVVUSDT,SELL,27
2025-10-29,16:48,XPLUSDT,SELL,7
2025-10-29,16:48,ENSOUSDT,SELL,9
2025-10-29,16:48,GIGGLEUSDT,SELL,10
2025-10-29,16:48,ALICEUSDT,SELL,8
2025-10-29,16:48,DOGEUSDT,SELL,17
2025-10-29,16:48,LTCUSDT,SELL,9
2025-10-29,16:48,HANAUSDT,SELL,10
2025-10-29,16:48,BNBUSDT,SELL,18
2025-10-29,16:48,1000PEPEUSDT,SELL,15
2025-10-29,16:48,ENAUSDT,SELL,12
2025-10-29,16:48,EIGENUSDT,SELL,9
2025-10-29,16:48,ZORAUSDT,SELL,10
2025-10-29,16:48,FARTCOINUSDT,SELL,11
2025-10-29,16:48,ETHUSDT,SELL,23
2025-10-29,16:48,JELLYJELLYUSDT,SELL,7
2025-10-29,16:48,FFUSDT,SELL,7
2025-10-29,16:48,KGENUSDT,SELL,11
2025-10-29,16:48,WLDUSDT,SELL,13
2025-10-29,16:48,BTCUSDT,SELL,17
2025-10-29,16:48,CAKEUSDT,SELL,12
2025-10-29,16:48,币安人生USDT,SELL,8
2025-10-29,16:48,FILUSDT,SELL,7
2025-10-29,16:48,DASHUSDT,SELL,7
2025-10-29,16:48,ADAUSDT,SELL,10
2025-10-29,16:48,ETHUSDC,SELL,7
2025-10-29,16:48,ZECUSDT,SELL,10
2025-10-29,16:48,LINKUSDT,SELL,7
2025-10-29,16:49,BTCUSDT,SELL,11
2025-10-29,16:49,ETHUSDT,SELL,8
2025-10-29,16:49,ZECUSDT,SELL,10
2025-10-29,16:49,RVVUSDT,SELL,11
2025-10-29,16:50,RESOLVUSDT,SELL,10
2025-10-29,16:51,RESOLVUSDT,SELL,17
2025-10-29,16:52,RESOLVUSDT,SELL,9
2025-10-29,16:54,PIPPINUSDT,SELL,9
2025-10-29,16:55,PIPPINUSDT,SELL,9
2025-10-29,16:56,BTCUSDT,SELL,10
2025-10-29,16:57,BTCUSDT,SELL,11
2025-10-29,16:57,GIGGLEUSDT,SELL,7
2025-10-29,16:57,TRUMPUSDT,BUY,7
2025-10-29,16:58,OLUSDT,SELL,7
2025-10-29,16:59,COAIUSDT,SELL,13
2025-10-29,16:59,OLUSDT,SELL,13
2025-10-29,16:59,TONUSDT,SELL,8
2025-10-29,16:59,4USDT,SELL,16
2025-10-29,16:59,YBUSDT,BUY,7
2025-10-29,17:00,GIGGLEUSDT,SELL,13
2025-10-29,17:00,COAIUSDT,SELL,18
2025-10-29,17:00,4USDT,SELL,16
2025-10-29,17:00,BASUSDT,SELL,9
2025-10-29,17:00,BTCUSDT,SELL,7
2025-10-29,17:00,PIPPINUSDT,SELL,11
2025-10-29,17:01,COAIUSDT,SELL,8
2025-10-29,17:01,BASUSDT,SELL,12
2025-10-29,17:01,FORMUSDT,SELL,13
2025-10-29,17:01,PIPPINUSDT,SELL,12
2025-10-29,17:01,BTCUSDT,SELL,10
2025-10-29,17:01,FHEUSDT,SELL,7
2025-10-29,17:02,BASUSDT,SELL,7
2025-10-29,17:02,FORMUSDT,SELL,12
2025-10-29,17:03,MYXUSDT,SELL,11
2025-10-29,17:03,4USDT,SELL,7
2025-10-29,17:03,IPUSDT,SELL,11
2025-10-29,17:03,ETHUSDT,SELL,8
2025-10-29,17:04,EVAAUSDT,BUY,9
2025-10-29,17:04,MYXUSDT,SELL,11
2025-10-29,17:04,GIGGLEUSDT,SELL,20
2025-10-29,17:04,ETHUSDT,SELL,12
2025-10-29,17:04,BTCUSDT,SELL,7
2025-10-29,17:05,BTCUSDT,SELL,17
2025-10-29,17:05,SOLUSDT,SELL,20
2025-10-29,17:05,BNBUSDT,SELL,17
2025-10-29,17:05,币安人生USDT,SELL,8
2025-10-29,17:05,ETHUSDC,SELL,7
2025-10-29,17:05,EVAAUSDT,BUY,9
2025-10-29,17:05,OLUSDT,BUY,15
2025-10-29,17:05,COAIUSDT,SELL,17
2025-10-29,17:05,XVGUSDT,SELL,7
2025-10-29,17:06,BTCUSDT,SELL,18
2025-10-29,17:06,BNBUSDT,SELL,15
2025-10-29,17:06,SOLUSDT,SELL,19
2025-10-29,17:06,XVGUSDT,SELL,7
2025-10-29,17:06,ETHUSDC,SELL,7
2025-10-29,17:06,BTCUSDC,SELL,7
2025-10-29,17:06,DOGEUSDT,SELL,8
2025-10-29,17:07,BTCUSDT,SELL,12
2025-10-29,17:07,BTCUSDC,SELL,7
2025-10-29,17:08,COAIUSDT,SELL,36
2025-10-29,17:08,SOLUSDT,SELL,11
2025-10-29,17:08,SUSDT,SELL,7
2025-10-29,17:09,COAIUSDT,SELL,19
2025-10-29,17:09,SUSDT,SELL,7
2025-10-29,17:09,SOLUSDT,SELL,9
2025-10-29,17:10,BTCUSDT,SELL,9
2025-10-29,17:11,MYXUSDT,SELL,8
2025-10-29,17:11,BTCUSDC,SELL,10
2025-10-29,17:11,BTCUSDT,SELL,19
2025-10-29,17:12,BTCUSDT,SELL,18
2025-10-29,17:12,BTCUSDC,SELL,9
2025-10-29,17:12,MYXUSDT,SELL,7
2025-10-29,17:12,EVAAUSDT,SELL,11
2025-10-29,17:12,GIGGLEUSDT,BUY,7
2025-10-29,17:12,BLESSUSDT,SELL,7
2025-10-29,17:13,BTCUSDT,SELL,18
2025-10-29,17:13,MYXUSDT,SELL,11
2025-10-29,17:13,BLESSUSDT,SELL,9
2025-10-29,17:14,BTCUSDT,SELL,11
2025-10-29,17:14,MYXUSDT,SELL,9
2025-10-29,17:14,MAVIAUSDT,SELL,7
2025-10-29,17:15,TRUMPUSDT,BUY,14
2025-10-29,17:15,BLESSUSDT,SELL,7
2025-10-29,17:16,BLESSUSDT,SELL,8
2025-10-29,17:16,XNYUSDT,SELL,9
2025-10-29,17:16,TRUMPUSDT,BUY,8
2025-10-29,17:16,ZECUSDT,BUY,10
2025-10-29,17:17,XNYUSDT,SELL,9
2025-10-29,17:17,ZECUSDT,BUY,10
2025-10-29,17:17,FLMUSDT,SELL,7
2025-10-29,17:18,TRUMPUSDT,SELL,10
2025-10-29,17:18,FLMUSDT,SELL,8
2025-10-29,17:20,FLMUSDT,SELL,11
2025-10-29,17:20,ETHUSDT,BUY,19
2025-10-29,17:20,COAIUSDT,BUY,23
2025-10-29,17:20,BTCUSDT,BUY,7
2025-10-29,17:20,SOLUSDT,BUY,10
2025-10-29,17:21,COAIUSDT,BUY,17
2025-10-29,17:21,FLMUSDT,SELL,8
2025-10-29,17:21,ETHUSDT,BUY,20
2025-10-29,17:21,BTCUSDT,BUY,9
2025-10-29,17:21,SOLUSDT,BUY,11
2025-10-29,17:21,TAOUSDT,BUY,7
2025-10-29,17:22,FLMUSDT,SELL,12
2025-10-29,17:23,FLMUSDT,SELL,13
2025-10-29,17:25,OLUSDT,SELL,7
2025-10-29,17:26,OLUSDT,SELL,8
2025-10-29,17:29,FLMUSDT,SELL,13
2025-10-29,17:30,FLMUSDT,SELL,16
2025-10-29,17:30,DEGOUSDT,SELL,13
2025-10-29,17:30,SOLUSDT,SELL,11
2025-10-29,17:31,DEGOUSDT,SELL,11
2025-10-29,17:31,MAVIAUSDT,SELL,10
2025-10-29,17:31,SOLUSDT,SELL,10
2025-10-29,17:32,MAVIAUSDT,SELL,8
2025-10-29,17:33,ETHUSDT,BUY,8
2025-10-29,17:34,ETHUSDT,BUY,8
2025-10-29,17:36,FLMUSDT,SELL,7
2025-10-29,17:37,GIGGLEUSDT,SELL,8
2025-10-29,17:38,GIGGLEUSDT,SELL,13
2025-10-29,17:39,GIGGLEUSDT,SELL,12
2025-10-29,17:40,COAIUSDT,BUY,7
2025-10-29,17:41,COAIUSDT,BUY,10
2025-10-29,17:43,OLUSDT,SELL,7
2025-10-29,17:43,MAVIAUSDT,SELL,7
2025-10-29,17:43,DEGOUSDT,SELL,7
2025-10-29,17:44,MAVIAUSDT,SELL,7
2025-10-29,17:44,DEGOUSDT,SELL,16
2025-10-29,17:44,XNYUSDT,SELL,9
2025-10-29,17:44,FLMUSDT,SELL,7
2025-10-29,17:45,DEGOUSDT,SELL,10
2025-10-29,17:46,FLMUSDT,SELL,14
2025-10-29,17:46,DEGOUSDT,SELL,16
2025-10-29,17:47,FLMUSDT,SELL,23
2025-10-29,17:47,DEGOUSDT,SELL,15
2025-10-29,17:50,EVAAUSDT,SELL,7
2025-10-29,17:52,COAIUSDT,BUY,10
2025-10-29,18:01,COAIUSDT,BUY,21
2025-10-29,18:02,COAIUSDT,BUY,31
2025-10-29,18:03,COAIUSDT,BUY,10
2025-10-29,18:03,GIGGLEUSDT,BUY,7
2025-10-29,18:09,RIVERUSDT,BUY,7
2025-10-29,18:10,RIVERUSDT,BUY,7
2025-10-29,18:12,CLOUSDT,SELL,11
2025-10-29,18:13,CLOUSDT,SELL,10
2025-10-29,18:18,GIGGLEUSDT,SELL,9
2025-10-29,18:20,GIGGLEUSDT,BUY,7
2025-10-29,18:25,CLOUSDT,SELL,7
2025-10-29,18:26,CLOUSDT,SELL,11
2025-10-29,18:26,ZBTUSDT,SELL,12
2025-10-29,18:27,ZBTUSDT,SELL,12
2025-10-29,18:27,SAPIENUSDT,BUY,9
2025-10-29,18:27,XPLUSDT,SELL,13
2025-10-29,18:28,SAPIENUSDT,BUY,8
2025-10-29,18:28,XPLUSDT,SELL,13
2025-10-29,18:30,4USDT,SELL,8
2025-10-29,18:31,4USDT,SELL,12
2025-10-29,18:31,TRUMPUSDT,BUY,10
2025-10-29,18:32,TRUMPUSDT,BUY,12
2025-10-29,18:32,COAIUSDT,BUY,7
2025-10-29,18:33,COAIUSDT,BUY,9
2025-10-29,18:34,OLUSDT,BUY,10
2025-10-29,18:35,OLUSDT,BUY,11
2025-10-29,18:35,ETHUSDT,BUY,9
2025-10-29,18:36,COAIUSDT,BUY,17
2025-10-29,18:36,ETHUSDT,BUY,21
2025-10-29,18:36,OLUSDT,BUY,16
2025-10-29,18:36,1000PEPEUSDT,BUY,7
2025-10-29,18:36,DOGEUSDT,BUY,8
2025-10-29,18:36,SOLUSDT,BUY,9
2025-10-29,18:36,ZECUSDT,BUY,11
2025-10-29,18:37,OLUSDT,BUY,21
2025-10-29,18:37,1000PEPEUSDT,BUY,9
2025-10-29,18:37,DOGEUSDT,BUY,9
2025-10-29,18:37,SOLUSDT,BUY,14
2025-10-29,18:37,ZECUSDT,BUY,13
2025-10-29,18:37,XRPUSDT,BUY,10
2025-10-29,18:37,COAIUSDT,BUY,18
2025-10-29,18:37,GIGGLEUSDT,BUY,9
2025-10-29,18:38,SOLUSDT,BUY,7
2025-10-29,18:38,ZECUSDT,BUY,7
2025-10-29,18:39,SOLUSDT,BUY,11
2025-10-29,18:39,ZECUSDT,BUY,12
2025-10-29,18:39,DOGEUSDT,BUY,10
2025-10-29,18:39,ETHUSDT,BUY,21
2025-10-29,18:39,BTCUSDT,BUY,9
2025-10-29,18:39,XRPUSDT,BUY,9
2025-10-29,18:39,1000PEPEUSDT,BUY,7
2025-10-29,18:40,ETHUSDT,BUY,21
2025-10-29,18:40,BTCUSDT,BUY,10
2025-10-29,18:40,XRPUSDT,BUY,9
2025-10-29,18:40,DOGEUSDT,BUY,9
2025-10-29,18:40,1000PEPEUSDT,BUY,7
2025-10-29,18:40,SOLUSDT,BUY,9
2025-10-29,18:41,AIAUSDT,BUY,7
2025-10-29,18:42,AIAUSDT,BUY,9
2025-10-29,18:47,EVAAUSDT,SELL,9
2025-10-29,18:48,EVAAUSDT,SELL,7
2025-10-29,18:58,ZECUSDT,BUY,8
2025-10-29,18:59,ZECUSDT,BUY,12
2025-10-29,19:00,1000PEPEUSDT,BUY,8
2025-10-29,19:02,BNBUSDT,BUY,8
2025-10-29,19:02,GIGGLEUSDT,BUY,9
2025-10-29,19:05,SUIUSDT,SELL,7
2025-10-29,19:05,SOLUSDT,SELL,11
2025-10-29,19:06,SOLUSDT,SELL,11
2025-10-29,19:08,BLUAIUSDT,BUY,7
2025-10-29,19:09,BLUAIUSDT,BUY,10
2025-10-29,19:15,BTCUSDT,SELL,7
2025-10-29,19:23,COAIUSDT,SELL,8
2025-10-29,19:24,COAIUSDT,SELL,8
2025-10-29,19:33,EVAAUSDT,BUY,8
2025-10-29,19:33,GIGGLEUSDT,BUY,7
2025-10-29,19:34,ZECUSDT,BUY,8
2025-10-29,19:34,GIGGLEUSDT,BUY,10
2025-10-29,19:34,ADAUSDT,BUY,8
2025-10-29,19:35,VIRTUALUSDT,SELL,8
2025-10-29,19:35,TRUMPUSDT,SELL,10
2025-10-29,19:35,WLFIUSDT,SELL,7
2025-10-29,19:35,ETHUSDC,SELL,13
2025-10-29,19:35,ARBUSDT,SELL,7
2025-10-29,19:35,BTCUSDC,SELL,10
2025-10-29,19:35,TAOUSDT,SELL,8
2025-10-29,19:35,PAXGUSDT,SELL,8
2025-10-29,19:35,HBARUSDT,SELL,8
2025-10-29,19:35,HYPEUSDT,SELL,7
2025-10-29,19:35,SOLUSDC,SELL,7
2025-10-29,19:36,SUIUSDT,SELL,14
2025-10-29,19:36,EVAAUSDT,SELL,18
2025-10-29,19:36,1000FLOKIUSDT,SELL,9
2025-10-29,19:36,1000BONKUSDT,SELL,7
2025-10-29,19:36,XPLUSDT,SELL,8
2025-10-29,19:36,XRPUSDT,SELL,20
2025-10-29,19:36,NEARUSDT,SELL,10
2025-10-29,19:36,WLFIUSDT,SELL,12
2025-10-29,19:36,DOGEUSDT,SELL,17
2025-10-29,19:36,ARBUSDT,SELL,10
2025-10-29,19:36,BTCUSDC,SELL,16
2025-10-29,19:36,TAOUSDT,SELL,13
2025-10-29,19:36,LINKUSDT,SELL,14
2025-10-29,19:36,OMUSDT,SELL,7
2025-10-29,19:36,PAXGUSDT,SELL,17
2025-10-29,19:36,TURBOUSDT,SELL,8
2025-10-29,19:36,HBARUSDT,SELL,12
2025-10-29,19:36,1000PEPEUSDT,SELL,14
2025-10-29,19:36,WLDUSDT,SELL,10
2025-10-29,19:36,HYPEUSDT,SELL,11
2025-10-29,19:36,SNXUSDT,SELL,7
2025-10-29,19:36,VIRTUALUSDT,SELL,13
2025-10-29,19:36,AVAXUSDT,SELL,12
2025-10-29,19:36,XLMUSDT,SELL,9
2025-10-29,19:36,BNBUSDT,SELL,16
2025-10-29,19:36,BLESSUSDT,SELL,7
2025-10-29,19:36,LTCUSDT,SELL,12
2025-10-29,19:36,HANAUSDT,SELL,11
2025-10-29,19:36,AVNTUSDT,SELL,7
2025-10-29,19:36,TONUSDT,SELL,7
2025-10-29,19:36,GALAUSDT,SELL,7
2025-10-29,19:36,INJUSDT,SELL,7
2025-10-29,19:36,ETHFIUSDT,SELL,7
2025-10-29,19:37,1000PEPEUSDT,SELL,7
2025-10-29,19:37,VIRTUALUSDT,SELL,7
2025-10-29,19:37,XRPUSDT,SELL,8
2025-10-29,19:37,EVAAUSDT,SELL,23
2025-10-29,19:37,PAXGUSDT,SELL,9
2025-10-29,19:37,HANAUSDT,SELL,7
2025-10-29,19:38,EVAAUSDT,SELL,22
2025-10-29,19:39,PNUTUSDT,SELL,9
2025-10-29,19:39,4USDT,SELL,11
2025-10-29,19:39,BTCUSDC,SELL,19
2025-10-29,19:39,FARTCOINUSDT,SELL,17
2025-10-29,19:39,AIXBTUSDT,SELL,10
2025-10-29,19:39,XRPUSDT,SELL,30
2025-10-29,19:39,DOODUSDT,SELL,11
2025-10-29,19:39,ETHUSDC,SELL,18
2025-10-29,19:39,币安人生USDT,SELL,18
2025-10-29,19:39,PAXGUSDT,SELL,7
2025-10-29,19:39,INJUSDT,SELL,8
2025-10-29,19:39,ZENUSDT,SELL,12
2025-10-29,19:39,ONDOUSDT,SELL,10
2025-10-29,19:39,XRPUSDC,SELL,14
2025-10-29,19:39,SUIUSDT,SELL,20
2025-10-29,19:39,TONUSDT,SELL,11
2025-10-29,19:39,ENSOUSDT,SELL,7
2025-10-29,19:39,PENGUUSDT,SELL,15
2025-10-29,19:39,LTCUSDT,SELL,12
2025-10-29,19:39,OPUSDT,SELL,11
2025-10-29,19:39,BCHUSDT,SELL,10
2025-10-29,19:39,POLUSDT,SELL,9
2025-10-29,19:39,GALAUSDT,SELL,10
2025-10-29,19:39,TAOUSDT,SELL,14
2025-10-29,19:39,DOGEUSDT,SELL,22
2025-10-29,19:39,LDOUSDT,SELL,9
2025-10-29,19:39,ZBTUSDT,SELL,16
2025-10-29,19:39,LYNUSDT,SELL,10
2025-10-29,19:39,ETHFIUSDT,SELL,13
2025-10-29,19:39,TRXUSDT,SELL,15
2025-10-29,19:39,HYPEUSDT,SELL,19
2025-10-29,19:39,EIGENUSDT,SELL,14
2025-10-29,19:39,FILUSDT,SELL,14
2025-10-29,19:39,STBLUSDT,SELL,18
2025-10-29,19:39,1000BONKUSDT,SELL,10
2025-10-29,19:39,LINKUSDT,SELL,14
2025-10-29,19:39,AAVEUSDT,SELL,9
2025-10-29,19:39,SFPUSDT,SELL,8
2025-10-29,19:39,BNBUSDT,SELL,20
2025-10-29,19:39,WLDUSDT,SELL,15
2025-10-29,19:39,ENAUSDT,SELL,16
2025-10-29,19:39,BIOUSDT,SELL,10
2025-10-29,19:39,SEIUSDT,SELL,7
2025-10-29,19:39,XLMUSDT,SELL,8
2025-10-29,19:39,WIFUSDT,SELL,11
2025-10-29,19:39,BASUSDT,SELL,11
2025-10-29,19:39,TIAUSDT,SELL,11
2025-10-29,19:39,BNBUSDC,SELL,8
2025-10-29,19:39,ARBUSDT,SELL,12
2025-10-29,19:39,MEMEUSDT,SELL,7
2025-10-29,19:39,DOTUSDT,SELL,13
2025-10-29,19:39,1000PEPEUSDT,SELL,16
2025-10-29,19:39,FETUSDT,SELL,10
2025-10-29,19:39,COAIUSDT,SELL,16
2025-10-29,19:39,CRVUSDT,SELL,11
2025-10-29,19:39,1000FLOKIUSDT,SELL,12
2025-10-29,19:39,AVAXUSDT,SELL,12
2025-10-29,19:39,PHBUSDT,SELL,9
2025-10-29,19:39,ADAUSDT,SELL,15
2025-10-29,19:39,DOGSUSDT,SELL,7
2025-10-29,19:39,APEUSDT,SELL,9
2025-10-29,19:39,LINEAUSDT,SELL,7
2025-10-29,19:39,APTUSDT,SELL,9
2025-10-29,19:39,SPXUSDT,SELL,8
2025-10-29,19:39,OMUSDT,SELL,10
2025-10-29,19:39,1000SHIBUSDT,SELL,10
2025-10-29,19:39,RECALLUSDT,SELL,7
2025-10-29,19:39,COTIUSDT,SELL,7
2025-10-29,19:39,XPLUSDT,SELL,10
2025-10-29,19:39,ALPINEUSDT,SELL,10
2025-10-29,19:39,VIRTUALUSDT,SELL,8
2025-10-29,19:39,HANAUSDT,SELL,7
2025-10-29,19:39,SNXUSDT,SELL,8
2025-10-29,19:39,SANDUSDT,SELL,7
2025-10-29,19:39,MIRAUSDT,SELL,8
2025-10-29,19:39,METUSDT,SELL,8
2025-10-29,19:39,BANANAUSDT,SELL,7
2025-10-29,19:39,KAVAUSDT,SELL,9
2025-10-29,19:39,NEIROUSDT,SELL,7
2025-10-29,19:39,ORDERUSDT,SELL,8
2025-10-29,19:39,MELANIAUSDT,SELL,11
2025-10-29,19:39,SYSUSDT,SELL,9
2025-10-29,19:40,HYPEUSDT,SELL,24
2025-10-29,19:40,FILUSDT,SELL,20
2025-10-29,19:40,BCHUSDT,SELL,11
2025-10-29,19:40,ONDOUSDT,SELL,13
2025-10-29,19:40,ZENUSDT,SELL,17
2025-10-29,19:40,LINKUSDT,SELL,22
2025-10-29,19:40,4USDT,SELL,15
2025-10-29,19:40,AAVEUSDT,SELL,12
2025-10-29,19:40,CAKEUSDT,SELL,13
2025-10-29,19:40,SFPUSDT,SELL,10
2025-10-29,19:40,ZBTUSDT,SELL,23
2025-10-29,19:40,ETHUSDC,SELL,23
2025-10-29,19:40,MUBARAKUSDT,SELL,10
2025-10-29,19:40,XRPUSDC,SELL,15
2025-10-29,19:40,TRXUSDT,SELL,18
2025-10-29,19:40,NXPCUSDT,SELL,9
2025-10-29,19:40,FARTCOINUSDT,SELL,23
2025-10-29,19:40,USELESSUSDT,SELL,8
2025-10-29,19:40,BNBUSDT,SELL,25
2025-10-29,19:40,EIGENUSDT,SELL,17
2025-10-29,19:40,NEARUSDT,SELL,10
2025-10-29,19:40,BIOUSDT,SELL,13
2025-10-29,19:40,PENGUUSDT,SELL,17
2025-10-29,19:40,SEIUSDT,SELL,10
2025-10-29,19:40,CFXUSDT,SELL,8
2025-10-29,19:40,BTCUSDC,SELL,19
2025-10-29,19:40,AVNTUSDT,SELL,7
2025-10-29,19:40,ALGOUSDT,SELL,8
2025-10-29,19:40,JASMYUSDT,SELL,8
2025-10-29,19:40,AIXBTUSDT,SELL,14
2025-10-29,19:40,WIFUSDT,SELL,17
2025-10-29,19:40,ENSOUSDT,SELL,9
2025-10-29,19:40,BASUSDT,SELL,14
2025-10-29,19:40,RENDERUSDT,SELL,9
2025-10-29,19:40,TIAUSDT,SELL,16
2025-10-29,19:40,BNBUSDC,SELL,14
2025-10-29,19:40,INJUSDT,SELL,9
2025-10-29,19:40,ARBUSDT,SELL,19
2025-10-29,19:40,LTCUSDT,SELL,18
2025-10-29,19:40,MEMEUSDT,SELL,10
2025-10-29,19:40,TONUSDT,SELL,14
2025-10-29,19:40,LDOUSDT,SELL,12
2025-10-29,19:40,DOTUSDT,SELL,18
2025-10-29,19:40,FETUSDT,SELL,15
2025-10-29,19:40,TAOUSDT,SELL,21
2025-10-29,19:40,DOODUSDT,SELL,12
2025-10-29,19:40,COAIUSDT,SELL,25
2025-10-29,19:40,MORPHOUSDT,SELL,7
2025-10-29,19:40,PENDLEUSDT,SELL,9
2025-10-29,19:40,CRVUSDT,SELL,15
2025-10-29,19:40,WUSDT,SELL,11
2025-10-29,19:40,GALAUSDT,SELL,12
2025-10-29,19:40,1000FLOKIUSDT,SELL,17
2025-10-29,19:40,AVAXUSDT,SELL,19
2025-10-29,19:40,ADAUSDT,SELL,28
2025-10-29,19:40,ARKMUSDT,SELL,8
2025-10-29,19:40,ICPUSDT,SELL,9
2025-10-29,19:40,DOGSUSDT,SELL,13
2025-10-29,19:40,APEUSDT,SELL,13
2025-10-29,19:40,LINEAUSDT,SELL,11
2025-10-29,19:40,MYROUSDT,SELL,8
2025-10-29,19:40,APTUSDT,SELL,13
2025-10-29,19:40,TRBUSDT,SELL,8
2025-10-29,19:40,SPXUSDT,SELL,13
2025-10-29,19:40,BOMEUSDT,SELL,9
2025-10-29,19:40,OMUSDT,SELL,18
2025-10-29,19:40,1000000BOBUSDT,SELL,8
2025-10-29,19:40,1000SHIBUSDT,SELL,17
2025-10-29,19:40,RECALLUSDT,SELL,10
2025-10-29,19:40,COTIUSDT,SELL,11
2025-10-29,19:40,OPUSDT,SELL,15
2025-10-29,19:40,LINKUSDC,SELL,9
2025-10-29,19:40,LISTAUSDT,SELL,7
2025-10-29,19:40,PNUTUSDT,SELL,12
2025-10-29,19:40,POLUSDT,SELL,13
2025-10-29,19:40,CHZUSDT,SELL,9
2025-10-29,19:40,PEOPLEUSDT,SELL,8
2025-10-29,19:40,YGGUSDT,SELL,8
2025-10-29,19:40,DASHUSDT,SELL,10
2025-10-29,19:40,FLUIDUSDT,SELL,8
2025-10-29,19:40,CLOUSDT,SELL,7
2025-10-29,19:40,TNSRUSDT,SELL,8
2025-10-29,19:40,UNIUSDT,SELL,11
2025-10-29,19:40,BBUSDT,SELL,9
2025-10-29,19:40,NFPUSDT,SELL,10
2025-10-29,19:40,TAUSDT,SELL,11
2025-10-29,19:40,ZKCUSDT,SELL,11
2025-10-29,19:40,1000LUNCUSDT,SELL,9
2025-10-29,19:40,ALPINEUSDT,SELL,20
2025-10-29,19:40,LAYERUSDT,SELL,8
2025-10-29,19:40,STRKUSDT,SELL,8
2025-10-29,19:40,EGLDUSDT,SELL,7
2025-10-29,19:40,HANAUSDT,SELL,11
2025-10-29,19:40,ATOMUSDT,SELL,9
2025-10-29,19:40,NOMUSDT,SELL,9
2025-10-29,19:40,EDUUSDT,SELL,8
2025-10-29,19:40,SNXUSDT,SELL,12
2025-10-29,19:40,ZILUSDT,SELL,7
2025-10-29,19:40,DOGEUSDC,SELL,9
2025-10-29,19:40,KGENUSDT,SELL,7
2025-10-29,19:40,SKYAIUSDT,SELL,8
2025-10-29,19:40,KDAUSDT,SELL,7
2025-10-29,19:40,BANKUSDT,SELL,9
2025-10-29,19:40,COMPUSDT,SELL,7
2025-10-29,19:40,GMTUSDT,SELL,9
2025-10-29,19:40,ORDIUSDT,SELL,9
2025-10-29,19:40,USUALUSDT,SELL,8
2025-10-29,19:40,SWARMSUSDT,SELL,7
2025-10-29,19:40,LUNA2USDT,SELL,8
2025-10-29,19:40,POPCATUSDT,SELL,9
2025-10-29,19:40,SKLUSDT,SELL,7
2025-10-29,19:40,RLCUSDT,SELL,8
2025-10-29,19:40,ARUSDT,SELL,7
2025-10-29,19:40,LRCUSDT,SELL,8
2025-10-29,19:40,MANAUSDT,SELL,7
2025-10-29,19:40,SANDUSDT,SELL,10
2025-10-29,19:40,ALICEUSDT,SELL,11
2025-10-29,19:40,SUSHIUSDT,SELL,9
2025-10-29,19:40,MIRAUSDT,SELL,13
2025-10-29,19:40,METUSDT,SELL,13
2025-10-29,19:40,BELUSDT,SELL,9
2025-10-29,19:40,BANANAUSDT,SELL,8
2025-10-29,19:40,AUCTIONUSDT,SELL,8
2025-10-29,19:40,LYNUSDT,SELL,18
2025-10-29,19:40,1MBABYDOGEUSDT,SELL,8
2025-10-29,19:40,BERAUSDT,SELL,7
2025-10-29,19:40,KAVAUSDT,SELL,14
2025-10-29,19:40,HEMIUSDT,SELL,9
2025-10-29,19:40,PROVEUSDT,SELL,7
2025-10-29,19:40,BRETTUSDT,SELL,9
2025-10-29,19:40,KASUSDT,SELL,7
2025-10-29,19:40,SAGAUSDT,SELL,8
2025-10-29,19:40,NEIROUSDT,SELL,11
2025-10-29,19:40,ORDERUSDT,SELL,10
2025-10-29,19:40,HIPPOUSDT,SELL,8
2025-10-29,19:40,MELANIAUSDT,SELL,20
2025-10-29,19:40,RVVUSDT,SELL,10
2025-10-29,19:40,CHRUSDT,SELL,7
2025-10-29,19:40,NEOUSDT,SELL,7
2025-10-29,19:40,1INCHUSDT,SELL,9
2025-10-29,19:40,BLESSUSDT,SELL,8
2025-10-29,19:40,OPENUSDT,SELL,7
2025-10-29,19:40,FORMUSDT,SELL,8
2025-10-29,19:40,SYSUSDT,SELL,11
2025-10-29,19:40,AUSDT,SELL,7
2025-10-29,19:40,AIUSDT,SELL,10
2025-10-29,19:40,TUTUSDT,SELL,11
2025-10-29,19:40,MYXUSDT,SELL,7
2025-10-29,19:40,PIPPINUSDT,SELL,9
2025-10-29,19:40,MLNUSDT,SELL,8
2025-10-29,19:40,TRADOORUSDT,SELL,9
2025-10-29,19:40,DYMUSDT,SELL,7
2025-10-29,19:40,BDXNUSDT,SELL,8
2025-10-29,19:40,SUSDT,SELL,7
2025-10-29,19:40,ENAUSDC,SELL,7
2025-10-29,19:40,THEUSDT,SELL,8
2025-10-29,19:40,DEGOUSDT,SELL,12
2025-10-29,19:40,SPELLUSDT,SELL,8
2025-10-29,19:40,VFYUSDT,SELL,9
2025-10-29,19:40,TACUSDT,SELL,8
2025-10-29,19:40,INITUSDT,SELL,8
2025-10-29,19:41,CAKEUSDT,SELL,9
2025-10-29,19:41,1000SHIBUSDT,SELL,8
2025-10-29,19:41,NEARUSDT,SELL,7
2025-10-29,19:41,ICPUSDT,SELL,7
2025-10-29,19:41,BANANAS31USDT,SELL,9
2025-10-29,19:41,SWARMSUSDT,SELL,11
2025-10-29,19:41,TUTUSDT,SELL,10
2025-10-29,19:41,AIUSDT,SELL,8
2025-10-29,19:41,ZBTUSDT,SELL,10
2025-10-29,19:41,1000FLOKIUSDT,SELL,8
2025-10-29,19:41,MIRAUSDT,SELL,10
2025-10-29,19:41,MYROUSDT,SELL,7
2025-10-29,19:41,BNBUSDC,SELL,8
2025-10-29,19:41,SKYAIUSDT,SELL,7
2025-10-29,19:41,NEIROUSDT,SELL,7
2025-10-29,19:41,COAIUSDT,SELL,12
2025-10-29,19:41,PIPPINUSDT,SELL,7
2025-10-29,19:41,1000000BOBUSDT,SELL,8
2025-10-29,19:41,SPXUSDT,SELL,8
2025-10-29,19:41,FLMUSDT,SELL,7
2025-10-29,19:41,GTCUSDT,SELL,9
2025-10-29,19:41,ALPINEUSDT,SELL,15
2025-10-29,19:41,USUALUSDT,SELL,8
2025-10-29,19:41,TAOUSDT,SELL,9
2025-10-29,19:41,FILUSDT,SELL,11
2025-10-29,19:41,DYMUSDT,SELL,8
2025-10-29,19:41,SAGAUSDT,SELL,11
2025-10-29,19:41,HYPEUSDT,SELL,7
2025-10-29,19:41,METUSDT,SELL,7
2025-10-29,19:41,SUSHIUSDT,SELL,7
2025-10-29,19:41,FARTCOINUSDT,SELL,8
2025-10-29,19:41,LTCUSDT,SELL,8
2025-10-29,19:41,OPUSDT,SELL,11
2025-10-29,19:41,ADAUSDT,SELL,14
2025-10-29,19:41,LYNUSDT,SELL,9
2025-10-29,19:41,BNBUSDT,SELL,11
2025-10-29,19:41,ETHUSDC,SELL,7
2025-10-29,19:41,TRXUSDT,SELL,11
2025-10-29,19:41,AVAXUSDT,SELL,9
2025-10-29,19:41,FETUSDT,SELL,7
2025-10-29,19:41,FUSDT,SELL,9
2025-10-29,19:41,AIXBTUSDT,SELL,8
2025-10-29,19:41,TAUSDT,SELL,7
2025-10-29,19:41,NOMUSDT,SELL,7
2025-10-29,19:41,NFPUSDT,SELL,11
2025-10-29,19:41,WUSDT,SELL,7
2025-10-29,19:41,MAVUSDT,SELL,8
2025-10-29,19:41,OMUSDT,SELL,9
2025-10-29,19:41,ASTERUSDT,SELL,9
2025-10-29,19:41,ZENUSDT,SELL,9
2025-10-29,19:41,DOTUSDT,SELL,7
2025-10-29,19:41,TRADOORUSDT,SELL,18
2025-10-29,19:41,ARBUSDT,SELL,8
2025-10-29,19:41,DOGSUSDT,SELL,7
2025-10-29,19:41,HOLOUSDT,SELL,8
2025-10-29,19:41,ZILUSDT,SELL,7
2025-10-29,19:41,LINKUSDT,SELL,9
2025-10-29,19:41,BELUSDT,SELL,7
2025-10-29,19:41,GIGGLEUSDT,SELL,9
2025-10-29,19:41,MELANIAUSDT,SELL,15
2025-10-29,19:41,INITUSDT,SELL,9
2025-10-29,19:41,BLESSUSDT,SELL,8
2025-10-29,19:41,RVVUSDT,SELL,7
2025-10-29,19:41,MUBARAKUSDT,SELL,7
2025-10-29,19:41,ARUSDT,SELL,8
2025-10-29,19:41,ENSOUSDT,SELL,16
2025-10-29,19:41,ZKCUSDT,SELL,7
2025-10-29,19:41,AUCTIONUSDT,SELL,9
2025-10-29,19:41,BLUAIUSDT,SELL,18
2025-10-29,19:41,ASRUSDT,SELL,11
2025-10-29,19:41,NKNUSDT,SELL,8
2025-10-29,19:41,DOODUSDT,SELL,8
2025-10-29,19:41,SOPHUSDT,SELL,7
2025-10-29,19:41,MITOUSDT,SELL,7
2025-10-29,19:41,MLNUSDT,SELL,8
2025-10-29,19:41,REZUSDT,SELL,10
2025-10-29,19:41,TACUSDT,SELL,7
2025-10-29,19:41,CHRUSDT,SELL,7
2025-10-29,19:41,COTIUSDT,SELL,7
2025-10-29,19:42,AUCTIONUSDT,SELL,9
2025-10-29,19:42,HOLOUSDT,SELL,7
2025-10-29,19:42,TRADOORUSDT,SELL,14
2025-10-29,19:42,PAXGUSDT,SELL,7
2025-10-29,19:42,SAGAUSDT,SELL,10
2025-10-29,19:42,BTCUSDT,SELL,10
2025-10-29,19:42,FILUSDT,SELL,8
2025-10-29,19:42,FUSDT,SELL,7
2025-10-29,19:42,ALPINEUSDT,SELL,9
2025-10-29,19:42,BOMEUSDT,SELL,7
2025-10-29,19:42,NAORISUSDT,SELL,9
2025-10-29,19:42,MELANIAUSDT,SELL,8
2025-10-29,19:42,TRXUSDT,SELL,12
2025-10-29,19:42,BLUAIUSDT,SELL,11
2025-10-29,19:42,MUBARAKUSDT,SELL,10
2025-10-29,19:42,BANANAS31USDT,SELL,11
2025-10-29,19:42,REZUSDT,SELL,7
2025-10-29,19:42,RESOLVUSDT,SELL,7
2025-10-29,19:42,ASRUSDT,SELL,10
2025-10-29,19:42,1000PEPEUSDT,SELL,15
2025-10-29,19:42,OPUSDT,SELL,8
2025-10-29,19:42,NFPUSDT,SELL,7
2025-10-29,19:42,BNBUSDT,SELL,15
2025-10-29,19:42,XRPUSDT,SELL,11
2025-10-29,19:42,1000BONKUSDT,SELL,7
2025-10-29,19:42,MIRAUSDT,SELL,7
2025-10-29,19:42,COTIUSDT,SELL,7
2025-10-29,19:42,ASTERUSDT,SELL,7
2025-10-29,19:42,SKATEUSDT,SELL,9
2025-10-29,19:42,OLUSDT,SELL,7
2025-10-29,19:42,C98USDT,SELL,8
2025-10-29,19:42,TSTUSDT,SELL,9
2025-10-29,19:42,HANAUSDT,SELL,16
2025-10-29,19:43,TSTUSDT,SELL,7
2025-10-29,19:43,MUBARAKUSDT,SELL,7
2025-10-29,19:43,HANAUSDT,SELL,15
2025-10-29,19:43,SKATEUSDT,SELL,7
2025-10-29,19:43,ZECUSDT,BUY,9
2025-10-29,19:44,BTCUSDT,BUY,8
2025-10-29,19:44,TRUMPUSDT,BUY,7
2025-10-29,19:48,BLUAIUSDT,BUY,9
2025-10-29,19:49,BLUAIUSDT,BUY,9
2025-10-29,19:49,COAIUSDT,BUY,12
2025-10-29,19:50,DOGEUSDT,BUY,7
2025-10-29,19:50,KDAUSDT,BUY,13
2025-10-29,19:50,SAPIENUSDT,BUY,8
2025-10-29,19:50,ETHUSDT,BUY,17
2025-10-29,19:50,SOLUSDT,BUY,11
2025-10-29,19:51,KDAUSDT,BUY,7
2025-10-29,19:51,ETHUSDT,BUY,18
2025-10-29,19:51,BTCUSDT,BUY,15
2025-10-29,19:51,DOGEUSDT,BUY,7
2025-10-29,19:51,SOLUSDT,BUY,13
2025-10-29,19:51,4USDT,BUY,7
2025-10-29,19:52,MAVIAUSDT,BUY,9
2025-10-29,19:52,ETHUSDT,BUY,7
2025-10-29,19:53,DOGEUSDT,BUY,7
2025-10-29,19:53,BNBUSDT,BUY,8
2025-10-29,19:53,ETHUSDT,BUY,22
2025-10-29,19:53,SOLUSDT,BUY,7
2025-10-29,19:53,BTCUSDT,BUY,18
2025-10-29,19:53,ZECUSDT,BUY,11
2025-10-29,19:54,ZECUSDT,BUY,8
2025-10-29,19:54,BTCUSDT,BUY,14
2025-10-29,19:56,JELLYJELLYUSDT,BUY,7
2025-10-29,19:56,ETHUSDT,SELL,10
2025-10-29,19:57,ETHUSDT,SELL,10
2025-10-29,19:58,ETHUSDT,SELL,7
2025-10-29,19:59,ETHUSDT,SELL,11
2025-10-29,19:59,SOLUSDT,SELL,8
2025-10-29,20:00,BLUAIUSDT,BUY,11
2025-10-29,20:06,4USDT,BUY,9
2025-10-29,20:07,4USDT,BUY,9
2025-10-29,20:07,YBUSDT,BUY,16
2025-10-29,20:07,ETHUSDT,BUY,14
2025-10-29,20:08,ETHUSDT,BUY,17
2025-10-29,20:08,YBUSDT,BUY,14
2025-10-29,20:08,BTCUSDT,BUY,10
2025-10-29,20:08,JELLYJELLYUSDT,BUY,8
2025-10-29,20:08,XPINUSDT,BUY,18
2025-10-29,20:08,KDAUSDT,SELL,9
2025-10-29,20:09,XPINUSDT,BUY,12
2025-10-29,20:09,BTCUSDT,BUY,9
2025-10-29,20:12,PUMPUSDT,BUY,7
2025-10-29,20:13,PUMPUSDT,BUY,8
2025-10-29,20:14,PUMPUSDT,BUY,17
2025-10-29,20:15,PUMPUSDT,BUY,20
2025-10-29,20:15,ZECUSDT,BUY,9
2025-10-29,20:17,PUMPUSDT,BUY,9
2025-10-29,20:18,BTCUSDT,SELL,8
2025-10-29,20:18,ETHUSDT,SELL,8
2025-10-29,20:21,YBUSDT,BUY,8
2025-10-29,20:22,YBUSDT,BUY,8
2025-10-29,20:23,ZECUSDT,BUY,8
2025-10-29,20:25,ZECUSDT,BUY,7
2025-10-29,20:32,SOLUSDT,SELL,17
2025-10-29,20:32,BTCUSDT,SELL,7
2025-10-29,20:32,ETHUSDT,SELL,14
2025-10-29,20:33,ETHUSDT,SELL,20
2025-10-29,20:33,SOLUSDT,SELL,19
2025-10-29,20:33,BTCUSDT,SELL,15
2025-10-29,20:33,XRPUSDT,SELL,7
2025-10-29,20:34,BTCUSDT,SELL,12
2025-10-29,20:34,ETHUSDT,SELL,9
2025-10-29,20:35,EVAAUSDT,BUY,8
2025-10-29,20:35,BTCUSDT,SELL,9
2025-10-29,20:36,BTCUSDT,SELL,25
2025-10-29,20:36,XRPUSDT,SELL,14
2025-10-29,20:36,BLUAIUSDT,SELL,8
2025-10-29,20:36,SOLUSDT,SELL,11
2025-10-29,20:36,ETHUSDT,SELL,23
2025-10-29,20:37,BTCUSDT,SELL,19
2025-10-29,20:37,BLUAIUSDT,SELL,8
2025-10-29,20:37,SOLUSDT,SELL,12
2025-10-29,20:37,XRPUSDT,SELL,14
2025-10-29,20:41,XRPUSDT,SELL,12
2025-10-29,20:41,ETHUSDT,SELL,9
2025-10-29,20:41,BTCUSDT,SELL,10
2025-10-29,20:41,SOLUSDT,SELL,10
2025-10-29,20:42,SOLUSDT,SELL,7
2025-10-29,20:42,XRPUSDT,SELL,10
2025-10-29,20:42,ETHUSDT,SELL,7
2025-10-29,20:42,BTCUSDT,SELL,9
2025-10-29,20:45,SAPIENUSDT,BUY,11
2025-10-29,20:46,COAIUSDT,SELL,7
2025-10-29,20:47,COAIUSDT,SELL,7
2025-10-29,20:48,SAPIENUSDT,BUY,16
2025-10-29,20:49,COAIUSDT,SELL,7
2025-10-29,20:50,OLUSDT,SELL,7
2025-10-29,20:52,JELLYJELLYUSDT,BUY,8
2025-10-29,20:56,COAIUSDT,SELL,10
2025-10-29,20:57,COAIUSDT,SELL,7
2025-10-29,20:59,ETHUSDT,SELL,7
2025-10-29,21:01,SYRUPUSDT,BUY,7
2025-10-29,21:04,XRPUSDT,SELL,9
2025-10-29,21:05,XRPUSDT,SELL,14
2025-10-29,21:06,XRPUSDT,SELL,11
2025-10-29,21:06,UBUSDT,SELL,8
2025-10-29,21:06,ETHUSDT,SELL,11
2025-10-29,21:07,ETHUSDT,SELL,8
2025-10-29,21:12,JELLYJELLYUSDT,BUY,7
2025-10-29,21:15,COAIUSDT,BUY,7
2025-10-29,21:16,JELLYJELLYUSDT,BUY,13
2025-10-29,21:16,COAIUSDT,BUY,7
2025-10-29,21:17,JELLYJELLYUSDT,BUY,13
2025-10-29,21:17,ETHUSDT,BUY,8
2025-10-29,21:19,SAPIENUSDT,SELL,8
2025-10-29,21:22,TRUMPUSDT,BUY,8
2025-10-29,21:23,SOLUSDT,BUY,8
2025-10-29,21:23,BTCUSDT,BUY,14
2025-10-29,21:23,ETHUSDT,BUY,7
2025-10-29,21:24,BTCUSDT,BUY,10
2025-10-29,21:24,ETHUSDT,BUY,7
2025-10-29,21:24,ZECUSDT,BUY,9
2025-10-29,21:25,ZECUSDT,BUY,7
2025-10-29,21:25,ETHUSDT,BUY,7
2025-10-29,21:26,SOLUSDT,BUY,7
2025-10-29,21:26,DOGEUSDT,BUY,7
2025-10-29,21:26,ETHUSDT,BUY,10
2025-10-29,21:26,SUIUSDT,BUY,7
2025-10-29,21:26,BTCUSDT,BUY,8
2025-10-29,21:29,TAOUSDT,BUY,7
2025-10-29,21:30,PUMPUSDT,BUY,13
2025-10-29,21:30,TRUMPUSDT,BUY,7
2025-10-29,21:31,PUMPUSDT,BUY,13
2025-10-29,21:31,TRUMPUSDT,BUY,12
2025-10-29,21:40,ZECUSDT,BUY,7
2025-10-29,21:41,ZECUSDT,BUY,8
2025-10-29,21:44,ZECUSDT,BUY,12
2025-10-29,21:47,OLUSDT,SELL,8
2025-10-29,21:48,OLUSDT,SELL,7
2025-10-29,21:51,ETHUSDT,BUY,9
2025-10-29,21:51,BTCUSDT,BUY,9
2025-10-29,21:53,JELLYJELLYUSDT,BUY,12
2025-10-29,21:54,JELLYJELLYUSDT,BUY,13
2025-10-29,21:59,JELLYJELLYUSDT,BUY,9
2025-10-29,22:00,JELLYJELLYUSDT,BUY,10
2025-10-29,22:01,AIAUSDT,SELL,10
2025-10-29,22:02,AIAUSDT,SELL,8
2025-10-29,22:04,OLUSDT,SELL,8
2025-10-29,22:04,ZECUSDT,BUY,8
2025-10-29,22:05,ZECUSDT,BUY,9
2025-10-29,22:07,KDAUSDT,SELL,8
2025-10-29,22:07,FARTCOINUSDT,BUY,7
2025-10-29,22:08,KDAUSDT,SELL,7
2025-10-29,22:08,FARTCOINUSDT,BUY,7
2025-10-29,22:11,JELLYJELLYUSDT,BUY,10
2025-10-29,22:12,JELLYJELLYUSDT,BUY,8
2025-10-29,22:19,JELLYJELLYUSDT,SELL,7
2025-10-29,22:21,EVAAUSDT,BUY,11
2025-10-29,22:22,EVAAUSDT,BUY,8
2025-10-29,22:30,ZECUSDT,BUY,7
2025-10-29,22:31,XRPUSDT,BUY,7
2025-10-29,22:31,ZECUSDT,BUY,16
2025-10-29,22:31,BTCUSDT,BUY,10
2025-10-29,22:32,ZECUSDT,BUY,15
2025-10-29,22:33,BTCUSDT,BUY,8
2025-10-29,22:34,ETHUSDT,BUY,7
2025-10-29,22:34,BTCUSDT,BUY,11
2025-10-29,22:34,SOLUSDT,BUY,8
2025-10-29,22:35,SOLUSDT,BUY,13
2025-10-29,22:35,ETHUSDT,BUY,7
2025-10-29,22:37,ZECUSDT,BUY,7
2025-10-29,22:37,TRUMPUSDT,BUY,7
2025-10-29,22:38,TRUMPUSDT,BUY,12
2025-10-29,22:39,TRUMPUSDT,BUY,7
2025-10-29,22:42,LUMIAUSDT,BUY,13
2025-10-29,22:43,LUMIAUSDT,BUY,7
2025-10-29,22:43,JELLYJELLYUSDT,BUY,8
2025-10-29,22:45,JELLYJELLYUSDT,BUY,8
2025-10-29,22:46,JELLYJELLYUSDT,BUY,10
2025-10-29,22:51,OLUSDT,BUY,8
2025-10-29,22:51,JELLYJELLYUSDT,BUY,17
2025-10-29,22:52,JELLYJELLYUSDT,BUY,16
2025-10-29,22:53,SAPIENUSDT,BUY,7
2025-10-29,22:54,SAPIENUSDT,BUY,7
2025-10-29,23:03,BASUSDT,SELL,8
2025-10-29,23:04,BASUSDT,SELL,8
2025-10-29,23:06,BTCUSDT,SELL,7
2025-10-29,23:07,BTCUSDT,SELL,7
2025-10-29,23:08,MUSDT,BUY,14
2025-10-29,23:09,MUSDT,BUY,18
2025-10-29,23:10,MUSDT,BUY,7
2025-10-29,23:18,EVAAUSDT,BUY,7
2025-10-29,23:24,LUMIAUSDT,SELL,11
2025-10-29,23:37,EVAAUSDT,BUY,13
2025-10-29,23:38,EVAAUSDT,BUY,7
2025-10-29,23:48,YBUSDT,BUY,7
2025-10-29,23:49,YBUSDT,BUY,7
2025-10-29,23:54,YBUSDT,BUY,13
2025-10-29,23:54,BLUAIUSDT,BUY,7
2025-10-29,23:55,YBUSDT,BUY,10
2025-10-30,00:03,BTCUSDT,SELL,7
2025-10-30,00:04,BTCUSDT,SELL,9
2025-10-30,00:05,ETHUSDT,SELL,7
2025-10-30,00:06,ETHUSDT,SELL,15
2025-10-30,00:06,BTCUSDT,SELL,7
2025-10-30,00:07,ETHUSDT,SELL,8
2025-10-30,00:07,BTCUSDT,SELL,7
2025-10-30,00:09,BTCUSDT,SELL,11
2025-10-30,00:10,SOLUSDT,SELL,10
2025-10-30,00:10,BTCUSDT,SELL,13
2025-10-30,00:10,ETHUSDT,SELL,9
2025-10-30,00:15,ETHUSDT,SELL,7
2025-10-30,00:30,SAPIENUSDT,BUY,7
2025-10-30,00:30,ETHUSDT,SELL,7
2025-10-30,00:30,BTCUSDT,SELL,15
2025-10-30,00:31,BTCUSDT,SELL,18
2025-10-30,00:31,ETHUSDT,SELL,11
2025-10-30,00:31,XPLUSDT,SELL,14
2025-10-30,00:32,XPLUSDT,SELL,13
2025-10-30,00:36,ETHUSDT,SELL,17
2025-10-30,00:36,BTCUSDT,SELL,7
2025-10-30,00:36,DOGEUSDT,SELL,9
2025-10-30,00:37,DOGEUSDT,SELL,9
2025-10-30,00:37,ETHUSDT,SELL,21
2025-10-30,00:37,BTCUSDT,SELL,13
2025-10-30,00:37,BNBUSDT,SELL,9
2025-10-30,00:37,SUIUSDT,SELL,7
2025-10-30,00:37,SOLUSDT,SELL,9
2025-10-30,00:37,ENAUSDT,SELL,7
2025-10-30,00:38,BTCUSDT,SELL,12
2025-10-30,00:38,ETHUSDT,SELL,14
2025-10-30,00:38,SOLUSDT,SELL,11
2025-10-30,00:38,ENAUSDT,SELL,8
2025-10-30,00:38,ETHUSDC,SELL,8
2025-10-30,00:38,XRPUSDT,SELL,13
2025-10-30,00:39,ETHUSDT,SELL,16
2025-10-30,00:39,BTCUSDT,SELL,20
2025-10-30,00:39,ETHUSDC,SELL,7
2025-10-30,00:39,PENGUUSDT,SELL,7
2025-10-30,00:39,XRPUSDT,SELL,27
2025-10-30,00:39,ENAUSDT,SELL,9
2025-10-30,00:39,1000PEPEUSDT,SELL,10
2025-10-30,00:39,DOGEUSDT,SELL,7
2025-10-30,00:39,BNBUSDT,SELL,7
2025-10-30,00:39,SUIUSDT,SELL,8
2025-10-30,00:39,XPLUSDT,SELL,8
2025-10-30,00:39,ASTERUSDT,SELL,7
2025-10-30,00:39,ADAUSDT,SELL,7
2025-10-30,00:39,XRPUSDC,SELL,7
2025-10-30,00:40,BTCUSDT,SELL,17
2025-10-30,00:40,XRPUSDT,SELL,19
2025-10-30,00:40,ENAUSDT,SELL,8
2025-10-30,00:40,TRUMPUSDT,SELL,15
2025-10-30,00:40,币安人生USDT,SELL,7
2025-10-30,00:40,1000PEPEUSDT,SELL,8
2025-10-30,00:40,XRPUSDC,SELL,7
2025-10-30,00:40,ETHUSDT,SELL,11
2025-10-30,00:40,SAPIENUSDT,SELL,8
2025-10-30,00:41,SOLUSDT,SELL,16
2025-10-30,00:41,ENAUSDT,SELL,7
2025-10-30,00:41,TRUMPUSDT,SELL,11
2025-10-30,00:41,ETHUSDT,SELL,14
2025-10-30,00:41,BTCUSDT,SELL,19
2025-10-30,00:41,ASTERUSDT,SELL,8
2025-10-30,00:41,XRPUSDT,SELL,14
2025-10-30,00:42,ASTERUSDT,SELL,9
2025-10-30,00:42,SOLUSDT,SELL,11
2025-10-30,00:42,TRUMPUSDT,SELL,10
2025-10-30,00:42,BTCUSDT,SELL,19
2025-10-30,00:42,XRPUSDT,SELL,14
2025-10-30,00:42,ADAUSDT,SELL,7
2025-10-30,00:42,ETHUSDT,SELL,13
2025-10-30,00:44,JELLYJELLYUSDT,BUY,12
2025-10-30,00:45,JELLYJELLYUSDT,BUY,13
2025-10-30,01:01,ZECUSDT,SELL,8
2025-10-30,01:01,COAIUSDT,BUY,9
2025-10-30,01:02,ENSOUSDT,SELL,8
2025-10-30,01:02,COAIUSDT,BUY,11
2025-10-30,01:03,ENSOUSDT,SELL,8
2025-10-30,01:04,ENSOUSDT,SELL,10
2025-10-30,01:04,XPLUSDT,SELL,9
2025-10-30,01:05,ENSOUSDT,SELL,7
2025-10-30,01:05,XPLUSDT,SELL,10
2025-10-30,01:06,ZECUSDT,SELL,9
2025-10-30,01:06,SOLUSDT,SELL,12
2025-10-30,01:07,SOLUSDT,SELL,20
2025-10-30,01:07,ZECUSDT,SELL,15
2025-10-30,01:07,ETHUSDT,SELL,7
2025-10-30,01:07,XRPUSDT,SELL,18
2025-10-30,01:07,ENSOUSDT,SELL,12
2025-10-30,01:07,KERNELUSDT,SELL,11
2025-10-30,01:07,XPLUSDT,SELL,15
2025-10-30,01:07,EDENUSDT,SELL,8
2025-10-30,01:08,SOLUSDT,SELL,14
2025-10-30,01:08,XPLUSDT,SELL,19
2025-10-30,01:08,XRPUSDT,SELL,22
2025-10-30,01:08,WLDUSDT,SELL,7
2025-10-30,01:08,WLFIUSDT,SELL,7
2025-10-30,01:08,ENSOUSDT,SELL,7
2025-10-30,01:08,SUIUSDT,SELL,9
2025-10-30,01:08,BTCUSDT,SELL,8
2025-10-30,01:08,ZECUSDT,SELL,12
2025-10-30,01:08,EDENUSDT,SELL,8
2025-10-30,01:09,DOGEUSDT,SELL,8
2025-10-30,01:09,XRPUSDT,SELL,11
2025-10-30,01:09,SOLUSDT,SELL,11
2025-10-30,01:09,BTCUSDT,SELL,9
2025-10-30,01:09,XPLUSDT,SELL,8
2025-10-30,01:09,ASTERUSDT,SELL,7
2025-10-30,01:10,XRPUSDT,SELL,10
2025-10-30,01:10,EVAAUSDT,BUY,7
2025-10-30,01:10,ZBTUSDT,SELL,9
2025-10-30,01:11,XRPUSDT,SELL,7
2025-10-30,01:11,ZBTUSDT,SELL,12
2025-10-30,01:12,ZBTUSDT,SELL,9
2025-10-30,01:12,ENSOUSDT,SELL,8
2025-10-30,01:13,SAPIENUSDT,SELL,7
2025-10-30,01:13,ENSOUSDT,SELL,9
2025-10-30,01:18,CLOUSDT,SELL,7
2025-10-30,01:19,CLOUSDT,SELL,7
2025-10-30,01:30,LUMIAUSDT,SELL,7
2025-10-30,01:31,LUMIAUSDT,SELL,9
2025-10-30,01:35,LUMIAUSDT,SELL,8
2025-10-30,01:37,TRUMPUSDT,BUY,11
2025-10-30,01:38,TRUMPUSDT,BUY,8
2025-10-30,01:38,COAIUSDT,BUY,8
2025-10-30,01:43,TRUMPUSDT,BUY,11
2025-10-30,01:44,TRUMPUSDT,BUY,9
2025-10-30,01:49,ENSOUSDT,SELL,7
2025-10-30,01:49,TRUMPUSDT,BUY,10
2025-10-30,01:50,TRUMPUSDT,BUY,8
2025-10-30,01:50,SAPIENUSDT,SELL,11
2025-10-30,01:50,ENSOUSDT,SELL,17
2025-10-30,01:51,SAPIENUSDT,SELL,14
2025-10-30,01:51,ENSOUSDT,SELL,12
2025-10-30,01:52,SAPIENUSDT,SELL,8
2025-10-30,01:52,ZECUSDT,BUY,7
2025-10-30,01:53,ENSOUSDT,SELL,8
2025-10-30,01:59,ZECUSDT,BUY,13
2025-10-30,02:04,ZBTUSDT,SELL,7
2025-10-30,02:05,ZBTUSDT,SELL,8
2025-10-30,02:16,OLUSDT,BUY,7
2025-10-30,02:23,JELLYJELLYUSDT,BUY,14
2025-10-30,02:35,DMCUSDT,BUY,8
2025-10-30,02:39,COAIUSDT,BUY,8
2025-10-30,02:40,COAIUSDT,BUY,7
2025-10-30,02:40,YBUSDT,SELL,7
2025-10-30,02:45,DMCUSDT,BUY,7
2025-10-30,02:49,COAIUSDT,BUY,7
2025-10-30,02:50,COAIUSDT,BUY,12
2025-10-30,02:50,MELANIAUSDT,BUY,17
2025-10-30,02:51,DMCUSDT,SELL,15
2025-10-30,02:52,DMCUSDT,SELL,16
2025-10-30,02:53,DMCUSDT,SELL,16
2025-10-30,02:54,DMCUSDT,SELL,11
2025-10-30,02:58,XPINUSDT,BUY,9
2025-10-30,03:00,COAIUSDT,BUY,23
2025-10-30,03:01,COAIUSDT,BUY,29
2025-10-30,03:04,TRUMPUSDT,SELL,9
2025-10-30,03:05,TRUMPUSDT,SELL,7
2025-10-30,03:05,GIGGLEUSDT,BUY,9
2025-10-30,03:16,COAIUSDT,BUY,17
2025-10-30,03:17,COAIUSDT,BUY,16
2025-10-30,03:18,SAPIENUSDT,BUY,7
2025-10-30,03:18,ETHUSDT,BUY,9
2025-10-30,03:18,SOLUSDT,BUY,7
2025-10-30,03:18,BTCUSDT,BUY,7
2025-10-30,03:19,ETHUSDT,BUY,8
2025-10-30,03:19,BTCUSDT,BUY,7
2025-10-30,03:20,COAIUSDT,BUY,7
2025-10-30,03:21,COAIUSDT,BUY,15
2025-10-30,03:21,YBUSDT,SELL,7
2025-10-30,03:22,COAIUSDT,BUY,14
2025-10-30,03:23,COAIUSDT,BUY,8
2025-10-30,03:23,JELLYJELLYUSDT,BUY,7
2025-10-30,03:24,JELLYJELLYUSDT,BUY,7
2025-10-30,03:33,JELLYJELLYUSDT,BUY,7
2025-10-30,03:40,AIAUSDT,BUY,8
2025-10-30,03:41,BLUAIUSDT,SELL,8
2025-10-30,03:41,AIAUSDT,BUY,7
2025-10-30,03:51,SOLUSDT,BUY,10
2025-10-30,03:51,JELLYJELLYUSDT,BUY,8
2025-10-30,03:52,SOLUSDT,BUY,10
2025-10-30,04:10,AVAUSDT,SELL,13
2025-10-30,04:16,GIGGLEUSDT,SELL,18
2025-10-30,04:17,GIGGLEUSDT,SELL,17
2025-10-30,04:25,JELLYJELLYUSDT,BUY,8
2025-10-30,04:28,COAIUSDT,SELL,12
2025-10-30,04:29,COAIUSDT,SELL,12
2025-10-30,04:31,COAIUSDT,SELL,7
2025-10-30,04:31,AIAUSDT,BUY,11
2025-10-30,04:32,COAIUSDT,SELL,7
2025-10-30,04:32,AIAUSDT,BUY,10
2025-10-30,04:33,COAIUSDT,SELL,7
2025-10-30,04:41,COAIUSDT,SELL,7
2025-10-30,04:43,COAIUSDT,SELL,7
2025-10-30,04:44,COAIUSDT,SELL,16
2025-10-30,04:45,COAIUSDT,SELL,12
2025-10-30,04:46,ENAUSDT,SELL,9
2025-10-30,04:47,REZUSDT,SELL,12
2025-10-30,04:47,ENAUSDT,SELL,25
2025-10-30,04:48,ENAUSDT,SELL,16
2025-10-30,04:48,SAPIENUSDT,SELL,13
2025-10-30,04:48,REZUSDT,SELL,11
2025-10-30,04:48,EDENUSDT,SELL,7
2025-10-30,04:48,LUMIAUSDT,SELL,9
2025-10-30,04:49,SAPIENUSDT,SELL,15
2025-10-30,04:49,EDENUSDT,SELL,7
2025-10-30,04:49,LUMIAUSDT,SELL,9
2025-10-30,04:50,ETHUSDT,SELL,11
2025-10-30,04:51,ETHUSDT,SELL,9
2025-10-30,04:51,UNIUSDT,SELL,9
2025-10-30,04:51,COAIUSDT,SELL,17
2025-10-30,04:52,COAIUSDT,SELL,17
2025-10-30,04:52,JELLYJELLYUSDT,SELL,7
2025-10-30,04:54,ENAUSDT,SELL,11
2025-10-30,04:55,ENAUSDT,SELL,10
2025-10-30,05:01,币安人生USDT,SELL,13
2025-10-30,05:02,ZECUSDT,SELL,7
2025-10-30,05:02,币安人生USDT,SELL,16
2025-10-30,05:04,UBUSDT,BUY,10
2025-10-30,05:05,UBUSDT,BUY,11
2025-10-30,05:05,XRPUSDT,SELL,8
2025-10-30,05:05,SNXUSDT,SELL,9
2025-10-30,05:05,ETHUSDT,SELL,9
2025-10-30,05:06,SNXUSDT,SELL,8
2025-10-30,05:06,UBUSDT,BUY,7
2025-10-30,05:06,ETHUSDT,SELL,9
2025-10-30,05:06,XRPUSDT,SELL,7
2025-10-30,05:06,FARTCOINUSDT,SELL,8
2025-10-30,05:06,JELLYJELLYUSDT,BUY,8
2025-10-30,05:07,SOMIUSDT,SELL,9
2025-10-30,05:07,ETHUSDT,SELL,12
2025-10-30,05:07,XRPUSDT,SELL,8
2025-10-30,05:07,DOGEUSDT,SELL,7
2025-10-30,05:08,SOMIUSDT,SELL,13
2025-10-30,05:08,ETHUSDT,SELL,23
2025-10-30,05:08,XRPUSDT,SELL,13
2025-10-30,05:08,DOGEUSDT,SELL,14
2025-10-30,05:08,1000PEPEUSDT,SELL,9
2025-10-30,05:08,SOLUSDT,SELL,11
2025-10-30,05:08,ENAUSDT,SELL,9
2025-10-30,05:08,WLDUSDT,SELL,7
2025-10-30,05:08,SUIUSDT,SELL,7
2025-10-30,05:08,BUSDT,SELL,10
2025-10-30,05:09,SUIUSDT,SELL,7
2025-10-30,05:09,XRPUSDT,SELL,7
2025-10-30,05:09,ETHUSDT,SELL,17
2025-10-30,05:09,SOLUSDT,SELL,12
2025-10-30,05:09,DOGEUSDT,SELL,11
2025-10-30,05:09,BTCUSDT,SELL,9
2025-10-30,05:09,1000PEPEUSDT,SELL,7
2025-10-30,05:09,SOMIUSDT,SELL,8
2025-10-30,05:09,PENGUUSDT,SELL,9
2025-10-30,05:09,LABUSDT,SELL,8
2025-10-30,05:09,BUSDT,SELL,10
2025-10-30,05:09,币安人生USDT,SELL,9
2025-10-30,05:10,ASTERUSDT,SELL,10
2025-10-30,05:10,DOGEUSDT,SELL,21
2025-10-30,05:10,1000PEPEUSDT,SELL,18
2025-10-30,05:10,PENGUUSDT,SELL,10
2025-10-30,05:10,GALAUSDT,SELL,7
2025-10-30,05:10,FARTCOINUSDT,SELL,17
2025-10-30,05:10,SNXUSDT,SELL,10
2025-10-30,05:10,AUCTIONUSDT,SELL,8
2025-10-30,05:10,SOPHUSDT,SELL,7
2025-10-30,05:10,币安人生USDT,SELL,16
2025-10-30,05:10,ETHUSDT,SELL,33
2025-10-30,05:10,ETCUSDT,SELL,8
2025-10-30,05:10,SOLUSDT,SELL,24
2025-10-30,05:10,SOMIUSDT,SELL,10
2025-10-30,05:10,LINKUSDT,SELL,9
2025-10-30,05:10,MELANIAUSDT,SELL,9
2025-10-30,05:10,XRPUSDT,SELL,16
2025-10-30,05:10,ADAUSDT,SELL,10
2025-10-30,05:10,WLDUSDT,SELL,9
2025-10-30,05:10,PIPPINUSDT,SELL,7
2025-10-30,05:10,1000FLOKIUSDT,SELL,7
2025-10-30,05:10,BTCUSDT,SELL,25
2025-10-30,05:10,SUIUSDT,SELL,12
2025-10-30,05:10,GRASSUSDT,SELL,8
2025-10-30,05:10,MIRAUSDT,SELL,8
2025-10-30,05:10,ETHUSDC,SELL,10
2025-10-30,05:10,ENAUSDT,SELL,15
2025-10-30,05:10,LTCUSDT,SELL,7
2025-10-30,05:10,BTCUSDC,SELL,7
2025-10-30,05:10,AIXBTUSDT,SELL,7
2025-10-30,05:10,1000BONKUSDT,SELL,8
2025-10-30,05:10,XPLUSDT,SELL,7
2025-10-30,05:10,OPENUSDT,SELL,8
2025-10-30,05:11,ETHUSDT,SELL,35
2025-10-30,05:11,BBUSDT,SELL,8
2025-10-30,05:11,SOLUSDT,SELL,30
2025-10-30,05:11,BTCUSDT,SELL,33
2025-10-30,05:11,DOGEUSDT,SELL,21
2025-10-30,05:11,币安人生USDT,SELL,11
2025-10-30,05:11,1000PEPEUSDT,SELL,19
2025-10-30,05:11,LINKUSDT,SELL,11
2025-10-30,05:11,MIRAUSDT,SELL,10
2025-10-30,05:11,ETHUSDC,SELL,14
2025-10-30,05:11,SOLUSDC,SELL,7
2025-10-30,05:11,1000FLOKIUSDT,SELL,9
2025-10-30,05:11,BNBUSDT,SELL,8
2025-10-30,05:11,TIAUSDT,SELL,8
2025-10-30,05:11,ETCUSDT,SELL,9
2025-10-30,05:11,ADAUSDT,SELL,13
2025-10-30,05:11,XRPUSDT,SELL,20
2025-10-30,05:11,ENAUSDT,SELL,24
2025-10-30,05:11,ASTERUSDT,SELL,11
2025-10-30,05:11,LTCUSDT,SELL,11
2025-10-30,05:11,BTCUSDC,SELL,10
2025-10-30,05:11,AIXBTUSDT,SELL,9
2025-10-30,05:11,SUIUSDT,SELL,14
2025-10-30,05:11,FARTCOINUSDT,SELL,19
2025-10-30,05:11,DOTUSDT,SELL,7
2025-10-30,05:11,APTUSDT,SELL,7
2025-10-30,05:11,1000BONKUSDT,SELL,11
2025-10-30,05:11,PENGUUSDT,SELL,8
2025-10-30,05:11,GALAUSDT,SELL,8
2025-10-30,05:11,ARBUSDT,SELL,8
2025-10-30,05:11,INJUSDT,SELL,7
2025-10-30,05:11,HYPEUSDT,SELL,8
2025-10-30,05:11,RVVUSDT,SELL,7
2025-10-30,05:11,SNXUSDT,SELL,10
2025-10-30,05:11,XPLUSDT,SELL,8
2025-10-30,05:11,WLDUSDT,SELL,12
2025-10-30,05:11,SOMIUSDT,SELL,8
2025-10-30,05:11,AUCTIONUSDT,SELL,9
2025-10-30,05:11,AVAXUSDT,SELL,7
2025-10-30,05:11,GRASSUSDT,SELL,8
2025-10-30,05:11,PUMPUSDT,SELL,7
2025-10-30,05:11,OPENUSDT,SELL,10
2025-10-30,05:11,MELANIAUSDT,SELL,9
2025-10-30,05:11,NEARUSDT,SELL,8
2025-10-30,05:12,FARTCOINUSDT,SELL,14
2025-10-30,05:12,SOLUSDT,SELL,10
2025-10-30,05:12,BTCUSDT,SELL,9
2025-10-30,05:12,ENAUSDT,SELL,15
2025-10-30,05:12,ETHUSDT,SELL,12
2025-10-30,05:12,ENSOUSDT,SELL,8
2025-10-30,05:12,VIRTUALUSDT,SELL,7
2025-10-30,05:12,XPLUSDT,SELL,7
2025-10-30,05:12,ASTERUSDT,SELL,8
2025-10-30,05:12,PHBUSDT,SELL,8
2025-10-30,05:13,ENAUSDT,SELL,12
2025-10-30,05:13,FARTCOINUSDT,SELL,10
2025-10-30,05:13,ENSOUSDT,SELL,7
2025-10-30,05:13,4USDT,SELL,7
2025-10-30,05:13,PHBUSDT,SELL,10
2025-10-30,05:14,PHBUSDT,SELL,19
2025-10-30,05:14,ENAUSDT,SELL,10
2025-10-30,05:14,1000PEPEUSDT,SELL,7
2025-10-30,05:14,KDAUSDT,SELL,7
2025-10-30,05:14,ETHUSDT,SELL,7
2025-10-30,05:15,ETHUSDT,SELL,23
2025-10-30,05:15,TRUMPUSDT,SELL,8
2025-10-30,05:15,ENAUSDT,SELL,9
2025-10-30,05:15,EDENUSDT,SELL,9
2025-10-30,05:15,SWARMSUSDT,SELL,8
2025-10-30,05:15,KDAUSDT,SELL,8
2025-10-30,05:15,ZBTUSDT,SELL,10
2025-10-30,05:15,BTCUSDT,SELL,11
2025-10-30,05:15,DOGEUSDT,SELL,8
2025-10-30,05:15,ASTERUSDT,SELL,12
2025-10-30,05:15,4USDT,SELL,10
2025-10-30,05:15,1000PEPEUSDT,SELL,8
2025-10-30,05:15,SUIUSDT,SELL,9
2025-10-30,05:15,XRPUSDT,SELL,10
2025-10-30,05:15,PHBUSDT,SELL,20
2025-10-30,05:15,LABUSDT,SELL,7
2025-10-30,05:15,WLDUSDT,SELL,7
2025-10-30,05:15,币安人生USDT,SELL,7
2025-10-30,05:15,BLUAIUSDT,SELL,8
2025-10-30,05:15,ADAUSDT,SELL,7
2025-10-30,05:15,ENSOUSDT,SELL,13
2025-10-30,05:15,FARTCOINUSDT,SELL,7
2025-10-30,05:15,SOLUSDT,SELL,13
2025-10-30,05:16,SOLUSDT,SELL,24
2025-10-30,05:16,ETHUSDT,SELL,21
2025-10-30,05:16,BTCUSDT,SELL,13
2025-10-30,05:16,ASTERUSDT,SELL,18
2025-10-30,05:16,KGENUSDT,SELL,7
2025-10-30,05:16,4USDT,SELL,9
2025-10-30,05:16,ENAUSDT,SELL,8
2025-10-30,05:16,ZBTUSDT,SELL,14
2025-10-30,05:16,BLUAIUSDT,SELL,8
2025-10-30,05:16,ENSOUSDT,SELL,15
2025-10-30,05:16,XRPUSDT,SELL,12
2025-10-30,05:16,SUIUSDT,SELL,9
2025-10-30,05:16,BBUSDT,SELL,7
2025-10-30,05:16,TRUMPUSDT,SELL,13
2025-10-30,05:16,SOMIUSDT,SELL,8
2025-10-30,05:16,WLDUSDT,SELL,7
2025-10-30,05:16,FETUSDT,SELL,7
2025-10-30,05:16,ADAUSDT,SELL,7
2025-10-30,05:16,1000PEPEUSDT,SELL,10
2025-10-30,05:16,AIAUSDT,SELL,7
2025-10-30,05:16,DOGEUSDT,SELL,8
2025-10-30,05:16,PENGUUSDT,SELL,7
2025-10-30,05:16,PHBUSDT,SELL,17
2025-10-30,05:17,PHBUSDT,SELL,17
2025-10-30,05:17,ZBTUSDT,SELL,13
2025-10-30,05:17,LINKUSDT,SELL,10
2025-10-30,05:17,ENAUSDT,SELL,19
2025-10-30,05:17,SOLUSDT,SELL,22
2025-10-30,05:17,KGENUSDT,SELL,7
2025-10-30,05:17,ASTERUSDT,SELL,16
2025-10-30,05:17,DOGEUSDT,SELL,15
2025-10-30,05:17,ENSOUSDT,SELL,17
2025-10-30,05:17,SOMIUSDT,SELL,11
2025-10-30,05:17,CKBUSDT,SELL,11
2025-10-30,05:17,BLUAIUSDT,SELL,12
2025-10-30,05:17,BASUSDT,SELL,10
2025-10-30,05:17,TIAUSDT,SELL,8
2025-10-30,05:17,VIRTUALUSDT,SELL,10
2025-10-30,05:17,BLESSUSDT,SELL,7
2025-10-30,05:17,KERNELUSDT,SELL,10
2025-10-30,05:17,1000PEPEUSDT,SELL,11
2025-10-30,05:17,TRUMPUSDT,SELL,28
2025-10-30,05:17,币安人生USDT,SELL,7
2025-10-30,05:17,FILUSDT,SELL,8
2025-10-30,05:17,FARTCOINUSDT,SELL,8
2025-10-30,05:17,REZUSDT,SELL,9
2025-10-30,05:17,XRPUSDT,SELL,12
2025-10-30,05:17,BNBUSDT,SELL,11
2025-10-30,05:17,BBUSDT,SELL,12
2025-10-30,05:17,PENGUUSDT,SELL,8
2025-10-30,05:17,ICPUSDT,SELL,8
2025-10-30,05:17,EIGENUSDT,SELL,8
2025-10-30,05:17,SUIUSDT,SELL,10
2025-10-30,05:17,SNXUSDT,SELL,7
2025-10-30,05:17,BELUSDT,SELL,7
2025-10-30,05:17,XPLUSDT,SELL,10
2025-10-30,05:17,AVAXUSDT,SELL,8
2025-10-30,05:17,WLDUSDT,SELL,10
2025-10-30,05:17,ADAUSDT,SELL,11
2025-10-30,05:17,FORMUSDT,SELL,10
2025-10-30,05:17,1000BONKUSDT,SELL,8
2025-10-30,05:17,OPUSDT,SELL,7
2025-10-30,05:17,APTUSDT,SELL,8
2025-10-30,05:17,ARBUSDT,SELL,11
2025-10-30,05:17,1000SHIBUSDT,SELL,7
2025-10-30,05:17,LUMIAUSDT,SELL,9
2025-10-30,05:17,XANUSDT,SELL,7
2025-10-30,05:17,UNIUSDT,SELL,7
2025-10-30,05:17,GRASSUSDT,SELL,8
2025-10-30,05:17,MELANIAUSDT,SELL,8
2025-10-30,05:17,EDENUSDT,SELL,8
2025-10-30,05:18,ENAUSDT,SELL,16
2025-10-30,05:18,APTUSDT,SELL,9
2025-10-30,05:18,BBUSDT,SELL,10
2025-10-30,05:18,SOLUSDT,SELL,14
2025-10-30,05:18,ARBUSDT,SELL,11
2025-10-30,05:18,AVAXUSDT,SELL,7
2025-10-30,05:18,TIAUSDT,SELL,7
2025-10-30,05:18,1000SHIBUSDT,SELL,7
2025-10-30,05:18,LINKUSDT,SELL,8
2025-10-30,05:18,BNBUSDT,SELL,10
2025-10-30,05:18,XRPUSDT,SELL,9
2025-10-30,05:18,1000BONKUSDT,SELL,8
2025-10-30,05:18,FORMUSDT,SELL,9
2025-10-30,05:18,VIRTUALUSDT,SELL,10
2025-10-30,05:18,KERNELUSDT,SELL,7
2025-10-30,05:18,LUMIAUSDT,SELL,10
2025-10-30,05:18,WLDUSDT,SELL,9
2025-10-30,05:18,DOGEUSDT,SELL,14
2025-10-30,05:18,ADAUSDT,SELL,10
2025-10-30,05:18,CKBUSDT,SELL,8
2025-10-30,05:18,1000PEPEUSDT,SELL,8
2025-10-30,05:18,EIGENUSDT,SELL,7
2025-10-30,05:18,RVVUSDT,SELL,8
2025-10-30,05:18,TRUMPUSDT,SELL,22
2025-10-30,05:18,XANUSDT,SELL,13
2025-10-30,05:18,REZUSDT,SELL,8
2025-10-30,05:18,ASTERUSDT,SELL,9
2025-10-30,05:18,XPLUSDT,SELL,10
2025-10-30,05:18,币安人生USDT,SELL,7
2025-10-30,05:18,ENSOUSDT,SELL,15
2025-10-30,05:18,ZKCUSDT,SELL,7
2025-10-30,05:18,UNIUSDT,SELL,7
2025-10-30,05:18,SUIUSDT,SELL,9
2025-10-30,05:18,GRASSUSDT,SELL,8
2025-10-30,05:18,FILUSDT,SELL,7
2025-10-30,05:18,MELANIAUSDT,SELL,8
2025-10-30,05:18,BASUSDT,SELL,7
2025-10-30,05:18,4USDT,SELL,9
2025-10-30,05:18,SWARMSUSDT,SELL,8
2025-10-30,05:18,ZBTUSDT,SELL,8
2025-10-30,05:18,EDENUSDT,SELL,11
2025-10-30,05:19,XANUSDT,SELL,7
2025-10-30,05:19,ENSOUSDT,SELL,7
2025-10-30,05:19,AVAUSDT,SELL,7
2025-10-30,05:20,ETHUSDT,BUY,7
2025-10-30,05:21,JELLYJELLYUSDT,SELL,14
2025-10-30,05:22,JELLYJELLYUSDT,SELL,17
2025-10-30,05:23,ETHUSDT,SELL,17
2025-10-30,05:23,ASTERUSDT,SELL,10
2025-10-30,05:23,SOLUSDT,SELL,10
2025-10-30,05:23,BTCUSDT,SELL,15
2025-10-30,05:23,REZUSDT,SELL,9
2025-10-30,05:23,SOMIUSDT,SELL,7
2025-10-30,05:23,WLFIUSDT,SELL,7
2025-10-30,05:23,XRPUSDT,SELL,11
2025-10-30,05:23,DOGEUSDT,SELL,8
2025-10-30,05:23,1000LUNCUSDT,SELL,7
2025-10-30,05:24,WLFIUSDT,SELL,9
2025-10-30,05:24,ASTERUSDT,SELL,15
2025-10-30,05:24,REZUSDT,SELL,11
2025-10-30,05:24,ETHUSDT,SELL,27
2025-10-30,05:24,XRPUSDT,SELL,32
2025-10-30,05:24,ZBTUSDT,SELL,12
2025-10-30,05:24,SOMIUSDT,SELL,8
2025-10-30,05:24,ETHUSDC,SELL,10
2025-10-30,05:24,DOGEUSDT,SELL,22
2025-10-30,05:24,XRPUSDC,SELL,13
2025-10-30,05:24,SOLUSDT,SELL,19
2025-10-30,05:24,1000LUNCUSDT,SELL,7
2025-10-30,05:24,BTCUSDC,SELL,14
2025-10-30,05:24,AVAXUSDT,SELL,12
2025-10-30,05:24,SUIUSDT,SELL,9
2025-10-30,05:24,ADAUSDT,SELL,10
2025-10-30,05:24,1000PEPEUSDT,SELL,8
2025-10-30,05:24,ENAUSDT,SELL,7
2025-10-30,05:24,XPLUSDT,SELL,9
2025-10-30,05:24,CLOUSDT,SELL,7
2025-10-30,05:24,SAPIENUSDT,SELL,9
2025-10-30,05:25,BTCUSDC,SELL,13
2025-10-30,05:25,AVAXUSDT,SELL,10
2025-10-30,05:25,XRPUSDT,SELL,21
2025-10-30,05:25,XRPUSDC,SELL,10
2025-10-30,05:25,DOGEUSDT,SELL,14
2025-10-30,05:25,ZBTUSDT,SELL,10
2025-10-30,05:25,SAPIENUSDT,SELL,9
2025-10-30,05:25,RVVUSDT,SELL,7
2025-10-30,05:25,ETHUSDC,SELL,7
2025-10-30,05:25,ZECUSDT,SELL,11
2025-10-30,05:25,JELLYJELLYUSDT,BUY,9
2025-10-30,05:26,BTCUSDT,SELL,30
2025-10-30,05:26,JELLYJELLYUSDT,BUY,9
2025-10-30,05:26,BTCUSDC,SELL,12
2025-10-30,05:27,BTCUSDC,SELL,21
2025-10-30,05:27,ARBUSDT,SELL,12
2025-10-30,05:27,BTCUSDT,SELL,41
2025-10-30,05:27,SPXUSDT,SELL,9
2025-10-30,05:27,ETHUSDT,SELL,43
2025-10-30,05:27,LTCUSDT,SELL,19
2025-10-30,05:27,HYPEUSDT,SELL,13
2025-10-30,05:27,SOLUSDT,SELL,26
2025-10-30,05:27,XRPUSDT,SELL,22
2025-10-30,05:27,AVAXUSDT,SELL,14
2025-10-30,05:27,COAIUSDT,SELL,14
2025-10-30,05:27,XPLUSDT,SELL,21
2025-10-30,05:27,DOGEUSDT,SELL,26
2025-10-30,05:27,ETHUSDC,SELL,13
2025-10-30,05:27,ASTERUSDT,SELL,30
2025-10-30,05:27,TAOUSDT,SELL,15
2025-10-30,05:27,BNBUSDT,SELL,27
2025-10-30,05:27,ADAUSDT,SELL,17
2025-10-30,05:27,VIRTUALUSDT,SELL,9
2025-10-30,05:27,SNXUSDT,SELL,10
2025-10-30,05:27,MELANIAUSDT,SELL,9
2025-10-30,05:27,KERNELUSDT,SELL,11
2025-10-30,05:27,LINKUSDT,SELL,16
2025-10-30,05:27,XLMUSDT,SELL,8
2025-10-30,05:27,1000SHIBUSDT,SELL,8
2025-10-30,05:27,BBUSDT,SELL,9
2025-10-30,05:27,IOUSDT,SELL,7
2025-10-30,05:27,WLDUSDT,SELL,19
2025-10-30,05:27,AVNTUSDT,SELL,7
2025-10-30,05:27,SUIUSDT,SELL,21
2025-10-30,05:27,PENGUUSDT,SELL,16
2025-10-30,05:27,RIVERUSDT,SELL,7
2025-10-30,05:27,WIFUSDT,SELL,8
2025-10-30,05:27,WLFIUSDT,SELL,11
2025-10-30,05:27,XMRUSDT,SELL,7
2025-10-30,05:27,币安人生USDT,SELL,31
2025-10-30,05:27,DOGEUSDC,SELL,7
2025-10-30,05:27,SOLUSDC,SELL,7
2025-10-30,05:27,TONUSDT,SELL,7
2025-10-30,05:27,SUSDT,SELL,7
2025-10-30,05:27,FILUSDT,SELL,10
2025-10-30,05:27,AAVEUSDT,SELL,7
2025-10-30,05:27,EDENUSDT,SELL,12
2025-10-30,05:27,SWARMSUSDT,SELL,8
2025-10-30,05:27,THETAUSDT,SELL,8
2025-10-30,05:27,LDOUSDT,SELL,11
2025-10-30,05:27,ETCUSDT,SELL,10
2025-10-30,05:27,BASUSDT,SELL,9
2025-10-30,05:27,DOTUSDT,SELL,11
2025-10-30,05:27,RENDERUSDT,SELL,13
2025-10-30,05:27,HBARUSDT,SELL,7
2025-10-30,05:27,IPUSDT,SELL,7
2025-10-30,05:27,1000PEPEUSDT,SELL,22
2025-10-30,05:27,ONDOUSDT,SELL,9
2025-10-30,05:27,NEARUSDT,SELL,11
2025-10-30,05:27,UNIUSDT,SELL,8
2025-10-30,05:27,WUSDT,SELL,10
2025-10-30,05:27,DASHUSDT,SELL,10
2025-10-30,05:27,POLUSDT,SELL,7
2025-10-30,05:27,TIAUSDT,SELL,10
2025-10-30,05:27,ALPINEUSDT,SELL,7
2025-10-30,05:27,BELUSDT,SELL,9
2025-10-30,05:27,FETUSDT,SELL,11
2025-10-30,05:27,ICPUSDT,SELL,8
2025-10-30,05:27,4USDT,SELL,7
2025-10-30,05:27,BERAUSDT,SELL,8
2025-10-30,05:27,ORDIUSDT,SELL,8
2025-10-30,05:27,INJUSDT,SELL,7
2025-10-30,05:27,ATOMUSDT,SELL,8
2025-10-30,05:27,GALAUSDT,SELL,8
2025-10-30,05:27,1000FLOKIUSDT,SELL,11
2025-10-30,05:27,FARTCOINUSDT,SELL,12
2025-10-30,05:27,API3USDT,SELL,7
2025-10-30,05:27,AI16ZUSDT,SELL,9
2025-10-30,05:27,DOGSUSDT,SELL,8
2025-10-30,05:27,OMUSDT,SELL,7
2025-10-30,05:27,1000LUNCUSDT,SELL,7
2025-10-30,05:27,ETHFIUSDT,SELL,7
2025-10-30,05:27,ENSOUSDT,SELL,7
2025-10-30,05:27,CLOUSDT,SELL,8
2025-10-30,05:27,NEIROUSDT,SELL,7
2025-10-30,05:27,ROSEUSDT,SELL,7
2025-10-30,05:27,FORMUSDT,SELL,8
2025-10-30,05:27,AUCTIONUSDT,SELL,9
2025-10-30,05:27,1000BONKUSDT,SELL,11
2025-10-30,05:27,CUSDT,SELL,8
2025-10-30,05:27,SOMIUSDT,SELL,8
2025-10-30,05:27,THEUSDT,SELL,8
2025-10-30,05:27,AIXBTUSDT,SELL,8
2025-10-30,05:27,ZBTUSDT,SELL,11
2025-10-30,05:27,ZKCUSDT,SELL,7
2025-10-30,05:27,ARCUSDT,SELL,7
2025-10-30,05:27,DEGOUSDT,SELL,7
2025-10-30,05:28,XRPUSDT,SELL,34
2025-10-30,05:28,TRXUSDT,SELL,10
2025-10-30,05:28,LTCUSDT,SELL,24
2025-10-30,05:28,币安人生USDT,SELL,36
2025-10-30,05:28,BNBUSDT,SELL,36
2025-10-30,05:28,SNXUSDT,SELL,15
2025-10-30,05:28,ZORAUSDT,SELL,8
2025-10-30,05:28,LDOUSDT,SELL,16
2025-10-30,05:28,TAOUSDT,SELL,22
2025-10-30,05:28,ASTERUSDT,SELL,39
2025-10-30,05:28,DOGEUSDT,SELL,40
2025-10-30,05:28,DOTUSDT,SELL,25
2025-10-30,05:28,BTCUSDT,SELL,54
2025-10-30,05:28,FILUSDT,SELL,18
2025-10-30,05:28,PENGUUSDT,SELL,22
2025-10-30,05:28,STRKUSDT,SELL,10
2025-10-30,05:28,HYPEUSDT,SELL,18
2025-10-30,05:28,EDUUSDT,SELL,9
2025-10-30,05:28,TUTUSDT,SELL,12
2025-10-30,05:28,AXSUSDT,SELL,9
2025-10-30,05:28,XPLUSDT,SELL,29
2025-10-30,05:28,CRVUSDT,SELL,10
2025-10-30,05:28,SPXUSDT,SELL,12
2025-10-30,05:28,WLDUSDT,SELL,27
2025-10-30,05:28,BTCUSDC,SELL,30
2025-10-30,05:28,RENDERUSDT,SELL,19
2025-10-30,05:28,HBARUSDT,SELL,13
2025-10-30,05:28,IPUSDT,SELL,11
2025-10-30,05:28,1000PEPEUSDT,SELL,33
2025-10-30,05:28,1000SHIBUSDT,SELL,16
2025-10-30,05:28,SUIUSDT,SELL,35
2025-10-30,05:28,ADAUSDT,SELL,25
2025-10-30,05:28,JUPUSDT,SELL,9
2025-10-30,05:28,ONDOUSDT,SELL,16
2025-10-30,05:28,NEARUSDT,SELL,22
2025-10-30,05:28,UNIUSDT,SELL,14
2025-10-30,05:28,LINKUSDT,SELL,24
2025-10-30,05:28,XLMUSDT,SELL,14
2025-10-30,05:28,WUSDT,SELL,18
2025-10-30,05:28,TONUSDT,SELL,13
2025-10-30,05:28,SUIUSDC,SELL,12
2025-10-30,05:28,BRETTUSDT,SELL,10
2025-10-30,05:28,APTUSDT,SELL,18
2025-10-30,05:28,XRPUSDC,SELL,12
2025-10-30,05:28,DASHUSDT,SELL,15
2025-10-30,05:28,BOMEUSDT,SELL,11
2025-10-30,05:28,POLUSDT,SELL,12
2025-10-30,05:28,BBUSDT,SELL,15
2025-10-30,05:28,KERNELUSDT,SELL,13
2025-10-30,05:28,TIAUSDT,SELL,16
2025-10-30,05:28,PYTHUSDT,SELL,13
2025-10-30,05:28,ALPINEUSDT,SELL,11
2025-10-30,05:28,TRBUSDT,SELL,10
2025-10-30,05:28,TREEUSDT,SELL,7
2025-10-30,05:28,LAUSDT,SELL,7
2025-10-30,05:28,JASMYUSDT,SELL,8
2025-10-30,05:28,EIGENUSDT,SELL,12
2025-10-30,05:28,PEOPLEUSDT,SELL,10
2025-10-30,05:28,ADAUSDC,SELL,8
2025-10-30,05:28,ARBUSDT,SELL,20
2025-10-30,05:28,RECALLUSDT,SELL,12
2025-10-30,05:28,BELUSDT,SELL,12
2025-10-30,05:28,FETUSDT,SELL,19
2025-10-30,05:28,PNUTUSDT,SELL,7
2025-10-30,05:28,TURBOUSDT,SELL,11
2025-10-30,05:28,ARKMUSDT,SELL,8
2025-10-30,05:28,IOTAUSDT,SELL,8
2025-10-30,05:28,ICPUSDT,SELL,15
2025-10-30,05:28,MINAUSDT,SELL,7
2025-10-30,05:28,1000PEPEUSDC,SELL,9
2025-10-30,05:28,SAGAUSDT,SELL,8
2025-10-30,05:28,ETCUSDT,SELL,17
2025-10-30,05:28,PHBUSDT,SELL,10
2025-10-30,05:28,4USDT,SELL,11
2025-10-30,05:28,VIRTUALUSDT,SELL,13
2025-10-30,05:28,BERAUSDT,SELL,15
2025-10-30,05:28,LINEAUSDT,SELL,10
2025-10-30,05:28,ORDIUSDT,SELL,13
2025-10-30,05:28,INJUSDT,SELL,14
2025-10-30,05:28,ATOMUSDT,SELL,15
2025-10-30,05:28,GALAUSDT,SELL,18
2025-10-30,05:28,SOLUSDC,SELL,13
2025-10-30,05:28,PARTIUSDT,SELL,7
2025-10-30,05:28,SWARMSUSDT,SELL,14
2025-10-30,05:28,ILVUSDT,SELL,8
2025-10-30,05:28,MANAUSDT,SELL,10
2025-10-30,05:28,ENAUSDC,SELL,7
2025-10-30,05:28,DOGEUSDC,SELL,15
2025-10-30,05:28,EDENUSDT,SELL,16
2025-10-30,05:28,EPTUSDT,SELL,11
2025-10-30,05:28,1000SATSUSDT,SELL,12
2025-10-30,05:28,WLFIUSDT,SELL,18
2025-10-30,05:28,1000FLOKIUSDT,SELL,17
2025-10-30,05:28,BASUSDT,SELL,11
2025-10-30,05:28,FARTCOINUSDT,SELL,23
2025-10-30,05:28,TOSHIUSDT,SELL,7
2025-10-30,05:28,KSMUSDT,SELL,7
2025-10-30,05:28,API3USDT,SELL,11
2025-10-30,05:28,MAGICUSDT,SELL,7
2025-10-30,05:28,ARUSDT,SELL,11
2025-10-30,05:28,WIFUSDT,SELL,17
2025-10-30,05:28,BIGTIMEUSDT,SELL,7
2025-10-30,05:28,OPENUSDT,SELL,11
2025-10-30,05:28,STBLUSDT,SELL,11
2025-10-30,05:28,AI16ZUSDT,SELL,17
2025-10-30,05:28,DOGSUSDT,SELL,15
2025-10-30,05:28,OMUSDT,SELL,11
2025-10-30,05:28,CFXUSDT,SELL,9
2025-10-30,05:28,AEVOUSDT,SELL,8
2025-10-30,05:28,AIUSDT,SELL,7
2025-10-30,05:28,1000LUNCUSDT,SELL,10
2025-10-30,05:28,SANDUSDT,SELL,12
2025-10-30,05:28,ETHFIUSDT,SELL,15
2025-10-30,05:28,ZKUSDT,SELL,8
2025-10-30,05:28,MUBARAKUSDT,SELL,20
2025-10-30,05:28,AVAXUSDT,SELL,26
2025-10-30,05:28,THETAUSDT,SELL,13
2025-10-30,05:28,RVVUSDT,SELL,10
2025-10-30,05:28,ENSOUSDT,SELL,15
2025-10-30,05:28,USUALUSDT,SELL,7
2025-10-30,05:28,CLOUSDT,SELL,9
2025-10-30,05:28,NEIROUSDT,SELL,13
2025-10-30,05:28,ROSEUSDT,SELL,12
2025-10-30,05:28,AVNTUSDT,SELL,9
2025-10-30,05:28,APEUSDT,SELL,9
2025-10-30,05:28,NOMUSDT,SELL,8
2025-10-30,05:28,FORMUSDT,SELL,13
2025-10-30,05:28,AUCTIONUSDT,SELL,14
2025-10-30,05:28,RLCUSDT,SELL,8
2025-10-30,05:28,COTIUSDT,SELL,7
2025-10-30,05:28,TSTUSDT,SELL,14
2025-10-30,05:28,1000BONKUSDT,SELL,18
2025-10-30,05:28,CUDISUSDT,SELL,8
2025-10-30,05:28,CUSDT,SELL,16
2025-10-30,05:28,METUSDT,SELL,10
2025-10-30,05:28,MIRAUSDT,SELL,9
2025-10-30,05:28,MELANIAUSDT,SELL,12
2025-10-30,05:28,GOATUSDT,SELL,9
2025-10-30,05:28,SUSDT,SELL,18
2025-10-30,05:28,MYXUSDT,SELL,16
2025-10-30,05:28,NEOUSDT,SELL,7
2025-10-30,05:28,FLOWUSDT,SELL,8
2025-10-30,05:28,SOMIUSDT,SELL,10
2025-10-30,05:28,THEUSDT,SELL,13
2025-10-30,05:28,KGENUSDT,SELL,7
2025-10-30,05:28,AIXBTUSDT,SELL,9
2025-10-30,05:28,BIOUSDT,SELL,9
2025-10-30,05:28,REZUSDT,SELL,15
2025-10-30,05:28,AAVEUSDT,SELL,12
2025-10-30,05:28,RUNEUSDT,SELL,7
2025-10-30,05:28,ZBTUSDT,SELL,17
2025-10-30,05:28,MAVUSDT,SELL,9
2025-10-30,05:28,ZKCUSDT,SELL,11
2025-10-30,05:28,ZROUSDT,SELL,9
2025-10-30,05:28,IOUSDT,SELL,10
2025-10-30,05:28,EPICUSDT,SELL,13
2025-10-30,05:28,SSVUSDT,SELL,7
2025-10-30,05:28,0GUSDT,SELL,8
2025-10-30,05:28,RAYSOLUSDT,SELL,10
2025-10-30,05:28,ARCUSDT,SELL,8
2025-10-30,05:28,WCTUSDT,SELL,7
2025-10-30,05:28,ERAUSDT,SELL,8
2025-10-30,05:28,HMSTRUSDT,SELL,8
2025-10-30,05:28,ENSUSDT,SELL,10
2025-10-30,05:28,YGGUSDT,SELL,9
2025-10-30,05:28,PLUMEUSDT,SELL,8
2025-10-30,05:28,RIVERUSDT,SELL,9
2025-10-30,05:28,MEMEUSDT,SELL,7
2025-10-30,05:28,PUMPBTCUSDT,SELL,8
2025-10-30,05:28,XANUSDT,SELL,7
2025-10-30,05:28,LISTAUSDT,SELL,7
2025-10-30,05:28,MOVEUSDT,SELL,7
2025-10-30,05:28,HANAUSDT,SELL,12
2025-10-30,05:28,DEGOUSDT,SELL,12
2025-10-30,05:28,CAKEUSDT,SELL,7
2025-10-30,05:28,KAVAUSDT,SELL,8
2025-10-30,05:28,GMTUSDT,SELL,8
2025-10-30,05:28,VANAUSDT,SELL,7
2025-10-30,05:28,ZENUSDT,SELL,9
2025-10-30,05:28,MAVIAUSDT,SELL,7
2025-10-30,05:28,UMAUSDT,SELL,8
2025-10-30,05:28,PROVEUSDT,SELL,9
2025-10-30,05:28,GRASSUSDT,SELL,7
2025-10-30,05:28,HIPPOUSDT,SELL,9
2025-10-30,05:28,BANKUSDT,SELL,7
2025-10-30,05:28,SKATEUSDT,SELL,7
2025-10-30,05:28,VINEUSDT,SELL,7
2025-10-30,05:28,DMCUSDT,SELL,7
2025-10-30,05:28,BMTUSDT,SELL,7
2025-10-30,05:29,BTCUSDT,SELL,36
2025-10-30,05:29,BTCUSDC,SELL,22
2025-10-30,05:29,PYTHUSDT,SELL,10
2025-10-30,05:29,CUSDT,SELL,10
2025-10-30,05:29,1000FLOKIUSDT,SELL,9
2025-10-30,05:29,MUBARAKUSDT,SELL,19
2025-10-30,05:29,AVAXUSDT,SELL,18
2025-10-30,05:29,ONDOUSDT,SELL,12
2025-10-30,05:29,LDOUSDT,SELL,9
2025-10-30,05:29,RUNEUSDT,SELL,7
2025-10-30,05:29,TONUSDT,SELL,10
2025-10-30,05:29,FETUSDT,SELL,13
2025-10-30,05:29,KAVAUSDT,SELL,7
2025-10-30,05:29,ETCUSDT,SELL,11
2025-10-30,05:29,BNBUSDT,SELL,21
2025-10-30,05:29,ENAUSDT,SELL,19
2025-10-30,05:29,WIFUSDT,SELL,15
2025-10-30,05:29,PROVEUSDT,SELL,7
2025-10-30,05:29,SKATEUSDT,SELL,7
2025-10-30,05:29,FORMUSDT,SELL,13
2025-10-30,05:29,APEUSDT,SELL,7
2025-10-30,05:29,DOGEUSDC,SELL,12
2025-10-30,05:29,BNBUSDC,SELL,8
2025-10-30,05:29,HBARUSDT,SELL,11
2025-10-30,05:29,MELANIAUSDT,SELL,7
2025-10-30,05:29,RAYSOLUSDT,SELL,7
2025-10-30,05:29,OMUSDT,SELL,7
2025-10-30,05:29,1000LUNCUSDT,SELL,7
2025-10-30,05:29,TAOUSDT,SELL,15
2025-10-30,05:29,1000PEPEUSDT,SELL,17
2025-10-30,05:29,SUIUSDT,SELL,21
2025-10-30,05:29,DOGEUSDT,SELL,22
2025-10-30,05:29,AXSUSDT,SELL,8
2025-10-30,05:29,XPLUSDT,SELL,13
2025-10-30,05:29,GMTUSDT,SELL,7
2025-10-30,05:29,AUCTIONUSDT,SELL,7
2025-10-30,05:29,ARBUSDT,SELL,13
2025-10-30,05:29,GALAUSDT,SELL,13
2025-10-30,05:29,INJUSDT,SELL,9
2025-10-30,05:29,ICPUSDT,SELL,10
2025-10-30,05:29,STRKUSDT,SELL,8
2025-10-30,05:29,HANAUSDT,SELL,15
2025-10-30,05:29,1000BONKUSDT,SELL,12
2025-10-30,05:29,FFUSDT,SELL,11
2025-10-30,05:29,RVVUSDT,SELL,9
2025-10-30,05:29,BOMEUSDT,SELL,8
2025-10-30,05:29,TUTUSDT,SELL,10
2025-10-30,05:29,RECALLUSDT,SELL,8
2025-10-30,05:29,XLMUSDT,SELL,10
2025-10-30,05:29,LTCUSDT,SELL,16
2025-10-30,05:29,SANDUSDT,SELL,9
2025-10-30,05:29,TURBOUSDT,SELL,8
2025-10-30,05:29,WLDUSDT,SELL,13
2025-10-30,05:29,ZENUSDT,SELL,9
2025-10-30,05:29,APTUSDT,SELL,16
2025-10-30,05:29,LINKUSDT,SELL,15
2025-10-30,05:29,FILUSDT,SELL,12
2025-10-30,05:29,ATOMUSDT,SELL,9
2025-10-30,05:29,DOTUSDT,SELL,18
2025-10-30,05:29,SPXUSDT,SELL,8
2025-10-30,05:29,SEIUSDT,SELL,8
2025-10-30,05:29,DASHUSDT,SELL,7
2025-10-30,05:29,IOTAUSDT,SELL,7
2025-10-30,05:29,NEARUSDT,SELL,15
2025-10-30,05:29,1000SATSUSDT,SELL,10
2025-10-30,05:29,ORDIUSDT,SELL,7
2025-10-30,05:29,SOLUSDC,SELL,10
2025-10-30,05:29,ARKMUSDT,SELL,9
2025-10-30,05:29,OPUSDT,SELL,15
2025-10-30,05:29,BBUSDT,SELL,10
2025-10-30,05:29,ALGOUSDT,SELL,10
2025-10-30,05:29,RENDERUSDT,SELL,10
2025-10-30,05:29,SNXUSDT,SELL,10
2025-10-30,05:29,EIGENUSDT,SELL,10
2025-10-30,05:29,ROSEUSDT,SELL,8
2025-10-30,05:29,REZUSDT,SELL,12
2025-10-30,05:29,ETHFIUSDT,SELL,11
2025-10-30,05:29,TIAUSDT,SELL,10
2025-10-30,05:29,1000PEPEUSDC,SELL,8
2025-10-30,05:29,POLUSDT,SELL,7
2025-10-30,05:29,WLFIUSDT,SELL,10
2025-10-30,05:29,ARUSDT,SELL,9
2025-10-30,05:29,AI16ZUSDT,SELL,9
2025-10-30,05:29,FARTCOINUSDT,SELL,15
2025-10-30,05:29,1000SHIBUSDT,SELL,11
2025-10-30,05:29,BLUAIUSDT,SELL,9
2025-10-30,05:29,PUMPUSDT,SELL,9
2025-10-30,05:29,VIRTUALUSDT,SELL,8
2025-10-30,05:29,DMCUSDT,SELL,7
2025-10-30,05:29,SUSDT,SELL,14
2025-10-30,05:29,WUSDT,SELL,11
2025-10-30,05:29,EDENUSDT,SELL,10
2025-10-30,05:29,EPTUSDT,SELL,11
2025-10-30,05:29,SWARMSUSDT,SELL,12
2025-10-30,05:29,UMAUSDT,SELL,7
2025-10-30,05:29,EPICUSDT,SELL,12
2025-10-30,05:29,USUALUSDT,SELL,8
2025-10-30,05:29,SUIUSDC,SELL,7
2025-10-30,05:29,ALPINEUSDT,SELL,8
2025-10-30,05:29,IPUSDT,SELL,7
2025-10-30,05:29,PENGUUSDT,SELL,10
2025-10-30,05:29,ZBTUSDT,SELL,9
2025-10-30,05:29,ENSOUSDT,SELL,10
2025-10-30,05:29,HYPEUSDT,SELL,10
2025-10-30,05:29,ADAUSDT,SELL,17
2025-10-30,05:29,YGGUSDT,SELL,7
2025-10-30,05:29,JASMYUSDT,SELL,7
2025-10-30,05:29,BMTUSDT,SELL,8
2025-10-30,05:29,DOGSUSDT,SELL,14
2025-10-30,05:29,PNUTUSDT,SELL,7
2025-10-30,05:29,BERAUSDT,SELL,8
2025-10-30,05:29,OPENUSDT,SELL,8
2025-10-30,05:29,THEUSDT,SELL,7
2025-10-30,05:29,LINEAUSDT,SELL,8
2025-10-30,05:29,MYXUSDT,SELL,15
2025-10-30,05:29,LPTUSDT,SELL,7
2025-10-30,05:29,TSTUSDT,SELL,10
2025-10-30,05:29,MAVUSDT,SELL,11
2025-10-30,05:29,ZORAUSDT,SELL,7
2025-10-30,05:29,PHBUSDT,SELL,12
2025-10-30,05:29,NEIROUSDT,SELL,9
2025-10-30,05:29,AAVEUSDT,SELL,9
2025-10-30,05:29,PUMPBTCUSDT,SELL,9
2025-10-30,05:29,4USDT,SELL,7
2025-10-30,05:29,UNIUSDT,SELL,10
2025-10-30,05:29,THETAUSDT,SELL,8
2025-10-30,05:29,CFXUSDT,SELL,7
2025-10-30,05:29,MAGICUSDT,SELL,7
2025-10-30,05:29,MANAUSDT,SELL,7
2025-10-30,05:29,CRVUSDT,SELL,8
2025-10-30,05:29,VETUSDT,SELL,7
2025-10-30,05:29,GRTUSDT,SELL,7
2025-10-30,05:29,TLMUSDT,SELL,8
2025-10-30,05:29,LQTYUSDT,SELL,7
2025-10-30,05:29,DEGOUSDT,SELL,7
2025-10-30,05:29,IOUSDT,SELL,7
2025-10-30,05:29,STBLUSDT,SELL,8
2025-10-30,05:29,ZKCUSDT,SELL,7
2025-10-30,05:29,ZKUSDT,SELL,7
2025-10-30,05:29,CUDISUSDT,SELL,9
2025-10-30,05:30,FORMUSDT,SELL,8
2025-10-30,05:30,DOGSUSDT,SELL,7
2025-10-30,05:30,BTCUSDT,SELL,9
2025-10-30,05:30,COAIUSDT,SELL,9
2025-10-30,05:30,PUMPBTCUSDT,SELL,7
2025-10-30,05:30,4USDT,SELL,10
2025-10-30,05:30,BLUAIUSDT,SELL,8
2025-10-30,05:30,HANAUSDT,SELL,8
2025-10-30,05:30,GIGGLEUSDT,SELL,17
2025-10-30,05:31,GIGGLEUSDT,SELL,32
2025-10-30,05:31,YBUSDT,SELL,7
2025-10-30,05:31,COAIUSDT,SELL,15
2025-10-30,05:31,4USDT,SELL,9
2025-10-30,05:31,BLUAIUSDT,SELL,8
2025-10-30,05:31,BTCUSDT,SELL,8
2025-10-30,05:31,DASHUSDT,SELL,10
2025-10-30,05:31,DEGOUSDT,SELL,8
2025-10-30,05:31,EVAAUSDT,BUY,7
2025-10-30,05:32,GIGGLEUSDT,SELL,31
2025-10-30,05:32,币安人生USDT,SELL,23
2025-10-30,05:32,4USDT,SELL,8
2025-10-30,05:32,COAIUSDT,SELL,16
2025-10-30,05:32,DEGOUSDT,SELL,11
2025-10-30,05:32,EVAAUSDT,BUY,7
2025-10-30,05:32,DASHUSDT,SELL,8
2025-10-30,05:32,SOLUSDT,SELL,12
2025-10-30,05:32,AVNTUSDT,SELL,7
2025-10-30,05:32,ASTERUSDT,SELL,7
2025-10-30,05:32,ZENUSDT,SELL,8
2025-10-30,05:32,BTCUSDT,SELL,16
2025-10-30,05:32,BLUAIUSDT,SELL,24
2025-10-30,05:32,ZBTUSDT,SELL,9
2025-10-30,05:32,TRUMPUSDT,SELL,17
2025-10-30,05:32,BNBUSDT,SELL,9
2025-10-30,05:32,TUTUSDT,SELL,10
2025-10-30,05:33,BLUAIUSDT,SELL,21
2025-10-30,05:33,ASTERUSDT,SELL,8
2025-10-30,05:33,OLUSDT,SELL,8
2025-10-30,05:33,COAIUSDT,SELL,9
2025-10-30,05:33,BTCUSDT,SELL,10
2025-10-30,05:33,ZBTUSDT,SELL,11
2025-10-30,05:33,币安人生USDT,SELL,22
2025-10-30,05:33,TRUMPUSDT,SELL,18
2025-10-30,05:33,MUBARAKUSDT,SELL,7
2025-10-30,05:33,GIGGLEUSDT,SELL,18
2025-10-30,05:33,EDENUSDT,SELL,9
2025-10-30,05:33,RVVUSDT,SELL,10
2025-10-30,05:33,TUTUSDT,SELL,11
2025-10-30,05:33,SOLUSDT,SELL,8
2025-10-30,05:34,RVVUSDT,SELL,7
2025-10-30,05:34,GIGGLEUSDT,SELL,14
2025-10-30,05:34,TRUMPUSDT,SELL,11
2025-10-30,05:36,ETHUSDT,BUY,24
2025-10-30,05:36,BTCUSDT,BUY,24
2025-10-30,05:36,ETHUSDC,BUY,8
2025-10-30,05:36,SAPIENUSDT,BUY,16
2025-10-30,05:36,XRPUSDT,BUY,8
2025-10-30,05:37,BTCUSDT,BUY,10
2025-10-30,05:37,SAPIENUSDT,BUY,8
2025-10-30,05:40,EVAAUSDT,BUY,13
2025-10-30,05:42,ETHUSDT,SELL,9
2025-10-30,05:45,JELLYJELLYUSDT,BUY,20
2025-10-30,05:49,GIGGLEUSDT,SELL,8
2025-10-30,05:50,GIGGLEUSDT,SELL,8
2025-10-30,05:52,GIGGLEUSDT,BUY,8
2025-10-30,05:58,ETHUSDT,SELL,7
2025-10-30,05:58,BTCUSDT,SELL,7
2025-10-30,05:59,ETHUSDT,SELL,21
2025-10-30,05:59,SOLUSDT,SELL,12
2025-10-30,05:59,BTCUSDT,SELL,18
2025-10-30,06:00,BTCUSDT,SELL,11
2025-10-30,06:00,ETHUSDT,SELL,21
2025-10-30,06:00,SOLUSDT,SELL,11
2025-10-30,06:00,CKBUSDT,SELL,10
2025-10-30,06:00,PUMPUSDT,SELL,7
2025-10-30,06:01,CKBUSDT,SELL,14
2025-10-30,06:01,ETHUSDT,SELL,7
2025-10-30,06:02,CKBUSDT,SELL,9
2025-10-30,06:05,BTCUSDT,SELL,8
2025-10-30,06:05,COAIUSDT,SELL,14
2025-10-30,06:05,ETHUSDT,SELL,11
2025-10-30,06:06,COAIUSDT,SELL,21
2025-10-30,06:06,ETHUSDT,SELL,12
2025-10-30,06:06,BTCUSDT,SELL,9
2025-10-30,06:06,PHBUSDT,SELL,8
2025-10-30,06:07,COAIUSDT,SELL,15
2025-10-30,06:08,COAIUSDT,SELL,14
2025-10-30,06:09,COAIUSDT,SELL,28
2025-10-30,06:10,COAIUSDT,SELL,21
2025-10-30,06:11,AIAUSDT,SELL,10
2025-10-30,06:14,SAPIENUSDT,BUY,7
2025-10-30,06:15,COAIUSDT,SELL,9
2025-10-30,06:16,COAIUSDT,SELL,10
2025-10-30,06:16,PUMPUSDT,SELL,7
2025-10-30,06:22,TRUMPUSDT,BUY,7
2025-10-30,06:23,TRUMPUSDT,BUY,8
2025-10-30,06:23,COAIUSDT,SELL,10
2025-10-30,06:24,币安人生USDT,SELL,15
2025-10-30,06:24,COAIUSDT,SELL,16
2025-10-30,06:24,GIGGLEUSDT,SELL,16
2025-10-30,06:25,COAIUSDT,SELL,35
2025-10-30,06:25,GIGGLEUSDT,SELL,25
2025-10-30,06:25,PUMPUSDT,SELL,8
2025-10-30,06:25,币安人生USDT,SELL,18
2025-10-30,06:26,币安人生USDT,SELL,7
2025-10-30,06:26,COAIUSDT,SELL,29
2025-10-30,06:28,AIAUSDT,BUY,8
2025-10-30,06:28,HUSDT,SELL,7
2025-10-30,06:29,AIAUSDT,BUY,16
2025-10-30,06:29,HUSDT,SELL,10
2025-10-30,06:30,AIAUSDT,BUY,19
2025-10-30,06:31,币安人生USDT,SELL,8
2025-10-30,06:32,币安人生USDT,SELL,22
2025-10-30,06:35,OLUSDT,BUY,7
2025-10-30,06:35,AIAUSDT,SELL,11
2025-10-30,06:36,AIAUSDT,SELL,8
2025-10-30,06:36,COAIUSDT,SELL,9
2025-10-30,06:37,COAIUSDT,SELL,10
2025-10-30,06:37,JELLYJELLYUSDT,BUY,12
2025-10-30,06:38,JELLYJELLYUSDT,BUY,8
2025-10-30,06:39,XRPUSDT,BUY,11
2025-10-30,06:39,SAPIENUSDT,BUY,15
2025-10-30,06:40,BTCUSDT,BUY,16
2025-10-30,06:40,SAPIENUSDT,BUY,16
2025-10-30,06:40,XRPUSDT,BUY,12
2025-10-30,06:40,ZECUSDT,BUY,7
2025-10-30,06:40,YBUSDT,BUY,7
2025-10-30,06:40,SOLUSDT,BUY,13
2025-10-30,06:40,BCHUSDT,BUY,8
2025-10-30,06:41,SOLUSDT,BUY,11
2025-10-30,06:41,ETHUSDT,BUY,8
2025-10-30,06:41,BTCUSDT,BUY,10
2025-10-30,06:42,AIAUSDT,SELL,9
2025-10-30,06:43,AIAUSDT,SELL,14
2025-10-30,06:43,ETHUSDT,BUY,7
2025-10-30,06:43,JELLYJELLYUSDT,BUY,8
2025-10-30,06:43,GIGGLEUSDT,BUY,8
2025-10-30,06:44,SAPIENUSDT,BUY,7
2025-10-30,06:44,AIAUSDT,SELL,11
2025-10-30,06:46,AIAUSDT,SELL,11
2025-10-30,06:46,BTCUSDT,BUY,8
2025-10-30,06:47,AIAUSDT,SELL,21
2025-10-30,06:48,LABUSDT,BUY,7
2025-10-30,06:48,AIAUSDT,SELL,14
2025-10-30,06:49,BTCUSDT,BUY,11
2025-10-30,06:49,EVAAUSDT,BUY,8
2025-10-30,06:50,BTCUSDT,BUY,8
2025-10-30,06:56,OGUSDT,BUY,7
2025-10-30,07:00,OLUSDT,SELL,10
2025-10-30,07:01,FLMUSDT,BUY,11
2025-10-30,07:01,AIAUSDT,SELL,8
2025-10-30,07:01,LUMIAUSDT,SELL,7
2025-10-30,07:01,VIRTUALUSDT,SELL,8
2025-10-30,07:02,LUMIAUSDT,SELL,8
2025-10-30,07:02,FLMUSDT,BUY,12
2025-10-30,07:02,VIRTUALUSDT,SELL,11
2025-10-30,07:02,JELLYJELLYUSDT,BUY,8
2025-10-30,07:03,JELLYJELLYUSDT,BUY,10
2025-10-30,07:07,FLMUSDT,BUY,11
2025-10-30,07:07,PERPUSDT,BUY,7
2025-10-30,07:08,PERPUSDT,BUY,9
2025-10-30,07:13,KDAUSDT,BUY,7
2025-10-30,07:14,FLMUSDT,BUY,7
2025-10-30,07:14,KDAUSDT,BUY,15
2025-10-30,07:15,KDAUSDT,BUY,10
2025-10-30,07:15,HBARUSDT,BUY,7
2025-10-30,07:16,PERPUSDT,BUY,9
2025-10-30,07:16,FLMUSDT,BUY,9
2025-10-30,07:16,ETHUSDT,SELL,9
2025-10-30,07:17,FLMUSDT,BUY,10
2025-10-30,07:17,PERPUSDT,BUY,9
2025-10-30,07:17,ETHUSDT,SELL,9
2025-10-30,07:17,COAIUSDT,BUY,9
2025-10-30,07:24,EVAAUSDT,BUY,7
2025-10-30,07:30,FLMUSDT,BUY,16
2025-10-30,07:30,4USDT,SELL,7
2025-10-30,07:31,SAPIENUSDT,SELL,7
2025-10-30,07:31,FLMUSDT,BUY,16
2025-10-30,07:31,ETHUSDT,BUY,7
2025-10-30,07:32,KDAUSDT,BUY,7
2025-10-30,07:33,KDAUSDT,BUY,15
2025-10-30,07:34,KDAUSDT,BUY,13
2025-10-30,07:38,FLMUSDT,SELL,11
2025-10-30,07:39,FLMUSDT,SELL,11
2025-10-30,07:40,VIRTUALUSDT,SELL,10
2025-10-30,07:42,JELLYJELLYUSDT,BUY,7
2025-10-30,07:43,JELLYJELLYUSDT,BUY,9
2025-10-30,07:48,BCHUSDT,BUY,10
2025-10-30,07:52,JELLYJELLYUSDT,BUY,17
2025-10-30,07:53,JELLYJELLYUSDT,BUY,13
2025-10-30,07:57,币安人生USDT,SELL,10
2025-10-30,08:03,JELLYJELLYUSDT,BUY,13
2025-10-30,08:04,JELLYJELLYUSDT,BUY,13
2025-10-30,08:04,币安人生USDT,SELL,10
2025-10-30,08:05,币安人生USDT,SELL,7
2025-10-30,08:05,JELLYJELLYUSDT,SELL,7
2025-10-30,08:06,JELLYJELLYUSDT,SELL,9
2025-10-30,08:08,ENSOUSDT,BUY,7
2025-10-30,08:08,ZECUSDT,BUY,8
2025-10-30,08:09,ZECUSDT,BUY,9
2025-10-30,08:09,KDAUSDT,SELL,7
2025-10-30,08:09,GIGGLEUSDT,SELL,11
2025-10-30,08:11,ZECUSDT,BUY,8
2025-10-30,08:11,BTCUSDT,BUY,13
2025-10-30,08:11,ETHUSDT,BUY,10
2025-10-30,08:12,ETHUSDT,BUY,11
2025-10-30,08:12,BTCUSDT,BUY,19
2025-10-30,08:12,ZECUSDT,BUY,16
2025-10-30,08:13,BTCUSDT,BUY,8
2025-10-30,08:13,ETHUSDT,BUY,9
2025-10-30,08:13,ZECUSDT,BUY,16
2025-10-30,08:14,ETHUSDT,BUY,7
2025-10-30,08:15,XPINUSDT,BUY,7
2025-10-30,08:16,XPINUSDT,BUY,9
2025-10-30,08:16,FLMUSDT,SELL,10
2025-10-30,08:16,XRPUSDT,BUY,8
2025-10-30,08:16,BTCUSDT,BUY,11
2025-10-30,08:16,ETHUSDT,BUY,9
2025-10-30,08:17,XRPUSDT,BUY,8
2025-10-30,08:17,BTCUSDT,BUY,11
2025-10-30,08:17,ETHUSDT,BUY,9
2025-10-30,08:17,FLMUSDT,SELL,8
2025-10-30,08:18,BTCUSDT,BUY,8
2025-10-30,08:18,ETHUSDT,BUY,12
2025-10-30,08:19,ZECUSDT,BUY,11
2025-10-30,08:19,DOGEUSDT,BUY,7
2025-10-30,08:19,BTCUSDT,BUY,8
2025-10-30,08:19,ETHUSDT,BUY,12
2025-10-30,08:20,ZECUSDT,BUY,7
2025-10-30,08:25,FLMUSDT,BUY,7
2025-10-30,08:26,FLMUSDT,BUY,18
2025-10-30,08:27,FLMUSDT,BUY,25
2025-10-30,08:28,FLMUSDT,BUY,19
2025-10-30,08:28,KDAUSDT,BUY,7
2025-10-30,08:29,FLMUSDT,BUY,9
2025-10-30,08:35,FLMUSDT,BUY,9
2025-10-30,08:36,FLMUSDT,BUY,10
2025-10-30,08:39,FLMUSDT,SELL,11
2025-10-30,08:40,FLMUSDT,SELL,17
2025-10-30,08:41,FLMUSDT,SELL,7
2025-10-30,08:45,JELLYJELLYUSDT,SELL,8
2025-10-30,08:46,FLMUSDT,SELL,8
2025-10-30,08:47,FLMUSDT,SELL,8
2025-10-30,08:50,FLMUSDT,SELL,8
2025-10-30,08:51,FLMUSDT,SELL,25
2025-10-30,08:52,FLMUSDT,SELL,28
2025-10-30,08:53,FLMUSDT,SELL,25
2025-10-30,08:55,KDAUSDT,SELL,7
2025-10-30,08:58,ZECUSDT,BUY,12
2025-10-30,08:59,ZECUSDT,BUY,12
2025-10-30,09:07,FLMUSDT,SELL,14
2025-10-30,09:07,COAIUSDT,SELL,10
2025-10-30,09:08,COAIUSDT,SELL,12
2025-10-30,09:08,FLMUSDT,SELL,18
2025-10-30,09:08,TRUMPUSDT,BUY,7
2025-10-30,09:09,FLMUSDT,SELL,15
2025-10-30,09:09,OGUSDT,SELL,8
2025-10-30,09:09,KDAUSDT,SELL,7
2025-10-30,09:10,FLMUSDT,SELL,8
2025-10-30,09:10,KDAUSDT,SELL,8
2025-10-30,09:10,BTCUSDT,SELL,18
2025-10-30,09:10,ETHUSDT,SELL,7
2025-10-30,09:11,BTCUSDT,SELL,14
2025-10-30,09:11,GIGGLEUSDT,SELL,8
2025-10-30,09:11,ETHUSDT,SELL,7
2025-10-30,09:12,GIGGLEUSDT,SELL,7
2025-10-30,09:12,SAPIENUSDT,SELL,9
2025-10-30,09:18,4USDT,SELL,7
2025-10-30,09:19,SAPIENUSDT,SELL,14
2025-10-30,09:19,4USDT,SELL,9
2025-10-30,09:20,SAPIENUSDT,SELL,13
2025-10-30,09:21,SAPIENUSDT,SELL,9
2025-10-30,09:22,SAPIENUSDT,SELL,10
2025-10-30,09:22,OLUSDT,SELL,7
2025-10-30,09:23,SAPIENUSDT,SELL,7
2025-10-30,09:24,JELLYJELLYUSDT,SELL,8
2025-10-30,09:24,SAPIENUSDT,SELL,7
2025-10-30,09:27,BTCUSDT,SELL,7
2025-10-30,09:27,SAPIENUSDT,SELL,7
2025-10-30,09:33,OLUSDT,SELL,8
2025-10-30,09:37,JELLYJELLYUSDT,BUY,7
2025-10-30,09:38,JELLYJELLYUSDT,BUY,7
2025-10-30,09:41,EVAAUSDT,SELL,10
2025-10-30,09:48,JELLYJELLYUSDT,BUY,9
2025-10-30,09:51,BUSDT,BUY,7
2025-10-30,09:53,TAGUSDT,BUY,8
2025-10-30,09:54,TAGUSDT,BUY,9
2025-10-30,09:54,AIAUSDT,SELL,12
2025-10-30,09:55,AIAUSDT,SELL,12
2025-10-30,09:56,ETHUSDT,SELL,7
2025-10-30,09:57,TAGUSDT,SELL,8
2025-10-30,10:02,OLUSDT,BUY,8
2025-10-30,10:04,ZECUSDT,BUY,10
2025-10-30,10:04,BTCUSDT,SELL,7
2025-10-30,10:05,ZECUSDT,BUY,16
2025-10-30,10:05,GIGGLEUSDT,SELL,8
2025-10-30,10:07,MAVIAUSDT,SELL,10
2025-10-30,10:08,MAVIAUSDT,SELL,9
2025-10-30,10:08,GIGGLEUSDT,SELL,7
2025-10-30,10:09,BTCUSDT,SELL,13
2025-10-30,10:09,GIGGLEUSDT,SELL,7
2025-10-30,10:09,YBUSDT,SELL,9
2025-10-30,10:10,BTCUSDT,SELL,14
2025-10-30,10:10,YBUSDT,SELL,10
2025-10-30,10:10,JELLYJELLYUSDT,SELL,7
2025-10-30,10:10,ETHUSDT,SELL,9
2025-10-30,10:11,SOLUSDT,SELL,10
2025-10-30,10:11,ETHUSDT,SELL,9
2025-10-30,10:12,ETHUSDT,SELL,8
2025-10-30,10:12,SOLUSDT,SELL,9
2025-10-30,10:12,RECALLUSDT,SELL,10
2025-10-30,10:12,MAVIAUSDT,SELL,11
2025-10-30,10:13,ETHUSDT,SELL,7
2025-10-30,10:13,RECALLUSDT,SELL,11
2025-10-30,10:14,BASUSDT,SELL,10
2025-10-30,10:15,BASUSDT,SELL,12
2025-10-30,10:16,GIGGLEUSDT,SELL,7
2025-10-30,10:16,币安人生USDT,SELL,13
2025-10-30,10:16,ETHUSDT,SELL,7
2025-10-30,10:16,RECALLUSDT,SELL,7
2025-10-30,10:17,币安人生USDT,SELL,12
2025-10-30,10:17,RECALLUSDT,SELL,12
2025-10-30,10:17,RIVERUSDT,SELL,14
2025-10-30,10:17,GIGGLEUSDT,SELL,9
2025-10-30,10:18,GIGGLEUSDT,SELL,9
2025-10-30,10:18,币安人生USDT,SELL,10
2025-10-30,10:18,RIVERUSDT,SELL,12
2025-10-30,10:18,BTCUSDT,SELL,17
2025-10-30,10:18,SOLUSDT,SELL,10
2025-10-30,10:19,BTCUSDT,SELL,22
2025-10-30,10:19,SOLUSDT,SELL,13
2025-10-30,10:19,ETHUSDT,SELL,19
2025-10-30,10:19,DOGEUSDT,SELL,9
2025-10-30,10:19,PLUMEUSDT,SELL,7
2025-10-30,10:19,币安人生USDT,SELL,11
2025-10-30,10:19,XRPUSDT,SELL,12
2025-10-30,10:19,MAVIAUSDT,SELL,10
2025-10-30,10:20,LABUSDT,SELL,7
2025-10-30,10:20,DOGEUSDT,SELL,9
2025-10-30,10:20,XRPUSDT,SELL,14
2025-10-30,10:20,币安人生USDT,SELL,8
2025-10-30,10:20,RVVUSDT,SELL,10
2025-10-30,10:20,ETHUSDT,SELL,23
2025-10-30,10:20,LINKUSDT,SELL,7
2025-10-30,10:20,BTCUSDT,SELL,15
2025-10-30,10:20,MAVIAUSDT,SELL,10
2025-10-30,10:20,VIRTUALUSDT,SELL,8
2025-10-30,10:21,BTCUSDT,SELL,8
2025-10-30,10:21,ETHUSDT,SELL,12
2025-10-30,10:22,SAPIENUSDT,SELL,8
2025-10-30,10:22,RECALLUSDT,SELL,10
2025-10-30,10:22,RIVERUSDT,SELL,8
2025-10-30,10:23,RECALLUSDT,SELL,11
2025-10-30,10:24,TAOUSDT,SELL,8
2025-10-30,10:24,RECALLUSDT,SELL,8
2025-10-30,10:24,RVVUSDT,SELL,11
2025-10-30,10:25,RVVUSDT,SELL,13
2025-10-30,10:25,TAOUSDT,SELL,7
2025-10-30,10:29,RVVUSDT,SELL,17
2025-10-30,10:30,RVVUSDT,SELL,16
2025-10-30,10:31,GIGGLEUSDT,SELL,9
2025-10-30,10:31,ETHUSDT,BUY,7
2025-10-30,10:32,TRUMPUSDT,BUY,7
2025-10-30,10:32,GIGGLEUSDT,SELL,10
2025-10-30,10:33,JELLYJELLYUSDT,SELL,12
2025-10-30,10:33,GIGGLEUSDT,SELL,10
2025-10-30,10:34,币安人生USDT,SELL,26
2025-10-30,10:34,GIGGLEUSDT,SELL,21
2025-10-30,10:34,LYNUSDT,SELL,8
2025-10-30,10:34,COAIUSDT,SELL,8
2025-10-30,10:35,LYNUSDT,SELL,8
2025-10-30,10:35,RVVUSDT,SELL,7
2025-10-30,10:35,COAIUSDT,SELL,8
2025-10-30,10:35,4USDT,SELL,9
2025-10-30,10:35,OLUSDT,SELL,7
2025-10-30,10:36,ETHUSDT,SELL,7
2025-10-30,10:36,4USDT,SELL,13
2025-10-30,10:36,HANAUSDT,SELL,7
2025-10-30,10:36,JELLYJELLYUSDT,BUY,15
2025-10-30,10:37,4USDT,SELL,10
2025-10-30,10:40,GIGGLEUSDT,BUY,8
2025-10-30,10:40,JELLYJELLYUSDT,BUY,20
2025-10-30,10:41,GIGGLEUSDT,BUY,8
2025-10-30,10:41,MLNUSDT,SELL,9
2025-10-30,10:42,HANAUSDT,SELL,8
2025-10-30,10:42,MLNUSDT,SELL,11
2025-10-30,10:42,RECALLUSDT,SELL,8
2025-10-30,10:43,RVVUSDT,SELL,8
2025-10-30,10:43,RECALLUSDT,SELL,7
2025-10-30,10:43,HANAUSDT,SELL,10
2025-10-30,10:43,MLNUSDT,SELL,7
2025-10-30,10:44,JELLYJELLYUSDT,SELL,8
2025-10-30,10:45,GIGGLEUSDT,BUY,7
2025-10-30,10:45,TRUMPUSDT,BUY,7
2025-10-30,10:46,OLUSDT,SELL,9
2025-10-30,10:48,SAPIENUSDT,SELL,8
2025-10-30,10:49,AVAUSDT,SELL,7
2025-10-30,10:49,YBUSDT,SELL,7
2025-10-30,10:50,AVAUSDT,SELL,9
2025-10-30,10:50,YBUSDT,SELL,9
2025-10-30,10:51,HANAUSDT,SELL,8
2025-10-30,10:52,HANAUSDT,SELL,14
2025-10-30,10:53,JELLYJELLYUSDT,SELL,7
2025-10-30,10:58,MAVIAUSDT,SELL,13
2025-10-30,10:59,MAVIAUSDT,SELL,7
2025-10-30,10:59,AIAUSDT,SELL,12
2025-10-30,11:00,GMXUSDT,SELL,13
2025-10-30,11:00,AIAUSDT,SELL,9
2025-10-30,11:01,GIGGLEUSDT,BUY,10
2025-10-30,11:01,SOLUSDT,SELL,14
2025-10-30,11:01,DOGEUSDT,SELL,7
2025-10-30,11:01,PUMPUSDT,SELL,9
2025-10-30,11:02,SOLUSDT,SELL,11
2025-10-30,11:02,BTCUSDT,SELL,15
2025-10-30,11:02,PUMPUSDT,SELL,10
2025-10-30,11:02,GIGGLEUSDT,BUY,8
2025-10-30,11:03,BTCUSDT,SELL,13
2025-10-30,11:03,AIAUSDT,SELL,11
2025-10-30,11:03,GIGGLEUSDT,BUY,9
2025-10-30,11:04,GIGGLEUSDT,BUY,15
2025-10-30,11:05,JELLYJELLYUSDT,BUY,10
2025-10-30,11:06,JELLYJELLYUSDT,BUY,9
2025-10-30,11:06,币安人生USDT,SELL,34
2025-10-30,11:07,币安人生USDT,SELL,26
2025-10-30,11:07,4USDT,SELL,15
2025-10-30,11:07,JELLYJELLYUSDT,BUY,8
2025-10-30,11:07,FLMUSDT,SELL,9
2025-10-30,11:08,FLMUSDT,SELL,9
2025-10-30,11:08,AIAUSDT,SELL,9
2025-10-30,11:08,4USDT,SELL,13
2025-10-30,11:08,JELLYJELLYUSDT,BUY,7
2025-10-30,11:09,AIAUSDT,SELL,8
2025-10-30,11:09,4USDT,SELL,11
2025-10-30,11:10,4USDT,SELL,12
2025-10-30,11:11,币安人生USDT,SELL,8
2025-10-30,11:12,BLUAIUSDT,SELL,13
2025-10-30,11:12,币安人生USDT,SELL,41
2025-10-30,11:12,BASUSDT,SELL,7
2025-10-30,11:12,COAIUSDT,SELL,12
2025-10-30,11:12,AIAUSDT,SELL,10
2025-10-30,11:12,4USDT,SELL,27
2025-10-30,11:12,RVVUSDT,SELL,13
2025-10-30,11:13,币安人生USDT,SELL,42
2025-10-30,11:13,RVVUSDT,SELL,24
2025-10-30,11:13,FORMUSDT,SELL,8
2025-10-30,11:13,4USDT,SELL,36
2025-10-30,11:13,BLUAIUSDT,SELL,27
2025-10-30,11:13,SOLUSDT,SELL,10
2025-10-30,11:13,BASUSDT,SELL,14
2025-10-30,11:13,CLOUSDT,SELL,7
2025-10-30,11:13,STBLUSDT,SELL,7
2025-10-30,11:13,KGENUSDT,SELL,12
2025-10-30,11:13,HANAUSDT,SELL,9
2025-10-30,11:13,AIAUSDT,SELL,30
2025-10-30,11:13,RECALLUSDT,SELL,9
2025-10-30,11:13,ASTERUSDT,SELL,13
2025-10-30,11:13,BLESSUSDT,SELL,8
2025-10-30,11:13,DMCUSDT,SELL,8
2025-10-30,11:14,4USDT,SELL,15
2025-10-30,11:14,RVVUSDT,SELL,22
2025-10-30,11:14,BTCUSDT,SELL,12
2025-10-30,11:14,CLOUSDT,SELL,13
2025-10-30,11:14,RECALLUSDT,SELL,14
2025-10-30,11:14,BASUSDT,SELL,13
2025-10-30,11:14,KGENUSDT,SELL,9
2025-10-30,11:14,STBLUSDT,SELL,7
2025-10-30,11:14,SOLUSDT,SELL,12
2025-10-30,11:14,BLUAIUSDT,SELL,28
2025-10-30,11:14,BLESSUSDT,SELL,11
2025-10-30,11:14,HANAUSDT,SELL,12
2025-10-30,11:14,DMCUSDT,SELL,8
2025-10-30,11:14,MLNUSDT,SELL,7
2025-10-30,11:15,GMXUSDT,SELL,11
2025-10-30,11:15,SOLUSDT,SELL,12
2025-10-30,11:15,BLUAIUSDT,SELL,14
2025-10-30,11:15,CLOUSDT,SELL,8
2025-10-30,11:15,HANAUSDT,SELL,13
2025-10-30,11:15,RVVUSDT,SELL,16
2025-10-30,11:15,BTCUSDT,SELL,8
2025-10-30,11:16,RVVUSDT,SELL,11
2025-10-30,11:16,BASUSDT,SELL,7
2025-10-30,11:16,HANAUSDT,SELL,13
2025-10-30,11:16,SOLUSDT,SELL,15
2025-10-30,11:16,BLUAIUSDT,SELL,9
2025-10-30,11:16,KGENUSDT,SELL,8
2025-10-30,11:16,METUSDT,SELL,7
2025-10-30,11:16,COAIUSDT,SELL,25
2025-10-30,11:16,ETHUSDT,SELL,14
2025-10-30,11:16,ENAUSDT,SELL,8
2025-10-30,11:16,MAVIAUSDT,SELL,10
2025-10-30,11:17,ETHUSDT,SELL,10
2025-10-30,11:17,BLUAIUSDT,SELL,11
2025-10-30,11:17,COAIUSDT,SELL,24
2025-10-30,11:17,GIGGLEUSDT,SELL,7
2025-10-30,11:17,BASUSDT,SELL,8
2025-10-30,11:17,SOLUSDT,SELL,10
2025-10-30,11:17,BLESSUSDT,SELL,7
2025-10-30,11:17,HANAUSDT,SELL,10
2025-10-30,11:17,MAVIAUSDT,SELL,13
2025-10-30,11:18,BLESSUSDT,SELL,8
2025-10-30,11:18,HANAUSDT,SELL,9
2025-10-30,11:19,HANAUSDT,SELL,9
2025-10-30,11:19,BLESSUSDT,SELL,11
2025-10-30,11:19,EULUSDT,SELL,10
2025-10-30,11:21,BNBUSDT,BUY,8
2025-10-30,11:22,BNBUSDT,BUY,16
2025-10-30,11:23,BNBUSDT,BUY,25
2025-10-30,11:23,ZECUSDT,BUY,10
2025-10-30,11:24,BNBUSDT,BUY,17
2025-10-30,11:24,GIGGLEUSDT,SELL,8
2025-10-30,11:24,BUSDT,SELL,11
2025-10-30,11:25,BUSDT,SELL,10
2025-10-30,11:25,GIGGLEUSDT,SELL,11
2025-10-30,11:26,币安人生USDT,SELL,9
2025-10-30,11:26,GIGGLEUSDT,SELL,23
2025-10-30,11:27,币安人生USDT,SELL,7
2025-10-30,11:29,KGENUSDT,SELL,7
2025-10-30,11:34,ZECUSDT,BUY,7
2025-10-30,11:34,JELLYJELLYUSDT,BUY,7
2025-10-30,11:35,JELLYJELLYUSDT,BUY,7
2025-10-30,11:37,MUSDT,BUY,7
2025-10-30,11:37,BLUAIUSDT,SELL,8
2025-10-30,11:38,MUSDT,BUY,7
2025-10-30,11:38,BLUAIUSDT,SELL,9
2025-10-30,11:38,BASUSDT,SELL,9
2025-10-30,11:39,VIRTUALUSDT,SELL,10
2025-10-30,11:39,TRUMPUSDT,SELL,7
2025-10-30,11:40,VIRTUALUSDT,SELL,7
2025-10-30,11:40,TRUMPUSDT,SELL,8
2025-10-30,11:42,RECALLUSDT,SELL,7
2025-10-30,11:42,KGENUSDT,SELL,10
2025-10-30,11:42,BASUSDT,SELL,11
2025-10-30,11:43,BASUSDT,SELL,12
2025-10-30,11:43,HANAUSDT,SELL,23
2025-10-30,11:43,KGENUSDT,SELL,9
2025-10-30,11:43,RECALLUSDT,SELL,11
2025-10-30,11:44,VIRTUALUSDT,SELL,11
2025-10-30,11:44,HANAUSDT,SELL,26
2025-10-30,11:44,LABUSDT,SELL,7
2025-10-30,11:44,RECALLUSDT,SELL,7
2025-10-30,11:44,AVNTUSDT,SELL,7
2025-10-30,11:44,MAVIAUSDT,SELL,10
2025-10-30,11:44,B2USDT,SELL,7
2025-10-30,11:44,XRPUSDT,SELL,8
2025-10-30,11:45,B2USDT,SELL,8
2025-10-30,11:45,VIRTUALUSDT,SELL,7
2025-10-30,11:45,PUFFERUSDT,SELL,8
2025-10-30,11:45,AVNTUSDT,SELL,10
2025-10-30,11:45,XRPUSDT,SELL,11
2025-10-30,11:45,ETHUSDT,SELL,8
2025-10-30,11:45,SOLUSDT,SELL,7
2025-10-30,11:45,TAOUSDT,SELL,7
2025-10-30,11:45,STBLUSDT,SELL,14
2025-10-30,11:46,TAOUSDT,SELL,7
2025-10-30,11:46,AVNTUSDT,SELL,11
2025-10-30,11:46,STBLUSDT,SELL,15
2025-10-30,11:46,AIAUSDT,SELL,10
2025-10-30,11:46,MAVIAUSDT,SELL,7
2025-10-30,11:47,MEWUSDT,SELL,11
2025-10-30,11:48,KGENUSDT,SELL,10
2025-10-30,11:48,GIGGLEUSDT,BUY,9
2025-10-30,11:49,KGENUSDT,SELL,10
2025-10-30,11:49,OLUSDT,SELL,7
2025-10-30,11:51,MUSDT,BUY,9
2025-10-30,11:51,GIGGLEUSDT,BUY,10
2025-10-30,11:52,MUSDT,BUY,18
2025-10-30,11:52,GIGGLEUSDT,BUY,10
2025-10-30,11:53,MUSDT,BUY,15
2025-10-30,11:57,TRUMPUSDT,SELL,8
2025-10-30,11:57,HANAUSDT,SELL,13
2025-10-30,11:58,HANAUSDT,SELL,10
2025-10-30,12:00,FLMUSDT,BUY,10
2025-10-30,12:01,FLMUSDT,BUY,8
2025-10-30,12:02,KGENUSDT,SELL,16
2025-10-30,12:02,COAIUSDT,SELL,8
2025-10-30,12:03,COAIUSDT,SELL,7
2025-10-30,12:03,KGENUSDT,SELL,19
2025-10-30,12:05,KGENUSDT,SELL,19
2025-10-30,12:06,KGENUSDT,SELL,21
2025-10-30,12:07,KGENUSDT,SELL,21
2025-10-30,12:07,JELLYJELLYUSDT,SELL,11
2025-10-30,12:08,KGENUSDT,SELL,20
2025-10-30,12:08,BUSDT,SELL,8
2025-10-30,12:09,币安人生USDT,SELL,7
2025-10-30,12:10,ETHUSDT,SELL,7
2025-10-30,12:10,ADAUSDT,SELL,7
2025-10-30,12:11,币安人生USDT,SELL,7
2025-10-30,12:15,币安人生USDT,SELL,10
2025-10-30,12:16,KGENUSDT,SELL,9
2025-10-30,12:16,AVNTUSDT,SELL,12
2025-10-30,12:17,AVNTUSDT,SELL,10
2025-10-30,12:17,TRUMPUSDT,SELL,9
2025-10-30,12:17,JELLYJELLYUSDT,SELL,7
2025-10-30,12:17,BTCUSDT,SELL,12
2025-10-30,12:17,OLUSDT,BUY,7
2025-10-30,12:18,BTCUSDT,SELL,9
2025-10-30,12:20,XPINUSDT,SELL,9
2025-10-30,12:21,XPINUSDT,SELL,7
2025-10-30,12:21,JELLYJELLYUSDT,BUY,10
2025-10-30,12:22,JELLYJELLYUSDT,BUY,9
2025-10-30,12:22,PLAYUSDT,SELL,7
2025-10-30,12:23,币安人生USDT,SELL,9
2025-10-30,12:23,PLAYUSDT,SELL,7
2025-10-30,12:32,MELANIAUSDT,SELL,10
2025-10-30,12:32,ASTERUSDT,SELL,7
2025-10-30,12:32,EDENUSDT,SELL,9
2025-10-30,12:32,GIGGLEUSDT,SELL,12
2025-10-30,12:33,MELANIAUSDT,SELL,14
2025-10-30,12:33,EPTUSDT,SELL,14
2025-10-30,12:33,EDENUSDT,SELL,12
2025-10-30,12:33,PHBUSDT,SELL,7
2025-10-30,12:33,GIGGLEUSDT,SELL,24
2025-10-30,12:33,ASTERUSDT,SELL,9
2025-10-30,12:33,CLOUSDT,SELL,13
2025-10-30,12:33,HANAUSDT,SELL,7
2025-10-30,12:33,SOLVUSDT,SELL,7
2025-10-30,12:33,COAIUSDT,SELL,13
2025-10-30,12:34,EPTUSDT,SELL,10
2025-10-30,12:34,COAIUSDT,SELL,13
2025-10-30,12:34,HANAUSDT,SELL,7
2025-10-30,12:34,CLOUSDT,SELL,14
2025-10-30,12:34,MELANIAUSDT,SELL,11
2025-10-30,12:35,JELLYJELLYUSDT,BUY,19
2025-10-30,12:36,JELLYJELLYUSDT,BUY,12
2025-10-30,12:36,GIGGLEUSDT,SELL,8
2025-10-30,12:37,GIGGLEUSDT,SELL,7
2025-10-30,12:38,JELLYJELLYUSDT,BUY,8
2025-10-30,12:39,JELLYJELLYUSDT,BUY,11
2025-10-30,12:39,LIGHTUSDT,SELL,8
2025-10-30,12:40,CLOUSDT,SELL,10
2025-10-30,12:40,XRPUSDT,SELL,9
2025-10-30,12:41,CLOUSDT,SELL,10
2025-10-30,12:41,XRPUSDT,SELL,10
2025-10-30,12:41,ZBTUSDT,SELL,7
2025-10-30,12:41,HANAUSDT,SELL,10
2025-10-30,12:41,FORMUSDT,SELL,9
2025-10-30,12:41,EDENUSDT,SELL,8
2025-10-30,12:41,JELLYJELLYUSDT,BUY,7
2025-10-30,12:42,FUSDT,SELL,12
2025-10-30,12:42,HANAUSDT,SELL,14
2025-10-30,12:43,FUSDT,SELL,7
2025-10-30,12:43,MELANIAUSDT,SELL,7
2025-10-30,12:44,EDENUSDT,SELL,12
2025-10-30,12:44,MELANIAUSDT,SELL,13
2025-10-30,12:45,MELANIAUSDT,SELL,7
2025-10-30,12:45,币安人生USDT,SELL,9
2025-10-30,12:45,EDENUSDT,SELL,12
2025-10-30,12:49,FFUSDT,SELL,7
2025-10-30,12:49,LABUSDT,SELL,11
2025-10-30,12:50,FFUSDT,SELL,10
2025-10-30,12:50,LABUSDT,SELL,11
2025-10-30,12:50,ASTERUSDT,SELL,9
2025-10-30,12:50,MELANIAUSDT,SELL,9
2025-10-30,12:50,ETHUSDT,SELL,7
2025-10-30,12:50,EVAAUSDT,SELL,8
2025-10-30,12:50,币安人生USDT,SELL,8
2025-10-30,12:51,MELANIAUSDT,SELL,7
2025-10-30,12:51,BTCUSDT,SELL,8
2025-10-30,12:51,ASTERUSDT,SELL,13
2025-10-30,12:51,RVVUSDT,SELL,11
2025-10-30,12:51,4USDT,SELL,9
2025-10-30,12:51,EVAAUSDT,SELL,18
2025-10-30,12:51,ETHUSDT,SELL,16
2025-10-30,12:51,FORMUSDT,SELL,12
2025-10-30,12:51,币安人生USDT,SELL,27
2025-10-30,12:51,LYNUSDT,SELL,11
2025-10-30,12:51,ZBTUSDT,SELL,7
2025-10-30,12:51,COAIUSDT,SELL,20
2025-10-30,12:51,SOMIUSDT,SELL,7
2025-10-30,12:52,EVAAUSDT,SELL,10
2025-10-30,12:52,COAIUSDT,SELL,18
2025-10-30,12:52,ETHUSDT,SELL,10
2025-10-30,12:52,FORMUSDT,SELL,11
2025-10-30,12:52,4USDT,SELL,8
2025-10-30,12:52,ASTERUSDT,SELL,10
2025-10-30,12:52,LYNUSDT,SELL,7
2025-10-30,12:53,EVAAUSDT,SELL,9
2025-10-30,12:54,EVAAUSDT,SELL,10
2025-10-30,12:54,MELANIAUSDT,SELL,7
2025-10-30,12:54,4USDT,SELL,10
2025-10-30,12:55,4USDT,SELL,10
2025-10-30,12:55,币安人生USDT,SELL,11
2025-10-30,12:56,ASTERUSDT,SELL,9
2025-10-30,12:56,EPTUSDT,SELL,7
2025-10-30,12:56,FORMUSDT,SELL,8
2025-10-30,12:56,RVVUSDT,SELL,10
2025-10-30,12:57,COAIUSDT,SELL,7
2025-10-30,12:57,EPTUSDT,SELL,15
2025-10-30,12:57,RVVUSDT,SELL,10
2025-10-30,12:57,LABUSDT,SELL,7
2025-10-30,12:57,FORMUSDT,SELL,13
2025-10-30,12:57,ASTERUSDT,SELL,7
2025-10-30,12:57,B2USDT,SELL,14
2025-10-30,12:57,GIGGLEUSDT,SELL,12
2025-10-30,12:57,FFUSDT,SELL,7
2025-10-30,12:57,EDENUSDT,SELL,7
2025-10-30,12:58,B2USDT,SELL,11
2025-10-30,12:58,EPTUSDT,SELL,13
2025-10-30,12:58,GIGGLEUSDT,SELL,19
2025-10-30,12:58,FORMUSDT,SELL,9
2025-10-30,12:59,BASUSDT,SELL,9
2025-10-30,13:00,EVAAUSDT,SELL,8
2025-10-30,13:01,EVAAUSDT,SELL,10
2025-10-30,13:01,币安人生USDT,SELL,11
2025-10-30,13:02,币安人生USDT,SELL,23
2025-10-30,13:02,RVVUSDT,SELL,7
2025-10-30,13:03,BTCUSDT,SELL,8
2025-10-30,13:04,EVAAUSDT,SELL,13
2025-10-30,13:04,SAPIENUSDT,BUY,7
2025-10-30,13:05,SAPIENUSDT,BUY,7
2025-10-30,13:05,EVAAUSDT,SELL,12
2025-10-30,13:07,VIRTUALUSDT,SELL,7
2025-10-30,13:07,BTCUSDT,SELL,21
2025-10-30,13:07,COAIUSDT,SELL,9
2025-10-30,13:07,EVAAUSDT,SELL,7
2025-10-30,13:08,SUIUSDT,SELL,8
2025-10-30,13:08,BTCUSDT,SELL,30
2025-10-30,13:08,ETHUSDT,SELL,12
2025-10-30,13:08,DOGEUSDT,SELL,8
2025-10-30,13:08,XRPUSDT,SELL,14
2025-10-30,13:08,EVAAUSDT,SELL,10
2025-10-30,13:09,DOGEUSDT,SELL,8
2025-10-30,13:09,BTCUSDT,SELL,20
2025-10-30,13:09,ETHUSDT,SELL,11
2025-10-30,13:09,XRPUSDT,SELL,9
2025-10-30,13:09,SOLUSDT,SELL,10
2025-10-30,13:10,SOLUSDT,SELL,7
2025-10-30,13:10,BTCUSDT,SELL,10
2025-10-30,13:11,GIGGLEUSDT,BUY,19
2025-10-30,13:13,币安人生USDT,BUY,8
2025-10-30,13:13,BANKUSDT,BUY,11
2025-10-30,13:14,BANKUSDT,BUY,13
2025-10-30,13:15,ETHUSDT,SELL,8
2025-10-30,13:16,SOLUSDT,SELL,12
2025-10-30,13:16,BCHUSDT,SELL,8
2025-10-30,13:17,AVAXUSDT,SELL,9
2025-10-30,13:17,BCHUSDT,SELL,14
2025-10-30,13:17,SOLUSDT,SELL,21
2025-10-30,13:17,DOTUSDT,SELL,10
2025-10-30,13:17,XRPUSDT,SELL,10
2025-10-30,13:17,DOGEUSDT,SELL,11
2025-10-30,13:17,BNBUSDT,SELL,7
2025-10-30,13:17,1000PEPEUSDT,SELL,8
2025-10-30,13:17,BTCUSDT,SELL,9
2025-10-30,13:18,DOTUSDT,SELL,12
2025-10-30,13:18,SOLUSDT,SELL,18
2025-10-30,13:18,BNBUSDT,SELL,11
2025-10-30,13:18,ARBUSDT,SELL,9
2025-10-30,13:18,BCHUSDT,SELL,8
2025-10-30,13:18,XRPUSDT,SELL,11
2025-10-30,13:18,DOGEUSDT,SELL,16
2025-10-30,13:18,ENAUSDT,SELL,7
2025-10-30,13:18,1000PEPEUSDT,SELL,9
2025-10-30,13:18,PUMPUSDT,SELL,7
2025-10-30,13:18,AVAXUSDT,SELL,14
2025-10-30,13:18,FARTCOINUSDT,SELL,14
2025-10-30,13:18,LINKUSDT,SELL,7
2025-10-30,13:18,SUIUSDT,SELL,12
2025-10-30,13:18,ADAUSDT,SELL,7
2025-10-30,13:18,FORMUSDT,SELL,8
2025-10-30,13:18,TAOUSDT,SELL,8
2025-10-30,13:18,AVAUSDT,SELL,7
2025-10-30,13:19,AVAXUSDT,SELL,9
2025-10-30,13:19,SOLUSDT,SELL,7
2025-10-30,13:19,SUIUSDT,SELL,7
2025-10-30,13:19,DOGEUSDT,SELL,7
2025-10-30,13:19,FARTCOINUSDT,SELL,11
2025-10-30,13:22,BNBUSDT,SELL,7
2025-10-30,13:23,BNBUSDT,SELL,7
2025-10-30,13:23,BTCUSDT,SELL,8
2025-10-30,13:23,XRPUSDT,SELL,10
2025-10-30,13:24,XRPUSDT,SELL,21
2025-10-30,13:24,TRUMPUSDT,SELL,8
2025-10-30,13:24,PHBUSDT,SELL,10
2025-10-30,13:24,LINKUSDT,SELL,10
2025-10-30,13:24,DOGEUSDT,SELL,21
2025-10-30,13:24,ZROUSDT,SELL,9
2025-10-30,13:24,ASTERUSDT,SELL,15
2025-10-30,13:24,BTCUSDT,SELL,27
2025-10-30,13:24,AVAXUSDT,SELL,9
2025-10-30,13:24,ETHUSDT,SELL,31
2025-10-30,13:24,SUIUSDT,SELL,11
2025-10-30,13:24,BTCUSDC,SELL,7
2025-10-30,13:24,SOLUSDT,SELL,22
2025-10-30,13:24,LTCUSDT,SELL,13
2025-10-30,13:24,WLFIUSDT,SELL,9
2025-10-30,13:24,COAIUSDT,SELL,8
2025-10-30,13:24,PUMPUSDT,SELL,10
2025-10-30,13:24,BNBUSDT,SELL,12
2025-10-30,13:24,1000PEPEUSDT,SELL,13
2025-10-30,13:24,GMTUSDT,SELL,7
2025-10-30,13:24,DOTUSDT,SELL,12
2025-10-30,13:24,ARBUSDT,SELL,11
2025-10-30,13:24,FETUSDT,SELL,7
2025-10-30,13:24,ADAUSDT,SELL,8
2025-10-30,13:24,FILUSDT,SELL,7
2025-10-30,13:24,ETHFIUSDT,SELL,8
2025-10-30,13:24,NOTUSDT,SELL,9
2025-10-30,13:24,CHILLGUYUSDT,SELL,7
2025-10-30,13:24,TAOUSDT,SELL,7
2025-10-30,13:24,ENAUSDT,SELL,7
2025-10-30,13:25,BTCUSDT,SELL,24
2025-10-30,13:25,PUMPUSDT,SELL,13
2025-10-30,13:25,BNBUSDT,SELL,14
2025-10-30,13:25,LTCUSDT,SELL,11
2025-10-30,13:25,ETHUSDT,SELL,34
2025-10-30,13:25,DOGEUSDT,SELL,20
2025-10-30,13:25,AVAXUSDT,SELL,8
2025-10-30,13:25,ASTERUSDT,SELL,10
2025-10-30,13:25,GIGGLEUSDT,SELL,7
2025-10-30,13:25,1000PEPEUSDT,SELL,13
2025-10-30,13:25,GMTUSDT,SELL,7
2025-10-30,13:25,DOTUSDT,SELL,12
2025-10-30,13:25,ARBUSDT,SELL,11
2025-10-30,13:25,SOLUSDC,SELL,7
2025-10-30,13:25,TRUMPUSDT,SELL,7
2025-10-30,13:25,XRPUSDT,SELL,12
2025-10-30,13:25,COAIUSDT,SELL,13
2025-10-30,13:25,FETUSDT,SELL,7
2025-10-30,13:25,ADAUSDT,SELL,9
2025-10-30,13:25,ZROUSDT,SELL,7
2025-10-30,13:25,FILUSDT,SELL,7
2025-10-30,13:25,SOLUSDT,SELL,24
2025-10-30,13:25,ETHFIUSDT,SELL,8
2025-10-30,13:25,SUIUSDT,SELL,10
2025-10-30,13:25,WLFIUSDT,SELL,9
2025-10-30,13:25,NOTUSDT,SELL,9
2025-10-30,13:25,LINKUSDT,SELL,9
2025-10-30,13:25,KERNELUSDT,SELL,7
2025-10-30,13:25,VANRYUSDT,SELL,7
2025-10-30,13:25,CHILLGUYUSDT,SELL,7
2025-10-30,13:25,TAOUSDT,SELL,7
2025-10-30,13:25,ENAUSDT,SELL,7
2025-10-30,13:25,币安人生USDT,SELL,7
2025-10-30,13:26,GIGGLEUSDT,SELL,12
2025-10-30,13:26,ETHUSDT,SELL,17
2025-10-30,13:26,COAIUSDT,SELL,11
2025-10-30,13:26,BTCUSDT,SELL,19
2025-10-30,13:26,TAGUSDT,SELL,7
2025-10-30,13:26,币安人生USDT,SELL,12
2025-10-30,13:26,SOLUSDT,SELL,17
2025-10-30,13:26,DOGEUSDT,SELL,10
2025-10-30,13:26,XRPUSDT,SELL,10
2025-10-30,13:26,LINKUSDT,SELL,10
2025-10-30,13:26,ETHUSDC,SELL,7
2025-10-30,13:27,HYPEUSDT,SELL,7
2025-10-30,13:27,SOLUSDT,SELL,13
2025-10-30,13:27,ETHUSDT,SELL,11
2025-10-30,13:27,BTCUSDT,SELL,15
2025-10-30,13:27,ETHUSDC,SELL,7
2025-10-30,13:27,DOGEUSDT,SELL,9
2025-10-30,13:27,XRPUSDT,SELL,9
2025-10-30,13:27,LINKUSDT,SELL,8
2025-10-30,13:27,GIGGLEUSDT,SELL,7
2025-10-30,13:27,ENAUSDT,SELL,9
2025-10-30,13:28,ENAUSDT,SELL,21
2025-10-30,13:28,BTCUSDT,SELL,9
2025-10-30,13:29,ENAUSDT,SELL,18
2025-10-30,13:29,XLMUSDT,SELL,7
2025-10-30,13:29,ADAUSDT,SELL,10
2025-10-30,13:29,PUMPUSDT,SELL,8
2025-10-30,13:29,BTCUSDT,SELL,14
2025-10-30,13:29,ETHUSDT,SELL,8
2025-10-30,13:29,LINKUSDT,SELL,7
2025-10-30,13:30,FUSDT,SELL,8
2025-10-30,13:31,FUSDT,SELL,7
2025-10-30,13:31,ZECUSDT,SELL,7
2025-10-30,13:32,BANKUSDT,BUY,9
2025-10-30,13:33,JELLYJELLYUSDT,BUY,8
2025-10-30,13:35,TAGUSDT,SELL,7
2025-10-30,13:39,GIGGLEUSDT,BUY,7
2025-10-30,13:41,USELESSUSDT,SELL,11
2025-10-30,13:41,SOLUSDT,SELL,28
2025-10-30,13:41,XRPUSDT,SELL,21
2025-10-30,13:41,ETHUSDT,SELL,26
2025-10-30,13:41,SUIUSDT,SELL,17
2025-10-30,13:41,AXLUSDT,SELL,7
2025-10-30,13:41,ETHUSDC,SELL,16
2025-10-30,13:41,APTUSDT,SELL,11
2025-10-30,13:41,SOLUSDC,SELL,13
2025-10-30,13:41,DOGEUSDT,SELL,23
2025-10-30,13:41,NEIROUSDT,SELL,12
2025-10-30,13:41,XLMUSDT,SELL,8
2025-10-30,13:41,PIXELUSDT,SELL,7
2025-10-30,13:41,DEGENUSDT,SELL,7
2025-10-30,13:41,ZROUSDT,SELL,8
2025-10-30,13:41,TAUSDT,SELL,11
2025-10-30,13:41,BRETTUSDT,SELL,7
2025-10-30,13:41,ENSUSDT,SELL,8
2025-10-30,13:41,AAVEUSDT,SELL,7
2025-10-30,13:41,FETUSDT,SELL,12
2025-10-30,13:41,TRUMPUSDT,SELL,10
2025-10-30,13:41,1000PEPEUSDT,SELL,16
2025-10-30,13:41,LTCUSDT,SELL,12
2025-10-30,13:41,ADAUSDT,SELL,13
2025-10-30,13:41,ATOMUSDT,SELL,8
2025-10-30,13:41,RENDERUSDT,SELL,7
2025-10-30,13:41,HYPEUSDT,SELL,11
2025-10-30,13:41,AIUSDT,SELL,7
2025-10-30,13:41,DOGEUSDC,SELL,11
2025-10-30,13:41,ENAUSDT,SELL,10
2025-10-30,13:41,FARTCOINUSDT,SELL,12
2025-10-30,13:41,1000SHIBUSDT,SELL,11
2025-10-30,13:41,WLFIUSDT,SELL,8
2025-10-30,13:41,USUALUSDT,SELL,7
2025-10-30,13:41,LINEAUSDT,SELL,9
2025-10-30,13:41,PUMPUSDT,SELL,8
2025-10-30,13:41,ROSEUSDT,SELL,10
2025-10-30,13:41,WIFUSDT,SELL,9
2025-10-30,13:41,EIGENUSDT,SELL,15
2025-10-30,13:41,OPUSDT,SELL,12
2025-10-30,13:41,MOODENGUSDT,SELL,10
2025-10-30,13:41,KAVAUSDT,SELL,7
2025-10-30,13:41,WLDUSDT,SELL,17
2025-10-30,13:41,XAIUSDT,SELL,10
2025-10-30,13:41,DOTUSDT,SELL,14
2025-10-30,13:41,ZENUSDT,SELL,7
2025-10-30,13:41,GALAUSDT,SELL,11
2025-10-30,13:41,ORDIUSDT,SELL,12
2025-10-30,13:41,FILUSDT,SELL,10
2025-10-30,13:41,TIAUSDT,SELL,9
2025-10-30,13:41,ARUSDT,SELL,13
2025-10-30,13:41,DYDXUSDT,SELL,10
2025-10-30,13:41,UNIUSDT,SELL,8
2025-10-30,13:41,NEARUSDT,SELL,14
2025-10-30,13:41,ETHFIUSDT,SELL,11
2025-10-30,13:41,IOUSDT,SELL,7
2025-10-30,13:41,PYTHUSDT,SELL,8
2025-10-30,13:41,POPCATUSDT,SELL,10
2025-10-30,13:41,LDOUSDT,SELL,11
2025-10-30,13:41,1000FLOKIUSDT,SELL,10
2025-10-30,13:41,MEMEUSDT,SELL,11
2025-10-30,13:41,1000BONKUSDT,SELL,12
2025-10-30,13:41,ARBUSDT,SELL,12
2025-10-30,13:41,AVAXUSDC,SELL,7
2025-10-30,13:41,SNXUSDT,SELL,8
2025-10-30,13:41,MINAUSDT,SELL,7
2025-10-30,13:41,HOLOUSDT,SELL,9
2025-10-30,13:41,APEUSDT,SELL,7
2025-10-30,13:41,JTOUSDT,SELL,8
2025-10-30,13:41,CRVUSDT,SELL,7
2025-10-30,13:41,STRKUSDT,SELL,8
2025-10-30,13:41,FORTHUSDT,SELL,9
2025-10-30,13:41,QTUMUSDT,SELL,10
2025-10-30,13:41,SEIUSDT,SELL,7
2025-10-30,13:41,OPENUSDT,SELL,9
2025-10-30,13:41,TRBUSDT,SELL,7
2025-10-30,13:41,HOOKUSDT,SELL,9
2025-10-30,13:41,SPELLUSDT,SELL,7
2025-10-30,13:41,1000SATSUSDT,SELL,9
2025-10-30,13:41,THEUSDT,SELL,7
2025-10-30,13:41,HEIUSDT,SELL,10
2025-10-30,13:41,AXSUSDT,SELL,9
2025-10-30,13:41,BIOUSDT,SELL,8
2025-10-30,13:41,WUSDT,SELL,8
2025-10-30,13:41,BBUSDT,SELL,8
2025-10-30,13:41,SPXUSDT,SELL,8
2025-10-30,13:41,CAKEUSDT,SELL,8
2025-10-30,13:41,ONDOUSDT,SELL,8
2025-10-30,13:41,ICPUSDT,SELL,7
2025-10-30,13:41,GOATUSDT,SELL,7
2025-10-30,13:41,PEOPLEUSDT,SELL,7
2025-10-30,13:41,ONTUSDT,SELL,7
2025-10-30,13:42,XRPUSDT,SELL,26
2025-10-30,13:42,SUIUSDT,SELL,19
2025-10-30,13:42,USELESSUSDT,SELL,14
2025-10-30,13:42,AXLUSDT,SELL,7
2025-10-30,13:42,ETHUSDC,SELL,16
2025-10-30,13:42,SOLUSDT,SELL,31
2025-10-30,13:42,LINKUSDT,SELL,16
2025-10-30,13:42,APTUSDT,SELL,11
2025-10-30,13:42,SOLUSDC,SELL,15
2025-10-30,13:42,DOGEUSDT,SELL,23
2025-10-30,13:42,NEIROUSDT,SELL,12
2025-10-30,13:42,XLMUSDT,SELL,8
2025-10-30,13:42,PIXELUSDT,SELL,7
2025-10-30,13:42,DEGENUSDT,SELL,7
2025-10-30,13:42,ZROUSDT,SELL,9
2025-10-30,13:42,TAUSDT,SELL,11
2025-10-30,13:42,BRETTUSDT,SELL,8
2025-10-30,13:42,ASTERUSDT,SELL,9
2025-10-30,13:42,ENSUSDT,SELL,8
2025-10-30,13:42,AAVEUSDT,SELL,7
2025-10-30,13:42,FETUSDT,SELL,12
2025-10-30,13:42,TRUMPUSDT,SELL,17
2025-10-30,13:42,1000PEPEUSDT,SELL,16
2025-10-30,13:42,LTCUSDT,SELL,12
2025-10-30,13:42,ADAUSDT,SELL,13
2025-10-30,13:42,ATOMUSDT,SELL,8
2025-10-30,13:42,RENDERUSDT,SELL,7
2025-10-30,13:42,HYPEUSDT,SELL,11
2025-10-30,13:42,AIUSDT,SELL,7
2025-10-30,13:42,DOGEUSDC,SELL,11
2025-10-30,13:42,ENAUSDT,SELL,10
2025-10-30,13:42,FARTCOINUSDT,SELL,12
2025-10-30,13:42,1000SHIBUSDT,SELL,11
2025-10-30,13:42,WLFIUSDT,SELL,9
2025-10-30,13:42,USUALUSDT,SELL,7
2025-10-30,13:42,LINEAUSDT,SELL,9
2025-10-30,13:42,PUMPUSDT,SELL,8
2025-10-30,13:42,ROSEUSDT,SELL,10
2025-10-30,13:42,WIFUSDT,SELL,9
2025-10-30,13:42,EIGENUSDT,SELL,15
2025-10-30,13:42,OPUSDT,SELL,13
2025-10-30,13:42,MOODENGUSDT,SELL,10
2025-10-30,13:42,KAVAUSDT,SELL,7
2025-10-30,13:42,WLDUSDT,SELL,17
2025-10-30,13:42,XAIUSDT,SELL,10
2025-10-30,13:42,DOTUSDT,SELL,15
2025-10-30,13:42,ZENUSDT,SELL,9
2025-10-30,13:42,GALAUSDT,SELL,11
2025-10-30,13:42,ORDIUSDT,SELL,12
2025-10-30,13:42,FILUSDT,SELL,11
2025-10-30,13:42,TIAUSDT,SELL,10
2025-10-30,13:42,ARUSDT,SELL,13
2025-10-30,13:42,DYDXUSDT,SELL,10
2025-10-30,13:42,UNIUSDT,SELL,8
2025-10-30,13:42,NEARUSDT,SELL,16
2025-10-30,13:42,ETHFIUSDT,SELL,11
2025-10-30,13:42,IOUSDT,SELL,7
2025-10-30,13:42,PYTHUSDT,SELL,8
2025-10-30,13:42,POPCATUSDT,SELL,10
2025-10-30,13:42,LDOUSDT,SELL,11
2025-10-30,13:42,1000FLOKIUSDT,SELL,10
2025-10-30,13:42,MEMEUSDT,SELL,11
2025-10-30,13:42,1000BONKUSDT,SELL,13
2025-10-30,13:42,PHBUSDT,SELL,9
2025-10-30,13:42,ARBUSDT,SELL,12
2025-10-30,13:42,AVAXUSDC,SELL,7
2025-10-30,13:42,SNXUSDT,SELL,8
2025-10-30,13:42,MINAUSDT,SELL,7
2025-10-30,13:42,HOLOUSDT,SELL,9
2025-10-30,13:42,APEUSDT,SELL,7
2025-10-30,13:42,JTOUSDT,SELL,8
2025-10-30,13:42,CRVUSDT,SELL,7
2025-10-30,13:42,STRKUSDT,SELL,8
2025-10-30,13:42,FORTHUSDT,SELL,9
2025-10-30,13:42,QTUMUSDT,SELL,10
2025-10-30,13:42,SEIUSDT,SELL,7
2025-10-30,13:42,OPENUSDT,SELL,9
2025-10-30,13:42,MYROUSDT,SELL,8
2025-10-30,13:42,ETCUSDT,SELL,7
2025-10-30,13:42,TRBUSDT,SELL,7
2025-10-30,13:42,HOOKUSDT,SELL,9
2025-10-30,13:42,SPELLUSDT,SELL,7
2025-10-30,13:42,1000SATSUSDT,SELL,9
2025-10-30,13:42,THEUSDT,SELL,7
2025-10-30,13:42,AGTUSDT,SELL,7
2025-10-30,13:42,HEIUSDT,SELL,10
2025-10-30,13:42,AXSUSDT,SELL,9
2025-10-30,13:42,BIOUSDT,SELL,8
2025-10-30,13:42,WUSDT,SELL,8
2025-10-30,13:42,BBUSDT,SELL,9
2025-10-30,13:42,SPXUSDT,SELL,8
2025-10-30,13:42,CAKEUSDT,SELL,16
2025-10-30,13:42,ONDOUSDT,SELL,8
2025-10-30,13:42,ICPUSDT,SELL,7
2025-10-30,13:42,GOATUSDT,SELL,7
2025-10-30,13:42,FORMUSDT,SELL,10
2025-10-30,13:42,PEOPLEUSDT,SELL,7
2025-10-30,13:42,THETAUSDT,SELL,7
2025-10-30,13:42,AI16ZUSDT,SELL,7
2025-10-30,13:42,ONTUSDT,SELL,7
2025-10-30,13:42,1000000MOGUSDT,SELL,7
2025-10-30,13:43,MYROUSDT,SELL,9
2025-10-30,13:43,XRPUSDT,SELL,8
2025-10-30,13:43,CAKEUSDT,SELL,8
2025-10-30,13:44,SEIUSDT,SELL,9
2025-10-30,13:44,HBARUSDT,SELL,11
2025-10-30,13:44,ARBUSDT,SELL,7
2025-10-30,13:44,FARTCOINUSDT,SELL,7
2025-10-30,13:44,PUMPUSDT,SELL,9
2025-10-30,13:44,COAIUSDT,SELL,9
2025-10-30,13:44,MITOUSDT,SELL,8
2025-10-30,13:44,XRPUSDT,SELL,12
2025-10-30,13:44,BNBUSDT,SELL,12
2025-10-30,13:44,ASTERUSDT,SELL,10
2025-10-30,13:44,BTCUSDT,SELL,12
2025-10-30,13:44,ETHUSDC,SELL,8
2025-10-30,13:44,ENAUSDT,SELL,14
2025-10-30,13:44,ADAUSDT,SELL,12
2025-10-30,13:44,AVAXUSDT,SELL,11
2025-10-30,13:44,ETHUSDT,SELL,17
2025-10-30,13:44,SOLUSDT,SELL,11
2025-10-30,13:44,DOGEUSDT,SELL,15
2025-10-30,13:44,TUTUSDT,SELL,7
2025-10-30,13:44,PNUTUSDT,SELL,7
2025-10-30,13:44,SUIUSDT,SELL,11
2025-10-30,13:44,CAKEUSDT,SELL,7
2025-10-30,13:44,LTCUSDT,SELL,7
2025-10-30,13:44,UNIUSDT,SELL,7
2025-10-30,13:44,STBLUSDT,SELL,9
2025-10-30,13:44,AIUSDT,SELL,7
2025-10-30,13:45,ETHUSDC,SELL,11
2025-10-30,13:45,LUMIAUSDT,SELL,11
2025-10-30,13:45,ASTERUSDT,SELL,13
2025-10-30,13:45,ENAUSDT,SELL,15
2025-10-30,13:45,PUMPUSDT,SELL,9
2025-10-30,13:45,ADAUSDT,SELL,15
2025-10-30,13:45,SEIUSDT,SELL,8
2025-10-30,13:45,AVAXUSDT,SELL,13
2025-10-30,13:45,BNBUSDT,SELL,12
2025-10-30,13:45,BTCUSDT,SELL,17
2025-10-30,13:45,ETHUSDT,SELL,21
2025-10-30,13:45,SOLUSDT,SELL,14
2025-10-30,13:45,COAIUSDT,SELL,11
2025-10-30,13:45,DOGEUSDT,SELL,17
2025-10-30,13:45,TUTUSDT,SELL,8
2025-10-30,13:45,XRPUSDT,SELL,12
2025-10-30,13:45,APTUSDT,SELL,7
2025-10-30,13:45,NFPUSDT,SELL,8
2025-10-30,13:45,WLFIUSDT,SELL,8
2025-10-30,13:45,PNUTUSDT,SELL,7
2025-10-30,13:45,SUIUSDT,SELL,14
2025-10-30,13:45,BTCUSDC,SELL,7
2025-10-30,13:45,BRETTUSDT,SELL,7
2025-10-30,13:45,CAKEUSDT,SELL,9
2025-10-30,13:45,LINKUSDT,SELL,9
2025-10-30,13:45,LTCUSDT,SELL,9
2025-10-30,13:45,FARTCOINUSDT,SELL,7
2025-10-30,13:45,1000PEPEUSDT,SELL,8
2025-10-30,13:45,TIAUSDT,SELL,7
2025-10-30,13:45,BIOUSDT,SELL,8
2025-10-30,13:45,ALICEUSDT,SELL,7
2025-10-30,13:45,UNIUSDT,SELL,7
2025-10-30,13:45,OPUSDT,SELL,7
2025-10-30,13:45,MITOUSDT,SELL,7
2025-10-30,13:45,ARBUSDT,SELL,8
2025-10-30,13:45,CFXUSDT,SELL,7
2025-10-30,13:45,STBLUSDT,SELL,10
2025-10-30,13:45,AIUSDT,SELL,8
2025-10-30,13:45,FILUSDT,SELL,7
2025-10-30,13:47,COAIUSDT,SELL,7
2025-10-30,13:47,GIGGLEUSDT,SELL,10
2025-10-30,13:48,GIGGLEUSDT,SELL,9
2025-10-30,13:48,AVNTUSDT,SELL,8
2025-10-30,13:49,ASTERUSDT,SELL,9
2025-10-30,13:49,AVNTUSDT,SELL,8
2025-10-30,13:49,ETHUSDT,SELL,11
2025-10-30,13:49,币安人生USDT,SELL,8
2025-10-30,13:49,COAIUSDT,SELL,11
2025-10-30,13:50,ASTERUSDT,SELL,7
2025-10-30,13:50,ETHUSDT,SELL,15
2025-10-30,13:50,币安人生USDT,SELL,11
2025-10-30,13:50,COAIUSDT,SELL,12
2025-10-30,13:50,BTCUSDT,SELL,8
2025-10-30,13:50,SOLUSDT,SELL,7
2025-10-30,13:50,ZBTUSDT,SELL,7
2025-10-30,13:50,EVAAUSDT,BUY,7
2025-10-30,13:51,HYPEUSDT,SELL,11
2025-10-30,13:51,VIRTUALUSDT,SELL,9
2025-10-30,13:51,EVAAUSDT,BUY,7
2025-10-30,13:51,ETHUSDT,SELL,14
2025-10-30,13:51,SOLUSDT,SELL,7
2025-10-30,13:51,BTCUSDT,SELL,21
2025-10-30,13:51,ETHUSDC,SELL,10
2025-10-30,13:52,ETHUSDC,SELL,12
2025-10-30,13:52,BTCUSDT,SELL,23
2025-10-30,13:52,SOLUSDT,SELL,8
2025-10-30,13:52,HYPEUSDT,SELL,10
2025-10-30,13:52,LTCUSDT,SELL,7
2025-10-30,13:52,MAVIAUSDT,BUY,8
2025-10-30,13:53,OMUSDT,SELL,7
2025-10-30,13:54,OMUSDT,SELL,9
2025-10-30,13:55,CAKEUSDT,SELL,9
2025-10-30,13:58,OMUSDT,SELL,8
2025-10-30,13:59,OMUSDT,SELL,8
2025-10-30,14:00,ZECUSDT,SELL,7
2025-10-30,14:01,FLMUSDT,BUY,7
2025-10-30,14:03,ETHUSDT,BUY,9
2025-10-30,14:04,JELLYJELLYUSDT,BUY,8
2025-10-30,14:05,JELLYJELLYUSDT,BUY,8
2025-10-30,14:06,SAPIENUSDT,BUY,9
2025-10-30,14:06,ETHUSDT,BUY,8
2025-10-30,14:07,BANKUSDT,SELL,7
2025-10-30,14:08,EVAAUSDT,SELL,8
2025-10-30,14:09,EVAAUSDT,SELL,8
2025-10-30,14:12,ETHUSDT,BUY,7
2025-10-30,14:13,STBLUSDT,SELL,8
2025-10-30,14:13,AIAUSDT,BUY,12
2025-10-30,14:13,币安人生USDT,BUY,11
2025-10-30,14:14,EULUSDT,SELL,7
2025-10-30,14:14,PLUMEUSDT,SELL,7
2025-10-30,14:17,SYRUPUSDT,BUY,8
2025-10-30,14:18,ZECUSDT,SELL,10
2025-10-30,14:18,ASTERUSDT,SELL,15
2025-10-30,14:18,COAIUSDT,SELL,7
2025-10-30,14:19,BTCUSDT,SELL,10
2025-10-30,14:19,COAIUSDT,SELL,12
2025-10-30,14:19,ASTERUSDT,SELL,13
2025-10-30,14:19,JELLYJELLYUSDT,BUY,10
2025-10-30,14:19,ETHUSDT,SELL,11
2025-10-30,14:19,XRPUSDT,SELL,11
2025-10-30,14:20,ETHUSDT,SELL,7
2025-10-30,14:20,XRPUSDT,SELL,10
2025-10-30,14:20,NOTUSDT,SELL,7
2025-10-30,14:21,GIGGLEUSDT,BUY,13
2025-10-30,14:21,NOTUSDT,SELL,7
2025-10-30,14:21,EIGENUSDT,SELL,8
2025-10-30,14:22,GIGGLEUSDT,BUY,14
2025-10-30,14:22,EIGENUSDT,SELL,8
2025-10-30,14:24,COAIUSDT,SELL,16
2025-10-30,14:24,YBUSDT,SELL,7
2025-10-30,14:24,IPUSDT,SELL,7
2025-10-30,14:24,ASTERUSDT,SELL,10
2025-10-30,14:24,FARTCOINUSDT,SELL,8
2025-10-30,14:24,PENGUUSDT,SELL,7
2025-10-30,14:24,DOTUSDT,SELL,7
2025-10-30,14:24,SUIUSDT,SELL,7
2025-10-30,14:24,XNYUSDT,SELL,7
2025-10-30,14:25,COAIUSDT,SELL,10
2025-10-30,14:25,ZORAUSDT,SELL,9
2025-10-30,14:25,EIGENUSDT,SELL,9
2025-10-30,14:25,IPUSDT,SELL,7
2025-10-30,14:25,LTCUSDT,SELL,9
2025-10-30,14:25,PNUTUSDT,SELL,10
2025-10-30,14:25,ASTERUSDT,SELL,11
2025-10-30,14:25,FARTCOINUSDT,SELL,9
2025-10-30,14:25,PENGUUSDT,SELL,7
2025-10-30,14:25,DOTUSDT,SELL,7
2025-10-30,14:25,SUIUSDT,SELL,8
2025-10-30,14:25,XNYUSDT,SELL,12
2025-10-30,14:26,EIGENUSDT,SELL,7
2025-10-30,14:27,GIGGLEUSDT,BUY,10
2025-10-30,14:31,AIAUSDT,SELL,15
2025-10-30,14:31,ETHFIUSDT,SELL,7
2025-10-30,14:31,BNBUSDT,SELL,7
2025-10-30,14:32,ASTERUSDT,SELL,9
2025-10-30,14:32,BNBUSDT,SELL,13
2025-10-30,14:32,EIGENUSDT,SELL,7
2025-10-30,14:32,ETHFIUSDT,SELL,10
2025-10-30,14:32,ETHUSDT,SELL,7
2025-10-30,14:32,SOLUSDT,SELL,8
2025-10-30,14:32,FARTCOINUSDT,SELL,7
2025-10-30,14:33,SOLUSDT,SELL,7
2025-10-30,14:33,FARTCOINUSDT,SELL,7
2025-10-30,14:33,DEGOUSDT,SELL,7
2025-10-30,14:34,ZECUSDT,SELL,7
2025-10-30,14:35,ZECUSDT,SELL,18
2025-10-30,14:35,TAOUSDT,SELL,15
2025-10-30,14:35,BTCUSDT,SELL,7
2025-10-30,14:35,BNBUSDT,SELL,7
2025-10-30,14:35,SOLUSDT,SELL,7
2025-10-30,14:35,ZBTUSDT,SELL,7
2025-10-30,14:35,EIGENUSDT,SELL,11
2025-10-30,14:35,XRPUSDT,SELL,9
2025-10-30,14:35,AVAXUSDT,SELL,9
2025-10-30,14:35,LTCUSDT,SELL,9
2025-10-30,14:35,CAKEUSDT,SELL,8
2025-10-30,14:35,SHELLUSDT,SELL,10
2025-10-30,14:36,ETHUSDT,SELL,33
2025-10-30,14:36,APTUSDT,SELL,10
2025-10-30,14:36,TAOUSDT,SELL,25
2025-10-30,14:36,BTCUSDT,SELL,21
2025-10-30,14:36,PUMPUSDT,SELL,10
2025-10-30,14:36,DOTUSDT,SELL,14
2025-10-30,14:36,BNBUSDT,SELL,20
2025-10-30,14:36,SOLUSDT,SELL,20
2025-10-30,14:36,ZBTUSDT,SELL,17
2025-10-30,14:36,EIGENUSDT,SELL,17
2025-10-30,14:36,BCHUSDT,SELL,7
2025-10-30,14:36,XRPUSDT,SELL,21
2025-10-30,14:36,ICPUSDT,SELL,8
2025-10-30,14:36,COAIUSDT,SELL,13
2025-10-30,14:36,ZENUSDT,SELL,8
2025-10-30,14:36,ENAUSDT,SELL,10
2025-10-30,14:36,AVAXUSDT,SELL,21
2025-10-30,14:36,LTCUSDT,SELL,19
2025-10-30,14:36,DOGEUSDT,SELL,19
2025-10-30,14:36,SANDUSDT,SELL,8
2025-10-30,14:36,CAKEUSDT,SELL,14
2025-10-30,14:36,NEARUSDT,SELL,11
2025-10-30,14:36,ADAUSDT,SELL,15
2025-10-30,14:36,HYPEUSDT,SELL,17
2025-10-30,14:36,XLMUSDT,SELL,9
2025-10-30,14:36,BIOUSDT,SELL,9
2025-10-30,14:36,1000PEPEUSDT,SELL,16
2025-10-30,14:36,1000FLOKIUSDT,SELL,10
2025-10-30,14:36,JTOUSDT,SELL,8
2025-10-30,14:36,ZKUSDT,SELL,7
2025-10-30,14:36,ARUSDT,SELL,8
2025-10-30,14:36,LINKUSDT,SELL,14
2025-10-30,14:36,FETUSDT,SELL,15
2025-10-30,14:36,SOLUSDC,SELL,8
2025-10-30,14:36,ASTERUSDT,SELL,20
2025-10-30,14:36,TIAUSDT,SELL,12
2025-10-30,14:36,WLDUSDT,SELL,9
2025-10-30,14:36,SOMIUSDT,SELL,7
2025-10-30,14:36,INJUSDT,SELL,8
2025-10-30,14:36,ONDOUSDT,SELL,10
2025-10-30,14:36,1MBABYDOGEUSDT,SELL,7
2025-10-30,14:36,LINEAUSDT,SELL,9
2025-10-30,14:36,SUIUSDT,SELL,18
2025-10-30,14:36,SHELLUSDT,SELL,10
2025-10-30,14:36,SPELLUSDT,SELL,8
2025-10-30,14:36,VETUSDT,SELL,8
2025-10-30,14:36,GALAUSDT,SELL,7
2025-10-30,14:36,ETHUSDC,SELL,8
2025-10-30,14:36,ETHFIUSDT,SELL,12
2025-10-30,14:36,1000SATSUSDT,SELL,7
2025-10-30,14:36,WIFUSDT,SELL,8
2025-10-30,14:36,FARTCOINUSDT,SELL,12
2025-10-30,14:36,BBUSDT,SELL,9
2025-10-30,14:36,OPUSDT,SELL,7
2025-10-30,14:36,ARBUSDT,SELL,9
2025-10-30,14:36,FILUSDT,SELL,8
2025-10-30,14:36,CRVUSDT,SELL,8
2025-10-30,14:36,1000BONKUSDT,SELL,7
2025-10-30,14:36,1000SHIBUSDT,SELL,7
2025-10-30,14:36,XRPUSDC,SELL,7
2025-10-30,14:36,MEMEUSDT,SELL,8
2025-10-30,14:36,PENGUUSDT,SELL,7
2025-10-30,14:36,ATOMUSDT,SELL,7
2025-10-30,14:36,NOTUSDT,SELL,8
2025-10-30,14:37,ETHFIUSDT,SELL,11
2025-10-30,14:37,HYPEUSDT,SELL,19
2025-10-30,14:37,PUMPUSDT,SELL,11
2025-10-30,14:37,FETUSDT,SELL,10
2025-10-30,14:37,BIOUSDT,SELL,10
2025-10-30,14:37,XRPUSDT,SELL,15
2025-10-30,14:37,ETHUSDT,SELL,27
2025-10-30,14:37,DOGEUSDT,SELL,15
2025-10-30,14:37,SOLUSDT,SELL,24
2025-10-30,14:37,VETUSDT,SELL,8
2025-10-30,14:37,XLMUSDT,SELL,11
2025-10-30,14:37,LTCUSDT,SELL,16
2025-10-30,14:37,INJUSDT,SELL,7
2025-10-30,14:37,ARUSDT,SELL,8
2025-10-30,14:37,ASTERUSDT,SELL,28
2025-10-30,14:37,LINKUSDT,SELL,14
2025-10-30,14:37,1000PEPEUSDT,SELL,13
2025-10-30,14:37,XRPUSDC,SELL,7
2025-10-30,14:37,1000PEPEUSDC,SELL,7
2025-10-30,14:37,BTCUSDC,SELL,9
2025-10-30,14:37,SOLUSDC,SELL,10
2025-10-30,14:37,BATUSDT,SELL,8
2025-10-30,14:37,BNBUSDT,SELL,23
2025-10-30,14:37,CRVUSDT,SELL,7
2025-10-30,14:37,CAKEUSDT,SELL,10
2025-10-30,14:37,ADAUSDT,SELL,10
2025-10-30,14:37,ONDOUSDT,SELL,7
2025-10-30,14:37,ZBTUSDT,SELL,13
2025-10-30,14:37,FARTCOINUSDT,SELL,14
2025-10-30,14:37,MEMEUSDT,SELL,8
2025-10-30,14:37,DOTUSDT,SELL,10
2025-10-30,14:37,GALAUSDT,SELL,7
2025-10-30,14:37,ICPUSDT,SELL,8
2025-10-30,14:37,SPELLUSDT,SELL,9
2025-10-30,14:37,TAOUSDT,SELL,17
2025-10-30,14:37,WIFUSDT,SELL,7
2025-10-30,14:37,COAIUSDT,SELL,11
2025-10-30,14:37,BTCUSDT,SELL,30
2025-10-30,14:37,AVAXUSDT,SELL,13
2025-10-30,14:37,ETHUSDC,SELL,10
2025-10-30,14:37,BBUSDT,SELL,9
2025-10-30,14:37,BNBUSDC,SELL,9
2025-10-30,14:37,SUIUSDT,SELL,15
2025-10-30,14:37,BASUSDT,SELL,7
2025-10-30,14:37,FILUSDT,SELL,8
2025-10-30,14:37,TIAUSDT,SELL,10
2025-10-30,14:37,1000SHIBUSDT,SELL,8
2025-10-30,14:37,ARBUSDT,SELL,10
2025-10-30,14:37,NEARUSDT,SELL,7
2025-10-30,14:37,PENGUUSDT,SELL,8
2025-10-30,14:37,ENAUSDT,SELL,7
2025-10-30,14:37,WLDUSDT,SELL,7
2025-10-30,14:37,ETCUSDT,SELL,7
2025-10-30,14:37,IPUSDT,SELL,7
2025-10-30,14:37,ATOMUSDT,SELL,7
2025-10-30,14:37,FFUSDT,SELL,8
2025-10-30,14:37,1000FLOKIUSDT,SELL,7
2025-10-30,14:37,NOTUSDT,SELL,9
2025-10-30,14:37,EIGENUSDT,SELL,11
2025-10-30,14:38,SUIUSDT,SELL,15
2025-10-30,14:38,ICPUSDT,SELL,10
2025-10-30,14:38,BANDUSDT,SELL,7
2025-10-30,14:38,SUIUSDC,SELL,7
2025-10-30,14:38,FARTCOINUSDT,SELL,18
2025-10-30,14:38,SOLUSDT,SELL,35
2025-10-30,14:38,APEUSDT,SELL,9
2025-10-30,14:38,1000PEPEUSDT,SELL,17
2025-10-30,14:38,HYPEUSDT,SELL,21
2025-10-30,14:38,ZBTUSDT,SELL,15
2025-10-30,14:38,NEIROUSDT,SELL,12
2025-10-30,14:38,BNBUSDC,SELL,10
2025-10-30,14:38,SOLUSDC,SELL,19
2025-10-30,14:38,FILUSDT,SELL,14
2025-10-30,14:38,HOOKUSDT,SELL,11
2025-10-30,14:38,COAIUSDT,SELL,17
2025-10-30,14:38,BATUSDT,SELL,8
2025-10-30,14:38,VETUSDT,SELL,11
2025-10-30,14:38,BASUSDT,SELL,12
2025-10-30,14:38,HANAUSDT,SELL,10
2025-10-30,14:38,AVAXUSDT,SELL,16
2025-10-30,14:38,AVAAIUSDT,SELL,10
2025-10-30,14:38,FFUSDT,SELL,11
2025-10-30,14:38,MAVIAUSDT,SELL,9
2025-10-30,14:38,TRXUSDT,SELL,12
2025-10-30,14:38,EIGENUSDT,SELL,23
2025-10-30,14:38,DAMUSDT,SELL,7
2025-10-30,14:38,AERGOUSDT,SELL,7
2025-10-30,14:38,SEIUSDT,SELL,12
2025-10-30,14:38,AAVEUSDT,SELL,7
2025-10-30,14:38,MITOUSDT,SELL,7
2025-10-30,14:38,LTCUSDC,SELL,7
2025-10-30,14:38,BTCUSDT,SELL,42
2025-10-30,14:38,BNBUSDT,SELL,28
2025-10-30,14:38,MYXUSDT,SELL,10
2025-10-30,14:38,SWARMSUSDT,SELL,7
2025-10-30,14:38,ASTERUSDT,SELL,34
2025-10-30,14:38,XLMUSDT,SELL,18
2025-10-30,14:38,TAOUSDT,SELL,25
2025-10-30,14:38,SPELLUSDT,SELL,9
2025-10-30,14:38,LINKUSDT,SELL,20
2025-10-30,14:38,ARBUSDT,SELL,15
2025-10-30,14:38,CAKEUSDT,SELL,13
2025-10-30,14:38,AUCTIONUSDT,SELL,8
2025-10-30,14:38,1000SHIBUSDT,SELL,13
2025-10-30,14:38,XRPUSDT,SELL,22
2025-10-30,14:38,GRASSUSDT,SELL,9
2025-10-30,14:38,HYPERUSDT,SELL,8
2025-10-30,14:38,ENAUSDT,SELL,21
2025-10-30,14:38,LDOUSDT,SELL,12
2025-10-30,14:38,PUMPUSDT,SELL,20
2025-10-30,14:38,POPCATUSDT,SELL,8
2025-10-30,14:38,SAGAUSDT,SELL,9
2025-10-30,14:38,ETHFIUSDT,SELL,15
2025-10-30,14:38,TIAUSDT,SELL,11
2025-10-30,14:38,ALGOUSDT,SELL,9
2025-10-30,14:38,EDENUSDT,SELL,9
2025-10-30,14:38,FETUSDT,SELL,10
2025-10-30,14:38,LINEAUSDT,SELL,14
2025-10-30,14:38,VIRTUALUSDT,SELL,16
2025-10-30,14:38,BIGTIMEUSDT,SELL,9
2025-10-30,14:38,WLDUSDT,SELL,16
2025-10-30,14:38,SUSHIUSDT,SELL,9
2025-10-30,14:38,BIOUSDT,SELL,10
2025-10-30,14:38,BTCUSDC,SELL,19
2025-10-30,14:38,XPLUSDT,SELL,16
2025-10-30,14:38,ARUSDT,SELL,8
2025-10-30,14:38,BBUSDT,SELL,8
2025-10-30,14:38,DOGEUSDT,SELL,16
2025-10-30,14:38,FORMUSDT,SELL,8
2025-10-30,14:38,WLFIUSDT,SELL,11
2025-10-30,14:38,DOTUSDT,SELL,11
2025-10-30,14:38,PENGUUSDT,SELL,17
2025-10-30,14:38,ETHUSDC,SELL,14
2025-10-30,14:38,ETCUSDT,SELL,9
2025-10-30,14:38,CRVUSDT,SELL,9
2025-10-30,14:38,HOLOUSDT,SELL,11
2025-10-30,14:38,JTOUSDT,SELL,9
2025-10-30,14:38,1000PEPEUSDC,SELL,7
2025-10-30,14:38,RAYSOLUSDT,SELL,7
2025-10-30,14:38,GALAUSDT,SELL,13
2025-10-30,14:38,USELESSUSDT,SELL,7
2025-10-30,14:38,ARKMUSDT,SELL,9
2025-10-30,14:38,IPUSDT,SELL,14
2025-10-30,14:38,VANAUSDT,SELL,9
2025-10-30,14:38,MELANIAUSDT,SELL,7
2025-10-30,14:38,RIVERUSDT,SELL,7
2025-10-30,14:38,4USDT,SELL,10
2025-10-30,14:38,TREEUSDT,SELL,9
2025-10-30,14:38,EPTUSDT,SELL,7
2025-10-30,14:38,OMUSDT,SELL,12
2025-10-30,14:38,JASMYUSDT,SELL,7
2025-10-30,14:38,RENDERUSDT,SELL,12
2025-10-30,14:38,EDUUSDT,SELL,7
2025-10-30,14:38,YGGUSDT,SELL,7
2025-10-30,14:38,SKYAIUSDT,SELL,7
2025-10-30,14:38,NEARUSDT,SELL,12
2025-10-30,14:38,TURBOUSDT,SELL,7
2025-10-30,14:38,1000FLOKIUSDT,SELL,14
2025-10-30,14:38,XRPUSDC,SELL,9
2025-10-30,14:38,APTUSDT,SELL,12
2025-10-30,14:38,PLUMEUSDT,SELL,8
2025-10-30,14:38,MEMEUSDT,SELL,10
2025-10-30,14:38,SOMIUSDT,SELL,9
2025-10-30,14:38,HBARUSDT,SELL,10
2025-10-30,14:38,MUBARAKUSDT,SELL,7
2025-10-30,14:38,GMTUSDT,SELL,7
2025-10-30,14:38,BOMEUSDT,SELL,10
2025-10-30,14:38,1000BONKUSDT,SELL,10
2025-10-30,14:38,TONUSDT,SELL,8
2025-10-30,14:38,WIFUSDT,SELL,11
2025-10-30,14:38,JUPUSDT,SELL,12
2025-10-30,14:38,NEOUSDT,SELL,9
2025-10-30,14:38,SNXUSDT,SELL,10
2025-10-30,14:38,ONDOUSDT,SELL,11
2025-10-30,14:38,ZKUSDT,SELL,8
2025-10-30,14:38,UNIUSDT,SELL,10
2025-10-30,14:38,ATOMUSDT,SELL,7
2025-10-30,14:38,STRKUSDT,SELL,7
2025-10-30,14:38,GRTUSDT,SELL,7
2025-10-30,14:38,PYTHUSDT,SELL,7
2025-10-30,14:38,SPKUSDT,SELL,7
2025-10-30,14:38,MIRAUSDT,SELL,9
2025-10-30,14:38,TRBUSDT,SELL,7
2025-10-30,14:38,ADAUSDT,SELL,14
2025-10-30,14:38,PEOPLEUSDT,SELL,7
2025-10-30,14:38,AGTUSDT,SELL,7
2025-10-30,14:38,GPSUSDT,SELL,8
2025-10-30,14:38,SUSDT,SELL,8
2025-10-30,14:38,OPUSDT,SELL,9
2025-10-30,14:38,1000SATSUSDT,SELL,8
2025-10-30,14:38,XVGUSDT,SELL,7
2025-10-30,14:38,ALICEUSDT,SELL,8
2025-10-30,14:38,INJUSDT,SELL,12
2025-10-30,14:38,THETAUSDT,SELL,8
2025-10-30,14:38,VINEUSDT,SELL,7
2025-10-30,14:38,TAUSDT,SELL,9
2025-10-30,14:38,ACHUSDT,SELL,7
2025-10-30,14:38,ENSUSDT,SELL,7
2025-10-30,14:38,DOGEUSDC,SELL,8
2025-10-30,14:38,OPENUSDT,SELL,10
2025-10-30,14:38,BRETTUSDT,SELL,7
2025-10-30,14:38,AEVOUSDT,SELL,7
2025-10-30,14:38,CHESSUSDT,SELL,8
2025-10-30,14:38,ORDIUSDT,SELL,7
2025-10-30,14:38,AIUSDT,SELL,10
2025-10-30,14:38,WUSDT,SELL,9
2025-10-30,14:38,MAGICUSDT,SELL,7
2025-10-30,14:38,API3USDT,SELL,7
2025-10-30,14:38,CUDISUSDT,SELL,7
2025-10-30,14:38,RDNTUSDT,SELL,7
2025-10-30,14:38,ENAUSDC,SELL,7
2025-10-30,14:38,ZORAUSDT,SELL,8
2025-10-30,14:38,HUMAUSDT,SELL,7
2025-10-30,14:38,SANDUSDT,SELL,7
2025-10-30,14:38,DEGOUSDT,SELL,8
2025-10-30,14:38,CFXUSDT,SELL,7
2025-10-30,14:38,AIXBTUSDT,SELL,7
2025-10-30,14:38,KAITOUSDT,SELL,8
2025-10-30,14:38,DOGSUSDT,SELL,7
2025-10-30,14:39,TRXUSDT,SELL,12
2025-10-30,14:39,BTCUSDT,SELL,29
2025-10-30,14:39,XRPUSDT,SELL,21
2025-10-30,14:39,VANAUSDT,SELL,10
2025-10-30,14:39,TAOUSDT,SELL,24
2025-10-30,14:39,MELANIAUSDT,SELL,12
2025-10-30,14:39,RIVERUSDT,SELL,10
2025-10-30,14:39,MAVIAUSDT,SELL,7
2025-10-30,14:39,ENAUSDT,SELL,23
2025-10-30,14:39,AKTUSDT,SELL,7
2025-10-30,14:39,KERNELUSDT,SELL,8
2025-10-30,14:39,IPUSDT,SELL,14
2025-10-30,14:39,TREEUSDT,SELL,9
2025-10-30,14:39,EPTUSDT,SELL,15
2025-10-30,14:39,SOLUSDT,SELL,27
2025-10-30,14:39,ASTERUSDT,SELL,32
2025-10-30,14:39,OMUSDT,SELL,13
2025-10-30,14:39,JASMYUSDT,SELL,7
2025-10-30,14:39,COAIUSDT,SELL,17
2025-10-30,14:39,1000LUNCUSDT,SELL,8
2025-10-30,14:39,GALAUSDT,SELL,14
2025-10-30,14:39,ARBUSDT,SELL,13
2025-10-30,14:39,ZBTUSDT,SELL,14
2025-10-30,14:39,EDENUSDT,SELL,11
2025-10-30,14:39,FILUSDT,SELL,13
2025-10-30,14:39,XLMUSDT,SELL,14
2025-10-30,14:39,SOLUSDC,SELL,17
2025-10-30,14:39,EIGENUSDT,SELL,19
2025-10-30,14:39,PENGUUSDT,SELL,17
2025-10-30,14:39,DOGEUSDT,SELL,17
2025-10-30,14:39,RAYSOLUSDT,SELL,7
2025-10-30,14:39,AUCTIONUSDT,SELL,7
2025-10-30,14:39,EDUUSDT,SELL,7
2025-10-30,14:39,AVAXUSDT,SELL,18
2025-10-30,14:39,YGGUSDT,SELL,8
2025-10-30,14:39,VIRTUALUSDT,SELL,16
2025-10-30,14:39,ETHUSDC,SELL,11
2025-10-30,14:39,SKYAIUSDT,SELL,8
2025-10-30,14:39,HOLOUSDT,SELL,10
2025-10-30,14:39,NEARUSDT,SELL,13
2025-10-30,14:39,NEIROUSDT,SELL,11
2025-10-30,14:39,LDOUSDT,SELL,12
2025-10-30,14:39,SUSHIUSDT,SELL,8
2025-10-30,14:39,TURBOUSDT,SELL,7
2025-10-30,14:39,ARUSDT,SELL,8
2025-10-30,14:39,1000FLOKIUSDT,SELL,16
2025-10-30,14:39,XRPUSDC,SELL,9
2025-10-30,14:39,APTUSDT,SELL,13
2025-10-30,14:39,FORTHUSDT,SELL,7
2025-10-30,14:39,PLUMEUSDT,SELL,8
2025-10-30,14:39,SWARMSUSDT,SELL,8
2025-10-30,14:39,ETHFIUSDT,SELL,15
2025-10-30,14:39,MEMEUSDT,SELL,10
2025-10-30,14:39,SOMIUSDT,SELL,11
2025-10-30,14:39,HBARUSDT,SELL,13
2025-10-30,14:39,SUIUSDT,SELL,17
2025-10-30,14:39,BNBUSDT,SELL,21
2025-10-30,14:39,PARTIUSDT,SELL,7
2025-10-30,14:39,NOTUSDT,SELL,7
2025-10-30,14:39,MUBARAKUSDT,SELL,7
2025-10-30,14:39,GMTUSDT,SELL,9
2025-10-30,14:39,HANAUSDT,SELL,10
2025-10-30,14:39,MANAUSDT,SELL,7
2025-10-30,14:39,BOMEUSDT,SELL,11
2025-10-30,14:39,1000BONKUSDT,SELL,10
2025-10-30,14:39,FARTCOINUSDT,SELL,16
2025-10-30,14:39,WLFIUSDT,SELL,13
2025-10-30,14:39,TONUSDT,SELL,10
2025-10-30,14:39,WIFUSDT,SELL,11
2025-10-30,14:39,JUPUSDT,SELL,12
2025-10-30,14:39,币安人生USDT,SELL,11
2025-10-30,14:39,ICPUSDT,SELL,9
2025-10-30,14:39,XPLUSDT,SELL,19
2025-10-30,14:39,ZENUSDT,SELL,12
2025-10-30,14:39,LINKUSDT,SELL,18
2025-10-30,14:39,NEOUSDT,SELL,10
2025-10-30,14:39,SEIUSDT,SELL,13
2025-10-30,14:39,SNXUSDT,SELL,13
2025-10-30,14:39,ONDOUSDT,SELL,14
2025-10-30,14:39,ZKUSDT,SELL,8
2025-10-30,14:39,UNIUSDT,SELL,11
2025-10-30,14:39,WLDUSDT,SELL,15
2025-10-30,14:39,CAKEUSDT,SELL,10
2025-10-30,14:39,VETUSDT,SELL,10
2025-10-30,14:39,TIAUSDT,SELL,14
2025-10-30,14:39,AI16ZUSDT,SELL,9
2025-10-30,14:39,ATOMUSDT,SELL,8
2025-10-30,14:39,STRKUSDT,SELL,8
2025-10-30,14:39,ONTUSDT,SELL,8
2025-10-30,14:39,ALGOUSDT,SELL,8
2025-10-30,14:39,GRTUSDT,SELL,7
2025-10-30,14:39,PYTHUSDT,SELL,8
2025-10-30,14:39,FLUIDUSDT,SELL,7
2025-10-30,14:39,FETUSDT,SELL,10
2025-10-30,14:39,SPKUSDT,SELL,8
2025-10-30,14:39,LINEAUSDT,SELL,13
2025-10-30,14:39,MIRAUSDT,SELL,10
2025-10-30,14:39,TRBUSDT,SELL,8
2025-10-30,14:39,PUMPUSDT,SELL,18
2025-10-30,14:39,ADAUSDT,SELL,15
2025-10-30,14:39,AGTUSDT,SELL,11
2025-10-30,14:39,ALPINEUSDT,SELL,8
2025-10-30,14:39,GPSUSDT,SELL,10
2025-10-30,14:39,BASUSDT,SELL,12
2025-10-30,14:39,ARKMUSDT,SELL,8
2025-10-30,14:39,BIGTIMEUSDT,SELL,8
2025-10-30,14:39,SUSDT,SELL,10
2025-10-30,14:39,HYPEUSDT,SELL,17
2025-10-30,14:39,OPUSDT,SELL,10
2025-10-30,14:39,1000SATSUSDT,SELL,9
2025-10-30,14:39,APEUSDT,SELL,8
2025-10-30,14:39,1000SHIBUSDT,SELL,13
2025-10-30,14:39,XVGUSDT,SELL,8
2025-10-30,14:39,SAGAUSDT,SELL,10
2025-10-30,14:39,ALICEUSDT,SELL,8
2025-10-30,14:39,USELESSUSDT,SELL,8
2025-10-30,14:39,STBLUSDT,SELL,8
2025-10-30,14:39,ETCUSDT,SELL,9
2025-10-30,14:39,AVNTUSDT,SELL,9
2025-10-30,14:39,PNUTUSDT,SELL,7
2025-10-30,14:39,INJUSDT,SELL,13
2025-10-30,14:39,JTOUSDT,SELL,9
2025-10-30,14:39,THETAUSDT,SELL,8
2025-10-30,14:39,POPCATUSDT,SELL,7
2025-10-30,14:39,VINEUSDT,SELL,8
2025-10-30,14:39,TAUSDT,SELL,11
2025-10-30,14:39,ACHUSDT,SELL,7
2025-10-30,14:39,ENSUSDT,SELL,7
2025-10-30,14:39,DOGEUSDC,SELL,9
2025-10-30,14:39,OPENUSDT,SELL,12
2025-10-30,14:39,BRETTUSDT,SELL,7
2025-10-30,14:39,CRVUSDT,SELL,9
2025-10-30,14:39,AEVOUSDT,SELL,7
2025-10-30,14:39,FUNUSDT,SELL,8
2025-10-30,14:39,CHESSUSDT,SELL,9
2025-10-30,14:39,ORDIUSDT,SELL,9
2025-10-30,14:39,AIUSDT,SELL,10
2025-10-30,14:39,WUSDT,SELL,9
2025-10-30,14:39,GRASSUSDT,SELL,8
2025-10-30,14:39,MAGICUSDT,SELL,7
2025-10-30,14:39,XNYUSDT,SELL,8
2025-10-30,14:39,API3USDT,SELL,8
2025-10-30,14:39,CUDISUSDT,SELL,9
2025-10-30,14:39,BIOUSDT,SELL,11
2025-10-30,14:39,TSTUSDT,SELL,8
2025-10-30,14:39,HOOKUSDT,SELL,12
2025-10-30,14:39,SPELLUSDT,SELL,8
2025-10-30,14:39,RDNTUSDT,SELL,7
2025-10-30,14:39,ENSOUSDT,SELL,9
2025-10-30,14:39,MLNUSDT,SELL,7
2025-10-30,14:39,ENAUSDC,SELL,7
2025-10-30,14:39,SIGNUSDT,SELL,7
2025-10-30,14:39,ZKCUSDT,SELL,7
2025-10-30,14:39,ZORAUSDT,SELL,9
2025-10-30,14:39,BANANAS31USDT,SELL,7
2025-10-30,14:39,EGLDUSDT,SELL,7
2025-10-30,14:39,HUMAUSDT,SELL,8
2025-10-30,14:39,SANDUSDT,SELL,8
2025-10-30,14:39,MYROUSDT,SELL,7
2025-10-30,14:39,DEGOUSDT,SELL,9
2025-10-30,14:39,CYBERUSDT,SELL,7
2025-10-30,14:39,BBUSDT,SELL,7
2025-10-30,14:39,CFXUSDT,SELL,7
2025-10-30,14:39,TLMUSDT,SELL,7
2025-10-30,14:39,DAMUSDT,SELL,9
2025-10-30,14:39,BNBUSDC,SELL,7
2025-10-30,14:39,STORJUSDT,SELL,7
2025-10-30,14:39,AIXBTUSDT,SELL,9
2025-10-30,14:39,KAITOUSDT,SELL,9
2025-10-30,14:39,FFUSDT,SELL,8
2025-10-30,14:39,DOGSUSDT,SELL,7
2025-10-30,14:39,DOODUSDT,SELL,7
2025-10-30,14:39,MYXUSDT,SELL,12
2025-10-30,14:39,CLOUSDT,SELL,7
2025-10-30,14:39,FUSDT,SELL,8
2025-10-30,14:39,INUSDT,SELL,8
2025-10-30,14:39,1000000BOBUSDT,SELL,8
2025-10-30,14:39,HEIUSDT,SELL,8
2025-10-30,14:39,USTCUSDT,SELL,7
2025-10-30,14:40,ASTERUSDT,SELL,13
2025-10-30,14:40,EPTUSDT,SELL,8
2025-10-30,14:40,TAOUSDT,SELL,11
2025-10-30,14:40,BTCUSDT,SELL,14
2025-10-30,14:40,MELANIAUSDT,SELL,7
2025-10-30,14:41,ZECUSDT,SELL,9
2025-10-30,14:41,BTCUSDT,SELL,14
2025-10-30,14:41,PLUMEUSDT,SELL,13
2025-10-30,14:42,BTCUSDT,SELL,9
2025-10-30,14:42,PLUMEUSDT,SELL,13
2025-10-30,14:42,ETHUSDT,SELL,16
2025-10-30,14:42,ETHUSDC,SELL,7
2025-10-30,14:43,MILKUSDT,SELL,10
2025-10-30,14:43,BTCUSDT,SELL,11
2025-10-30,14:46,JELLYJELLYUSDT,BUY,13
2025-10-30,14:46,BTCUSDT,BUY,8
2025-10-30,14:47,BTCUSDT,BUY,8
2025-10-30,14:51,BTCUSDT,BUY,7
2025-10-30,14:53,EIGENUSDT,SELL,10
2025-10-30,14:54,EIGENUSDT,SELL,10
2025-10-30,14:54,GIGGLEUSDT,BUY,12
2025-10-30,14:55,GIGGLEUSDT,BUY,12
2025-10-30,14:56,ASTERUSDT,SELL,9
2025-10-30,14:56,DYDXUSDT,SELL,8
2025-10-30,14:56,ETHUSDT,SELL,9
2025-10-30,14:57,ASTERUSDT,SELL,13
2025-10-30,14:57,ETHUSDT,SELL,19
2025-10-30,14:57,EIGENUSDT,SELL,8
2025-10-30,14:57,BLESSUSDT,SELL,10
2025-10-30,14:58,EIGENUSDT,SELL,7
2025-10-30,14:58,ETHUSDT,SELL,12
2025-10-30,14:59,BNBUSDT,SELL,13
2025-10-30,15:00,BNBUSDT,SELL,13
2025-10-30,15:00,COAIUSDT,BUY,12
2025-10-30,15:01,VETUSDT,SELL,10
2025-10-30,15:01,COAIUSDT,BUY,12
2025-10-30,15:01,KSMUSDT,SELL,11
2025-10-30,15:02,KSMUSDT,SELL,11
2025-10-30,15:02,PEOPLEUSDT,SELL,7
2025-10-30,15:02,VETUSDT,SELL,8
2025-10-30,15:02,PNUTUSDT,SELL,8
2025-10-30,15:05,VELVETUSDT,SELL,16
2025-10-30,15:05,BTCUSDT,BUY,8
2025-10-30,15:05,ETHUSDT,BUY,8
2025-10-30,15:06,VELVETUSDT,SELL,12
2025-10-30,15:06,BTCUSDT,BUY,10
2025-10-30,15:06,ETHUSDT,BUY,9
2025-10-30,15:06,YBUSDT,SELL,7
2025-10-30,15:07,YBUSDT,SELL,8
2025-10-30,15:08,YBUSDT,SELL,9
2025-10-30,15:08,JELLYJELLYUSDT,SELL,10
2025-10-30,15:08,DEGOUSDT,SELL,7
2025-10-30,15:09,JELLYJELLYUSDT,SELL,9
2025-10-30,15:09,DEGOUSDT,SELL,8
2025-10-30,15:09,SUIUSDT,SELL,11
2025-10-30,15:09,币安人生USDT,SELL,14
2025-10-30,15:10,币安人生USDT,SELL,13
2025-10-30,15:10,SUIUSDT,SELL,15
2025-10-30,15:10,BROCCOLI714USDT,SELL,8
2025-10-30,15:11,BROCCOLI714USDT,SELL,9
2025-10-30,15:12,GIGGLEUSDT,BUY,7
2025-10-30,15:12,SUIUSDT,SELL,9
2025-10-30,15:12,HBARUSDT,SELL,7
2025-10-30,15:12,YBUSDT,SELL,14
2025-10-30,15:13,HBARUSDT,SELL,9
2025-10-30,15:13,SUIUSDT,SELL,10
2025-10-30,15:13,ASTERUSDT,SELL,7
2025-10-30,15:14,ASTERUSDT,SELL,8
2025-10-30,15:17,ASTERUSDT,SELL,7
2025-10-30,15:18,HBARUSDT,SELL,9
2025-10-30,15:18,ASTERUSDT,SELL,11
2025-10-30,15:19,HBARUSDT,SELL,7
2025-10-30,15:20,LINKUSDT,SELL,8
2025-10-30,15:21,PORT3USDT,SELL,7
2025-10-30,15:22,PORT3USDT,SELL,7
2025-10-30,15:24,AVAXUSDT,SELL,7
2025-10-30,15:24,FLMUSDT,SELL,7
2025-10-30,15:25,FLMUSDT,SELL,7
2025-10-30,15:26,DASHUSDT,SELL,11
2025-10-30,15:26,GIGGLEUSDT,BUY,8
2025-10-30,15:27,GIGGLEUSDT,BUY,8
2025-10-30,15:27,DASHUSDT,SELL,9
2025-10-30,15:27,LINKUSDT,SELL,8
2025-10-30,15:28,LINKUSDT,SELL,11
2025-10-30,15:29,DASHUSDT,SELL,7
2025-10-30,15:30,SOLVUSDT,BUY,7
2025-10-30,15:31,LUMIAUSDT,SELL,10
2025-10-30,15:31,SOLVUSDT,BUY,9
2025-10-30,15:32,LUMIAUSDT,SELL,8
2025-10-30,15:33,LTCUSDT,SELL,8
2025-10-30,15:33,IOUSDT,SELL,8
2025-10-30,15:33,AIAUSDT,SELL,7
2025-10-30,15:33,DOGEUSDT,SELL,11
2025-10-30,15:33,HANAUSDT,SELL,22
2025-10-30,15:34,DOGEUSDT,SELL,12
2025-10-30,15:34,ETHUSDT,SELL,10
2025-10-30,15:36,KDAUSDT,SELL,10
2025-10-30,15:36,JELLYJELLYUSDT,BUY,8
2025-10-30,15:37,JELLYJELLYUSDT,BUY,7
2025-10-30,15:39,LUMIAUSDT,SELL,8
2025-10-30,15:40,AIAUSDT,SELL,9
2025-10-30,15:41,AIAUSDT,SELL,9
2025-10-30,15:42,ETHUSDT,BUY,11
2025-10-30,15:43,ETHUSDT,BUY,15
2025-10-30,15:43,BTCUSDT,BUY,7
2025-10-30,15:43,SOLUSDT,BUY,8
2025-10-30,15:43,MUSDT,BUY,7
2025-10-30,15:43,LUMIAUSDT,SELL,7
2025-10-30,15:44,MUSDT,BUY,8
2025-10-30,15:44,LUMIAUSDT,SELL,13
2025-10-30,15:46,币安人生USDT,SELL,11
2025-10-30,15:47,BLESSUSDT,SELL,7
2025-10-30,15:47,币安人生USDT,SELL,9
2025-10-30,15:47,BTCUSDT,SELL,8
2025-10-30,15:48,BLUAIUSDT,SELL,9
2025-10-30,15:49,BLUAIUSDT,SELL,11
2025-10-30,15:49,JELLYJELLYUSDT,BUY,14
2025-10-30,15:49,ETHUSDT,SELL,7
2025-10-30,15:49,ZECUSDT,BUY,7
2025-10-30,15:50,ENSOUSDT,SELL,7
2025-10-30,15:50,ETHUSDT,SELL,10
2025-10-30,15:50,ZECUSDT,BUY,8
2025-10-30,15:51,YBUSDT,SELL,8
2025-10-30,15:52,币安人生USDT,SELL,13
2025-10-30,15:52,YBUSDT,SELL,11
2025-10-30,15:52,SWARMSUSDT,SELL,7
2025-10-30,15:52,EDENUSDT,SELL,9
2025-10-30,15:52,ZBTUSDT,SELL,8
2025-10-30,15:52,VIRTUALUSDT,SELL,9
2025-10-30,15:53,币安人生USDT,SELL,12
2025-10-30,15:53,VIRTUALUSDT,SELL,9
2025-10-30,15:57,ZECUSDT,BUY,7
2025-10-30,15:58,ZECUSDT,BUY,7
2025-10-30,15:58,JELLYJELLYUSDT,BUY,8
2025-10-30,15:59,JELLYJELLYUSDT,BUY,7
2025-10-30,16:01,XPLUSDT,SELL,8
2025-10-30,16:02,XPLUSDT,SELL,8
2025-10-30,16:02,AIAUSDT,SELL,7
2025-10-30,16:03,GIGGLEUSDT,SELL,10
2025-10-30,16:04,GIGGLEUSDT,SELL,7
2025-10-30,16:07,FORMUSDT,SELL,12
2025-10-30,16:07,EPTUSDT,SELL,7
2025-10-30,16:07,EDENUSDT,SELL,14
2025-10-30,16:07,TAUSDT,SELL,7
2025-10-30,16:07,PUMPUSDT,SELL,14
2025-10-30,16:07,1000PEPEUSDT,SELL,8
2025-10-30,16:07,NEARUSDT,SELL,10
2025-10-30,16:07,ENAUSDT,SELL,8
2025-10-30,16:07,PENGUUSDT,SELL,12
2025-10-30,16:07,ETHUSDT,SELL,7
2025-10-30,16:07,SUIUSDT,SELL,7
2025-10-30,16:07,SYRUPUSDT,SELL,7
2025-10-30,16:08,AVAUSDT,SELL,8
2025-10-30,16:08,BELUSDT,SELL,7
2025-10-30,16:08,XANUSDT,SELL,10
2025-10-30,16:08,TREEUSDT,SELL,8
2025-10-30,16:08,LYNUSDT,SELL,7
2025-10-30,16:08,SWARMSUSDT,SELL,14
2025-10-30,16:08,EDENUSDT,SELL,12
2025-10-30,16:08,PUMPUSDT,SELL,23
2025-10-30,16:08,1000PEPEUSDT,SELL,16
2025-10-30,16:08,NEARUSDT,SELL,16
2025-10-30,16:08,BBUSDT,SELL,7
2025-10-30,16:08,ALTUSDT,SELL,8
2025-10-30,16:08,SOLUSDT,SELL,12
2025-10-30,16:08,ARBUSDT,SELL,12
2025-10-30,16:08,ENAUSDT,SELL,14
2025-10-30,16:08,TIAUSDT,SELL,13
2025-10-30,16:08,STBLUSDT,SELL,7
2025-10-30,16:08,ZKCUSDT,SELL,9
2025-10-30,16:08,FORMUSDT,SELL,13
2025-10-30,16:08,IMXUSDT,SELL,7
2025-10-30,16:08,APTUSDT,SELL,10
2025-10-30,16:08,NEIROUSDT,SELL,11
2025-10-30,16:08,PENGUUSDT,SELL,25
2025-10-30,16:08,WIFUSDT,SELL,7
2025-10-30,16:08,PYTHUSDT,SELL,8
2025-10-30,16:08,1000SATSUSDT,SELL,8
2025-10-30,16:08,SHELLUSDT,SELL,8
2025-10-30,16:08,ETHUSDT,SELL,18
2025-10-30,16:08,ASTERUSDT,SELL,13
2025-10-30,16:08,ENSOUSDT,SELL,7
2025-10-30,16:08,VIRTUALUSDT,SELL,10
2025-10-30,16:08,TRUMPUSDT,SELL,11
2025-10-30,16:08,ZBTUSDT,SELL,12
2025-10-30,16:08,CFXUSDT,SELL,10
2025-10-30,16:08,FILUSDT,SELL,14
2025-10-30,16:08,WLDUSDT,SELL,11
2025-10-30,16:08,SUIUSDT,SELL,14
2025-10-30,16:08,FUSDT,SELL,7
2025-10-30,16:08,BLESSUSDT,SELL,7
2025-10-30,16:08,THEUSDT,SELL,9
2025-10-30,16:08,USUALUSDT,SELL,7
2025-10-30,16:08,ARKMUSDT,SELL,7
2025-10-30,16:08,SOMIUSDT,SELL,7
2025-10-30,16:08,ALICEUSDT,SELL,7
2025-10-30,16:08,OPUSDT,SELL,13
2025-10-30,16:08,GALAUSDT,SELL,12
2025-10-30,16:08,SNXUSDT,SELL,9
2025-10-30,16:08,MANTAUSDT,SELL,7
2025-10-30,16:08,ICPUSDT,SELL,9
2025-10-30,16:08,0GUSDT,SELL,8
2025-10-30,16:08,SYRUPUSDT,SELL,11
2025-10-30,16:08,TRBUSDT,SELL,7
2025-10-30,16:08,TURBOUSDT,SELL,7
2025-10-30,16:08,CRVUSDT,SELL,10
2025-10-30,16:08,MELANIAUSDT,SELL,11
2025-10-30,16:08,YBUSDT,SELL,12
2025-10-30,16:08,ROSEUSDT,SELL,9
2025-10-30,16:08,TAUSDT,SELL,12
2025-10-30,16:08,SAGAUSDT,SELL,11
2025-10-30,16:08,LABUSDT,SELL,10
2025-10-30,16:08,RENDERUSDT,SELL,8
2025-10-30,16:08,HANAUSDT,SELL,7
2025-10-30,16:08,4USDT,SELL,7
2025-10-30,16:08,DOGEUSDT,SELL,8
2025-10-30,16:08,CYBERUSDT,SELL,8
2025-10-30,16:08,BDXNUSDT,SELL,7
2025-10-30,16:08,XPLUSDT,SELL,8
2025-10-30,16:08,AVAXUSDT,SELL,8
2025-10-30,16:08,LDOUSDT,SELL,8
2025-10-30,16:08,1000SHIBUSDT,SELL,7
2025-10-30,16:08,DOTUSDT,SELL,8
2025-10-30,16:08,ADAUSDT,SELL,9
2025-10-30,16:08,BNBUSDT,SELL,7
2025-10-30,16:08,COAIUSDT,SELL,9
2025-10-30,16:08,TONUSDT,SELL,7
2025-10-30,16:08,XRPUSDT,SELL,7
2025-10-30,16:09,TAUSDT,SELL,8
2025-10-30,16:09,SAGAUSDT,SELL,9
2025-10-30,16:09,ARKMUSDT,SELL,7
2025-10-30,16:09,SUIUSDT,SELL,14
2025-10-30,16:09,MELANIAUSDT,SELL,17
2025-10-30,16:09,COAIUSDT,SELL,12
2025-10-30,16:09,CYBERUSDT,SELL,7
2025-10-30,16:09,NEIROUSDT,SELL,8
2025-10-30,16:09,ENAUSDT,SELL,11
2025-10-30,16:09,1000PEPEUSDT,SELL,8
2025-10-30,16:09,1000SHIBUSDT,SELL,8
2025-10-30,16:09,DOGEUSDT,SELL,10
2025-10-30,16:09,ADAUSDT,SELL,13
2025-10-30,16:09,PENGUUSDT,SELL,13
2025-10-30,16:09,SWARMSUSDT,SELL,11
2025-10-30,16:09,NAORISUSDT,SELL,12
2025-10-30,16:09,TONUSDT,SELL,7
2025-10-30,16:09,ETHUSDT,SELL,15
2025-10-30,16:09,YBUSDT,SELL,10
2025-10-30,16:09,ICPUSDT,SELL,7
2025-10-30,16:09,ONDOUSDT,SELL,9
2025-10-30,16:09,VIRTUALUSDT,SELL,8
2025-10-30,16:09,LDOUSDT,SELL,7
2025-10-30,16:09,ARBUSDT,SELL,8
2025-10-30,16:09,ROSEUSDT,SELL,7
2025-10-30,16:09,USUALUSDT,SELL,7
2025-10-30,16:09,DYMUSDT,SELL,7
2025-10-30,16:09,DOTUSDT,SELL,7
2025-10-30,16:09,AVAXUSDT,SELL,7
2025-10-30,16:09,FILUSDT,SELL,9
2025-10-30,16:09,XRPUSDT,SELL,9
2025-10-30,16:09,LABUSDT,SELL,7
2025-10-30,16:09,ZKCUSDT,SELL,9
2025-10-30,16:09,WLDUSDT,SELL,8
2025-10-30,16:09,BLESSUSDT,SELL,8
2025-10-30,16:09,PUMPUSDT,SELL,9
2025-10-30,16:09,ENSOUSDT,SELL,7
2025-10-30,16:09,ASTERUSDT,SELL,10
2025-10-30,16:09,XANUSDT,SELL,7
2025-10-30,16:09,TRUMPUSDT,SELL,12
2025-10-30,16:09,SOLUSDT,SELL,10
2025-10-30,16:09,OPUSDT,SELL,8
2025-10-30,16:09,APTUSDT,SELL,8
2025-10-30,16:09,TIAUSDT,SELL,8
2025-10-30,16:09,XPLUSDT,SELL,16
2025-10-30,16:09,XCNUSDT,SELL,8
2025-10-30,16:09,ZBTUSDT,SELL,10
2025-10-30,16:09,ALTUSDT,SELL,7
2025-10-30,16:09,STBLUSDT,SELL,22
2025-10-30,16:09,RIVERUSDT,SELL,7
2025-10-30,16:10,MELANIAUSDT,SELL,7
2025-10-30,16:10,NAORISUSDT,SELL,8
2025-10-30,16:10,COAIUSDT,SELL,11
2025-10-30,16:10,STBLUSDT,SELL,20
2025-10-30,16:10,XCNUSDT,SELL,7
2025-10-30,16:10,BTCUSDT,SELL,7
2025-10-30,16:10,SUIUSDT,SELL,7
2025-10-30,16:10,XPLUSDT,SELL,11
2025-10-30,16:10,ARIAUSDT,BUY,9
2025-10-30,16:10,ZBTUSDT,SELL,8
2025-10-30,16:10,USELESSUSDT,SELL,7
2025-10-30,16:11,COAIUSDT,SELL,8
2025-10-30,16:11,ARIAUSDT,BUY,13
2025-10-30,16:12,ASTERUSDT,SELL,12
2025-10-30,16:12,FFUSDT,SELL,7
2025-10-30,16:12,MELANIAUSDT,SELL,9
2025-10-30,16:12,EPTUSDT,SELL,8
2025-10-30,16:12,ZBTUSDT,SELL,9
2025-10-30,16:12,ETHUSDT,SELL,7
2025-10-30,16:13,ZBTUSDT,SELL,8
2025-10-30,16:13,ETHUSDT,SELL,8
2025-10-30,16:13,ASTERUSDT,SELL,8
2025-10-30,16:13,MELANIAUSDT,SELL,8
2025-10-30,16:14,PTBUSDT,SELL,7
2025-10-30,16:14,ENSOUSDT,SELL,9
2025-10-30,16:14,币安人生USDT,SELL,7
2025-10-30,16:15,ENSOUSDT,SELL,10
2025-10-30,16:15,币安人生USDT,SELL,7
2025-10-30,16:15,SUIUSDT,SELL,11
2025-10-30,16:15,ASTERUSDT,SELL,17
2025-10-30,16:16,SUIUSDT,SELL,13
2025-10-30,16:17,DOGEUSDT,SELL,7
2025-10-30,16:17,ARIAUSDT,SELL,8
2025-10-30,16:17,JELLYJELLYUSDT,BUY,10
2025-10-30,16:17,PUMPUSDT,SELL,14
2025-10-30,16:17,BMTUSDT,SELL,8
2025-10-30,16:17,1000PEPEUSDT,SELL,11
2025-10-30,16:17,FETUSDT,SELL,9
2025-10-30,16:17,1000FLOKIUSDT,SELL,9
2025-10-30,16:17,EIGENUSDT,SELL,12
2025-10-30,16:17,SEIUSDT,SELL,8
2025-10-30,16:17,NEARUSDT,SELL,7
2025-10-30,16:17,LTCUSDT,SELL,10
2025-10-30,16:17,PUMPBTCUSDT,SELL,7
2025-10-30,16:17,PENGUUSDT,SELL,8
2025-10-30,16:17,DOTUSDT,SELL,9
2025-10-30,16:17,ENAUSDT,SELL,9
2025-10-30,16:17,WLDUSDT,SELL,9
2025-10-30,16:17,TIAUSDT,SELL,7
2025-10-30,16:17,BTCUSDT,SELL,7
2025-10-30,16:17,ETHFIUSDT,SELL,8
2025-10-30,16:17,ENSOUSDT,SELL,10
2025-10-30,16:18,XRPUSDT,SELL,16
2025-10-30,16:18,PUMPUSDT,SELL,31
2025-10-30,16:18,ARIAUSDT,SELL,7
2025-10-30,16:18,AVNTUSDT,SELL,9
2025-10-30,16:18,BMTUSDT,SELL,10
2025-10-30,16:18,FUNUSDT,SELL,7
2025-10-30,16:18,1000PEPEUSDT,SELL,20
2025-10-30,16:18,RENDERUSDT,SELL,9
2025-10-30,16:18,FETUSDT,SELL,14
2025-10-30,16:18,SOMIUSDT,SELL,7
2025-10-30,16:18,1000FLOKIUSDT,SELL,12
2025-10-30,16:18,EIGENUSDT,SELL,17
2025-10-30,16:18,APTUSDT,SELL,9
2025-10-30,16:18,SEIUSDT,SELL,9
2025-10-30,16:18,KAVAUSDT,SELL,8
2025-10-30,16:18,LINEAUSDT,SELL,7
2025-10-30,16:18,XPLUSDT,SELL,12
2025-10-30,16:18,ONDOUSDT,SELL,9
2025-10-30,16:18,NEARUSDT,SELL,11
2025-10-30,16:18,LTCUSDT,SELL,26
2025-10-30,16:18,OPUSDT,SELL,9
2025-10-30,16:18,NOTUSDT,SELL,7
2025-10-30,16:18,ASTERUSDT,SELL,26
2025-10-30,16:18,PENDLEUSDT,SELL,7
2025-10-30,16:18,NEIROUSDT,SELL,10
2025-10-30,16:18,PUMPBTCUSDT,SELL,11
2025-10-30,16:18,ICPUSDT,SELL,11
2025-10-30,16:18,PENGUUSDT,SELL,14
2025-10-30,16:18,SOLUSDT,SELL,22
2025-10-30,16:18,AVAXUSDT,SELL,20
2025-10-30,16:18,DOTUSDT,SELL,12
2025-10-30,16:18,INJUSDT,SELL,7
2025-10-30,16:18,ENAUSDT,SELL,15
2025-10-30,16:18,ALGOUSDT,SELL,7
2025-10-30,16:18,WLDUSDT,SELL,14
2025-10-30,16:18,PNUTUSDT,SELL,11
2025-10-30,16:18,TIAUSDT,SELL,11
2025-10-30,16:18,GALAUSDT,SELL,9
2025-10-30,16:18,FILUSDT,SELL,11
2025-10-30,16:18,DOGEUSDT,SELL,22
2025-10-30,16:18,ADAUSDT,SELL,23
2025-10-30,16:18,XLMUSDT,SELL,8
2025-10-30,16:18,ARKMUSDT,SELL,11
2025-10-30,16:18,CFXUSDT,SELL,7
2025-10-30,16:18,LINKUSDT,SELL,10
2025-10-30,16:18,MLNUSDT,SELL,10
2025-10-30,16:18,SNXUSDT,SELL,10
2025-10-30,16:18,ARBUSDT,SELL,8
2025-10-30,16:18,ONEUSDT,SELL,7
2025-10-30,16:18,WLFIUSDT,SELL,7
2025-10-30,16:18,ETHFIUSDT,SELL,15
2025-10-30,16:18,1000BONKUSDT,SELL,8
2025-10-30,16:18,COAIUSDT,SELL,16
2025-10-30,16:18,ENSOUSDT,SELL,13
2025-10-30,16:18,BOMEUSDT,SELL,10
2025-10-30,16:18,FFUSDT,SELL,8
2025-10-30,16:18,HYPEUSDT,SELL,13
2025-10-30,16:18,YBUSDT,SELL,8
2025-10-30,16:18,1000LUNCUSDT,SELL,7
2025-10-30,16:18,WIFUSDT,SELL,9
2025-10-30,16:18,KDAUSDT,SELL,7
2025-10-30,16:18,CAKEUSDT,SELL,10
2025-10-30,16:18,TONUSDT,SELL,8
2025-10-30,16:18,GIGGLEUSDT,SELL,7
2025-10-30,16:18,SPELLUSDT,SELL,7
2025-10-30,16:18,ZBTUSDT,SELL,12
2025-10-30,16:18,CYBERUSDT,SELL,7
2025-10-30,16:18,HANAUSDT,SELL,11
2025-10-30,16:18,TUTUSDT,SELL,8
2025-10-30,16:19,LTCUSDT,SELL,16
2025-10-30,16:19,ZBTUSDT,SELL,10
2025-10-30,16:19,ENAUSDT,SELL,7
2025-10-30,16:19,AVAXUSDT,SELL,17
2025-10-30,16:19,SUIUSDT,SELL,13
2025-10-30,16:19,DOGEUSDT,SELL,16
2025-10-30,16:19,ADAUSDT,SELL,19
2025-10-30,16:19,SOLUSDT,SELL,16
2025-10-30,16:19,XRPUSDT,SELL,10
2025-10-30,16:19,HYPEUSDT,SELL,16
2025-10-30,16:19,CAKEUSDT,SELL,7
2025-10-30,16:19,1000PEPEUSDT,SELL,9
2025-10-30,16:19,ETHFIUSDT,SELL,7
2025-10-30,16:19,COAIUSDT,SELL,13
2025-10-30,16:19,XPLUSDT,SELL,9
2025-10-30,16:19,PUMPUSDT,SELL,18
2025-10-30,16:19,TUTUSDT,SELL,7
2025-10-30,16:19,FFUSDT,SELL,7
2025-10-30,16:19,PENGUUSDT,SELL,8
2025-10-30,16:19,SNXUSDT,SELL,7
2025-10-30,16:19,RIVERUSDT,SELL,11
2025-10-30,16:19,RVVUSDT,SELL,8
2025-10-30,16:20,AIAUSDT,BUY,8
2025-10-30,16:20,4USDT,SELL,13
2025-10-30,16:21,4USDT,SELL,13
2025-10-30,16:23,JELLYJELLYUSDT,BUY,10
2025-10-30,16:23,AIAUSDT,BUY,11
2025-10-30,16:24,AIAUSDT,BUY,7
2025-10-30,16:26,COAIUSDT,SELL,9
2025-10-30,16:26,PUMPUSDT,SELL,9
2025-10-30,16:26,MUSDT,SELL,7
2025-10-30,16:27,MUSDT,SELL,7
2025-10-30,16:27,ENSOUSDT,SELL,7
2025-10-30,16:28,ENSOUSDT,SELL,7
2025-10-30,16:30,FLMUSDT,BUY,7
2025-10-30,16:30,PTBUSDT,SELL,10
2025-10-30,16:30,MUSDT,SELL,8
2025-10-30,16:31,FLMUSDT,BUY,11
2025-10-30,16:31,PTBUSDT,SELL,10
2025-10-30,16:31,SOLUSDT,SELL,13
2025-10-30,16:31,PENGUUSDT,SELL,7
2025-10-30,16:31,MUSDT,SELL,8
2025-10-30,16:31,JELLYJELLYUSDT,BUY,10
2025-10-30,16:32,JELLYJELLYUSDT,BUY,10
2025-10-30,16:32,SOLUSDT,SELL,7
2025-10-30,16:32,ARIAUSDT,SELL,11
2025-10-30,16:33,ARIAUSDT,SELL,11
2025-10-30,16:33,BTCUSDT,SELL,7
2025-10-30,16:34,BTCUSDT,SELL,11
2025-10-30,16:36,COAIUSDT,SELL,13
2025-10-30,16:36,ETHUSDT,SELL,9
2025-10-30,16:37,COAIUSDT,SELL,19
2025-10-30,16:37,ENSOUSDT,SELL,14
2025-10-30,16:37,ZBTUSDT,SELL,7
2025-10-30,16:37,ETHUSDT,SELL,33
2025-10-30,16:37,LINKUSDT,SELL,12
2025-10-30,16:37,ADAUSDT,SELL,14
2025-10-30,16:37,FARTCOINUSDT,SELL,10
2025-10-30,16:37,ATOMUSDT,SELL,8
2025-10-30,16:37,BTCUSDT,SELL,25
2025-10-30,16:37,ENAUSDT,SELL,7
2025-10-30,16:37,SOLUSDT,SELL,11
2025-10-30,16:37,ETHUSDC,SELL,7
2025-10-30,16:37,1000PEPEUSDT,SELL,10
2025-10-30,16:37,DOGEUSDT,SELL,12
2025-10-30,16:37,XRPUSDT,SELL,13
2025-10-30,16:38,ETHUSDT,SELL,27
2025-10-30,16:38,SOLUSDT,SELL,12
2025-10-30,16:38,BTCUSDT,SELL,25
2025-10-30,16:38,LINKUSDT,SELL,13
2025-10-30,16:38,XRPUSDT,SELL,12
2025-10-30,16:38,1000PEPEUSDT,SELL,10
2025-10-30,16:38,ETHUSDC,SELL,7
2025-10-30,16:38,DOGEUSDT,SELL,12
2025-10-30,16:38,ADAUSDT,SELL,13
2025-10-30,16:38,ENAUSDT,SELL,14
2025-10-30,16:38,LINEAUSDT,SELL,7
2025-10-30,16:39,ENAUSDT,SELL,10
2025-10-30,16:39,LABUSDT,SELL,9
2025-10-30,16:40,LTCUSDT,SELL,10
2025-10-30,16:40,LABUSDT,SELL,12
2025-10-30,16:40,ENAUSDT,SELL,9
2025-10-30,16:40,ETHUSDT,SELL,7
2025-10-30,16:41,ENAUSDT,SELL,13
2025-10-30,16:41,LTCUSDT,SELL,10
2025-10-30,16:41,DOGEUSDT,SELL,11
2025-10-30,16:41,XRPUSDT,SELL,10
2025-10-30,16:41,AVAXUSDT,SELL,9
2025-10-30,16:41,SOLUSDT,SELL,9
2025-10-30,16:41,AIUSDT,SELL,7
2025-10-30,16:41,APEUSDT,SELL,8
2025-10-30,16:41,ETHUSDT,SELL,18
2025-10-30,16:41,1000PEPEUSDT,SELL,11
2025-10-30,16:41,BTCUSDT,SELL,11
2025-10-30,16:41,ASTERUSDT,SELL,11
2025-10-30,16:41,1000FLOKIUSDT,SELL,8
2025-10-30,16:41,ETHFIUSDT,SELL,7
2025-10-30,16:41,BNBUSDT,SELL,8
2025-10-30,16:41,SUIUSDT,SELL,8
2025-10-30,16:41,ARBUSDT,SELL,9
2025-10-30,16:41,ETHUSDC,SELL,7
2025-10-30,16:41,ENSOUSDT,SELL,9
2025-10-30,16:42,DOGEUSDT,SELL,7
2025-10-30,16:42,1000PEPEUSDT,SELL,7
2025-10-30,16:42,ETHUSDT,SELL,11
2025-10-30,16:42,ENSOUSDT,SELL,7
2025-10-30,16:42,ARBUSDT,SELL,7
2025-10-30,16:46,HYPEUSDT,SELL,10
2025-10-30,16:46,FFUSDT,SELL,9
2025-10-30,16:46,PTBUSDT,SELL,7
2025-10-30,16:46,ZECUSDT,SELL,11
2025-10-30,16:46,ASTERUSDT,SELL,19
2025-10-30,16:46,XRPUSDT,SELL,15
2025-10-30,16:46,XRPUSDC,SELL,8
2025-10-30,16:46,SOLUSDT,SELL,14
2025-10-30,16:46,BTCUSDT,SELL,13
2025-10-30,16:46,SUIUSDT,SELL,7
2025-10-30,16:46,ETHUSDT,SELL,8
2025-10-30,16:46,SOLUSDC,SELL,7
2025-10-30,16:46,AVAXUSDT,SELL,9
2025-10-30,16:46,BNBUSDT,SELL,7
2025-10-30,16:46,LINKUSDT,SELL,7
2025-10-30,16:47,ZECUSDT,SELL,13
2025-10-30,16:47,ASTERUSDT,SELL,29
2025-10-30,16:47,DEGOUSDT,SELL,11
2025-10-30,16:47,XRPUSDT,SELL,17
2025-10-30,16:47,XRPUSDC,SELL,9
2025-10-30,16:47,SOLUSDT,SELL,21
2025-10-30,16:47,HYPEUSDT,SELL,10
2025-10-30,16:47,BTCUSDT,SELL,23
2025-10-30,16:47,SUIUSDT,SELL,14
2025-10-30,16:47,ETHUSDT,SELL,16
2025-10-30,16:47,XPLUSDT,SELL,10
2025-10-30,16:47,SOLUSDC,SELL,11
2025-10-30,16:47,AVAXUSDT,SELL,11
2025-10-30,16:47,WLDUSDT,SELL,7
2025-10-30,16:47,PHBUSDT,SELL,7
2025-10-30,16:47,ONDOUSDT,SELL,7
2025-10-30,16:47,TAOUSDT,SELL,8
2025-10-30,16:47,ENAUSDT,SELL,8
2025-10-30,16:47,ZENUSDT,SELL,9
2025-10-30,16:47,BNBUSDT,SELL,17
2025-10-30,16:47,COAIUSDT,SELL,8
2025-10-30,16:47,1000PEPEUSDT,SELL,7
2025-10-30,16:47,LINKUSDT,SELL,10
2025-10-30,16:47,ADAUSDT,SELL,9
2025-10-30,16:47,DOGEUSDT,SELL,7
2025-10-30,16:47,FARTCOINUSDT,SELL,8
2025-10-30,16:47,LTCUSDT,SELL,9
2025-10-30,16:48,ASTERUSDT,SELL,10
2025-10-30,16:48,BTCUSDT,SELL,10
2025-10-30,16:48,SOLUSDT,SELL,7
2025-10-30,16:48,ETHUSDT,SELL,9
2025-10-30,16:48,SUIUSDT,SELL,7
2025-10-30,16:48,DEGOUSDT,SELL,9
2025-10-30,16:48,BNBUSDT,SELL,10
2025-10-30,16:51,SAPIENUSDT,BUY,9
2025-10-30,16:52,SAPIENUSDT,BUY,7
2025-10-30,16:54,PUMPUSDT,SELL,8
2025-10-30,16:54,DEGOUSDT,SELL,8
2025-10-30,16:55,DEGOUSDT,SELL,12
2025-10-30,16:55,PUMPUSDT,SELL,10
2025-10-30,17:00,HBARUSDT,SELL,7
2025-10-30,17:00,COAIUSDT,BUY,7
2025-10-30,17:00,LINKUSDT,SELL,7
2025-10-30,17:00,SUIUSDT,SELL,7
2025-10-30,17:01,ZBTUSDT,SELL,9
2025-10-30,17:01,HBARUSDT,SELL,9
2025-10-30,17:01,ICPUSDT,SELL,7
2025-10-30,17:01,LINKUSDT,SELL,12
2025-10-30,17:01,SUIUSDT,SELL,15
2025-10-30,17:01,BNBUSDT,SELL,8
2025-10-30,17:01,QUSDT,SELL,8
2025-10-30,17:01,1000FLOKIUSDT,SELL,7
2025-10-30,17:01,SOLUSDT,SELL,11
2025-10-30,17:02,TAOUSDT,SELL,8
2025-10-30,17:02,SOLUSDT,SELL,24
2025-10-30,17:02,CAKEUSDT,SELL,10
2025-10-30,17:02,WLDUSDT,SELL,7
2025-10-30,17:02,HBARUSDT,SELL,7
2025-10-30,17:02,ADAUSDT,SELL,10
2025-10-30,17:02,LINKUSDT,SELL,9
2025-10-30,17:02,DOGEUSDT,SELL,16
2025-10-30,17:02,EPTUSDT,SELL,8
2025-10-30,17:02,1000PEPEUSDT,SELL,10
2025-10-30,17:02,TONUSDT,SELL,7
2025-10-30,17:02,1000FLOKIUSDT,SELL,7
2025-10-30,17:02,SUIUSDT,SELL,17
2025-10-30,17:02,PUMPUSDT,SELL,12
2025-10-30,17:02,SOLUSDC,SELL,8
2025-10-30,17:02,BNBUSDT,SELL,20
2025-10-30,17:02,APTUSDT,SELL,11
2025-10-30,17:03,SUIUSDT,SELL,9
2025-10-30,17:03,DOGEUSDT,SELL,12
2025-10-30,17:03,SOLUSDT,SELL,17
2025-10-30,17:03,BNBUSDT,SELL,14
2025-10-30,17:03,ETHUSDT,SELL,11
2025-10-30,17:03,PUMPUSDT,SELL,10
2025-10-30,17:03,APTUSDT,SELL,10
2025-10-30,17:03,EPTUSDT,SELL,10
2025-10-30,17:03,CAKEUSDT,SELL,9
2025-10-30,17:03,ADAUSDT,SELL,7
2025-10-30,17:03,OLUSDT,SELL,9
2025-10-30,17:04,OLUSDT,SELL,9
2025-10-30,17:04,COAIUSDT,BUY,8
2025-10-30,17:05,COAIUSDT,BUY,9
2025-10-30,17:05,ETHUSDT,BUY,9
2025-10-30,17:06,ETHUSDT,BUY,12
2025-10-30,17:06,BTCUSDT,BUY,8
2025-10-30,17:06,XRPUSDT,BUY,7
2025-10-30,17:07,BTCUSDT,BUY,8
2025-10-30,17:07,ETHUSDT,BUY,9
2025-10-30,17:09,币安人生USDT,SELL,9
2025-10-30,17:10,币安人生USDT,SELL,8
2025-10-30,17:11,PIPPINUSDT,BUY,7
2025-10-30,17:12,币安人生USDT,SELL,8
2025-10-30,17:13,币安人生USDT,SELL,9
2025-10-30,17:13,AIOTUSDT,SELL,12
2025-10-30,17:14,AIOTUSDT,SELL,12
2025-10-30,17:14,PIPPINUSDT,SELL,8
2025-10-30,17:15,LABUSDT,BUY,7
2025-10-30,17:15,PIPPINUSDT,SELL,21
2025-10-30,17:16,PIPPINUSDT,SELL,25
2025-10-30,17:17,ASTERUSDT,SELL,9
2025-10-30,17:17,AIAUSDT,SELL,8
2025-10-30,17:18,ASTERUSDT,SELL,9
2025-10-30,17:19,GIGGLEUSDT,SELL,11
2025-10-30,17:19,4USDT,SELL,8
2025-10-30,17:20,GIGGLEUSDT,SELL,9
2025-10-30,17:20,ASTERUSDT,SELL,7
2025-10-30,17:20,BLESSUSDT,SELL,10
2025-10-30,17:20,FLMUSDT,SELL,13
2025-10-30,17:21,FLMUSDT,SELL,7
2025-10-30,17:21,BLESSUSDT,SELL,17
2025-10-30,17:21,BUSDT,SELL,8
2025-10-30,17:22,BLESSUSDT,SELL,8
2025-10-30,17:22,币安人生USDT,SELL,19
2025-10-30,17:23,币安人生USDT,SELL,17
2025-10-30,17:24,BLESSUSDT,SELL,7
2025-10-30,17:25,JELLYJELLYUSDT,BUY,12
2025-10-30,17:25,HANAUSDT,SELL,7
2025-10-30,17:25,AIAUSDT,SELL,10
2025-10-30,17:25,BASUSDT,SELL,13
2025-10-30,17:25,BLESSUSDT,SELL,8
2025-10-30,17:26,BASUSDT,SELL,13
2025-10-30,17:26,币安人生USDT,SELL,10
2025-10-30,17:26,FORMUSDT,SELL,8
2025-10-30,17:26,AIAUSDT,SELL,9
2025-10-30,17:28,JELLYJELLYUSDT,BUY,14
2025-10-30,17:28,ETHUSDT,BUY,15
2025-10-30,17:29,ETHUSDT,BUY,7
2025-10-30,17:29,JELLYJELLYUSDT,BUY,18
2025-10-30,17:29,ZECUSDT,BUY,7
2025-10-30,17:30,JELLYJELLYUSDT,BUY,13
2025-10-30,17:30,FLMUSDT,BUY,7
2025-10-30,17:31,FLMUSDT,BUY,9
2025-10-30,17:32,TRUMPUSDT,SELL,13
2025-10-30,17:33,TRUMPUSDT,SELL,9
2025-10-30,17:33,GIGGLEUSDT,BUY,8
2025-10-30,17:34,GIGGLEUSDT,BUY,15
2025-10-30,17:35,GIGGLEUSDT,BUY,8
2025-10-30,17:35,4USDT,SELL,8
2025-10-30,17:36,4USDT,SELL,13
2025-10-30,17:37,EVAAUSDT,BUY,9
2025-10-30,17:39,OLUSDT,BUY,9
2025-10-30,17:40,JELLYJELLYUSDT,BUY,22
2025-10-30,17:41,ETHUSDT,SELL,7
2025-10-30,17:43,JELLYJELLYUSDT,BUY,12
2025-10-30,17:43,TRUMPUSDT,SELL,13
2025-10-30,17:44,TRUMPUSDT,SELL,13
2025-10-30,17:44,HANAUSDT,SELL,14
2025-10-30,17:44,ETHUSDT,SELL,8
2025-10-30,17:45,HANAUSDT,SELL,8
2025-10-30,17:46,JELLYJELLYUSDT,SELL,8
2025-10-30,17:46,币安人生USDT,BUY,7
2025-10-30,17:46,1000RATSUSDT,SELL,9
2025-10-30,17:47,1000RATSUSDT,SELL,14
2025-10-30,17:47,币安人生USDT,BUY,7
2025-10-30,17:47,ZEREBROUSDT,BUY,7
2025-10-30,17:52,RECALLUSDT,SELL,7
2025-10-30,17:53,BLUAIUSDT,SELL,7
2025-10-30,17:53,ETHUSDT,SELL,7
2025-10-30,17:54,ETHUSDT,SELL,7
2025-10-30,17:56,GIGGLEUSDT,BUY,12
2025-10-30,17:56,JELLYJELLYUSDT,BUY,9
2025-10-30,17:57,JELLYJELLYUSDT,BUY,9
2025-10-30,17:57,GIGGLEUSDT,BUY,9
2025-10-30,17:58,JELLYJELLYUSDT,BUY,10
2025-10-30,17:59,JELLYJELLYUSDT,BUY,18
2025-10-30,18:02,ZECUSDT,SELL,7
2025-10-30,18:02,ETHUSDT,SELL,7
2025-10-30,18:03,CELOUSDT,SELL,7
2025-10-30,18:03,CRVUSDT,SELL,7
2025-10-30,18:03,JELLYJELLYUSDT,BUY,8
2025-10-30,18:03,ZECUSDT,SELL,10
2025-10-30,18:03,ETHUSDT,SELL,24
2025-10-30,18:03,PENGUUSDT,SELL,8
2025-10-30,18:03,币安人生USDT,SELL,7
2025-10-30,18:03,FETUSDT,SELL,9
2025-10-30,18:03,SNXUSDT,SELL,15
2025-10-30,18:03,JTOUSDT,SELL,9
2025-10-30,18:03,XPLUSDT,SELL,9
2025-10-30,18:03,LDOUSDT,SELL,12
2025-10-30,18:03,FILUSDT,SELL,14
2025-10-30,18:03,BANANAUSDT,SELL,8
2025-10-30,18:03,WLDUSDT,SELL,14
2025-10-30,18:03,GALAUSDT,SELL,13
2025-10-30,18:03,PHBUSDT,SELL,12
2025-10-30,18:03,ENAUSDT,SELL,21
2025-10-30,18:03,OPUSDT,SELL,17
2025-10-30,18:03,1000PEPEUSDT,SELL,11
2025-10-30,18:03,INJUSDT,SELL,7
2025-10-30,18:03,NEARUSDT,SELL,10
2025-10-30,18:03,ARBUSDT,SELL,14
2025-10-30,18:03,FARTCOINUSDT,SELL,17
2025-10-30,18:03,WIFUSDT,SELL,11
2025-10-30,18:03,SUSDT,SELL,10
2025-10-30,18:03,POPCATUSDT,SELL,7
2025-10-30,18:03,ASTERUSDT,SELL,10
2025-10-30,18:03,ADAUSDT,SELL,8
2025-10-30,18:03,EIGENUSDT,SELL,8
2025-10-30,18:03,SOLUSDT,SELL,21
2025-10-30,18:03,TRUMPUSDT,SELL,10
2025-10-30,18:03,AVAXUSDT,SELL,15
2025-10-30,18:03,RSRUSDT,SELL,8
2025-10-30,18:03,LINKUSDT,SELL,12
2025-10-30,18:03,MYROUSDT,SELL,7
2025-10-30,18:03,SUIUSDT,SELL,8
2025-10-30,18:03,KNCUSDT,SELL,7
2025-10-30,18:03,DOTUSDT,SELL,8
2025-10-30,18:03,SEIUSDT,SELL,8
2025-10-30,18:03,LTCUSDT,SELL,8
2025-10-30,18:03,TUTUSDT,SELL,8
2025-10-30,18:03,BELUSDT,SELL,8
2025-10-30,18:03,1000BONKUSDT,SELL,10
2025-10-30,18:03,ALGOUSDT,SELL,7
2025-10-30,18:03,APTUSDT,SELL,7
2025-10-30,18:03,WUSDT,SELL,7
2025-10-30,18:03,ETHFIUSDT,SELL,11
2025-10-30,18:03,TIAUSDT,SELL,8
2025-10-30,18:03,1000SHIBUSDT,SELL,7
2025-10-30,18:03,ZKUSDT,SELL,7
2025-10-30,18:04,TRUMPUSDT,SELL,10
2025-10-30,18:04,AVAXUSDT,SELL,15
2025-10-30,18:04,ARBUSDT,SELL,12
2025-10-30,18:04,ETHUSDT,SELL,17
2025-10-30,18:04,LDOUSDT,SELL,9
2025-10-30,18:04,SOLUSDT,SELL,20
2025-10-30,18:04,RSRUSDT,SELL,8
2025-10-30,18:04,SUSDT,SELL,8
2025-10-30,18:04,WIFUSDT,SELL,10
2025-10-30,18:04,OPUSDT,SELL,13
2025-10-30,18:04,ADAUSDT,SELL,7
2025-10-30,18:04,LINKUSDT,SELL,12
2025-10-30,18:04,FARTCOINUSDT,SELL,14
2025-10-30,18:04,FILUSDT,SELL,11
2025-10-30,18:04,MYROUSDT,SELL,7
2025-10-30,18:04,SUIUSDT,SELL,8
2025-10-30,18:04,KNCUSDT,SELL,7
2025-10-30,18:04,SNXUSDT,SELL,11
2025-10-30,18:04,NEARUSDT,SELL,9
2025-10-30,18:04,DOTUSDT,SELL,8
2025-10-30,18:04,SEIUSDT,SELL,8
2025-10-30,18:04,ENAUSDT,SELL,15
2025-10-30,18:04,LTCUSDT,SELL,8
2025-10-30,18:04,GALAUSDT,SELL,12
2025-10-30,18:04,TUTUSDT,SELL,8
2025-10-30,18:04,BELUSDT,SELL,8
2025-10-30,18:04,1000PEPEUSDT,SELL,10
2025-10-30,18:04,1000BONKUSDT,SELL,10
2025-10-30,18:04,BANANAUSDT,SELL,7
2025-10-30,18:04,AGTUSDT,SELL,8
2025-10-30,18:04,ASTERUSDT,SELL,12
2025-10-30,18:04,WLDUSDT,SELL,10
2025-10-30,18:04,ALGOUSDT,SELL,7
2025-10-30,18:04,APTUSDT,SELL,7
2025-10-30,18:04,WUSDT,SELL,7
2025-10-30,18:04,币安人生USDT,SELL,9
2025-10-30,18:04,ETHFIUSDT,SELL,11
2025-10-30,18:04,TIAUSDT,SELL,8
2025-10-30,18:04,FETUSDT,SELL,8
2025-10-30,18:04,XPLUSDT,SELL,7
2025-10-30,18:04,1000SHIBUSDT,SELL,7
2025-10-30,18:04,ZKUSDT,SELL,7
2025-10-30,18:05,ZEREBROUSDT,SELL,7
2025-10-30,18:05,ASTERUSDT,SELL,13
2025-10-30,18:05,ENAUSDT,SELL,16
2025-10-30,18:05,BTCUSDT,SELL,14
2025-10-30,18:05,ETHUSDT,SELL,10
2025-10-30,18:05,ARBUSDT,SELL,7
2025-10-30,18:06,ASTERUSDT,SELL,16
2025-10-30,18:06,ENAUSDT,SELL,19
2025-10-30,18:06,BNBUSDT,SELL,7
2025-10-30,18:06,SUIUSDT,SELL,7
2025-10-30,18:06,BTCUSDT,SELL,22
2025-10-30,18:06,APTUSDT,SELL,7
2025-10-30,18:06,ETHUSDT,SELL,22
2025-10-30,18:06,XRPUSDT,SELL,8
2025-10-30,18:06,1000PEPEUSDT,SELL,7
2025-10-30,18:06,AVNTUSDT,SELL,7
2025-10-30,18:06,ARBUSDT,SELL,8
2025-10-30,18:06,ETHUSDC,SELL,7
2025-10-30,18:06,DOGEUSDT,SELL,7
2025-10-30,18:06,RVVUSDT,SELL,12
2025-10-30,18:06,CUDISUSDT,SELL,8
2025-10-30,18:06,SOLUSDT,SELL,9
2025-10-30,18:06,AVAXUSDT,SELL,7
2025-10-30,18:06,ALICEUSDT,SELL,7
2025-10-30,18:06,FARTCOINUSDT,SELL,9
2025-10-30,18:06,WLDUSDT,SELL,8
2025-10-30,18:07,BTCUSDT,SELL,9
2025-10-30,18:07,ETHUSDT,SELL,13
2025-10-30,18:07,RVVUSDT,SELL,11
2025-10-30,18:11,JELLYJELLYUSDT,BUY,10
2025-10-30,18:14,JELLYJELLYUSDT,SELL,11
2025-10-30,18:14,BTCUSDT,SELL,10
2025-10-30,18:14,TRUMPUSDT,SELL,11
2025-10-30,18:15,TRUMPUSDT,SELL,18
2025-10-30,18:15,BTCUSDT,SELL,12
2025-10-30,18:15,ENAUSDT,SELL,8
2025-10-30,18:16,TRUMPUSDT,SELL,7
2025-10-30,18:16,ETHFIUSDT,SELL,7
2025-10-30,18:16,BTCUSDT,SELL,13
2025-10-30,18:16,ENAUSDT,SELL,8
2025-10-30,18:16,PIPPINUSDT,SELL,8
2025-10-30,18:17,BTCUSDT,SELL,15
2025-10-30,18:17,ENAUSDT,SELL,9
2025-10-30,18:17,ETHFIUSDT,SELL,10
2025-10-30,18:17,BNBUSDT,SELL,10
2025-10-30,18:17,ETHUSDT,SELL,11
2025-10-30,18:18,BNBUSDT,SELL,7
2025-10-30,18:18,AIAUSDT,BUY,9
2025-10-30,18:19,AIAUSDT,BUY,8
2025-10-30,18:19,JELLYJELLYUSDT,BUY,10
2025-10-30,18:19,ETHUSDT,SELL,8
2025-10-30,18:20,JELLYJELLYUSDT,BUY,8
2025-10-30,18:20,ETHUSDT,SELL,31
2025-10-30,18:20,SOLUSDT,SELL,17
2025-10-30,18:20,XRPUSDT,SELL,7
2025-10-30,18:20,DOGEUSDT,SELL,10
2025-10-30,18:20,ETHUSDC,SELL,13
2025-10-30,18:20,EVAAUSDT,SELL,11
2025-10-30,18:20,BTCUSDT,SELL,30
2025-10-30,18:20,BNBUSDT,SELL,12
2025-10-30,18:20,BTCUSDC,SELL,15
2025-10-30,18:20,ADAUSDT,SELL,8
2025-10-30,18:21,BTCUSDT,SELL,38
2025-10-30,18:21,SOLUSDT,SELL,27
2025-10-30,18:21,DOGEUSDT,SELL,19
2025-10-30,18:21,ETHUSDT,SELL,35
2025-10-30,18:21,BNBUSDT,SELL,25
2025-10-30,18:21,TAOUSDT,SELL,15
2025-10-30,18:21,ENAUSDT,SELL,15
2025-10-30,18:21,NEIROUSDT,SELL,8
2025-10-30,18:21,HYPEUSDT,SELL,7
2025-10-30,18:21,DOTUSDT,SELL,12
2025-10-30,18:21,ETHUSDC,SELL,18
2025-10-30,18:21,BTCUSDC,SELL,20
2025-10-30,18:21,BNBUSDC,SELL,8
2025-10-30,18:21,XRPUSDT,SELL,17
2025-10-30,18:21,ETHFIUSDT,SELL,9
2025-10-30,18:21,ASTERUSDT,SELL,10
2025-10-30,18:21,COAIUSDT,SELL,9
2025-10-30,18:21,INJUSDT,SELL,7
2025-10-30,18:21,AVAXUSDT,SELL,9
2025-10-30,18:21,1000PEPEUSDT,SELL,14
2025-10-30,18:21,LINKUSDT,SELL,15
2025-10-30,18:21,ADAUSDT,SELL,15
2025-10-30,18:21,ARKMUSDT,SELL,7
2025-10-30,18:21,DASHUSDT,SELL,7
2025-10-30,18:21,FARTCOINUSDT,SELL,7
2025-10-30,18:21,LTCUSDT,SELL,10
2025-10-30,18:21,SEIUSDT,SELL,8
2025-10-30,18:21,PIPPINUSDT,BUY,9
2025-10-30,18:21,SOLUSDC,SELL,9
2025-10-30,18:21,SUIUSDT,SELL,13
2025-10-30,18:21,EIGENUSDT,SELL,10
2025-10-30,18:21,ETCUSDT,SELL,8
2025-10-30,18:21,TRUMPUSDT,SELL,14
2025-10-30,18:21,ONDOUSDT,SELL,7
2025-10-30,18:21,PENGUUSDT,SELL,10
2025-10-30,18:21,ZENUSDT,SELL,9
2025-10-30,18:21,LDOUSDT,SELL,7
2025-10-30,18:21,1000SHIBUSDT,SELL,8
2025-10-30,18:21,MUBARAKUSDT,SELL,9
2025-10-30,18:21,RENDERUSDT,SELL,8
2025-10-30,18:21,WLDUSDT,SELL,11
2025-10-30,18:21,OPUSDT,SELL,10
2025-10-30,18:21,FILUSDT,SELL,7
2025-10-30,18:21,TIAUSDT,SELL,7
2025-10-30,18:21,ARBUSDT,SELL,10
2025-10-30,18:22,MUBARAKUSDT,SELL,8
2025-10-30,18:22,ZENUSDT,SELL,8
2025-10-30,18:22,ENAUSDC,SELL,7
2025-10-30,18:22,ENAUSDT,SELL,14
2025-10-30,18:22,WLDUSDT,SELL,13
2025-10-30,18:22,DOTUSDT,SELL,7
2025-10-30,18:22,XRPUSDT,SELL,15
2025-10-30,18:22,DOGEUSDT,SELL,14
2025-10-30,18:22,PENGUUSDT,SELL,9
2025-10-30,18:22,TAOUSDT,SELL,11
2025-10-30,18:22,HYPEUSDT,SELL,10
2025-10-30,18:22,BTCUSDT,SELL,24
2025-10-30,18:22,TRUMPUSDT,SELL,20
2025-10-30,18:22,1000PEPEUSDT,SELL,12
2025-10-30,18:22,AVAXUSDT,SELL,8
2025-10-30,18:22,ADAUSDT,SELL,9
2025-10-30,18:22,LINKUSDT,SELL,11
2025-10-30,18:22,BNBUSDT,SELL,19
2025-10-30,18:22,ETHUSDT,SELL,24
2025-10-30,18:22,SOLUSDT,SELL,26
2025-10-30,18:22,NEIROUSDT,SELL,7
2025-10-30,18:22,ETHUSDC,SELL,9
2025-10-30,18:22,LDOUSDT,SELL,8
2025-10-30,18:22,RENDERUSDT,SELL,7
2025-10-30,18:22,EIGENUSDT,SELL,15
2025-10-30,18:22,SUIUSDT,SELL,15
2025-10-30,18:22,ETHFIUSDT,SELL,12
2025-10-30,18:22,LTCUSDT,SELL,9
2025-10-30,18:22,SOLUSDC,SELL,13
2025-10-30,18:22,BNBUSDC,SELL,8
2025-10-30,18:22,OPUSDT,SELL,14
2025-10-30,18:22,FETUSDT,SELL,8
2025-10-30,18:22,ASTERUSDT,SELL,11
2025-10-30,18:22,1000LUNCUSDT,SELL,7
2025-10-30,18:22,FILUSDT,SELL,9
2025-10-30,18:22,TIAUSDT,SELL,9
2025-10-30,18:22,ARKMUSDT,SELL,7
2025-10-30,18:22,CRVUSDT,SELL,8
2025-10-30,18:22,BBUSDT,SELL,7
2025-10-30,18:22,ARBUSDT,SELL,11
2025-10-30,18:22,ZKCUSDT,SELL,8
2025-10-30,18:22,BASUSDT,SELL,9
2025-10-30,18:22,PNUTUSDT,SELL,7
2025-10-30,18:22,BTRUSDT,SELL,7
2025-10-30,18:22,YALAUSDT,SELL,7
2025-10-30,18:23,BTRUSDT,SELL,7
2025-10-30,18:23,ENAUSDT,SELL,7
2025-10-30,18:23,BASUSDT,SELL,12
2025-10-30,18:23,ETHUSDT,SELL,27
2025-10-30,18:23,EIGENUSDT,SELL,8
2025-10-30,18:23,SUIUSDT,SELL,8
2025-10-30,18:23,BTCUSDT,SELL,30
2025-10-30,18:23,ASTERUSDT,SELL,12
2025-10-30,18:23,USELESSUSDT,SELL,7
2025-10-30,18:23,BIOUSDT,SELL,7
2025-10-30,18:23,ZKCUSDT,SELL,8
2025-10-30,18:23,SOLUSDT,SELL,27
2025-10-30,18:23,HYPEUSDT,SELL,17
2025-10-30,18:23,BNBUSDT,SELL,26
2025-10-30,18:23,SOLUSDC,SELL,9
2025-10-30,18:23,CAKEUSDT,SELL,8
2025-10-30,18:23,ETHFIUSDT,SELL,7
2025-10-30,18:23,BNBUSDC,SELL,8
2025-10-30,18:23,FORMUSDT,SELL,8
2025-10-30,18:24,BTCUSDT,SELL,23
2025-10-30,18:24,ASTERUSDT,SELL,11
2025-10-30,18:24,ETHUSDT,SELL,22
2025-10-30,18:24,SOLUSDT,SELL,22
2025-10-30,18:24,ENAUSDT,SELL,7
2025-10-30,18:24,NEIROUSDT,SELL,8
2025-10-30,18:24,BNBUSDT,SELL,26
2025-10-30,18:24,BASUSDT,SELL,9
2025-10-30,18:24,ETHFIUSDT,SELL,7
2025-10-30,18:24,BNBUSDC,SELL,9
2025-10-30,18:24,4USDT,SELL,7
2025-10-30,18:24,APTUSDT,SELL,7
2025-10-30,18:24,XLMUSDT,SELL,7
2025-10-30,18:24,ADAUSDT,SELL,7
2025-10-30,18:24,ARBUSDT,SELL,7
2025-10-30,18:24,1000PEPEUSDT,SELL,12
2025-10-30,18:24,FORMUSDT,SELL,11
2025-10-30,18:24,DOGEUSDT,SELL,11
2025-10-30,18:24,1000FLOKIUSDT,SELL,8
2025-10-30,18:24,SUIUSDT,SELL,8
2025-10-30,18:24,CAKEUSDT,SELL,10
2025-10-30,18:24,EPICUSDT,SELL,7
2025-10-30,18:24,SKATEUSDT,SELL,7
2025-10-30,18:25,SOLUSDT,SELL,15
2025-10-30,18:25,DOGEUSDT,SELL,8
2025-10-30,18:25,1000FLOKIUSDT,SELL,7
2025-10-30,18:25,ETHUSDT,SELL,7
2025-10-30,18:25,1000PEPEUSDT,SELL,9
2025-10-30,18:25,XRPUSDT,SELL,7
2025-10-30,18:25,SKATEUSDT,SELL,7
2025-10-30,18:25,JELLYJELLYUSDT,SELL,7
2025-10-30,18:25,MYXUSDT,SELL,7
2025-10-30,18:26,SOLUSDT,SELL,7
2025-10-30,18:26,BANKUSDT,SELL,7
2025-10-30,18:27,BANKUSDT,SELL,7
2025-10-30,18:28,SKATEUSDT,SELL,12
2025-10-30,18:28,ZBTUSDT,SELL,8
2025-10-30,18:28,MEMEUSDT,SELL,7
2025-10-30,18:28,4USDT,SELL,9
2025-10-30,18:29,SKATEUSDT,SELL,13
2025-10-30,18:29,4USDT,SELL,11
2025-10-30,18:29,FORMUSDT,SELL,7
2025-10-30,18:29,DOGEUSDT,SELL,10
2025-10-30,18:30,SKATEUSDT,SELL,14
2025-10-30,18:30,DOGEUSDT,SELL,25
2025-10-30,18:30,CUSDT,SELL,9
2025-10-30,18:30,FORMUSDT,SELL,12
2025-10-30,18:30,DOGEUSDC,SELL,8
2025-10-30,18:30,币安人生USDT,SELL,9
2025-10-30,18:30,BASUSDT,SELL,10
2025-10-30,18:30,OMUSDT,SELL,11
2025-10-30,18:30,SUSDT,SELL,7
2025-10-30,18:30,FETUSDT,SELL,10
2025-10-30,18:30,AXSUSDT,SELL,7
2025-10-30,18:30,FARTCOINUSDT,SELL,14
2025-10-30,18:30,ETHFIUSDT,SELL,15
2025-10-30,18:30,BANANAS31USDT,SELL,7
2025-10-30,18:30,LABUSDT,SELL,8
2025-10-30,18:30,NEIROUSDT,SELL,12
2025-10-30,18:30,BELUSDT,SELL,10
2025-10-30,18:30,PHBUSDT,SELL,10
2025-10-30,18:30,SOLUSDT,SELL,21
2025-10-30,18:30,WLFIUSDT,SELL,8
2025-10-30,18:30,ACHUSDT,SELL,9
2025-10-30,18:30,HANAUSDT,SELL,14
2025-10-30,18:30,ENJUSDT,SELL,7
2025-10-30,18:30,LYNUSDT,SELL,9
2025-10-30,18:30,ZBTUSDT,SELL,7
2025-10-30,18:30,SKYAIUSDT,SELL,8
2025-10-30,18:30,RECALLUSDT,SELL,11
2025-10-30,18:30,4USDT,SELL,10
2025-10-30,18:30,RAREUSDT,SELL,7
2025-10-30,18:30,AIUSDT,SELL,7
2025-10-30,18:30,SNXUSDT,SELL,8
2025-10-30,18:30,XPLUSDT,SELL,15
2025-10-30,18:30,ZKCUSDT,SELL,8
2025-10-30,18:30,OPENUSDT,SELL,9
2025-10-30,18:30,AGTUSDT,SELL,11
2025-10-30,18:30,EDENUSDT,SELL,9
2025-10-30,18:30,AVNTUSDT,SELL,10
2025-10-30,18:30,INUSDT,SELL,8
2025-10-30,18:30,TANSSIUSDT,SELL,8
2025-10-30,18:30,ASTERUSDT,SELL,12
2025-10-30,18:30,DAMUSDT,SELL,8
2025-10-30,18:30,XNYUSDT,SELL,7
2025-10-30,18:30,GALAUSDT,SELL,13
2025-10-30,18:30,BTCUSDT,SELL,15
2025-10-30,18:30,TRUMPUSDT,SELL,13
2025-10-30,18:30,AIXBTUSDT,SELL,8
2025-10-30,18:30,APTUSDT,SELL,9
2025-10-30,18:30,SUIUSDT,SELL,18
2025-10-30,18:30,BATUSDT,SELL,8
2025-10-30,18:30,WLDUSDT,SELL,12
2025-10-30,18:30,ICPUSDT,SELL,9
2025-10-30,18:30,FILUSDT,SELL,12
2025-10-30,18:30,FUSDT,SELL,7
2025-10-30,18:30,ETHUSDT,SELL,20
2025-10-30,18:30,ALPINEUSDT,SELL,8
2025-10-30,18:30,1000PEPEUSDT,SELL,17
2025-10-30,18:30,SAGAUSDT,SELL,8
2025-10-30,18:30,CFXUSDT,SELL,8
2025-10-30,18:30,1000LUNCUSDT,SELL,10
2025-10-30,18:30,ADAUSDT,SELL,16
2025-10-30,18:30,XRPUSDT,SELL,16
2025-10-30,18:30,PUMPUSDT,SELL,7
2025-10-30,18:30,IPUSDT,SELL,7
2025-10-30,18:30,MYXUSDT,SELL,14
2025-10-30,18:30,DOGSUSDT,SELL,9
2025-10-30,18:30,LTCUSDT,SELL,11
2025-10-30,18:30,ETCUSDT,SELL,8
2025-10-30,18:30,HBARUSDT,SELL,8
2025-10-30,18:30,COAIUSDT,SELL,9
2025-10-30,18:30,NEARUSDT,SELL,10
2025-10-30,18:30,SUIUSDC,SELL,7
2025-10-30,18:30,1000FLOKIUSDT,SELL,12
2025-10-30,18:30,HMSTRUSDT,SELL,8
2025-10-30,18:30,EIGENUSDT,SELL,10
2025-10-30,18:30,DOTUSDT,SELL,13
2025-10-30,18:30,OPUSDT,SELL,10
2025-10-30,18:30,NOTUSDT,SELL,9
2025-10-30,18:30,SEIUSDT,SELL,8
2025-10-30,18:30,ONDOUSDT,SELL,10
2025-10-30,18:30,AVAXUSDT,SELL,11
2025-10-30,18:30,LINKUSDT,SELL,12
2025-10-30,18:30,WUSDT,SELL,7
2025-10-30,18:30,SOLUSDC,SELL,13
2025-10-30,18:30,TSTUSDT,SELL,8
2025-10-30,18:30,1000BONKUSDT,SELL,10
2025-10-30,18:30,MIRAUSDT,SELL,7
2025-10-30,18:30,DIAUSDT,SELL,8
2025-10-30,18:30,TAOUSDT,SELL,11
2025-10-30,18:30,TONUSDT,SELL,7
2025-10-30,18:30,SOMIUSDT,SELL,7
2025-10-30,18:30,TUTUSDT,SELL,8
2025-10-30,18:30,TIAUSDT,SELL,9
2025-10-30,18:30,HOTUSDT,SELL,7
2025-10-30,18:30,ARBUSDT,SELL,9
2025-10-30,18:30,ARUSDT,SELL,8
2025-10-30,18:30,WIFUSDT,SELL,8
2025-10-30,18:30,ENAUSDT,SELL,10
2025-10-30,18:30,AAVEUSDT,SELL,8
2025-10-30,18:30,RENDERUSDT,SELL,8
2025-10-30,18:30,1000SATSUSDT,SELL,8
2025-10-30,18:30,MASKUSDT,SELL,7
2025-10-30,18:30,BBUSDT,SELL,7
2025-10-30,18:30,XRPUSDC,SELL,8
2025-10-30,18:30,SWELLUSDT,SELL,7
2025-10-30,18:30,UNIUSDT,SELL,8
2025-10-30,18:30,REZUSDT,SELL,8
2025-10-30,18:30,DASHUSDT,SELL,8
2025-10-30,18:31,TRUMPUSDT,SELL,13
2025-10-30,18:31,4USDT,SELL,11
2025-10-30,18:31,XPLUSDT,SELL,18
2025-10-30,18:31,DOGEUSDT,SELL,24
2025-10-30,18:31,BELUSDT,SELL,7
2025-10-30,18:31,ICPUSDT,SELL,12
2025-10-30,18:31,FORMUSDT,SELL,7
2025-10-30,18:31,币安人生USDT,SELL,7
2025-10-30,18:31,FILUSDT,SELL,13
2025-10-30,18:31,FUSDT,SELL,8
2025-10-30,18:31,APTUSDT,SELL,12
2025-10-30,18:31,ETHUSDT,SELL,32
2025-10-30,18:31,LYNUSDT,SELL,7
2025-10-30,18:31,SOLUSDT,SELL,30
2025-10-30,18:31,QUSDT,SELL,7
2025-10-30,18:31,SUIUSDT,SELL,23
2025-10-30,18:31,NEIROUSDT,SELL,13
2025-10-30,18:31,ALPINEUSDT,SELL,11
2025-10-30,18:31,TAUSDT,SELL,7
2025-10-30,18:31,ETHFIUSDT,SELL,13
2025-10-30,18:31,1000PEPEUSDT,SELL,24
2025-10-30,18:31,BIOUSDT,SELL,8
2025-10-30,18:31,EDENUSDT,SELL,15
2025-10-30,18:31,PYTHUSDT,SELL,8
2025-10-30,18:31,AVNTUSDT,SELL,13
2025-10-30,18:31,SAGAUSDT,SELL,10
2025-10-30,18:31,CFXUSDT,SELL,8
2025-10-30,18:31,1000LUNCUSDT,SELL,11
2025-10-30,18:31,OMUSDT,SELL,11
2025-10-30,18:31,ADAUSDT,SELL,20
2025-10-30,18:31,XRPUSDT,SELL,24
2025-10-30,18:31,PNUTUSDT,SELL,9
2025-10-30,18:31,SUSDT,SELL,8
2025-10-30,18:31,PUMPUSDT,SELL,15
2025-10-30,18:31,BTCUSDT,SELL,22
2025-10-30,18:31,IPUSDT,SELL,7
2025-10-30,18:31,MYXUSDT,SELL,17
2025-10-30,18:31,DOGSUSDT,SELL,13
2025-10-30,18:31,LTCUSDT,SELL,18
2025-10-30,18:31,ETCUSDT,SELL,11
2025-10-30,18:31,HBARUSDT,SELL,11
2025-10-30,18:31,AGTUSDT,SELL,11
2025-10-30,18:31,FARTCOINUSDT,SELL,21
2025-10-30,18:31,WLFIUSDT,SELL,11
2025-10-30,18:31,COAIUSDT,SELL,16
2025-10-30,18:31,ASTERUSDT,SELL,17
2025-10-30,18:31,ZKCUSDT,SELL,10
2025-10-30,18:31,GALAUSDT,SELL,14
2025-10-30,18:31,NEARUSDT,SELL,12
2025-10-30,18:31,SUIUSDC,SELL,8
2025-10-30,18:31,WLDUSDT,SELL,16
2025-10-30,18:31,CUSDT,SELL,8
2025-10-30,18:31,COMPUSDT,SELL,7
2025-10-30,18:31,1000FLOKIUSDT,SELL,16
2025-10-30,18:31,SPKUSDT,SELL,10
2025-10-30,18:31,HMSTRUSDT,SELL,9
2025-10-30,18:31,MAGICUSDT,SELL,8
2025-10-30,18:31,DOGEUSDC,SELL,9
2025-10-30,18:31,EIGENUSDT,SELL,13
2025-10-30,18:31,XLMUSDT,SELL,7
2025-10-30,18:31,CATIUSDT,SELL,9
2025-10-30,18:31,DOTUSDT,SELL,14
2025-10-30,18:31,GMTUSDT,SELL,9
2025-10-30,18:31,OPUSDT,SELL,12
2025-10-30,18:31,NOTUSDT,SELL,10
2025-10-30,18:31,ENSOUSDT,SELL,7
2025-10-30,18:31,BLESSUSDT,SELL,7
2025-10-30,18:31,APEUSDT,SELL,8
2025-10-30,18:31,FETUSDT,SELL,10
2025-10-30,18:31,SEIUSDT,SELL,10
2025-10-30,18:31,ONDOUSDT,SELL,14
2025-10-30,18:31,XAIUSDT,SELL,7
2025-10-30,18:31,AVAXUSDT,SELL,19
2025-10-30,18:31,AIXBTUSDT,SELL,7
2025-10-30,18:31,LINKUSDT,SELL,20
2025-10-30,18:31,WUSDT,SELL,8
2025-10-30,18:31,SNXUSDT,SELL,9
2025-10-30,18:31,SOLUSDC,SELL,18
2025-10-30,18:31,ETHUSDC,SELL,11
2025-10-30,18:31,ADAUSDC,SELL,8
2025-10-30,18:31,TSTUSDT,SELL,8
2025-10-30,18:31,1000BONKUSDT,SELL,12
2025-10-30,18:31,MIRAUSDT,SELL,7
2025-10-30,18:31,DIAUSDT,SELL,8
2025-10-30,18:31,ACHUSDT,SELL,9
2025-10-30,18:31,TAOUSDT,SELL,19
2025-10-30,18:31,1MBABYDOGEUSDT,SELL,7
2025-10-30,18:31,TANSSIUSDT,SELL,7
2025-10-30,18:31,TONUSDT,SELL,10
2025-10-30,18:31,HANAUSDT,SELL,13
2025-10-30,18:31,SOMIUSDT,SELL,8
2025-10-30,18:31,CAKEUSDT,SELL,9
2025-10-30,18:31,TUTUSDT,SELL,11
2025-10-30,18:31,SKATEUSDT,SELL,16
2025-10-30,18:31,TIAUSDT,SELL,13
2025-10-30,18:31,HOTUSDT,SELL,9
2025-10-30,18:31,ARBUSDT,SELL,11
2025-10-30,18:31,ARUSDT,SELL,9
2025-10-30,18:31,1000SHIBUSDT,SELL,9
2025-10-30,18:31,WIFUSDT,SELL,11
2025-10-30,18:31,RECALLUSDT,SELL,8
2025-10-30,18:31,TOWNSUSDT,SELL,8
2025-10-30,18:31,BATUSDT,SELL,8
2025-10-30,18:31,ENAUSDT,SELL,12
2025-10-30,18:31,AAVEUSDT,SELL,8
2025-10-30,18:31,RENDERUSDT,SELL,11
2025-10-30,18:31,OPENUSDT,SELL,10
2025-10-30,18:31,VETUSDT,SELL,10
2025-10-30,18:31,MUBARAKUSDT,SELL,7
2025-10-30,18:31,1000SATSUSDT,SELL,9
2025-10-30,18:31,MASKUSDT,SELL,7
2025-10-30,18:31,BBUSDT,SELL,7
2025-10-30,18:31,XNYUSDT,SELL,9
2025-10-30,18:31,VIRTUALUSDT,SELL,8
2025-10-30,18:31,XRPUSDC,SELL,11
2025-10-30,18:31,SWELLUSDT,SELL,8
2025-10-30,18:31,BROCCOLI714USDT,SELL,7
2025-10-30,18:31,CHILLGUYUSDT,SELL,7
2025-10-30,18:31,BASUSDT,SELL,7
2025-10-30,18:31,PHBUSDT,SELL,9
2025-10-30,18:31,UNIUSDT,SELL,11
2025-10-30,18:31,ALGOUSDT,SELL,7
2025-10-30,18:31,REZUSDT,SELL,9
2025-10-30,18:31,DAMUSDT,SELL,7
2025-10-30,18:31,DASHUSDT,SELL,8
2025-10-30,18:31,SKYAIUSDT,SELL,7
2025-10-30,18:31,HOLOUSDT,SELL,7
2025-10-30,18:31,PEOPLEUSDT,SELL,7
2025-10-30,18:31,LDOUSDT,SELL,8
2025-10-30,18:31,BNBUSDC,SELL,7
2025-10-30,18:32,JELLYJELLYUSDT,BUY,10
2025-10-30,18:32,SOLUSDT,SELL,14
2025-10-30,18:32,SKATEUSDT,SELL,8
2025-10-30,18:32,FARTCOINUSDT,SELL,10
2025-10-30,18:32,EDENUSDT,SELL,8
2025-10-30,18:32,ZECUSDT,SELL,11
2025-10-30,18:32,PUMPUSDT,SELL,8
2025-10-30,18:32,HYPEUSDT,SELL,12
2025-10-30,18:32,TAOUSDT,SELL,9
2025-10-30,18:32,LINKUSDT,SELL,8
2025-10-30,18:32,LTCUSDT,SELL,7
2025-10-30,18:32,1000PEPEUSDT,SELL,7
2025-10-30,18:32,XRPUSDT,SELL,9
2025-10-30,18:32,BNBUSDT,SELL,8
2025-10-30,18:32,币安人生USDT,SELL,10
2025-10-30,18:32,COAIUSDT,SELL,11
2025-10-30,18:32,AVAXUSDT,SELL,9
2025-10-30,18:33,ZECUSDT,SELL,9
2025-10-30,18:33,AIAUSDT,BUY,9
2025-10-30,18:34,RIVERUSDT,SELL,7
2025-10-30,18:34,CROSSUSDT,SELL,7
2025-10-30,18:34,JELLYJELLYUSDT,SELL,9
2025-10-30,18:34,STBLUSDT,SELL,7
2025-10-30,18:34,PUMPUSDT,SELL,10
2025-10-30,18:34,ENAUSDT,SELL,8
2025-10-30,18:35,PUMPUSDT,SELL,22
2025-10-30,18:35,KERNELUSDT,SELL,13
2025-10-30,18:35,CAKEUSDT,SELL,12
2025-10-30,18:35,BLESSUSDT,SELL,15
2025-10-30,18:35,币安人生USDT,SELL,9
2025-10-30,18:35,COAIUSDT,SELL,13
2025-10-30,18:35,ASTERUSDT,SELL,18
2025-10-30,18:35,1000RATSUSDT,SELL,14
2025-10-30,18:35,TAGUSDT,SELL,11
2025-10-30,18:35,VIRTUALUSDT,SELL,13
2025-10-30,18:35,MELANIAUSDT,SELL,8
2025-10-30,18:35,RIVERUSDT,SELL,7
2025-10-30,18:35,XPLUSDT,SELL,17
2025-10-30,18:35,DOGEUSDT,SELL,14
2025-10-30,18:35,ENAUSDT,SELL,28
2025-10-30,18:35,GIGGLEUSDT,SELL,9
2025-10-30,18:35,GRIFFAINUSDT,SELL,8
2025-10-30,18:35,HANAUSDT,SELL,15
2025-10-30,18:35,FARTCOINUSDT,SELL,12
2025-10-30,18:35,REZUSDT,SELL,13
2025-10-30,18:35,4USDT,SELL,10
2025-10-30,18:35,TIAUSDT,SELL,7
2025-10-30,18:35,TAOUSDT,SELL,15
2025-10-30,18:35,PHBUSDT,SELL,7
2025-10-30,18:35,HYPEUSDT,SELL,15
2025-10-30,18:35,SOLUSDT,SELL,13
2025-10-30,18:35,ZECUSDT,SELL,8
2025-10-30,18:35,SUIUSDT,SELL,13
2025-10-30,18:35,SNXUSDT,SELL,9
2025-10-30,18:35,TAUSDT,SELL,9
2025-10-30,18:35,BNBUSDT,SELL,12
2025-10-30,18:35,AVAXUSDT,SELL,12
2025-10-30,18:35,LINKUSDT,SELL,10
2025-10-30,18:35,ARUSDT,SELL,7
2025-10-30,18:35,GOATUSDT,SELL,7
2025-10-30,18:35,BASUSDT,SELL,11
2025-10-30,18:35,MAGICUSDT,SELL,7
2025-10-30,18:35,NEIROUSDT,SELL,7
2025-10-30,18:35,TONUSDT,SELL,8
2025-10-30,18:35,BTCUSDT,SELL,10
2025-10-30,18:35,1000PEPEUSDT,SELL,12
2025-10-30,18:35,WLDUSDT,SELL,9
2025-10-30,18:35,GALAUSDT,SELL,7
2025-10-30,18:35,APTUSDT,SELL,8
2025-10-30,18:35,ALTUSDT,SELL,8
2025-10-30,18:35,UNIUSDT,SELL,7
2025-10-30,18:35,ARKMUSDT,SELL,8
2025-10-30,18:35,XRPUSDT,SELL,9
2025-10-30,18:35,TSTUSDT,SELL,7
2025-10-30,18:35,NFPUSDT,SELL,9
2025-10-30,18:35,LINEAUSDT,SELL,14
2025-10-30,18:35,DOTUSDT,SELL,7
2025-10-30,18:35,ALPINEUSDT,SELL,7
2025-10-30,18:35,1000FLOKIUSDT,SELL,8
2025-10-30,18:36,ENAUSDT,SELL,21
2025-10-30,18:36,TAOUSDT,SELL,15
2025-10-30,18:36,SUIUSDT,SELL,13
2025-10-30,18:36,SNXUSDT,SELL,9
2025-10-30,18:36,KERNELUSDT,SELL,8
2025-10-30,18:36,FARTCOINUSDT,SELL,12
2025-10-30,18:36,ASTERUSDT,SELL,18
2025-10-30,18:36,PUMPUSDT,SELL,17
2025-10-30,18:36,REZUSDT,SELL,13
2025-10-30,18:36,VIRTUALUSDT,SELL,8
2025-10-30,18:36,MELANIAUSDT,SELL,7
2025-10-30,18:36,HANAUSDT,SELL,13
2025-10-30,18:36,HYPEUSDT,SELL,22
2025-10-30,18:36,1000RATSUSDT,SELL,11
2025-10-30,18:36,CLOUSDT,SELL,8
2025-10-30,18:36,COAIUSDT,SELL,11
2025-10-30,18:36,TAUSDT,SELL,9
2025-10-30,18:36,DOGEUSDT,SELL,13
2025-10-30,18:36,TAGUSDT,SELL,9
2025-10-30,18:36,BNBUSDT,SELL,13
2025-10-30,18:36,币安人生USDT,SELL,11
2025-10-30,18:36,AVAXUSDT,SELL,12
2025-10-30,18:36,LINKUSDT,SELL,10
2025-10-30,18:36,CAKEUSDT,SELL,11
2025-10-30,18:36,ARUSDT,SELL,7
2025-10-30,18:36,GOATUSDT,SELL,7
2025-10-30,18:36,XPLUSDT,SELL,15
2025-10-30,18:36,BASUSDT,SELL,19
2025-10-30,18:36,MAGICUSDT,SELL,7
2025-10-30,18:36,SOLUSDT,SELL,13
2025-10-30,18:36,NEIROUSDT,SELL,7
2025-10-30,18:36,MANAUSDT,SELL,7
2025-10-30,18:36,TONUSDT,SELL,8
2025-10-30,18:36,BTCUSDT,SELL,13
2025-10-30,18:36,1000PEPEUSDT,SELL,12
2025-10-30,18:36,WLDUSDT,SELL,9
2025-10-30,18:36,GALAUSDT,SELL,7
2025-10-30,18:36,APTUSDT,SELL,8
2025-10-30,18:36,ALTUSDT,SELL,8
2025-10-30,18:36,4USDT,SELL,13
2025-10-30,18:36,BLESSUSDT,SELL,15
2025-10-30,18:36,UNIUSDT,SELL,8
2025-10-30,18:36,ARKMUSDT,SELL,8
2025-10-30,18:36,XRPUSDT,SELL,10
2025-10-30,18:36,BELUSDT,SELL,10
2025-10-30,18:36,TSTUSDT,SELL,7
2025-10-30,18:36,NFPUSDT,SELL,10
2025-10-30,18:36,GIGGLEUSDT,SELL,7
2025-10-30,18:36,LINEAUSDT,SELL,14
2025-10-30,18:36,ZBTUSDT,SELL,7
2025-10-30,18:36,DOTUSDT,SELL,7
2025-10-30,18:36,TIAUSDT,SELL,7
2025-10-30,18:36,ALPINEUSDT,SELL,10
2025-10-30,18:36,1000FLOKIUSDT,SELL,8
2025-10-30,18:36,FUNUSDT,SELL,7
2025-10-30,18:37,BASUSDT,SELL,9
2025-10-30,18:37,HYPEUSDT,SELL,22
2025-10-30,18:37,BTCUSDT,SELL,9
2025-10-30,18:37,RVVUSDT,SELL,11
2025-10-30,18:37,BLESSUSDT,SELL,7
2025-10-30,18:37,4USDT,SELL,7
2025-10-30,18:37,ZORAUSDT,SELL,7
2025-10-30,18:37,TRUMPUSDT,SELL,12
2025-10-30,18:37,PUMPUSDT,SELL,7
2025-10-30,18:38,KERNELUSDT,SELL,7
2025-10-30,18:38,RVVUSDT,SELL,8
2025-10-30,18:38,TRUMPUSDT,SELL,7
2025-10-30,18:38,BTCUSDT,SELL,9
2025-10-30,18:38,SOLUSDT,SELL,9
2025-10-30,18:38,HYPEUSDT,SELL,21
2025-10-30,18:39,HYPEUSDT,SELL,7
2025-10-30,18:39,GIGGLEUSDT,BUY,9
2025-10-30,18:40,GIGGLEUSDT,BUY,8
2025-10-30,18:40,SKATEUSDT,SELL,9
2025-10-30,18:40,EVAAUSDT,SELL,8
2025-10-30,18:43,BUSDT,SELL,8
2025-10-30,18:45,XRPUSDT,BUY,7
2025-10-30,18:45,ETHUSDT,BUY,11
2025-10-30,18:45,BTCUSDT,BUY,13
2025-10-30,18:45,SOLUSDT,BUY,13
2025-10-30,18:46,BTCUSDT,BUY,14
2025-10-30,18:46,ETHUSDT,BUY,15
2025-10-30,18:46,SOLUSDT,BUY,13
2025-10-30,18:46,UBUSDT,BUY,7
2025-10-30,18:46,XRPUSDT,BUY,7
2025-10-30,18:46,ZECUSDT,BUY,10
2025-10-30,18:46,BLUAIUSDT,SELL,7
2025-10-30,18:47,JELLYJELLYUSDT,BUY,7
2025-10-30,18:47,ETHUSDT,BUY,7
2025-10-30,18:47,ZECUSDT,BUY,10
2025-10-30,18:48,ZECUSDT,BUY,8
2025-10-30,18:49,ETHUSDT,BUY,15
2025-10-30,18:49,EVAAUSDT,BUY,9
2025-10-30,18:50,EVAAUSDT,BUY,9
2025-10-30,18:58,BLUAIUSDT,SELL,9
2025-10-30,18:59,BLUAIUSDT,SELL,17
2025-10-30,19:06,TRUMPUSDT,SELL,9
2025-10-30,19:07,TRUMPUSDT,SELL,8
2025-10-30,19:07,ETHUSDT,SELL,8
2025-10-30,19:08,LABUSDT,BUY,19
2025-10-30,19:09,B2USDT,BUY,8
2025-10-30,19:10,B2USDT,BUY,8
2025-10-30,19:12,LABUSDT,SELL,11
2025-10-30,19:13,SOLVUSDT,BUY,8
2025-10-30,19:16,TRUMPUSDT,SELL,7
2025-10-30,19:16,ZECUSDT,SELL,9
2025-10-30,19:16,YBUSDT,SELL,7
2025-10-30,19:18,JELLYJELLYUSDT,BUY,7
2025-10-30,19:19,XRPUSDT,SELL,7
2025-10-30,19:19,ETHUSDT,SELL,12
2025-10-30,19:20,ETHUSDT,SELL,12
2025-10-30,19:22,ZECUSDT,SELL,16
2025-10-30,19:22,VIRTUALUSDT,SELL,9
2025-10-30,19:23,LABUSDT,SELL,8
2025-10-30,19:23,VIRTUALUSDT,SELL,13
2025-10-30,19:23,ZECUSDT,SELL,33
2025-10-30,19:23,ZENUSDT,SELL,8
2025-10-30,19:23,BLUAIUSDT,SELL,8
2025-10-30,19:24,ZECUSDT,SELL,18
2025-10-30,19:24,BLUAIUSDT,SELL,8
2025-10-30,19:25,ETHUSDT,SELL,10
2025-10-30,19:26,ETHUSDT,SELL,20
2025-10-30,19:26,MONUSDT,SELL,9
2025-10-30,19:26,SOLUSDT,SELL,10
2025-10-30,19:26,RIVERUSDT,SELL,9
2025-10-30,19:27,ETHUSDT,SELL,10
2025-10-30,19:27,SOLUSDT,SELL,9
2025-10-30,19:27,COAIUSDT,SELL,7
2025-10-30,19:27,MONUSDT,SELL,8
2025-10-30,19:32,TRUMPUSDT,SELL,16
2025-10-30,19:32,VIRTUALUSDT,SELL,7
2025-10-30,19:32,YBUSDT,SELL,9
2025-10-30,19:33,TRUMPUSDT,SELL,21
2025-10-30,19:33,VIRTUALUSDT,SELL,10
2025-10-30,19:33,YBUSDT,SELL,15
2025-10-30,19:34,TRUMPUSDT,SELL,7
2025-10-30,19:34,YBUSDT,SELL,16
2025-10-30,19:35,YBUSDT,SELL,14
2025-10-30,19:35,ETHUSDT,SELL,11
2025-10-30,19:36,ETHUSDT,SELL,13
2025-10-30,19:36,TRUMPUSDT,SELL,11
2025-10-30,19:36,BTCUSDT,SELL,7
2025-10-30,19:36,ZECUSDT,SELL,8
2025-10-30,19:37,TRUMPUSDT,SELL,18
2025-10-30,19:37,VIRTUALUSDT,SELL,9
2025-10-30,19:37,TRUUSDT,SELL,7
2025-10-30,19:37,SOLUSDT,SELL,19
2025-10-30,19:37,ETHUSDT,SELL,21
2025-10-30,19:37,ZECUSDT,SELL,30
2025-10-30,19:37,EVAAUSDT,SELL,9
2025-10-30,19:37,BNBUSDT,SELL,8
2025-10-30,19:37,XRPUSDT,SELL,13
2025-10-30,19:37,ADAUSDT,SELL,8
2025-10-30,19:37,WLFIUSDT,SELL,10
2025-10-30,19:37,FILUSDT,SELL,8
2025-10-30,19:37,ASTERUSDT,SELL,7
2025-10-30,19:37,DOGEUSDT,SELL,9
2025-10-30,19:37,ZENUSDT,SELL,9
2025-10-30,19:37,FARTCOINUSDT,SELL,7
2025-10-30,19:37,TAOUSDT,SELL,8
2025-10-30,19:37,PENGUUSDT,SELL,9
2025-10-30,19:37,ETHUSDC,SELL,8
2025-10-30,19:37,UNIUSDT,SELL,10
2025-10-30,19:38,XRPUSDT,SELL,15
2025-10-30,19:38,ADAUSDT,SELL,9
2025-10-30,19:38,LINKUSDT,SELL,7
2025-10-30,19:38,WLFIUSDT,SELL,12
2025-10-30,19:38,TRUMPUSDT,SELL,11
2025-10-30,19:38,ETHUSDT,SELL,20
2025-10-30,19:38,FILUSDT,SELL,9
2025-10-30,19:38,ASTERUSDT,SELL,8
2025-10-30,19:38,DOGEUSDT,SELL,10
2025-10-30,19:38,ZECUSDT,SELL,24
2025-10-30,19:38,LINEAUSDT,SELL,7
2025-10-30,19:38,EVAAUSDT,SELL,7
2025-10-30,19:38,ZENUSDT,SELL,10
2025-10-30,19:38,FARTCOINUSDT,SELL,9
2025-10-30,19:38,TAOUSDT,SELL,11
2025-10-30,19:38,VIRTUALUSDT,SELL,10
2025-10-30,19:38,PENGUUSDT,SELL,11
2025-10-30,19:38,SOLUSDT,SELL,18
2025-10-30,19:38,INJUSDT,SELL,7
2025-10-30,19:38,ETHUSDC,SELL,9
2025-10-30,19:38,UNIUSDT,SELL,10
2025-10-30,19:38,BNBUSDT,SELL,9
2025-10-30,19:38,LUMIAUSDT,SELL,7
2025-10-30,19:39,ZECUSDT,SELL,8
2025-10-30,19:39,PIPPINUSDT,BUY,15
2025-10-30,19:41,ETHUSDT,SELL,8
2025-10-30,19:41,SOLUSDT,SELL,14
2025-10-30,19:41,XRPUSDT,SELL,8
2025-10-30,19:41,BTCUSDT,SELL,10
2025-10-30,19:42,ETHUSDT,SELL,8
2025-10-30,19:42,SOLUSDT,SELL,15
2025-10-30,19:42,XRPUSDT,SELL,8
2025-10-30,19:42,BTCUSDT,SELL,10
2025-10-30,19:43,TAOUSDT,SELL,7
2025-10-30,19:44,币安人生USDT,SELL,10
2025-10-30,19:44,TAOUSDT,SELL,11
2025-10-30,19:44,TRUMPUSDT,SELL,7
2025-10-30,19:44,ETHUSDT,SELL,10
2025-10-30,19:44,ZECUSDT,SELL,10
2025-10-30,19:45,TAOUSDT,SELL,12
2025-10-30,19:45,币安人生USDT,SELL,11
2025-10-30,19:45,ETHUSDT,SELL,12
2025-10-30,19:45,DASHUSDT,SELL,7
2025-10-30,19:47,PIPPINUSDT,BUY,7
2025-10-30,19:51,ZECUSDT,BUY,7
2025-10-30,19:54,ETHUSDT,SELL,12
2025-10-30,19:54,LABUSDT,SELL,7
2025-10-30,19:54,TIAUSDT,SELL,8
2025-10-30,19:55,ETHUSDT,SELL,7
2025-10-30,19:55,TIAUSDT,SELL,8
2025-10-30,19:55,FUNUSDT,SELL,11
2025-10-30,19:56,FUNUSDT,SELL,8
2025-10-30,19:56,BTCUSDT,SELL,7
2025-10-30,19:58,BTCUSDT,SELL,9
2025-10-30,19:59,BTCUSDT,SELL,14
2025-10-30,19:59,TAOUSDT,SELL,7
2025-10-30,19:59,ETHUSDT,SELL,15
2025-10-30,20:00,BTCUSDT,SELL,7
2025-10-30,20:00,ETHUSDT,SELL,15
2025-10-30,20:00,TAOUSDT,SELL,11
2025-10-30,20:01,TAOUSDT,SELL,11
2025-10-30,20:01,FILUSDT,SELL,11
2025-10-30,20:01,PUMPUSDT,SELL,9
2025-10-30,20:01,BTCUSDT,SELL,34
2025-10-30,20:01,BNBUSDT,SELL,18
2025-10-30,20:01,FUNUSDT,SELL,10
2025-10-30,20:01,LDOUSDT,SELL,11
2025-10-30,20:01,ETHUSDT,SELL,34
2025-10-30,20:01,XRPUSDT,SELL,21
2025-10-30,20:01,LPTUSDT,SELL,10
2025-10-30,20:01,SOLUSDC,SELL,8
2025-10-30,20:01,WLFIUSDT,SELL,9
2025-10-30,20:01,ARBUSDT,SELL,14
2025-10-30,20:01,POLUSDT,SELL,9
2025-10-30,20:01,ETHUSDC,SELL,15
2025-10-30,20:01,1000BONKUSDT,SELL,11
2025-10-30,20:01,1000PEPEUSDT,SELL,10
2025-10-30,20:01,AVAXUSDT,SELL,17
2025-10-30,20:01,SUIUSDT,SELL,29
2025-10-30,20:01,ADAUSDT,SELL,20
2025-10-30,20:01,ETCUSDT,SELL,11
2025-10-30,20:01,DOGEUSDT,SELL,25
2025-10-30,20:01,CRVUSDT,SELL,10
2025-10-30,20:01,RSRUSDT,SELL,7
2025-10-30,20:01,PENGUUSDT,SELL,13
2025-10-30,20:01,SOLUSDT,SELL,25
2025-10-30,20:01,FETUSDT,SELL,15
2025-10-30,20:01,LINKUSDT,SELL,18
2025-10-30,20:01,CFXUSDT,SELL,8
2025-10-30,20:01,ASTERUSDT,SELL,12
2025-10-30,20:01,1000SHIBUSDT,SELL,11
2025-10-30,20:01,1000FLOKIUSDT,SELL,9
2025-10-30,20:01,TIAUSDT,SELL,10
2025-10-30,20:01,NEIROUSDT,SELL,10
2025-10-30,20:01,ONDOUSDT,SELL,10
2025-10-30,20:01,DOTUSDT,SELL,14
2025-10-30,20:01,ATOMUSDT,SELL,7
2025-10-30,20:01,BTCUSDC,SELL,11
2025-10-30,20:01,UNIUSDT,SELL,9
2025-10-30,20:01,INJUSDT,SELL,8
2025-10-30,20:01,SANDUSDT,SELL,8
2025-10-30,20:01,GALAUSDT,SELL,8
2025-10-30,20:01,NEARUSDT,SELL,8
2025-10-30,20:01,XLMUSDT,SELL,7
2025-10-30,20:01,ORDIUSDT,SELL,8
2025-10-30,20:01,EGLDUSDT,SELL,7
2025-10-30,20:01,PEOPLEUSDT,SELL,7
2025-10-30,20:01,SUSDT,SELL,9
2025-10-30,20:01,ETHFIUSDT,SELL,10
2025-10-30,20:01,APTUSDT,SELL,8
2025-10-30,20:01,LTCUSDT,SELL,8
2025-10-30,20:01,GRTUSDT,SELL,7
2025-10-30,20:01,WLDUSDT,SELL,9
2025-10-30,20:01,PYTHUSDT,SELL,7
2025-10-30,20:02,SUIUSDT,SELL,28
2025-10-30,20:02,PENGUUSDT,SELL,13
2025-10-30,20:02,LDOUSDT,SELL,11
2025-10-30,20:02,FETUSDT,SELL,15
2025-10-30,20:02,ETHUSDT,SELL,33
2025-10-30,20:02,SOLUSDT,SELL,25
2025-10-30,20:02,VETUSDT,SELL,7
2025-10-30,20:02,LINKUSDT,SELL,18
2025-10-30,20:02,ARBUSDT,SELL,12
2025-10-30,20:02,1000BONKUSDT,SELL,11
2025-10-30,20:02,CFXUSDT,SELL,9
2025-10-30,20:02,BTCUSDT,SELL,33
2025-10-30,20:02,WLFIUSDT,SELL,9
2025-10-30,20:02,ADAUSDT,SELL,20
2025-10-30,20:02,POLUSDT,SELL,8
2025-10-30,20:02,ETHUSDC,SELL,15
2025-10-30,20:02,CRVUSDT,SELL,9
2025-10-30,20:02,ASTERUSDT,SELL,12
2025-10-30,20:02,BNBUSDT,SELL,19
2025-10-30,20:02,DOGEUSDT,SELL,25
2025-10-30,20:02,1000SHIBUSDT,SELL,12
2025-10-30,20:02,1000FLOKIUSDT,SELL,9
2025-10-30,20:02,LINKUSDC,SELL,7
2025-10-30,20:02,DOGEUSDC,SELL,7
2025-10-30,20:02,TIAUSDT,SELL,11
2025-10-30,20:02,SOLUSDC,SELL,8
2025-10-30,20:02,AVAXUSDT,SELL,17
2025-10-30,20:02,ETCUSDT,SELL,10
2025-10-30,20:02,NEIROUSDT,SELL,10
2025-10-30,20:02,ONDOUSDT,SELL,11
2025-10-30,20:02,DOTUSDT,SELL,14
2025-10-30,20:02,XRPUSDT,SELL,22
2025-10-30,20:02,ATOMUSDT,SELL,8
2025-10-30,20:02,PUMPUSDT,SELL,7
2025-10-30,20:02,BTCUSDC,SELL,11
2025-10-30,20:02,UNIUSDT,SELL,9
2025-10-30,20:02,ENAUSDT,SELL,7
2025-10-30,20:02,TAOUSDT,SELL,7
2025-10-30,20:02,INJUSDT,SELL,8
2025-10-30,20:02,SANDUSDT,SELL,9
2025-10-30,20:02,WIFUSDT,SELL,7
2025-10-30,20:02,GALAUSDT,SELL,8
2025-10-30,20:02,NEARUSDT,SELL,8
2025-10-30,20:02,XLMUSDT,SELL,7
2025-10-30,20:02,ORDIUSDT,SELL,9
2025-10-30,20:02,TRXUSDT,SELL,8
2025-10-30,20:02,FILUSDT,SELL,11
2025-10-30,20:02,LPTUSDT,SELL,9
2025-10-30,20:02,EGLDUSDT,SELL,8
2025-10-30,20:02,PEOPLEUSDT,SELL,8
2025-10-30,20:02,SUSDT,SELL,9
2025-10-30,20:02,ETHFIUSDT,SELL,11
2025-10-30,20:02,APTUSDT,SELL,9
2025-10-30,20:02,1000PEPEUSDT,SELL,10
2025-10-30,20:02,LTCUSDT,SELL,8
2025-10-30,20:02,GRTUSDT,SELL,8
2025-10-30,20:02,PYTHUSDT,SELL,7
2025-10-30,20:02,OPUSDT,SELL,8
2025-10-30,20:03,JELLYJELLYUSDT,BUY,24
2025-10-30,20:04,JELLYJELLYUSDT,BUY,21
2025-10-30,20:04,AIAUSDT,BUY,7
2025-10-30,20:04,FUNUSDT,SELL,7
2025-10-30,20:05,FUNUSDT,SELL,10
2025-10-30,20:06,FUNUSDT,SELL,12
2025-10-30,20:08,PIPPINUSDT,SELL,7
2025-10-30,20:14,LABUSDT,SELL,10
2025-10-30,20:14,币安人生USDT,SELL,8
2025-10-30,20:14,BTRUSDT,BUY,9
2025-10-30,20:15,币安人生USDT,SELL,7
2025-10-30,20:17,JELLYJELLYUSDT,SELL,9
2025-10-30,20:17,币安人生USDT,SELL,7
2025-10-30,20:17,XRPUSDT,SELL,11
2025-10-30,20:18,XRPUSDT,SELL,11
2025-10-30,20:20,XRPUSDT,SELL,7
2025-10-30,20:21,ETHUSDT,SELL,10
2025-10-30,20:21,XRPUSDT,SELL,12
2025-10-30,20:21,SOLUSDT,SELL,15
2025-10-30,20:22,ETHUSDT,SELL,12
2025-10-30,20:22,CRVUSDT,SELL,8
2025-10-30,20:22,SOLUSDT,SELL,18
2025-10-30,20:22,XRPUSDT,SELL,9
2025-10-30,20:22,BTCUSDT,SELL,8
2025-10-30,20:23,SOLUSDT,SELL,9
2025-10-30,20:23,LABUSDT,SELL,9
2025-10-30,20:25,EVAAUSDT,BUY,10
2025-10-30,20:26,EVAAUSDT,BUY,11
2025-10-30,20:29,币安人生USDT,SELL,13
2025-10-30,20:30,币安人生USDT,SELL,15
2025-10-30,20:32,PIPPINUSDT,BUY,13
2025-10-30,20:33,JELLYJELLYUSDT,SELL,9
2025-10-30,20:33,YBUSDT,SELL,8
2025-10-30,20:34,JELLYJELLYUSDT,SELL,11
2025-10-30,20:34,YBUSDT,SELL,13
2025-10-30,20:35,PIPPINUSDT,BUY,8
2025-10-30,20:35,ETHUSDT,SELL,8
2025-10-30,20:36,PUMPUSDT,SELL,7
2025-10-30,20:36,ETHUSDT,SELL,18
2025-10-30,20:36,PIPPINUSDT,BUY,28
2025-10-30,20:36,SOLUSDC,SELL,7
2025-10-30,20:36,SOLUSDT,SELL,20
2025-10-30,20:36,DOGEUSDT,SELL,11
2025-10-30,20:36,DOTUSDT,SELL,7
2025-10-30,20:37,PUMPUSDT,SELL,8
2025-10-30,20:37,SOLUSDT,SELL,29
2025-10-30,20:37,ETHUSDT,SELL,18
2025-10-30,20:37,DOGEUSDT,SELL,17
2025-10-30,20:37,DOTUSDT,SELL,12
2025-10-30,20:37,BNBUSDT,SELL,9
2025-10-30,20:37,币安人生USDT,SELL,9
2025-10-30,20:37,TAOUSDT,SELL,8
2025-10-30,20:37,SOLUSDC,SELL,9
2025-10-30,20:37,ADAUSDT,SELL,10
2025-10-30,20:37,SUIUSDT,SELL,10
2025-10-30,20:37,LINKUSDT,SELL,8
2025-10-30,20:37,XRPUSDT,SELL,10
2025-10-30,20:38,BTRUSDT,BUY,7
2025-10-30,20:38,SOLUSDT,SELL,10
2025-10-30,20:38,ETHUSDT,SELL,11
2025-10-30,20:38,TAOUSDT,SELL,8
2025-10-30,20:38,SUIUSDT,SELL,8
2025-10-30,20:38,PUMPUSDT,SELL,8
2025-10-30,20:38,DOGEUSDT,SELL,7
2025-10-30,20:39,PUMPUSDT,SELL,10
2025-10-30,20:39,ETHUSDT,SELL,35
2025-10-30,20:39,PENGUUSDT,SELL,8
2025-10-30,20:39,BNBUSDT,SELL,16
2025-10-30,20:39,BTCUSDT,SELL,26
2025-10-30,20:39,HYPEUSDT,SELL,18
2025-10-30,20:39,TAOUSDT,SELL,7
2025-10-30,20:39,LINKUSDT,SELL,9
2025-10-30,20:39,ASTERUSDT,SELL,8
2025-10-30,20:39,ARBUSDT,SELL,12
2025-10-30,20:39,ETHUSDC,SELL,14
2025-10-30,20:39,SOLUSDT,SELL,21
2025-10-30,20:39,COAIUSDT,SELL,8
2025-10-30,20:39,LTCUSDT,SELL,14
2025-10-30,20:39,DOGEUSDT,SELL,25
2025-10-30,20:39,ADAUSDT,SELL,15
2025-10-30,20:39,XRPUSDC,SELL,7
2025-10-30,20:39,BTCUSDC,SELL,12
2025-10-30,20:39,XRPUSDT,SELL,18
2025-10-30,20:39,APTUSDT,SELL,8
2025-10-30,20:39,BCHUSDT,SELL,12
2025-10-30,20:39,SUIUSDT,SELL,10
2025-10-30,20:39,1000PEPEUSDT,SELL,7
2025-10-30,20:39,DOGEUSDC,SELL,7
2025-10-30,20:39,AVAXUSDT,SELL,10
2025-10-30,20:39,SOLUSDC,SELL,7
2025-10-30,20:40,PUMPUSDT,SELL,13
2025-10-30,20:40,HYPEUSDT,SELL,23
2025-10-30,20:40,ARBUSDT,SELL,19
2025-10-30,20:40,ETHUSDT,SELL,58
2025-10-30,20:40,ETHUSDC,SELL,32
2025-10-30,20:40,SOLUSDT,SELL,38
2025-10-30,20:40,1000FLOKIUSDT,SELL,10
2025-10-30,20:40,COAIUSDT,SELL,17
2025-10-30,20:40,LTCUSDT,SELL,25
2025-10-30,20:40,DOGEUSDT,SELL,37
2025-10-30,20:40,ADAUSDT,SELL,26
2025-10-30,20:40,TAOUSDT,SELL,14
2025-10-30,20:40,TONUSDT,SELL,7
2025-10-30,20:40,LINKUSDT,SELL,14
2025-10-30,20:40,XPLUSDT,SELL,7
2025-10-30,20:40,XRPUSDC,SELL,11
2025-10-30,20:40,PENGUUSDT,SELL,11
2025-10-30,20:40,ASTERUSDT,SELL,14
2025-10-30,20:40,BTCUSDC,SELL,22
2025-10-30,20:40,XRPUSDT,SELL,30
2025-10-30,20:40,APTUSDT,SELL,13
2025-10-30,20:40,AAVEUSDT,SELL,8
2025-10-30,20:40,GALAUSDT,SELL,10
2025-10-30,20:40,TRUMPUSDT,SELL,10
2025-10-30,20:40,BCHUSDT,SELL,17
2025-10-30,20:40,CRVUSDT,SELL,8
2025-10-30,20:40,SUIUSDT,SELL,23
2025-10-30,20:40,1000PEPEUSDT,SELL,15
2025-10-30,20:40,ENAUSDT,SELL,9
2025-10-30,20:40,DOGEUSDC,SELL,12
2025-10-30,20:40,AEROUSDT,SELL,8
2025-10-30,20:40,ADAUSDC,SELL,9
2025-10-30,20:40,AVAXUSDT,SELL,20
2025-10-30,20:40,1000PEPEUSDC,SELL,8
2025-10-30,20:40,SOLUSDC,SELL,15
2025-10-30,20:40,POPCATUSDT,SELL,8
2025-10-30,20:40,AVAXUSDC,SELL,8
2025-10-30,20:40,NEARUSDT,SELL,8
2025-10-30,20:40,DOTUSDT,SELL,12
2025-10-30,20:40,LINEAUSDT,SELL,9
2025-10-30,20:40,OPUSDT,SELL,7
2025-10-30,20:40,HBARUSDT,SELL,9
2025-10-30,20:40,1000SHIBUSDT,SELL,10
2025-10-30,20:40,TIAUSDT,SELL,7
2025-10-30,20:40,WLDUSDT,SELL,8
2025-10-30,20:40,ATOMUSDT,SELL,11
2025-10-30,20:40,STBLUSDT,SELL,7
2025-10-30,20:40,FARTCOINUSDT,SELL,9
2025-10-30,20:40,AIOTUSDT,SELL,7
2025-10-30,20:41,ETHUSDT,SELL,30
2025-10-30,20:41,ETHUSDC,SELL,18
2025-10-30,20:41,SOLUSDT,SELL,17
2025-10-30,20:41,BTCUSDC,SELL,10
2025-10-30,20:41,AEROUSDT,SELL,7
2025-10-30,20:41,LTCUSDT,SELL,11
2025-10-30,20:41,DOGEUSDT,SELL,12
2025-10-30,20:41,DOTUSDT,SELL,7
2025-10-30,20:41,FARTCOINUSDT,SELL,10
2025-10-30,20:41,ASTERUSDT,SELL,8
2025-10-30,20:41,SUIUSDT,SELL,13
2025-10-30,20:41,SOLUSDC,SELL,8
2025-10-30,20:41,XRPUSDT,SELL,13
2025-10-30,20:41,ADAUSDT,SELL,11
2025-10-30,20:41,HYPEUSDT,SELL,12
2025-10-30,20:41,TAOUSDT,SELL,9
2025-10-30,20:41,JELLYJELLYUSDT,BUY,17
2025-10-30,20:41,AVAXUSDT,SELL,10
2025-10-30,20:41,ARBUSDT,SELL,7
2025-10-30,20:41,1000PEPEUSDT,SELL,9
2025-10-30,20:41,AIOTUSDT,SELL,7
2025-10-30,20:41,PUMPUSDT,SELL,8
2025-10-30,20:41,BTRUSDT,BUY,9
2025-10-30,20:42,JELLYJELLYUSDT,BUY,14
2025-10-30,20:47,AVAXUSDT,SELL,17
2025-10-30,20:47,XRPUSDT,SELL,16
2025-10-30,20:48,XRPUSDT,SELL,10
2025-10-30,20:48,AVAXUSDT,SELL,26
2025-10-30,20:48,MUSDT,SELL,7
2025-10-30,20:49,AVAXUSDT,SELL,22
2025-10-30,20:49,GIGGLEUSDT,BUY,8
2025-10-30,20:50,AVAXUSDT,SELL,7
2025-10-30,20:50,GIGGLEUSDT,BUY,8
2025-10-30,20:51,ETHUSDT,BUY,9
2025-10-30,20:51,BTCUSDT,BUY,7
2025-10-30,20:53,FLMUSDT,BUY,10
2025-10-30,20:54,FLMUSDT,BUY,12
2025-10-30,20:58,BTCUSDT,SELL,7
2025-10-30,20:59,TRXUSDT,SELL,10
2025-10-30,20:59,BTCUSDT,SELL,18
2025-10-30,20:59,BTCUSDC,SELL,9
2025-10-30,20:59,BNBUSDT,SELL,7
2025-10-30,20:59,XRPUSDT,SELL,21
2025-10-30,20:59,XRPUSDC,SELL,10
2025-10-30,20:59,ETHUSDC,SELL,7
2025-10-30,20:59,SOLUSDC,SELL,7
2025-10-30,20:59,LDOUSDT,SELL,7
2025-10-30,20:59,SOLUSDT,SELL,18
2025-10-30,20:59,DOGEUSDT,SELL,7
2025-10-30,20:59,SUIUSDT,SELL,7
2025-10-30,21:00,XRPUSDT,SELL,24
2025-10-30,21:00,XRPUSDC,SELL,11
2025-10-30,21:00,ETHUSDC,SELL,7
2025-10-30,21:00,BTCUSDC,SELL,8
2025-10-30,21:00,SOLUSDC,SELL,7
2025-10-30,21:00,LDOUSDT,SELL,8
2025-10-30,21:00,TRXUSDT,SELL,8
2025-10-30,21:00,SOLUSDT,SELL,19
2025-10-30,21:00,BTCUSDT,SELL,16
2025-10-30,21:00,BNBUSDT,SELL,15
2025-10-30,21:00,ADAUSDT,SELL,7
2025-10-30,21:00,DOGEUSDT,SELL,9
2025-10-30,21:00,SUIUSDT,SELL,8
2025-10-30,21:00,1000SHIBUSDT,SELL,8
2025-10-30,21:00,1000BONKUSDT,SELL,7
2025-10-30,21:00,NEARUSDT,SELL,7
2025-10-30,21:01,BNBUSDT,SELL,9
2025-10-30,21:02,BNBUSDT,SELL,12
2025-10-30,21:03,BNBUSDT,SELL,32
2025-10-30,21:03,ETHUSDT,SELL,8
2025-10-30,21:03,BNBUSDC,SELL,12
2025-10-30,21:04,BNBUSDT,SELL,38
2025-10-30,21:04,ETHUSDT,SELL,13
2025-10-30,21:04,BNBUSDC,SELL,14
2025-10-30,21:04,SOLUSDT,SELL,10
2025-10-30,21:04,BTCUSDT,SELL,16
2025-10-30,21:05,BNBUSDT,SELL,18
2025-10-30,21:05,SOLUSDT,SELL,9
2025-10-30,21:06,币安人生USDT,BUY,10
2025-10-30,21:07,币安人生USDT,BUY,7
2025-10-30,21:08,JELLYJELLYUSDT,BUY,10
2025-10-30,21:09,JELLYJELLYUSDT,BUY,8
2025-10-30,21:09,BNBUSDT,SELL,19
2025-10-30,21:09,BNBUSDC,SELL,8
2025-10-30,21:10,BNBUSDT,SELL,19
2025-10-30,21:10,BNBUSDC,SELL,8
2025-10-30,21:11,AIAUSDT,BUY,7
2025-10-30,21:11,JELLYJELLYUSDT,BUY,10
2025-10-30,21:16,ETHUSDT,BUY,7
2025-10-30,21:16,JELLYJELLYUSDT,BUY,9
2025-10-30,21:17,ETHUSDT,BUY,9
2025-10-30,21:17,JELLYJELLYUSDT,BUY,16
2025-10-30,21:18,JELLYJELLYUSDT,BUY,9
2025-10-30,21:26,PIPPINUSDT,SELL,9
2025-10-30,21:26,LABUSDT,SELL,15
2025-10-30,21:27,PIPPINUSDT,SELL,9
2025-10-30,21:30,VANAUSDT,SELL,7
2025-10-30,21:30,COMPUSDT,SELL,7
2025-10-30,21:31,PIPPINUSDT,SELL,10
2025-10-30,21:31,COMPUSDT,SELL,7
2025-10-30,21:31,COAIUSDT,SELL,9
2025-10-30,21:33,ZECUSDT,BUY,7
2025-10-30,21:34,ZECUSDT,BUY,14
2025-10-30,21:35,ZECUSDT,BUY,7
2025-10-30,21:35,LABUSDT,SELL,10
2025-10-30,21:36,LABUSDT,SELL,8
2025-10-30,21:36,BTCUSDT,BUY,9
2025-10-30,21:36,ETHUSDT,BUY,11
2025-10-30,21:36,ZECUSDT,BUY,7
2025-10-30,21:36,BTRUSDT,SELL,7
2025-10-30,21:37,ETHUSDT,BUY,12
2025-10-30,21:37,ZECUSDT,BUY,8
2025-10-30,21:38,ZECUSDT,BUY,8
2025-10-30,21:38,ETHUSDT,BUY,10
2025-10-30,21:39,ETHUSDT,BUY,7
2025-10-30,21:42,COAIUSDT,SELL,11
2025-10-30,21:43,COAIUSDT,SELL,9
2025-10-30,21:44,PIPPINUSDT,BUY,8
2025-10-30,21:45,DEGOUSDT,SELL,8
2025-10-30,21:49,PIPPINUSDT,BUY,7
2025-10-30,21:51,ZECUSDT,BUY,7
2025-10-30,21:52,ZECUSDT,BUY,11
2025-10-30,21:52,ETHUSDT,BUY,12
2025-10-30,21:52,SOLUSDT,BUY,9
2025-10-30,21:53,SOLUSDT,BUY,8
2025-10-30,21:53,ETHUSDT,BUY,12
2025-10-30,21:53,BTCUSDT,BUY,9
2025-10-30,22:05,LABUSDT,BUY,21
2025-10-30,22:06,LABUSDT,BUY,27
2025-10-30,22:07,LABUSDT,BUY,11
2025-10-30,22:07,PIPPINUSDT,SELL,12
2025-10-30,22:09,ETHUSDT,BUY,8
2025-10-30,22:09,ZECUSDT,BUY,8
2025-10-30,22:16,XRPUSDT,SELL,8
2025-10-30,22:28,PIPPINUSDT,SELL,18
2025-10-30,22:29,PIPPINUSDT,SELL,14
2025-10-30,22:31,SOLUSDT,SELL,9
2025-10-30,22:37,LABUSDT,BUY,14
2025-10-30,22:38,JELLYJELLYUSDT,BUY,8
2025-10-30,22:39,PIPPINUSDT,BUY,11
2025-10-30,22:42,JELLYJELLYUSDT,BUY,10
2025-10-30,22:42,LABUSDT,BUY,30
2025-10-30,22:43,JELLYJELLYUSDT,BUY,12
2025-10-30,22:44,JELLYJELLYUSDT,BUY,13
2025-10-30,22:45,JELLYJELLYUSDT,BUY,7
2025-10-30,22:47,JELLYJELLYUSDT,BUY,8
2025-10-30,22:48,ZECUSDT,BUY,8
2025-10-30,22:48,JELLYJELLYUSDT,BUY,7
2025-10-30,22:49,JELLYJELLYUSDT,BUY,25
2025-10-30,22:49,COAIUSDT,SELL,7
2025-10-30,22:49,LABUSDT,BUY,14
2025-10-30,22:50,ETHUSDT,BUY,7
2025-10-30,22:50,COAIUSDT,SELL,7
2025-10-30,22:53,COAIUSDT,SELL,8
2025-10-30,22:54,JELLYJELLYUSDT,BUY,9
2025-10-30,22:57,PIPPINUSDT,BUY,7
2025-10-30,23:00,JELLYJELLYUSDT,BUY,7
2025-10-30,23:01,JELLYJELLYUSDT,BUY,24
2025-10-30,23:01,COAIUSDT,SELL,10
2025-10-30,23:02,JELLYJELLYUSDT,BUY,20
2025-10-30,23:02,COAIUSDT,SELL,10
2025-10-30,23:05,JELLYJELLYUSDT,BUY,15
2025-10-30,23:05,AIAUSDT,BUY,10
2025-10-30,23:06,JELLYJELLYUSDT,BUY,10
2025-10-30,23:06,AIAUSDT,BUY,8
2025-10-30,23:07,MAVIAUSDT,SELL,12
2025-10-30,23:07,ETHUSDT,SELL,13
2025-10-30,23:07,JELLYJELLYUSDT,BUY,26
2025-10-30,23:07,UBUSDT,BUY,8
2025-10-30,23:07,币安人生USDT,SELL,9
2025-10-30,23:08,ETHUSDT,SELL,13
2025-10-30,23:08,JELLYJELLYUSDT,BUY,32
2025-10-30,23:08,UBUSDT,BUY,8
2025-10-30,23:08,币安人生USDT,SELL,10
2025-10-30,23:11,PIPPINUSDT,SELL,9
2025-10-30,23:14,JELLYJELLYUSDT,SELL,7
2025-10-30,23:15,JELLYJELLYUSDT,SELL,8
2025-10-30,23:16,JELLYJELLYUSDT,SELL,8
2025-10-30,23:26,PIPPINUSDT,SELL,13
2025-10-30,23:28,AIAUSDT,BUY,8
2025-10-30,23:54,币安人生USDT,SELL,8
2025-10-30,23:55,币安人生USDT,SELL,8
2025-10-31,00:00,ETHUSDT,BUY,10
2025-10-31,00:01,ETHUSDT,BUY,7
2025-10-31,00:05,币安人生USDT,SELL,7
2025-10-31,00:06,币安人生USDT,SELL,7
2025-10-31,00:11,PIPPINUSDT,SELL,32
2025-10-31,00:12,PIPPINUSDT,SELL,31
2025-10-31,00:13,JELLYJELLYUSDT,SELL,20
2025-10-31,00:16,JELLYJELLYUSDT,BUY,10
2025-10-31,00:16,ZECUSDT,BUY,8
2025-10-31,00:17,ZECUSDT,BUY,7
2025-10-31,00:18,JELLYJELLYUSDT,BUY,12
2025-10-31,00:19,JELLYJELLYUSDT,BUY,19
2025-10-31,00:20,JELLYJELLYUSDT,BUY,9
2025-10-31,00:21,JELLYJELLYUSDT,BUY,8
2025-10-31,00:22,JELLYJELLYUSDT,BUY,7
2025-10-31,00:27,HEMIUSDT,SELL,9
2025-10-31,00:31,PIPPINUSDT,BUY,9
2025-10-31,00:32,PIPPINUSDT,BUY,17
2025-10-31,00:33,SOLUSDT,BUY,7
2025-10-31,00:33,ETHUSDT,BUY,7
2025-10-31,00:34,ETHUSDT,BUY,8
2025-10-31,00:34,BTCUSDT,BUY,10
2025-10-31,00:34,JELLYJELLYUSDT,BUY,7
2025-10-31,00:35,ASTERUSDT,BUY,12
2025-10-31,00:35,JELLYJELLYUSDT,BUY,8
2025-10-31,00:35,BTCUSDT,BUY,18
2025-10-31,00:35,ETHUSDT,BUY,13
2025-10-31,00:35,ZECUSDT,BUY,10
2025-10-31,00:36,ZECUSDT,BUY,10
2025-10-31,00:36,ETHUSDT,BUY,11
2025-10-31,00:36,BTCUSDT,BUY,13
2025-10-31,00:44,ICNTUSDT,SELL,7
2025-10-31,00:48,BNBUSDT,BUY,7
2025-10-31,00:53,GIGGLEUSDT,BUY,7
2025-10-31,00:54,GIGGLEUSDT,BUY,8
2025-10-31,00:56,JELLYJELLYUSDT,BUY,7
2025-10-31,00:59,ICNTUSDT,SELL,7
2025-10-31,01:01,BTCUSDT,BUY,12
2025-10-31,01:02,BTCUSDT,BUY,11
2025-10-31,01:06,RIVERUSDT,SELL,7
2025-10-31,01:07,RIVERUSDT,SELL,10
2025-10-31,01:11,PIPPINUSDT,SELL,9
2025-10-31,01:11,RIVERUSDT,SELL,8
2025-10-31,01:12,PIPPINUSDT,SELL,7
2025-10-31,01:12,RIVERUSDT,SELL,8
2025-10-31,01:13,BTCUSDT,BUY,8
2025-10-31,01:14,BTCUSDT,BUY,12
2025-10-31,01:14,LABUSDT,SELL,9
2025-10-31,01:14,ETHUSDT,BUY,8
2025-10-31,01:15,ENSOUSDT,BUY,14
2025-10-31,01:16,ENSOUSDT,BUY,14
2025-10-31,01:19,ETHUSDT,BUY,9
2025-10-31,01:22,ICNTUSDT,SELL,9
2025-10-31,01:23,ICNTUSDT,SELL,8
2025-10-31,01:28,MYXUSDT,SELL,10
2025-10-31,01:29,MYXUSDT,SELL,10
2025-10-31,01:29,币安人生USDT,BUY,9
2025-10-31,01:32,ZECUSDT,BUY,8
2025-10-31,01:35,YBUSDT,BUY,10
2025-10-31,01:36,YBUSDT,BUY,10
2025-10-31,01:40,币安人生USDT,BUY,9
2025-10-31,01:41,币安人生USDT,BUY,10
2025-10-31,01:45,BTCUSDT,BUY,15
2025-10-31,01:45,ETHUSDT,BUY,11
2025-10-31,01:46,BTCUSDT,BUY,10
2025-10-31,01:46,ETHUSDT,BUY,8
2025-10-31,01:49,ZECUSDT,BUY,7
2025-10-31,01:49,SOLUSDT,BUY,7
2025-10-31,01:50,SOLUSDT,BUY,10
2025-10-31,01:52,ETHUSDT,BUY,13
2025-10-31,01:52,SOLUSDT,BUY,10
2025-10-31,01:52,BTCUSDC,BUY,9
2025-10-31,01:53,BTCUSDT,BUY,20
2025-10-31,01:53,BTCUSDC,BUY,10
2025-10-31,01:53,ETHUSDT,BUY,12
2025-10-31,01:53,SOLUSDT,BUY,9
2025-10-31,01:56,COAIUSDT,SELL,7
2025-10-31,01:57,LABUSDT,BUY,11
2025-10-31,01:57,PIPPINUSDT,BUY,10
2025-10-31,01:57,COAIUSDT,SELL,7
2025-10-31,01:57,BTCUSDT,BUY,10
2025-10-31,01:58,PIPPINUSDT,BUY,9
2025-10-31,01:58,BTCUSDT,BUY,7
2025-10-31,01:58,ZECUSDT,BUY,7
2025-10-31,01:59,COAIUSDT,SELL,9
2025-10-31,02:00,FLMUSDT,BUY,9
2025-10-31,02:00,COAIUSDT,SELL,20
2025-10-31,02:00,LABUSDT,BUY,13
2025-10-31,02:01,FLMUSDT,BUY,8
2025-10-31,02:01,COAIUSDT,SELL,11
2025-10-31,02:02,COAIUSDT,SELL,13
2025-10-31,02:03,COAIUSDT,SELL,17
2025-10-31,02:04,ZECUSDT,BUY,14
2025-10-31,02:05,ZECUSDT,BUY,17
2025-10-31,02:06,XRPUSDT,BUY,10
2025-10-31,02:06,ZECUSDT,BUY,11
2025-10-31,02:06,BTCUSDT,BUY,9
2025-10-31,02:06,ETHUSDT,BUY,9
2025-10-31,02:07,XRPUSDT,BUY,8
2025-10-31,02:07,LABUSDT,SELL,9
2025-10-31,02:07,ETHUSDT,BUY,13
2025-10-31,02:07,BTCUSDT,BUY,18
2025-10-31,02:09,BCHUSDT,BUY,7
2025-10-31,02:10,XRPUSDT,BUY,7
2025-10-31,02:10,BTCUSDT,BUY,14
2025-10-31,02:10,ETHUSDT,BUY,8
2025-10-31,02:11,BTCUSDT,BUY,11
2025-10-31,02:12,GIGGLEUSDT,BUY,8
2025-10-31,02:13,GIGGLEUSDT,BUY,7
2025-10-31,02:13,LABUSDT,BUY,12
2025-10-31,02:14,币安人生USDT,BUY,7
2025-10-31,02:16,LABUSDT,SELL,7
2025-10-31,02:16,ETHUSDT,BUY,10
2025-10-31,02:17,ETHUSDT,BUY,7
2025-10-31,02:17,JELLYJELLYUSDT,BUY,11
2025-10-31,02:19,LABUSDT,SELL,8
2025-10-31,02:20,LABUSDT,SELL,8
2025-10-31,02:24,JELLYJELLYUSDT,BUY,7
2025-10-31,02:25,JELLYJELLYUSDT,BUY,13
2025-10-31,02:28,ZECUSDT,BUY,7
2025-10-31,02:28,ZEREBROUSDT,BUY,7
2025-10-31,02:29,LABUSDT,SELL,8
2025-10-31,02:32,COAIUSDT,SELL,7
2025-10-31,02:33,COAIUSDT,SELL,11
2025-10-31,02:34,COAIUSDT,SELL,11
2025-10-31,02:35,COAIUSDT,SELL,7
2025-10-31,02:42,LABUSDT,SELL,8
2025-10-31,02:49,COAIUSDT,SELL,17
2025-10-31,02:50,COAIUSDT,SELL,24
2025-10-31,02:50,ETHUSDT,BUY,7
2025-10-31,02:51,COAIUSDT,SELL,19
2025-10-31,02:51,ETHUSDT,BUY,7
2025-10-31,02:52,COAIUSDT,SELL,14
2025-10-31,02:54,ICNTUSDT,SELL,7
2025-10-31,03:11,CLOUSDT,SELL,11
2025-10-31,03:11,BTCUSDT,SELL,10
2025-10-31,03:11,COAIUSDT,SELL,7
2025-10-31,03:11,ETHUSDT,SELL,15
2025-10-31,03:12,COAIUSDT,SELL,8
2025-10-31,03:12,JELLYJELLYUSDT,BUY,9
2025-10-31,03:12,BTCUSDT,SELL,15
2025-10-31,03:12,ETHUSDT,SELL,19
2025-10-31,03:12,DOGEUSDT,SELL,7
2025-10-31,03:12,SOLUSDT,SELL,13
2025-10-31,03:12,CLOUSDT,SELL,8
2025-10-31,03:13,SOLUSDT,SELL,11
2025-10-31,03:13,BTCUSDT,SELL,10
2025-10-31,03:13,ETHUSDT,SELL,15
2025-10-31,03:14,LABUSDT,BUY,8
2025-10-31,03:14,BTCUSDT,SELL,9
2025-10-31,03:14,SOLUSDT,SELL,9
2025-10-31,03:15,JELLYJELLYUSDT,BUY,10
2025-10-31,03:24,ZECUSDT,BUY,15
2025-10-31,03:25,RIVERUSDT,BUY,11
2025-10-31,03:25,ZECUSDT,BUY,27
2025-10-31,03:25,TRUMPUSDT,BUY,8
2025-10-31,03:26,TRUMPUSDT,BUY,7
2025-10-31,03:26,ZECUSDT,BUY,12
2025-10-31,03:27,LABUSDT,BUY,7
2025-10-31,03:30,ZECUSDT,BUY,11
2025-10-31,03:31,ZECUSDT,BUY,10
2025-10-31,03:33,COAIUSDT,SELL,8
2025-10-31,03:33,GIGGLEUSDT,SELL,7
2025-10-31,03:34,GIGGLEUSDT,SELL,9
2025-10-31,03:35,GIGGLEUSDT,SELL,13
2025-10-31,03:36,AIAUSDT,SELL,9
2025-10-31,03:37,AIAUSDT,SELL,7
2025-10-31,03:38,BTCUSDT,SELL,9
2025-10-31,03:38,GIGGLEUSDT,SELL,13
2025-10-31,03:39,GIGGLEUSDT,SELL,14
2025-10-31,03:39,BTCUSDT,SELL,15
2025-10-31,03:40,BTCUSDT,SELL,14
2025-10-31,03:40,BNBUSDT,SELL,7
2025-10-31,03:41,BTCUSDT,SELL,8
2025-10-31,03:41,ETHUSDT,SELL,7
2025-10-31,03:42,ETHUSDT,SELL,8
2025-10-31,03:42,BTCUSDT,SELL,7
2025-10-31,03:43,PIPPINUSDT,BUY,8
2025-10-31,03:44,ETHUSDT,SELL,7
2025-10-31,03:44,BTCUSDT,SELL,8
2025-10-31,03:45,BTCUSDT,SELL,7
2025-10-31,03:46,LABUSDT,BUY,8
2025-10-31,03:46,PIPPINUSDT,BUY,30
2025-10-31,03:46,GIGGLEUSDT,SELL,9
2025-10-31,03:47,ASTERUSDT,SELL,7
2025-10-31,03:47,GIGGLEUSDT,SELL,16
2025-10-31,03:47,BTCUSDT,SELL,11
2025-10-31,03:47,ETHUSDT,SELL,19
2025-10-31,03:48,GIGGLEUSDT,SELL,11
2025-10-31,03:48,ETHUSDT,SELL,14
2025-10-31,03:48,BTCUSDT,SELL,10
2025-10-31,03:49,AIAUSDT,SELL,7
2025-10-31,03:49,GIGGLEUSDT,SELL,14
2025-10-31,03:49,币安人生USDT,SELL,12
2025-10-31,03:50,LABUSDT,BUY,7
2025-10-31,03:50,BTCUSDT,SELL,8
2025-10-31,03:51,BTCUSDT,SELL,8
2025-10-31,03:54,PIPPINUSDT,BUY,9
2025-10-31,03:56,LABUSDT,SELL,9
2025-10-31,03:57,LABUSDT,SELL,7
2025-10-31,03:57,COAIUSDT,BUY,10
2025-10-31,03:58,COAIUSDT,BUY,17
2025-10-31,03:58,GIGGLEUSDT,SELL,7
2025-10-31,03:59,COAIUSDT,BUY,29
2025-10-31,04:00,COAIUSDT,BUY,32
2025-10-31,04:00,RECALLUSDT,SELL,7
2025-10-31,04:00,PIPPINUSDT,BUY,9
2025-10-31,04:01,COAIUSDT,BUY,10
2025-10-31,04:01,RECALLUSDT,SELL,7
2025-10-31,04:03,COAIUSDT,BUY,7
2025-10-31,04:04,COAIUSDT,BUY,7
2025-10-31,04:04,FLMUSDT,BUY,12
2025-10-31,04:05,FLMUSDT,BUY,11
2025-10-31,04:06,ZECUSDT,BUY,11
2025-10-31,04:07,ZECUSDT,BUY,15
2025-10-31,04:07,币安人生USDT,SELL,8
2025-10-31,04:08,ZECUSDT,BUY,10
2025-10-31,04:10,ZECUSDT,BUY,8
2025-10-31,04:10,ETHUSDT,BUY,8
2025-10-31,04:10,BTCUSDT,BUY,7
2025-10-31,04:11,ZECUSDT,BUY,10
2025-10-31,04:11,ETHUSDT,BUY,9
2025-10-31,04:11,BTCUSDT,BUY,7
2025-10-31,04:15,PIPPINUSDT,BUY,9
2025-10-31,04:16,EVAAUSDT,SELL,7
2025-10-31,04:20,ZECUSDT,BUY,12
2025-10-31,04:21,ZECUSDT,BUY,13
2025-10-31,04:22,ZECUSDT,BUY,8
2025-10-31,04:23,ZECUSDT,BUY,17
2025-10-31,04:24,ZECUSDT,BUY,10
2025-10-31,04:26,PIPPINUSDT,BUY,8
2025-10-31,04:30,ICNTUSDT,SELL,12
2025-10-31,04:30,ZECUSDT,BUY,10
2025-10-31,04:30,COAIUSDT,BUY,17
2025-10-31,04:31,ICNTUSDT,SELL,13
2025-10-31,04:31,COAIUSDT,BUY,21
2025-10-31,04:32,PIPPINUSDT,SELL,7
2025-10-31,04:33,PIPPINUSDT,SELL,7
2025-10-31,04:35,PIPPINUSDT,BUY,7
2025-10-31,04:37,GIGGLEUSDT,BUY,8
2025-10-31,04:38,PIPPINUSDT,BUY,7
2025-10-31,04:39,PIPPINUSDT,BUY,7
2025-10-31,04:42,COAIUSDT,BUY,11
2025-10-31,04:43,COAIUSDT,BUY,12
2025-10-31,04:45,ZECUSDT,BUY,7
2025-10-31,04:46,ZECUSDT,BUY,7
2025-10-31,04:49,COAIUSDT,BUY,7
2025-10-31,04:54,JELLYJELLYUSDT,SELL,7
2025-10-31,04:57,FLMUSDT,BUY,8
2025-10-31,04:59,ZEREBROUSDT,BUY,11
2025-10-31,05:00,ZEREBROUSDT,BUY,9
2025-10-31,05:01,ZECUSDT,BUY,9
2025-10-31,05:03,MUSDT,SELL,9
2025-10-31,05:04,MUSDT,SELL,14
2025-10-31,05:05,JELLYJELLYUSDT,SELL,8
2025-10-31,05:06,TRUMPUSDT,BUY,8
2025-10-31,05:06,LABUSDT,BUY,12
2025-10-31,05:07,LABUSDT,BUY,7
2025-10-31,05:07,PIPPINUSDT,BUY,13
2025-10-31,05:07,ETHUSDT,BUY,9
2025-10-31,05:08,ETHUSDT,BUY,9
2025-10-31,05:08,PIPPINUSDT,BUY,11
2025-10-31,05:09,PIPPINUSDT,BUY,7
2025-10-31,05:09,XRPUSDT,BUY,8
2025-10-31,05:09,SOLUSDT,BUY,8
2025-10-31,05:09,ETHUSDT,BUY,11
2025-10-31,05:10,XRPUSDT,BUY,8
2025-10-31,05:10,SOLUSDT,BUY,8
2025-10-31,05:10,ETHUSDT,BUY,13
2025-10-31,05:11,COAIUSDT,SELL,9
2025-10-31,05:12,COAIUSDT,SELL,9
2025-10-31,05:12,LABUSDT,SELL,7
2025-10-31,05:13,LABUSDT,SELL,7
2025-10-31,05:14,ZECUSDT,BUY,9
2025-10-31,05:15,ZECUSDT,BUY,13
2025-10-31,05:16,PIPPINUSDT,SELL,8
2025-10-31,05:16,COAIUSDT,SELL,29
2025-10-31,05:16,JELLYJELLYUSDT,SELL,13
2025-10-31,05:16,ZECUSDT,BUY,16
2025-10-31,05:17,JELLYJELLYUSDT,SELL,11
2025-10-31,05:17,COAIUSDT,SELL,27
2025-10-31,05:18,HIPPOUSDT,BUY,7
2025-10-31,05:20,4USDT,BUY,9
2025-10-31,05:21,4USDT,BUY,8
2025-10-31,05:21,LABUSDT,BUY,8
2025-10-31,05:22,ETHUSDT,BUY,14
2025-10-31,05:22,BTCUSDT,BUY,15
2025-10-31,05:23,ETHUSDT,BUY,11
2025-10-31,05:23,BTCUSDT,BUY,19
2025-10-31,05:23,BNBUSDT,BUY,8
2025-10-31,05:23,GIGGLEUSDT,BUY,7
2025-10-31,05:24,GIGGLEUSDT,BUY,7
2025-10-31,05:25,JELLYJELLYUSDT,BUY,7
2025-10-31,05:25,KDAUSDT,BUY,7
2025-10-31,05:26,KDAUSDT,BUY,9
2025-10-31,05:26,GIGGLEUSDT,BUY,10
2025-10-31,05:27,LABUSDT,SELL,7
2025-10-31,05:27,GIGGLEUSDT,BUY,13
2025-10-31,05:28,GIGGLEUSDT,BUY,7
2025-10-31,05:30,GIGGLEUSDT,BUY,10
2025-10-31,05:32,TAOUSDT,BUY,7
2025-10-31,05:32,SOLVUSDT,BUY,11
2025-10-31,05:33,SOLVUSDT,BUY,11
2025-10-31,05:38,PIPPINUSDT,BUY,10
2025-10-31,05:40,JELLYJELLYUSDT,BUY,13
2025-10-31,05:40,ZECUSDT,BUY,9
2025-10-31,05:40,BTCUSDT,BUY,14
2025-10-31,05:41,ZECUSDT,BUY,7
2025-10-31,05:41,JELLYJELLYUSDT,BUY,14
2025-10-31,05:41,BTCUSDT,BUY,14
2025-10-31,05:41,BUSDT,BUY,7
2025-10-31,05:41,BNBUSDT,BUY,7
2025-10-31,05:42,GIGGLEUSDT,BUY,12
2025-10-31,05:42,JELLYJELLYUSDT,BUY,10
2025-10-31,05:42,ZECUSDT,BUY,8
2025-10-31,05:43,GIGGLEUSDT,BUY,9
2025-10-31,05:47,TAGUSDT,BUY,7
2025-10-31,05:49,PIPPINUSDT,SELL,9
2025-10-31,05:49,GIGGLEUSDT,BUY,12
2025-10-31,05:50,GIGGLEUSDT,BUY,12
2025-10-31,05:50,EVAAUSDT,BUY,7
2025-10-31,05:51,GIGGLEUSDT,BUY,12
2025-10-31,05:52,PIPPINUSDT,SELL,9
2025-10-31,05:52,GIGGLEUSDT,BUY,18
2025-10-31,05:53,GIGGLEUSDT,BUY,11
2025-10-31,06:00,PIPPINUSDT,BUY,8
2025-10-31,06:00,JELLYJELLYUSDT,SELL,7
2025-10-31,06:01,JELLYJELLYUSDT,SELL,11
2025-10-31,06:01,LABUSDT,SELL,19
2025-10-31,06:01,TAGUSDT,SELL,8
2025-10-31,06:02,TAGUSDT,SELL,8
2025-10-31,06:04,COAIUSDT,SELL,9
2025-10-31,06:05,COAIUSDT,SELL,9
2025-10-31,06:05,PIPPINUSDT,SELL,8
2025-10-31,06:06,PIPPINUSDT,SELL,11
2025-10-31,06:06,GIGGLEUSDT,BUY,7
2025-10-31,06:06,HIPPOUSDT,BUY,12
2025-10-31,06:07,HIPPOUSDT,BUY,7
2025-10-31,06:07,PIPPINUSDT,SELL,7
2025-10-31,06:07,LABUSDT,BUY,7
2025-10-31,06:08,LABUSDT,BUY,10
2025-10-31,06:09,OMUSDT,SELL,7
2025-10-31,06:09,PIPPINUSDT,SELL,16
2025-10-31,06:10,JELLYJELLYUSDT,SELL,13
2025-10-31,06:11,JELLYJELLYUSDT,SELL,23
2025-10-31,06:12,ZECUSDT,BUY,24
2025-10-31,06:13,ZECUSDT,BUY,13
2025-10-31,06:15,JELLYJELLYUSDT,BUY,8
2025-10-31,06:15,HIPPOUSDT,SELL,7
2025-10-31,06:16,JELLYJELLYUSDT,BUY,12
2025-10-31,06:16,LABUSDT,SELL,13
2025-10-31,06:17,ZECUSDT,BUY,12
2025-10-31,06:18,ZECUSDT,BUY,22
2025-10-31,06:19,PIPPINUSDT,BUY,10
2025-10-31,06:24,JELLYJELLYUSDT,BUY,14
2025-10-31,06:25,PIPPINUSDT,BUY,9
2025-10-31,06:25,JELLYJELLYUSDT,BUY,9
2025-10-31,06:26,PIPPINUSDT,BUY,7
2025-10-31,06:28,SWARMSUSDT,BUY,7
2025-10-31,06:30,PIPPINUSDT,BUY,15
2025-10-31,06:30,COAIUSDT,SELL,7
2025-10-31,06:31,GIGGLEUSDT,BUY,7
2025-10-31,06:32,GIGGLEUSDT,BUY,7
2025-10-31,06:39,ETHUSDT,SELL,7
2025-10-31,06:51,PIPPINUSDT,BUY,19
2025-10-31,06:52,PIPPINUSDT,BUY,22
2025-10-31,06:52,ZECUSDT,SELL,8
2025-10-31,06:53,PIPPINUSDT,BUY,16
2025-10-31,06:53,ZECUSDT,SELL,8
2025-10-31,06:54,PIPPINUSDT,BUY,10
2025-10-31,06:54,ZECUSDT,SELL,8
2025-10-31,06:55,ZECUSDT,SELL,8
2025-10-31,06:55,ICNTUSDT,SELL,15
2025-10-31,06:56,ICNTUSDT,SELL,14
2025-10-31,06:57,HIPPOUSDT,SELL,8
2025-10-31,07:01,HIPPOUSDT,SELL,7
2025-10-31,07:02,JELLYJELLYUSDT,SELL,8
2025-10-31,07:03,JELLYJELLYUSDT,SELL,29
2025-10-31,07:04,JELLYJELLYUSDT,SELL,47
2025-10-31,07:05,ETHUSDT,SELL,7
2025-10-31,07:06,ETHUSDT,SELL,9
2025-10-31,07:07,PIPPINUSDT,SELL,18
2025-10-31,07:07,ETHUSDT,SELL,10
2025-10-31,07:08,PIPPINUSDT,SELL,15
2025-10-31,07:11,ETHUSDT,SELL,7
2025-10-31,07:12,ETHUSDT,SELL,8
2025-10-31,07:13,JELLYJELLYUSDT,BUY,11
2025-10-31,07:13,币安人生USDT,SELL,7
2025-10-31,07:14,JELLYJELLYUSDT,BUY,7
2025-10-31,07:16,JELLYJELLYUSDT,SELL,20
2025-10-31,07:17,JELLYJELLYUSDT,SELL,19
2025-10-31,07:18,PIPPINUSDT,SELL,11
2025-10-31,07:19,PIPPINUSDT,SELL,10
2025-10-31,07:19,ETHUSDT,SELL,7
2025-10-31,07:20,ETHUSDT,SELL,7
2025-10-31,07:20,ZORAUSDT,SELL,8
2025-10-31,07:21,ZECUSDT,BUY,9
2025-10-31,07:22,ZECUSDT,BUY,8
2025-10-31,07:24,JELLYJELLYUSDT,SELL,9
2025-10-31,07:25,JELLYJELLYUSDT,SELL,18
2025-10-31,07:27,COAIUSDT,BUY,8
2025-10-31,07:28,JELLYJELLYUSDT,SELL,11
2025-10-31,07:29,JELLYJELLYUSDT,SELL,15
2025-10-31,07:30,LABUSDT,BUY,9
2025-10-31,07:32,PIPPINUSDT,SELL,26
2025-10-31,07:36,ZECUSDT,BUY,7
2025-10-31,07:37,ZECUSDT,BUY,8
2025-10-31,07:39,JELLYJELLYUSDT,SELL,12
2025-10-31,07:40,JTOUSDT,SELL,7
2025-10-31,07:41,LABUSDT,SELL,8
2025-10-31,07:44,PUMPUSDT,SELL,15
2025-10-31,07:44,币安人生USDT,SELL,8
2025-10-31,07:45,PUMPUSDT,SELL,10
2025-10-31,07:45,币安人生USDT,SELL,9
2025-10-31,07:47,PIPPINUSDT,SELL,10
2025-10-31,07:47,EVAAUSDT,SELL,8
2025-10-31,07:48,EVAAUSDT,SELL,12
2025-10-31,07:48,ZECUSDT,BUY,13
2025-10-31,07:51,ZECUSDT,BUY,14
2025-10-31,07:51,JELLYJELLYUSDT,SELL,9
2025-10-31,07:51,LIGHTUSDT,SELL,7
2025-10-31,07:52,LIGHTUSDT,SELL,7
2025-10-31,07:54,XPLUSDT,SELL,9
2025-10-31,07:55,XPLUSDT,SELL,9
2025-10-31,08:03,ICNTUSDT,BUY,8
2025-10-31,08:04,EVAAUSDT,SELL,8
2025-10-31,08:04,ICNTUSDT,BUY,7
2025-10-31,08:05,PIPPINUSDT,SELL,22
2025-10-31,08:06,BTCUSDT,SELL,7
2025-10-31,08:08,PIPPINUSDT,SELL,7
2025-10-31,08:09,PIPPINUSDT,SELL,9
2025-10-31,08:10,JELLYJELLYUSDT,BUY,11
2025-10-31,08:11,ICNTUSDT,BUY,7
2025-10-31,08:12,PIPPINUSDT,BUY,14
2025-10-31,08:14,LABUSDT,BUY,12
2025-10-31,08:14,JELLYJELLYUSDT,BUY,15
2025-10-31,08:14,HIPPOUSDT,SELL,8
2025-10-31,08:18,DEGOUSDT,BUY,7
2025-10-31,08:19,HIPPOUSDT,SELL,7
2025-10-31,08:20,PIPPINUSDT,BUY,14
2025-10-31,08:21,PIPPINUSDT,BUY,16
2025-10-31,08:23,EDENUSDT,SELL,11
2025-10-31,08:24,EDENUSDT,SELL,11
2025-10-31,08:25,RIVERUSDT,SELL,7
2025-10-31,08:25,DEGOUSDT,SELL,7
2025-10-31,08:26,LABUSDT,BUY,7
2025-10-31,08:27,ICNTUSDT,BUY,8
2025-10-31,08:28,TRUMPUSDT,BUY,7
2025-10-31,08:29,DEGOUSDT,SELL,7
2025-10-31,08:31,DEGOUSDT,SELL,13
2025-10-31,08:32,DEGOUSDT,SELL,13
2025-10-31,08:34,PIPPINUSDT,SELL,11
2025-10-31,08:40,JELLYJELLYUSDT,BUY,13
2025-10-31,08:41,JELLYJELLYUSDT,BUY,17
2025-10-31,08:42,JELLYJELLYUSDT,BUY,7
2025-10-31,08:43,COAIUSDT,SELL,10
2025-10-31,08:44,COAIUSDT,SELL,8
2025-10-31,08:44,BUSDT,SELL,7
2025-10-31,08:45,BUSDT,SELL,7
2025-10-31,08:46,ZECUSDT,BUY,8
2025-10-31,08:47,COAIUSDT,SELL,8
2025-10-31,08:47,MYXUSDT,SELL,8
2025-10-31,08:48,XRPUSDT,SELL,7
2025-10-31,08:48,COAIUSDT,SELL,8
2025-10-31,08:48,MYXUSDT,SELL,8
2025-10-31,08:48,BUSDT,SELL,11
2025-10-31,08:49,BUSDT,SELL,9
2025-10-31,08:49,ICNTUSDT,BUY,12
2025-10-31,08:50,BTCUSDT,SELL,10
2025-10-31,08:51,BTCUSDT,SELL,15
2025-10-31,08:51,PIPPINUSDT,BUY,12
2025-10-31,08:51,COAIUSDT,SELL,11
2025-10-31,08:52,BTCUSDT,SELL,10
2025-10-31,08:52,SOLUSDT,SELL,11
2025-10-31,08:52,COAIUSDT,SELL,14
2025-10-31,08:54,LABUSDT,SELL,10
2025-10-31,08:55,HIPPOUSDT,SELL,7
2025-10-31,08:57,LABUSDT,BUY,7
2025-10-31,08:58,LABUSDT,BUY,8
2025-10-31,08:59,LABUSDT,BUY,7
2025-10-31,09:00,ZEREBROUSDT,BUY,7
2025-10-31,09:04,BTCUSDT,BUY,7
2025-10-31,09:06,ICNTUSDT,BUY,8
2025-10-31,09:07,JELLYJELLYUSDT,BUY,7
2025-10-31,09:08,JELLYJELLYUSDT,BUY,9
2025-10-31,09:09,JELLYJELLYUSDT,BUY,15
2025-10-31,09:10,BLESSUSDT,SELL,16
2025-10-31,09:10,SWARMSUSDT,SELL,12
2025-10-31,09:11,LABUSDT,SELL,8
2025-10-31,09:11,SWARMSUSDT,SELL,12
2025-10-31,09:12,ICNTUSDT,SELL,7
2025-10-31,09:13,ICNTUSDT,SELL,7
2025-10-31,09:13,SUSDT,SELL,7
2025-10-31,09:14,ETHUSDT,SELL,12
2025-10-31,09:14,BTCUSDT,SELL,12
2025-10-31,09:14,SUSDT,SELL,9
2025-10-31,09:15,ZECUSDT,SELL,8
2025-10-31,09:15,ETHUSDT,SELL,10
2025-10-31,09:15,BTCUSDT,SELL,11
2025-10-31,09:17,ICNTUSDT,BUY,12
2025-10-31,09:18,LABUSDT,SELL,11
2025-10-31,09:19,PIPPINUSDT,BUY,10
2025-10-31,09:20,PIPPINUSDT,BUY,9
2025-10-31,09:25,ZKCUSDT,BUY,8
2025-10-31,09:25,VIRTUALUSDT,BUY,8
2025-10-31,09:26,VIRTUALUSDT,BUY,8
2025-10-31,09:28,VIRTUALUSDT,BUY,7
2025-10-31,09:29,BTCUSDT,BUY,9
2025-10-31,09:30,BTCUSDT,BUY,10
2025-10-31,09:30,ETHUSDT,BUY,7
2025-10-31,09:31,GIGGLEUSDT,BUY,11
2025-10-31,09:32,GIGGLEUSDT,BUY,11
2025-10-31,09:36,JELLYJELLYUSDT,BUY,8
2025-10-31,09:37,JELLYJELLYUSDT,BUY,14
2025-10-31,09:38,ZEREBROUSDT,BUY,7
2025-10-31,09:39,LABUSDT,SELL,14
2025-10-31,09:40,JELLYJELLYUSDT,SELL,7
2025-10-31,09:41,VIRTUALUSDT,BUY,10
2025-10-31,09:44,IDOLUSDT,SELL,7
2025-10-31,09:45,ICNTUSDT,SELL,7
2025-10-31,09:46,ZEREBROUSDT,BUY,7
2025-10-31,09:48,HANAUSDT,BUY,7
2025-10-31,09:49,BTCUSDT,BUY,7
2025-10-31,09:50,SWARMSUSDT,SELL,7
2025-10-31,09:51,SWARMSUSDT,SELL,11
2025-10-31,09:51,JELLYJELLYUSDT,SELL,8
2025-10-31,09:51,LABUSDT,SELL,11
2025-10-31,09:52,JELLYJELLYUSDT,SELL,7
2025-10-31,09:52,LABUSDT,SELL,21
2025-10-31,09:53,LABUSDT,SELL,16
2025-10-31,09:53,ZECUSDT,BUY,9
2025-10-31,09:54,ZECUSDT,BUY,9
2025-10-31,09:54,JELLYJELLYUSDT,BUY,8
2025-10-31,09:55,JELLYJELLYUSDT,BUY,10
2025-10-31,09:55,PIPPINUSDT,BUY,8
2025-10-31,09:55,ETHUSDT,BUY,14
2025-10-31,09:55,LABUSDT,SELL,14
2025-10-31,09:56,ETHUSDT,BUY,12
2025-10-31,09:57,PIPPINUSDT,SELL,7
2025-10-31,10:01,JELLYJELLYUSDT,BUY,11
2025-10-31,10:01,BTCUSDT,BUY,7
2025-10-31,10:02,JELLYJELLYUSDT,BUY,11
2025-10-31,10:02,ZEREBROUSDT,BUY,7
2025-10-31,10:02,BTCUSDT,BUY,22
2025-10-31,10:02,SOLUSDT,BUY,8
2025-10-31,10:02,ETHUSDT,BUY,9
2025-10-31,10:03,BTCUSDT,BUY,15
2025-10-31,10:03,SOLUSDT,BUY,7
2025-10-31,10:04,LABUSDT,SELL,21
2025-10-31,10:05,JELLYJELLYUSDT,BUY,10
2025-10-31,10:06,FLMUSDT,BUY,12
2025-10-31,10:06,JELLYJELLYUSDT,BUY,9
2025-10-31,10:10,SWARMSUSDT,SELL,7
2025-10-31,10:11,SWARMSUSDT,SELL,7
2025-10-31,10:11,VIRTUALUSDT,BUY,9
2025-10-31,10:11,MONUSDT,SELL,7
2025-10-31,10:12,PIPPINUSDT,SELL,9
2025-10-31,10:13,PIPPINUSDT,SELL,23
2025-10-31,10:13,LABUSDT,SELL,7
2025-10-31,10:14,SWARMSUSDT,SELL,12
2025-10-31,10:15,SWARMSUSDT,SELL,10
2025-10-31,10:17,PIPPINUSDT,SELL,7
2025-10-31,10:18,VELVETUSDT,SELL,7
2025-10-31,10:18,PIPPINUSDT,SELL,9
2025-10-31,10:18,BTCUSDT,BUY,9
2025-10-31,10:19,PIPPINUSDT,SELL,13
2025-10-31,10:25,PIPPINUSDT,SELL,10
2025-10-31,10:25,LABUSDT,SELL,7
2025-10-31,10:26,BNBUSDT,SELL,8
2025-10-31,10:26,PIPPINUSDT,SELL,17
2025-10-31,10:26,LABUSDT,SELL,7
2025-10-31,10:26,ETHUSDT,SELL,7
2025-10-31,10:27,BNBUSDT,SELL,7
2025-10-31,10:27,ETHUSDT,SELL,9
2025-10-31,10:27,LABUSDT,SELL,7
2025-10-31,10:28,LABUSDT,SELL,10
2025-10-31,10:37,JELLYJELLYUSDT,BUY,10
2025-10-31,10:38,JELLYJELLYUSDT,BUY,15
2025-10-31,10:39,JELLYJELLYUSDT,BUY,10
2025-10-31,10:39,BANKUSDT,BUY,9
2025-10-31,10:40,JELLYJELLYUSDT,BUY,10
2025-10-31,10:41,JELLYJELLYUSDT,BUY,7
2025-10-31,10:41,ZEREBROUSDT,BUY,8
2025-10-31,10:42,ZEREBROUSDT,BUY,9
2025-10-31,10:42,LABUSDT,BUY,14
2025-10-31,10:43,PIPPINUSDT,BUY,7
2025-10-31,10:43,EVAAUSDT,BUY,9
2025-10-31,10:43,JELLYJELLYUSDT,BUY,9
2025-10-31,10:44,GIGGLEUSDT,BUY,9
2025-10-31,10:44,EVAAUSDT,BUY,12
2025-10-31,10:44,JELLYJELLYUSDT,BUY,7
2025-10-31,10:45,GIGGLEUSDT,BUY,10
2025-10-31,10:45,EVAAUSDT,BUY,15
2025-10-31,10:46,JELLYJELLYUSDT,BUY,7
2025-10-31,10:47,LABUSDT,BUY,15
2025-10-31,10:48,ASTERUSDT,BUY,10
2025-10-31,10:49,ASTERUSDT,BUY,13
2025-10-31,10:50,ASTERUSDT,BUY,20
2025-10-31,10:51,ICNTUSDT,SELL,7
2025-10-31,10:52,OLUSDT,SELL,7
2025-10-31,10:56,币安人生USDT,SELL,18
2025-10-31,10:57,币安人生USDT,SELL,20
2025-10-31,10:57,ICNTUSDT,SELL,8
2025-10-31,10:58,ICNTUSDT,SELL,7
2025-10-31,11:01,JELLYJELLYUSDT,BUY,7
2025-10-31,11:01,LABUSDT,BUY,13
2025-10-31,11:02,JELLYJELLYUSDT,BUY,13
2025-10-31,11:02,ZECUSDT,BUY,7
2025-10-31,11:03,ZECUSDT,BUY,7
2025-10-31,11:04,LABUSDT,SELL,11
2025-10-31,11:05,PIPPINUSDT,BUY,9
2025-10-31,11:06,OLUSDT,SELL,7
2025-10-31,11:07,LABUSDT,BUY,7
2025-10-31,11:07,OLUSDT,SELL,7
2025-10-31,11:12,JELLYJELLYUSDT,BUY,14
2025-10-31,11:13,JELLYJELLYUSDT,BUY,11
2025-10-31,11:16,ZEREBROUSDT,BUY,10
2025-10-31,11:17,EVAAUSDT,BUY,8
2025-10-31,11:23,HIPPOUSDT,SELL,8
2025-10-31,11:24,LABUSDT,BUY,24
2025-10-31,11:25,MONUSDT,SELL,8
2025-10-31,11:26,MONUSDT,SELL,8
2025-10-31,11:27,MONUSDT,SELL,7
2025-10-31,11:28,LABUSDT,SELL,12
2025-10-31,11:28,MONUSDT,SELL,7
2025-10-31,11:29,LABUSDT,SELL,8
2025-10-31,11:32,ZORAUSDT,SELL,8
2025-10-31,11:33,ZORAUSDT,SELL,9
2025-10-31,11:40,XRPUSDT,BUY,7
2025-10-31,11:41,XRPUSDT,BUY,8
2025-10-31,11:42,XRPUSDT,BUY,9
2025-10-31,11:43,XRPUSDT,BUY,7
2025-10-31,11:44,LABUSDT,BUY,7
2025-10-31,11:44,JELLYJELLYUSDT,BUY,8
2025-10-31,11:45,JELLYJELLYUSDT,BUY,12
2025-10-31,11:46,MONUSDT,SELL,7
2025-10-31,11:46,ZEREBROUSDT,SELL,11
2025-10-31,11:47,MONUSDT,SELL,7
2025-10-31,11:47,SOLUSDT,BUY,9
2025-10-31,11:49,ZEREBROUSDT,SELL,19
2025-10-31,11:50,ZEREBROUSDT,SELL,16
2025-10-31,11:50,LYNUSDT,SELL,7
2025-10-31,11:50,LABUSDT,BUY,8
2025-10-31,11:51,LYNUSDT,SELL,12
2025-10-31,11:52,LYNUSDT,SELL,7
2025-10-31,11:55,BNBUSDT,SELL,7
2025-10-31,11:56,ETHUSDT,SELL,8
2025-10-31,11:57,LABUSDT,BUY,9
2025-10-31,11:58,ZECUSDT,SELL,13
2025-10-31,11:58,ETHUSDT,SELL,9
2025-10-31,11:59,ETHUSDT,SELL,9
2025-10-31,11:59,ZECUSDT,SELL,10
2025-10-31,11:59,币安人生USDT,SELL,12
2025-10-31,12:00,币安人生USDT,SELL,12
2025-10-31,12:00,PIPPINUSDT,SELL,11
2025-10-31,12:01,PIPPINUSDT,SELL,11
2025-10-31,12:01,BNBUSDT,SELL,12
2025-10-31,12:01,MONUSDT,SELL,7
2025-10-31,12:02,BNBUSDT,SELL,12
2025-10-31,12:02,MONUSDT,SELL,12
2025-10-31,12:02,PIPPINUSDT,BUY,8
2025-10-31,12:03,MONUSDT,SELL,10
2025-10-31,12:10,JELLYJELLYUSDT,BUY,7
2025-10-31,12:10,BNBUSDT,BUY,8
2025-10-31,12:11,PIPPINUSDT,SELL,8
2025-10-31,12:11,COAIUSDT,SELL,7
2025-10-31,12:12,HEIUSDT,SELL,12
2025-10-31,12:12,COAIUSDT,SELL,8
2025-10-31,12:13,HEIUSDT,SELL,12
2025-10-31,12:13,ZENUSDT,SELL,8
2025-10-31,12:13,PIPPINUSDT,SELL,15
2025-10-31,12:13,EDENUSDT,SELL,15
2025-10-31,12:14,EDENUSDT,SELL,15
2025-10-31,12:14,PIPPINUSDT,SELL,16
2025-10-31,12:16,EDENUSDT,SELL,15
2025-10-31,12:17,PIPPINUSDT,SELL,18
2025-10-31,12:17,TRUMPUSDT,SELL,8
2025-10-31,12:18,ZECUSDT,SELL,14
2025-10-31,12:22,PIPPINUSDT,BUY,8
2025-10-31,12:22,JELLYJELLYUSDT,BUY,7
2025-10-31,12:22,COAIUSDT,SELL,11
2025-10-31,12:23,COAIUSDT,SELL,10
2025-10-31,12:23,PIPPINUSDT,BUY,8
2025-10-31,12:24,PIPPINUSDT,BUY,8
2025-10-31,12:25,AIAUSDT,SELL,7
2025-10-31,12:26,AIAUSDT,SELL,8
2025-10-31,12:27,AI16ZUSDT,BUY,8
2025-10-31,12:31,MYXUSDT,SELL,10
2025-10-31,12:32,MYXUSDT,SELL,9
2025-10-31,12:33,MYXUSDT,SELL,8
2025-10-31,12:35,MYXUSDT,SELL,8
2025-10-31,12:36,MYXUSDT,SELL,8
2025-10-31,12:37,LABUSDT,BUY,9
2025-10-31,12:44,LABUSDT,BUY,7
2025-10-31,12:48,ZECUSDT,BUY,12
2025-10-31,12:48,DOGEUSDT,BUY,13
2025-10-31,12:48,1000PEPEUSDT,BUY,7
2025-10-31,12:48,ETHUSDT,BUY,13
2025-10-31,12:48,SOLUSDT,BUY,11
2025-10-31,12:48,BTCUSDT,BUY,14
2025-10-31,12:49,DOGEUSDT,BUY,10
2025-10-31,12:49,SOLUSDT,BUY,8
2025-10-31,12:49,BTCUSDT,BUY,14
2025-10-31,12:49,ZECUSDT,BUY,12
2025-10-31,12:49,ETHUSDT,BUY,9
2025-10-31,12:49,JELLYJELLYUSDT,SELL,9
2025-10-31,12:51,LABUSDT,SELL,15
2025-10-31,12:52,BTCUSDT,BUY,14
2025-10-31,12:52,ETHUSDT,BUY,10
2025-10-31,12:52,DOGEUSDT,BUY,7
2025-10-31,12:53,BTCUSDT,BUY,19
2025-10-31,12:53,ETHUSDT,BUY,19
2025-10-31,12:53,TRUMPUSDT,BUY,9
2025-10-31,12:53,DOGEUSDT,BUY,10
2025-10-31,12:53,ETHUSDC,BUY,8
2025-10-31,12:53,SOLUSDT,BUY,10
2025-10-31,12:54,LABUSDT,SELL,8
2025-10-31,12:57,BTCUSDT,BUY,11
2025-10-31,12:58,BTCUSDT,BUY,10
2025-10-31,12:58,SOLUSDT,BUY,9
2025-10-31,12:58,XRPUSDT,BUY,7
2025-10-31,12:59,XRPUSDT,BUY,8
2025-10-31,13:00,ZEREBROUSDT,BUY,7
2025-10-31,13:01,ZEREBROUSDT,BUY,10
2025-10-31,13:03,BTCUSDT,BUY,11
2025-10-31,13:03,ETHUSDT,BUY,13
2025-10-31,13:04,BTCUSDT,BUY,10
2025-10-31,13:04,ETHUSDT,BUY,11
2025-10-31,13:07,ZEREBROUSDT,BUY,7
2025-10-31,13:08,ZEREBROUSDT,BUY,7
2025-10-31,13:08,PIPPINUSDT,BUY,8
2025-10-31,13:09,JELLYJELLYUSDT,SELL,14
2025-10-31,13:09,PIPPINUSDT,BUY,12
2025-10-31,13:12,SOLUSDT,SELL,7
2025-10-31,13:15,TRUMPUSDT,BUY,15
2025-10-31,13:16,TRUMPUSDT,BUY,15
2025-10-31,13:17,XRPUSDT,BUY,10
2025-10-31,13:18,XRPUSDT,BUY,10
2025-10-31,13:19,AI16ZUSDT,BUY,12
2025-10-31,13:23,ZEREBROUSDT,BUY,7
2025-10-31,13:24,JELLYJELLYUSDT,SELL,7
2025-10-31,13:25,JELLYJELLYUSDT,SELL,11
2025-10-31,13:26,LABUSDT,BUY,7
2025-10-31,13:26,JELLYJELLYUSDT,SELL,14
2025-10-31,13:27,JELLYJELLYUSDT,SELL,19
2025-10-31,13:27,ICNTUSDT,BUY,11
2025-10-31,13:28,ICNTUSDT,BUY,10
2025-10-31,13:35,LABUSDT,SELL,8
2025-10-31,13:36,PIPPINUSDT,SELL,8
2025-10-31,13:37,ETHUSDT,SELL,11
2025-10-31,13:38,ETHUSDT,SELL,10
2025-10-31,13:39,BTCUSDT,SELL,11
2025-10-31,13:39,ETHUSDT,SELL,18
2025-10-31,13:40,ETHUSDT,SELL,21
2025-10-31,13:40,BTCUSDT,SELL,12
2025-10-31,13:40,SOLUSDT,SELL,7
2025-10-31,13:41,ETHUSDT,SELL,19
2025-10-31,13:41,BTCUSDT,SELL,12
2025-10-31,13:41,DOGEUSDT,SELL,7
2025-10-31,13:42,ETHUSDT,SELL,10
2025-10-31,13:45,JELLYJELLYUSDT,BUY,11
2025-10-31,13:48,ZECUSDT,SELL,9
2025-10-31,13:49,JELLYJELLYUSDT,BUY,7
2025-10-31,13:49,ZEREBROUSDT,SELL,9
2025-10-31,13:49,ICNTUSDT,BUY,7
2025-10-31,13:50,BUSDT,SELL,7
2025-10-31,13:50,ICNTUSDT,BUY,7
2025-10-31,13:51,SYNUSDT,SELL,8
2025-10-31,13:52,SYNUSDT,SELL,8
2025-10-31,13:54,ZECUSDT,SELL,10
2025-10-31,13:58,PIPPINUSDT,BUY,11
2025-10-31,14:00,RECALLUSDT,SELL,8
2025-10-31,14:02,ICNTUSDT,BUY,8
2025-10-31,14:02,ZEREBROUSDT,SELL,8
2025-10-31,14:03,AI16ZUSDT,BUY,7
2025-10-31,14:04,AI16ZUSDT,BUY,9
2025-10-31,14:06,LABUSDT,BUY,10
2025-10-31,14:06,4USDT,SELL,8
2025-10-31,14:07,LABUSDT,BUY,7
2025-10-31,14:07,4USDT,SELL,7
2025-10-31,14:08,ZEREBROUSDT,SELL,11
2025-10-31,14:09,ZEREBROUSDT,SELL,12
2025-10-31,14:09,币安人生USDT,SELL,9
2025-10-31,14:09,ICNTUSDT,SELL,7
2025-10-31,14:10,币安人生USDT,SELL,8
2025-10-31,14:13,LABUSDT,BUY,16
2025-10-31,14:15,ZEREBROUSDT,SELL,12
2025-10-31,14:16,ZEREBROUSDT,SELL,15
2025-10-31,14:16,AI16ZUSDT,BUY,7
2025-10-31,14:18,ZEREBROUSDT,BUY,7
2025-10-31,14:19,PIPPINUSDT,BUY,10
2025-10-31,14:20,LABUSDT,SELL,7
2025-10-31,14:22,ZECUSDT,BUY,8
2025-10-31,14:28,PORT3USDT,BUY,10
2025-10-31,14:29,PORT3USDT,BUY,10
2025-10-31,14:31,GIGGLEUSDT,SELL,11
2025-10-31,14:31,BTCUSDT,SELL,7
2025-10-31,14:32,BTCUSDT,SELL,11
2025-10-31,14:32,MAVIAUSDT,SELL,7
2025-10-31,14:32,ETHUSDT,SELL,10
2025-10-31,14:32,1000PEPEUSDT,SELL,8
2025-10-31,14:33,ETHUSDT,SELL,11
2025-10-31,14:33,ASTERUSDT,SELL,7
2025-10-31,14:33,1000PEPEUSDT,SELL,8
2025-10-31,14:33,币安人生USDT,SELL,7
2025-10-31,14:33,BTCUSDT,SELL,14
2025-10-31,14:33,XRPUSDT,SELL,7
2025-10-31,14:34,BTCUSDT,SELL,10
2025-10-31,14:34,SOLUSDT,SELL,7
2025-10-31,14:34,ASRUSDT,BUY,8
2025-10-31,14:34,COAIUSDT,SELL,9
2025-10-31,14:35,ASRUSDT,BUY,11
2025-10-31,14:35,COAIUSDT,SELL,9
2025-10-31,14:36,ASRUSDT,BUY,9
2025-10-31,14:40,TRUMPUSDT,SELL,9
2025-10-31,14:41,TRUMPUSDT,SELL,7
2025-10-31,14:42,LYNUSDT,SELL,9
2025-10-31,14:44,ETHUSDT,SELL,8
2025-10-31,14:45,ETHUSDT,SELL,8
2025-10-31,14:45,GIGGLEUSDT,SELL,14
2025-10-31,14:45,COAIUSDT,SELL,9
2025-10-31,14:46,COAIUSDT,SELL,8
2025-10-31,14:46,PIPPINUSDT,SELL,9
2025-10-31,14:47,ETHUSDT,BUY,7
2025-10-31,14:47,BTCUSDT,BUY,7
2025-10-31,14:47,币安人生USDT,SELL,9
2025-10-31,14:48,BTCUSDT,BUY,7
2025-10-31,14:48,币安人生USDT,SELL,9
2025-10-31,14:52,ICNTUSDT,BUY,15
2025-10-31,14:53,PIPPINUSDT,SELL,7
2025-10-31,14:56,GIGGLEUSDT,BUY,8
2025-10-31,14:58,TAOUSDT,BUY,7
2025-10-31,14:58,ASRUSDT,BUY,8
2025-10-31,14:59,ASRUSDT,BUY,15
2025-10-31,14:59,LABUSDT,SELL,7
2025-10-31,15:02,JELLYJELLYUSDT,BUY,8
2025-10-31,15:06,ZECUSDT,BUY,9
2025-10-31,15:07,ZECUSDT,BUY,10
2025-10-31,15:07,ETHUSDT,BUY,8
2025-10-31,15:07,PIPPINUSDT,BUY,7
2025-10-31,15:07,LABUSDT,BUY,9
2025-10-31,15:08,ETHUSDT,BUY,9
2025-10-31,15:08,ZECUSDT,BUY,18
2025-10-31,15:08,GIGGLEUSDT,BUY,11
2025-10-31,15:08,BTCUSDT,BUY,7
2025-10-31,15:08,PIPPINUSDT,BUY,7
2025-10-31,15:09,AIAUSDT,BUY,13
2025-10-31,15:09,ZECUSDT,BUY,14
2025-10-31,15:09,GIGGLEUSDT,BUY,11
2025-10-31,15:13,AI16ZUSDT,SELL,7
2025-10-31,15:14,ZECUSDT,BUY,7
2025-10-31,15:14,AI16ZUSDT,SELL,8
2025-10-31,15:16,AI16ZUSDT,SELL,10
2025-10-31,15:17,GIGGLEUSDT,BUY,7
2025-10-31,15:17,AI16ZUSDT,SELL,14
2025-10-31,15:17,JELLYJELLYUSDT,SELL,7
2025-10-31,15:18,LABUSDT,SELL,7
2025-10-31,15:18,BELUSDT,SELL,7
2025-10-31,15:19,BELUSDT,SELL,7
2025-10-31,15:21,ETHUSDT,SELL,14
2025-10-31,15:21,币安人生USDT,SELL,23
2025-10-31,15:22,RVVUSDT,SELL,8
2025-10-31,15:22,ICNTUSDT,BUY,8
2025-10-31,15:22,ETHUSDT,SELL,17
2025-10-31,15:22,BTCUSDT,SELL,7
2025-10-31,15:23,VELVETUSDT,SELL,8
2025-10-31,15:24,VELVETUSDT,SELL,8
2025-10-31,15:25,AI16ZUSDT,SELL,14
2025-10-31,15:26,AI16ZUSDT,SELL,12
2025-10-31,15:27,HIPPOUSDT,SELL,12
2025-10-31,15:28,JELLYJELLYUSDT,BUY,7
2025-10-31,15:28,HIPPOUSDT,SELL,13
2025-10-31,15:28,MUSDT,BUY,7
2025-10-31,15:29,MUSDT,BUY,7
2025-10-31,15:31,ENSOUSDT,SELL,8
2025-10-31,15:31,AI16ZUSDT,SELL,7
2025-10-31,15:31,BTCUSDT,SELL,7
2025-10-31,15:32,BTCUSDT,SELL,7
2025-10-31,15:32,GIGGLEUSDT,BUY,10
2025-10-31,15:32,ENSOUSDT,SELL,9
2025-10-31,15:33,GIGGLEUSDT,BUY,7
2025-10-31,15:33,ENSOUSDT,SELL,7
2025-10-31,15:34,GIGGLEUSDT,BUY,7
2025-10-31,15:35,GIGGLEUSDT,BUY,11
2025-10-31,15:36,ZECUSDT,BUY,7
2025-10-31,15:36,PIPPINUSDT,BUY,10
2025-10-31,15:37,ZECUSDT,BUY,8
2025-10-31,15:40,HIPPOUSDT,SELL,7
2025-10-31,15:41,PIPPINUSDT,BUY,15
2025-10-31,15:42,PIPPINUSDT,BUY,19
2025-10-31,15:47,TAOUSDT,BUY,8
2025-10-31,15:48,TAOUSDT,BUY,13
2025-10-31,15:51,BASUSDT,BUY,7
2025-10-31,15:52,LABUSDT,BUY,8
2025-10-31,15:53,LABUSDT,BUY,8
2025-10-31,15:53,BTCUSDT,BUY,9
2025-10-31,15:54,BTCUSDT,BUY,19
2025-10-31,15:54,ETHUSDT,BUY,7
2025-10-31,15:55,ETHUSDT,BUY,9
2025-10-31,15:55,BTCUSDC,BUY,7
2025-10-31,15:55,SOLUSDT,BUY,7
2025-10-31,15:55,AIAUSDT,BUY,7
2025-10-31,15:56,ETHUSDT,BUY,11
2025-10-31,15:56,SOLUSDT,BUY,11
2025-10-31,15:56,AIAUSDT,BUY,13
2025-10-31,15:56,BTCUSDC,BUY,10
2025-10-31,15:57,BTCUSDC,BUY,7
2025-10-31,15:57,BTCUSDT,BUY,19
2025-10-31,15:57,SOLUSDT,BUY,7
2025-10-31,15:57,ETHUSDT,BUY,8
2025-10-31,15:57,JELLYJELLYUSDT,BUY,7
2025-10-31,15:57,AIAUSDT,BUY,17
2025-10-31,15:57,ZECUSDT,BUY,19
2025-10-31,15:58,ZECUSDT,BUY,16
2025-10-31,15:58,JELLYJELLYUSDT,BUY,7
2025-10-31,15:59,LABUSDT,SELL,8
2025-10-31,16:00,TAOUSDT,SELL,7
2025-10-31,16:01,TAOUSDT,SELL,8
2025-10-31,16:01,OBOLUSDT,SELL,10
2025-10-31,16:02,OBOLUSDT,SELL,9
2025-10-31,16:04,ARCUSDT,BUY,9
2025-10-31,16:04,TAOUSDT,SELL,7
2025-10-31,16:04,XRPUSDT,BUY,7
2025-10-31,16:05,TAOUSDT,SELL,9
2025-10-31,16:06,ICNTUSDT,BUY,8
2025-10-31,16:07,ICNTUSDT,BUY,9
2025-10-31,16:07,BASUSDT,BUY,7
2025-10-31,16:08,ICNTUSDT,BUY,8
2025-10-31,16:08,BASUSDT,BUY,7
2025-10-31,16:08,JELLYJELLYUSDT,SELL,11
2025-10-31,16:08,ZECUSDT,BUY,9
2025-10-31,16:08,SOLUSDT,BUY,10
2025-10-31,16:09,ICNTUSDT,BUY,10
2025-10-31,16:09,ZECUSDT,BUY,10
2025-10-31,16:09,BTCUSDT,BUY,20
2025-10-31,16:09,SOLUSDT,BUY,18
2025-10-31,16:09,ETHUSDT,BUY,12
2025-10-31,16:10,XRPUSDT,BUY,7
2025-10-31,16:10,SOLUSDT,BUY,12
2025-10-31,16:10,BTCUSDT,BUY,12
2025-10-31,16:10,ETHUSDT,BUY,12
2025-10-31,16:15,COAIUSDT,BUY,7
2025-10-31,16:16,XRPUSDT,BUY,8
2025-10-31,16:16,AIAUSDT,BUY,9
2025-10-31,16:19,XRPUSDT,BUY,12
2025-10-31,16:20,XRPUSDT,BUY,13
2025-10-31,16:22,BANKUSDT,BUY,8
2025-10-31,16:23,BANKUSDT,BUY,8
2025-10-31,16:23,FLMUSDT,BUY,8
2025-10-31,16:26,BTCUSDT,SELL,7
2025-10-31,16:30,FUSDT,BUY,8
2025-10-31,16:34,AIAUSDT,BUY,7
2025-10-31,16:35,ZEREBROUSDT,BUY,12
2025-10-31,16:36,ZEREBROUSDT,BUY,12
2025-10-31,16:37,ENSOUSDT,SELL,8
2025-10-31,16:38,ENSOUSDT,SELL,7
2025-10-31,16:38,BTCUSDT,SELL,7
2025-10-31,16:45,OBOLUSDT,SELL,7
2025-10-31,16:45,ETHUSDT,BUY,7
2025-10-31,16:52,XRPUSDT,SELL,11
2025-10-31,16:52,ZEREBROUSDT,BUY,8
2025-10-31,16:53,XRPUSDT,SELL,8
2025-10-31,16:56,ASRUSDT,BUY,9
2025-10-31,16:56,BTCUSDT,SELL,7
2025-10-31,16:57,GIGGLEUSDT,SELL,11
2025-10-31,16:57,ASRUSDT,BUY,13
2025-10-31,16:58,GIGGLEUSDT,SELL,8
2025-10-31,16:58,ASRUSDT,BUY,7
2025-10-31,17:01,ASRUSDT,BUY,16
2025-10-31,17:02,JELLYJELLYUSDT,BUY,10
2025-10-31,17:02,ASRUSDT,BUY,26
2025-10-31,17:03,ICNTUSDT,BUY,8
2025-10-31,17:04,币安人生USDT,SELL,8
2025-10-31,17:04,ZECUSDT,BUY,7
2025-10-31,17:05,ZECUSDT,BUY,7
2025-10-31,17:07,BASUSDT,SELL,9
2025-10-31,17:08,BASUSDT,SELL,8
2025-10-31,17:09,ICNTUSDT,SELL,9
2025-10-31,17:09,ETHUSDT,SELL,8
2025-10-31,17:09,BTCUSDT,SELL,7
2025-10-31,17:09,ASRUSDT,BUY,11
2025-10-31,17:10,ETHUSDT,SELL,8
2025-10-31,17:10,BTCUSDT,SELL,7
2025-10-31,17:10,ICNTUSDT,SELL,8
2025-10-31,17:11,0GUSDT,SELL,7
2025-10-31,17:11,LABUSDT,SELL,13
2025-10-31,17:12,0GUSDT,SELL,7
2025-10-31,17:12,LABUSDT,SELL,13
2025-10-31,17:12,ASRUSDT,SELL,14
2025-10-31,17:12,MONUSDT,SELL,9
2025-10-31,17:13,MONUSDT,SELL,9
2025-10-31,17:13,VELVETUSDT,SELL,8
2025-10-31,17:14,VELVETUSDT,SELL,8
2025-10-31,17:14,MITOUSDT,SELL,9
2025-10-31,17:15,FFUSDT,SELL,7
2025-10-31,17:15,RVVUSDT,SELL,9
2025-10-31,17:15,MITOUSDT,SELL,9
2025-10-31,17:15,PAXGUSDT,SELL,8
2025-10-31,17:15,SOLUSDT,SELL,8
2025-10-31,17:15,ASTERUSDT,SELL,10
2025-10-31,17:16,SOLUSDT,SELL,7
2025-10-31,17:16,ASTERUSDT,SELL,10
2025-10-31,17:16,ZECUSDT,SELL,10
2025-10-31,17:17,SOLUSDT,SELL,8
2025-10-31,17:18,SOLUSDT,SELL,10
2025-10-31,17:18,BTCUSDT,SELL,10
2025-10-31,17:18,COAIUSDT,SELL,9
2025-10-31,17:18,XPLUSDT,SELL,7
2025-10-31,17:19,AVNTUSDT,SELL,7
2025-10-31,17:19,XPLUSDT,SELL,7
2025-10-31,17:19,COAIUSDT,SELL,7
2025-10-31,17:20,VELODROMEUSDT,BUY,10
2025-10-31,17:20,DOGEUSDT,SELL,7
2025-10-31,17:20,SOLUSDT,SELL,8
2025-10-31,17:21,PIPPINUSDT,BUY,7
2025-10-31,17:25,AI16ZUSDT,BUY,9
2025-10-31,17:25,VELODROMEUSDT,BUY,7
2025-10-31,17:26,ZECUSDT,SELL,14
2025-10-31,17:27,ZECUSDT,SELL,17
2025-10-31,17:30,PORT3USDT,BUY,8
2025-10-31,17:31,PORT3USDT,BUY,7
2025-10-31,17:31,COAIUSDT,SELL,7
2025-10-31,17:36,ASRUSDT,BUY,9
2025-10-31,17:39,VELODROMEUSDT,BUY,7
2025-10-31,17:40,VELODROMEUSDT,BUY,7
2025-10-31,17:41,BTCUSDT,SELL,8
2025-10-31,17:41,SOLUSDT,SELL,9
2025-10-31,17:42,BTCUSDT,SELL,13
2025-10-31,17:42,SOLUSDT,SELL,13
2025-10-31,17:42,SYNUSDT,SELL,7
2025-10-31,17:43,4USDT,SELL,9
2025-10-31,17:44,4USDT,SELL,9
2025-10-31,17:44,GIGGLEUSDT,SELL,12
2025-10-31,17:44,LABUSDT,BUY,9
2025-10-31,17:45,BTCUSDT,SELL,9
2025-10-31,17:45,SOLUSDT,SELL,7
2025-10-31,17:46,SOLUSDT,SELL,7
2025-10-31,17:46,BTCUSDT,SELL,10
2025-10-31,17:50,BTCUSDT,SELL,32
2025-10-31,17:50,SUIUSDT,SELL,10
2025-10-31,17:50,ASTERUSDT,SELL,8
2025-10-31,17:50,PENGUUSDT,SELL,12
2025-10-31,17:50,ETHUSDT,SELL,17
2025-10-31,17:50,SOLUSDT,SELL,16
2025-10-31,17:50,BNBUSDT,SELL,8
2025-10-31,17:50,OPUSDT,SELL,9
2025-10-31,17:50,BTCUSDC,SELL,10
2025-10-31,17:50,1000PEPEUSDT,SELL,13
2025-10-31,17:50,FORMUSDT,SELL,8
2025-10-31,17:50,AVAXUSDT,SELL,9
2025-10-31,17:50,PUMPUSDT,SELL,13
2025-10-31,17:50,ETHUSDC,SELL,8
2025-10-31,17:50,LINKUSDT,SELL,8
2025-10-31,17:50,XRPUSDT,SELL,9
2025-10-31,17:50,DOGEUSDT,SELL,11
2025-10-31,17:50,ADAUSDT,SELL,10
2025-10-31,17:50,FARTCOINUSDT,SELL,10
2025-10-31,17:50,DOTUSDT,SELL,8
2025-10-31,17:50,ENAUSDT,SELL,8
2025-10-31,17:50,ARBUSDT,SELL,8
2025-10-31,17:51,BTCUSDT,SELL,38
2025-10-31,17:51,PENGUUSDT,SELL,15
2025-10-31,17:51,ETHUSDT,SELL,26
2025-10-31,17:51,币安人生USDT,SELL,12
2025-10-31,17:51,SOLUSDT,SELL,26
2025-10-31,17:51,ASTERUSDT,SELL,18
2025-10-31,17:51,BNBUSDT,SELL,19
2025-10-31,17:51,OPUSDT,SELL,12
2025-10-31,17:51,BTCUSDC,SELL,13
2025-10-31,17:51,1000PEPEUSDT,SELL,22
2025-10-31,17:51,GALAUSDT,SELL,8
2025-10-31,17:51,COAIUSDT,SELL,12
2025-10-31,17:51,SOLUSDC,SELL,8
2025-10-31,17:51,FORMUSDT,SELL,18
2025-10-31,17:51,AVAXUSDT,SELL,13
2025-10-31,17:51,WLDUSDT,SELL,9
2025-10-31,17:51,PUMPUSDT,SELL,17
2025-10-31,17:51,SUIUSDT,SELL,16
2025-10-31,17:51,ETHUSDC,SELL,10
2025-10-31,17:51,LINKUSDT,SELL,17
2025-10-31,17:51,XRPUSDT,SELL,18
2025-10-31,17:51,ONDOUSDT,SELL,9
2025-10-31,17:51,DOGEUSDT,SELL,18
2025-10-31,17:51,ADAUSDT,SELL,14
2025-10-31,17:51,FARTCOINUSDT,SELL,19
2025-10-31,17:51,DOTUSDT,SELL,10
2025-10-31,17:51,LTCUSDT,SELL,8
2025-10-31,17:51,YBUSDT,SELL,8
2025-10-31,17:51,AVNTUSDT,SELL,8
2025-10-31,17:51,UNIUSDT,SELL,7
2025-10-31,17:51,ENAUSDT,SELL,18
2025-10-31,17:51,TAOUSDT,SELL,8
2025-10-31,17:51,ARBUSDT,SELL,13
2025-10-31,17:51,NEARUSDT,SELL,7
2025-10-31,17:51,HYPEUSDT,SELL,8
2025-10-31,17:51,JTOUSDT,SELL,10
2025-10-31,17:51,4USDT,SELL,17
2025-10-31,17:51,XPLUSDT,SELL,8
2025-10-31,17:51,FFUSDT,SELL,7
2025-10-31,17:52,BTCUSDT,SELL,12
2025-10-31,17:52,ENAUSDT,SELL,10
2025-10-31,17:52,4USDT,SELL,14
2025-10-31,17:52,COAIUSDT,SELL,9
2025-10-31,17:52,币安人生USDT,SELL,7
2025-10-31,17:52,1000PEPEUSDT,SELL,9
2025-10-31,17:52,FARTCOINUSDT,SELL,9
2025-10-31,17:52,ASTERUSDT,SELL,11
2025-10-31,17:52,JTOUSDT,SELL,7
2025-10-31,17:52,SOLUSDT,SELL,10
2025-10-31,17:52,DOGEUSDT,SELL,7
2025-10-31,17:52,LINKUSDT,SELL,9
2025-10-31,17:52,SUIUSDT,SELL,8
2025-10-31,17:52,XRPUSDT,SELL,9
2025-10-31,17:52,ETHUSDT,SELL,9
2025-10-31,17:52,BNBUSDT,SELL,11
2025-10-31,17:52,YBUSDT,SELL,7
2025-10-31,17:52,FORMUSDT,SELL,10
2025-10-31,17:56,PENGUUSDT,SELL,8
2025-10-31,17:56,ETHUSDT,SELL,10
2025-10-31,17:57,PENGUUSDT,SELL,14
2025-10-31,17:57,ETHUSDT,SELL,17
2025-10-31,17:57,BLESSUSDT,SELL,8
2025-10-31,17:57,TRUMPUSDT,SELL,8
2025-10-31,17:57,FARTCOINUSDT,SELL,25
2025-10-31,17:57,BTCUSDT,SELL,15
2025-10-31,17:57,MYXUSDT,SELL,11
2025-10-31,17:57,SPXUSDT,SELL,8
2025-10-31,17:57,1000PEPEUSDT,SELL,9
2025-10-31,17:57,SOLUSDT,SELL,9
2025-10-31,17:57,ADAUSDT,SELL,7
2025-10-31,17:58,ETHUSDT,SELL,18
2025-10-31,17:58,BTCUSDT,SELL,23
2025-10-31,17:58,FARTCOINUSDT,SELL,24
2025-10-31,17:58,PHBUSDT,SELL,9
2025-10-31,17:58,ADAUSDT,SELL,10
2025-10-31,17:58,VELODROMEUSDT,SELL,8
2025-10-31,17:58,BTCUSDC,SELL,7
2025-10-31,17:58,WLFIUSDT,SELL,7
2025-10-31,17:58,SPXUSDT,SELL,8
2025-10-31,17:58,PUMPUSDT,SELL,7
2025-10-31,17:58,BLESSUSDT,SELL,8
2025-10-31,17:58,PENGUUSDT,SELL,9
2025-10-31,17:58,SOLUSDT,SELL,12
2025-10-31,17:58,1000SHIBUSDT,SELL,7
2025-10-31,17:58,COAIUSDT,SELL,24
2025-10-31,17:58,GIGGLEUSDT,SELL,14
2025-10-31,17:58,MYXUSDT,SELL,16
2025-10-31,17:58,UNIUSDT,SELL,12
2025-10-31,17:58,EDENUSDT,SELL,9
2025-10-31,17:59,UNIUSDT,SELL,9
2025-10-31,17:59,ETHUSDT,SELL,14
2025-10-31,17:59,GIGGLEUSDT,SELL,19
2025-10-31,17:59,BTCUSDT,SELL,15
2025-10-31,17:59,VELODROMEUSDT,SELL,7
2025-10-31,17:59,PIPPINUSDT,BUY,17
2025-10-31,17:59,COAIUSDT,SELL,25
2025-10-31,17:59,EDENUSDT,SELL,8
2025-10-31,18:00,FORMUSDT,SELL,9
2025-10-31,18:00,BTCUSDT,SELL,16
2025-10-31,18:00,COAIUSDT,SELL,12
2025-10-31,18:00,XRPUSDT,SELL,7
2025-10-31,18:00,SOLUSDT,SELL,8
2025-10-31,18:00,UNIUSDT,SELL,7
2025-10-31,18:00,4USDT,SELL,10
2025-10-31,18:00,BLESSUSDT,SELL,7
2025-10-31,18:00,ZENUSDT,SELL,10
2025-10-31,18:00,GIGGLEUSDT,SELL,10
2025-10-31,18:00,ZECUSDT,SELL,12
2025-10-31,18:00,AIXBTUSDT,SELL,8
2025-10-31,18:00,SKLUSDT,SELL,7
2025-10-31,18:00,ADAUSDT,SELL,7
2025-10-31,18:00,ASTERUSDT,SELL,8
2025-10-31,18:00,BNBUSDT,SELL,10
2025-10-31,18:00,HANAUSDT,SELL,11
2025-10-31,18:00,FARTCOINUSDT,SELL,7
2025-10-31,18:01,ZENUSDT,SELL,7
2025-10-31,18:01,COAIUSDT,SELL,14
2025-10-31,18:01,SKLUSDT,SELL,7
2025-10-31,18:01,AIXBTUSDT,SELL,8
2025-10-31,18:01,FORMUSDT,SELL,9
2025-10-31,18:01,YBUSDT,SELL,11
2025-10-31,18:01,ADAUSDT,SELL,8
2025-10-31,18:01,ASTERUSDT,SELL,12
2025-10-31,18:01,SPXUSDT,SELL,11
2025-10-31,18:01,BNBUSDT,SELL,10
2025-10-31,18:01,BTCUSDT,SELL,14
2025-10-31,18:01,HANAUSDT,SELL,12
2025-10-31,18:01,FARTCOINUSDT,SELL,9
2025-10-31,18:01,SOLUSDT,SELL,8
2025-10-31,18:01,GIGGLEUSDT,SELL,16
2025-10-31,18:02,DEGOUSDT,SELL,8
2025-10-31,18:02,RVVUSDT,SELL,15
2025-10-31,18:02,ASTERUSDT,SELL,11
2025-10-31,18:02,AI16ZUSDT,SELL,10
2025-10-31,18:02,AIAUSDT,SELL,14
2025-10-31,18:02,COAIUSDT,SELL,25
2025-10-31,18:03,ASTERUSDT,SELL,8
2025-10-31,18:03,RVVUSDT,SELL,15
2025-10-31,18:03,COAIUSDT,SELL,29
2025-10-31,18:03,币安人生USDT,SELL,17
2025-10-31,18:03,MONUSDT,SELL,7
2025-10-31,18:03,ZEREBROUSDT,SELL,7
2025-10-31,18:03,AIAUSDT,SELL,15
2025-10-31,18:03,FORMUSDT,SELL,8
2025-10-31,18:03,LABUSDT,SELL,8
2025-10-31,18:04,COAIUSDT,SELL,15
2025-10-31,18:04,币安人生USDT,SELL,15
2025-10-31,18:04,GIGGLEUSDT,SELL,24
2025-10-31,18:04,VELODROMEUSDT,SELL,13
2025-10-31,18:05,VELODROMEUSDT,SELL,15
2025-10-31,18:06,币安人生USDT,SELL,7
2025-10-31,18:06,RVVUSDT,SELL,10
2025-10-31,18:07,RVVUSDT,SELL,14
2025-10-31,18:08,币安人生USDT,SELL,11
2025-10-31,18:10,MAVIAUSDT,SELL,8
2025-10-31,18:11,HUSDT,BUY,8
2025-10-31,18:11,OBOLUSDT,SELL,7
2025-10-31,18:12,OBOLUSDT,SELL,7
2025-10-31,18:12,COAIUSDT,SELL,11
2025-10-31,18:13,COAIUSDT,SELL,15
2025-10-31,18:14,COAIUSDT,SELL,10
2025-10-31,18:14,BUSDT,SELL,7
2025-10-31,18:15,BUSDT,SELL,7
2025-10-31,18:15,COAIUSDT,SELL,13
2025-10-31,18:15,LABUSDT,SELL,7
2025-10-31,18:16,COAIUSDT,SELL,14
2025-10-31,18:16,SPXUSDT,SELL,9
2025-10-31,18:17,SPXUSDT,SELL,9
2025-10-31,18:18,SPXUSDT,SELL,7
2025-10-31,18:18,FARTCOINUSDT,SELL,16
2025-10-31,18:18,ENSOUSDT,SELL,9
2025-10-31,18:19,FARTCOINUSDT,SELL,24
2025-10-31,18:19,PENGUUSDT,SELL,16
2025-10-31,18:19,DOGEUSDT,SELL,12
2025-10-31,18:19,ENSOUSDT,SELL,14
2025-10-31,18:19,0GUSDT,SELL,9
2025-10-31,18:19,SPXUSDT,SELL,9
2025-10-31,18:19,CAKEUSDT,SELL,9
2025-10-31,18:19,MELANIAUSDT,SELL,10
2025-10-31,18:19,GALAUSDT,SELL,7
2025-10-31,18:19,HBARUSDT,SELL,7
2025-10-31,18:19,WLFIUSDT,SELL,7
2025-10-31,18:19,ENAUSDT,SELL,8
2025-10-31,18:19,FETUSDT,SELL,8
2025-10-31,18:19,BTCUSDT,SELL,13
2025-10-31,18:19,AVAXUSDT,SELL,7
2025-10-31,18:19,HYPEUSDT,SELL,14
2025-10-31,18:19,CRVUSDT,SELL,10
2025-10-31,18:19,AI16ZUSDT,SELL,8
2025-10-31,18:19,OPUSDT,SELL,12
2025-10-31,18:19,ARBUSDT,SELL,7
2025-10-31,18:19,WLDUSDT,SELL,7
2025-10-31,18:19,ADAUSDT,SELL,14
2025-10-31,18:19,1000SHIBUSDT,SELL,7
2025-10-31,18:19,1000PEPEUSDT,SELL,11
2025-10-31,18:19,ASTERUSDT,SELL,7
2025-10-31,18:19,XRPUSDT,SELL,11
2025-10-31,18:19,INJUSDT,SELL,7
2025-10-31,18:19,COAIUSDT,SELL,8
2025-10-31,18:19,MYXUSDT,SELL,7
2025-10-31,18:19,XPLUSDT,SELL,7
2025-10-31,18:19,LINKUSDT,SELL,9
2025-10-31,18:19,OMUSDT,SELL,7
2025-10-31,18:19,EIGENUSDT,SELL,7
2025-10-31,18:19,FORMUSDT,SELL,8
2025-10-31,18:19,JTOUSDT,SELL,7
2025-10-31,18:19,PHBUSDT,SELL,7
2025-10-31,18:19,TRUMPUSDT,SELL,9
2025-10-31,18:19,SUIUSDT,SELL,7
2025-10-31,18:19,TIAUSDT,SELL,8
2025-10-31,18:19,AIXBTUSDT,SELL,7
2025-10-31,18:19,4USDT,SELL,7
2025-10-31,18:20,PENGUUSDT,SELL,12
2025-10-31,18:20,FORMUSDT,SELL,8
2025-10-31,18:20,ADAUSDT,SELL,9
2025-10-31,18:20,CRVUSDT,SELL,8
2025-10-31,18:20,AIXBTUSDT,SELL,8
2025-10-31,18:20,XRPUSDT,SELL,9
2025-10-31,18:20,TIAUSDT,SELL,7
2025-10-31,18:20,TRUMPUSDT,SELL,8
2025-10-31,18:20,HYPEUSDT,SELL,17
2025-10-31,18:20,OPUSDT,SELL,9
2025-10-31,18:20,0GUSDT,SELL,8
2025-10-31,18:20,4USDT,SELL,13
2025-10-31,18:20,FARTCOINUSDT,SELL,10
2025-10-31,18:20,1000PEPEUSDT,SELL,9
2025-10-31,18:20,BTCUSDT,SELL,9
2025-10-31,18:20,LINKUSDT,SELL,7
2025-10-31,18:20,DOGEUSDT,SELL,10
2025-10-31,18:20,ASTERUSDT,SELL,7
2025-10-31,18:20,PIPPINUSDT,SELL,7
2025-10-31,18:20,ZEREBROUSDT,SELL,7
2025-10-31,18:21,4USDT,SELL,10
2025-10-31,18:21,HYPEUSDT,SELL,11
2025-10-31,18:21,PIPPINUSDT,SELL,7
2025-10-31,18:22,HYPEUSDT,SELL,7
2025-10-31,18:22,PUMPUSDT,SELL,10
2025-10-31,18:22,YBUSDT,SELL,7
2025-10-31,18:22,ASRUSDT,SELL,7
2025-10-31,18:22,4USDT,SELL,16
2025-10-31,18:22,GIGGLEUSDT,SELL,10
2025-10-31,18:22,0GUSDT,SELL,7
2025-10-31,18:22,PENGUUSDT,SELL,9
2025-10-31,18:22,ASTERUSDT,SELL,7
2025-10-31,18:22,HANAUSDT,SELL,11
2025-10-31,18:22,币安人生USDT,SELL,10
2025-10-31,18:22,LYNUSDT,SELL,13
2025-10-31,18:22,ETHUSDT,SELL,10
2025-10-31,18:22,FARTCOINUSDT,SELL,9
2025-10-31,18:22,RVVUSDT,SELL,7
2025-10-31,18:22,AVAXUSDT,SELL,7
2025-10-31,18:23,4USDT,SELL,12
2025-10-31,18:23,PENGUUSDT,SELL,9
2025-10-31,18:23,GIGGLEUSDT,SELL,9
2025-10-31,18:23,PUMPUSDT,SELL,9
2025-10-31,18:23,ASTERUSDT,SELL,7
2025-10-31,18:23,HANAUSDT,SELL,11
2025-10-31,18:23,ETHUSDT,SELL,10
2025-10-31,18:23,FARTCOINUSDT,SELL,12
2025-10-31,18:23,RVVUSDT,SELL,7
2025-10-31,18:23,DEGOUSDT,SELL,7
2025-10-31,18:23,AVAXUSDT,SELL,7
2025-10-31,18:23,MELANIAUSDT,SELL,8
2025-10-31,18:24,JELLYJELLYUSDT,BUY,11
2025-10-31,18:24,COAIUSDT,SELL,18
2025-10-31,18:25,COAIUSDT,SELL,18
2025-10-31,18:25,ASRUSDT,SELL,10
2025-10-31,18:26,VELODROMEUSDT,SELL,8
2025-10-31,18:26,PORT3USDT,SELL,10
2025-10-31,18:27,VELODROMEUSDT,SELL,11
2025-10-31,18:27,PORT3USDT,SELL,13
2025-10-31,18:27,PUMPUSDT,SELL,8
2025-10-31,18:28,MAVIAUSDT,SELL,9
2025-10-31,18:29,LABUSDT,BUY,7
2025-10-31,18:30,OBOLUSDT,SELL,25
2025-10-31,18:31,GIGGLEUSDT,BUY,11
2025-10-31,18:32,GIGGLEUSDT,BUY,12
2025-10-31,18:32,ASRUSDT,BUY,8
2025-10-31,18:33,ZEREBROUSDT,BUY,7
2025-10-31,18:36,ASRUSDT,BUY,8
2025-10-31,18:36,COAIUSDT,SELL,10
2025-10-31,18:37,COAIUSDT,SELL,21
2025-10-31,18:37,AI16ZUSDT,SELL,7
2025-10-31,18:37,ETHUSDT,SELL,8
2025-10-31,18:38,COAIUSDT,SELL,16
2025-10-31,18:40,ZECUSDT,BUY,15
2025-10-31,18:41,ZECUSDT,BUY,12
2025-10-31,18:42,TAOUSDT,BUY,7
2025-10-31,18:43,TAOUSDT,BUY,7
2025-10-31,18:44,ZECUSDT,BUY,8
2025-10-31,18:46,COAIUSDT,SELL,17
2025-10-31,18:46,PIPPINUSDT,BUY,7
2025-10-31,18:47,COAIUSDT,SELL,20
2025-10-31,18:47,PIPPINUSDT,BUY,10
2025-10-31,18:48,PIPPINUSDT,BUY,17
2025-10-31,18:48,COAIUSDT,SELL,8
2025-10-31,18:49,COAIUSDT,SELL,15
2025-10-31,18:49,PIPPINUSDT,BUY,17
2025-10-31,18:50,COAIUSDT,SELL,13
2025-10-31,18:50,ZECUSDT,BUY,11
2025-10-31,18:50,TACUSDT,BUY,7
2025-10-31,18:51,TAOUSDT,BUY,7
2025-10-31,18:51,TACUSDT,BUY,13
2025-10-31,18:52,TAOUSDT,BUY,14
2025-10-31,18:52,TACUSDT,BUY,8
2025-10-31,18:53,TAOUSDT,BUY,9
2025-10-31,18:55,AIAUSDT,SELL,8
2025-10-31,19:02,TACUSDT,BUY,10
2025-10-31,19:03,JELLYJELLYUSDT,BUY,11
2025-10-31,19:03,TACUSDT,BUY,9
2025-10-31,19:03,COAIUSDT,SELL,13
2025-10-31,19:04,JELLYJELLYUSDT,BUY,7
2025-10-31,19:04,TACUSDT,SELL,12
2025-10-31,19:05,LABUSDT,BUY,7
2025-10-31,19:05,AIAUSDT,SELL,9
2025-10-31,19:05,币安人生USDT,SELL,7
2025-10-31,19:06,COAIUSDT,SELL,19
2025-10-31,19:06,币安人生USDT,SELL,7
2025-10-31,19:07,COAIUSDT,SELL,7
2025-10-31,19:07,BTCUSDT,BUY,7
2025-10-31,19:08,ASRUSDT,BUY,10
2025-10-31,19:08,OLUSDT,BUY,9
2025-10-31,19:08,BTCUSDT,BUY,7
2025-10-31,19:08,ICNTUSDT,SELL,12
2025-10-31,19:12,PORT3USDT,BUY,8
2025-10-31,19:13,PORT3USDT,BUY,12
2025-10-31,19:14,PORT3USDT,BUY,10
2025-10-31,19:17,COAIUSDT,SELL,13
2025-10-31,19:18,COAIUSDT,SELL,23
2025-10-31,19:19,COAIUSDT,SELL,20
2025-10-31,19:19,ASRUSDT,BUY,7
2025-10-31,19:19,TACUSDT,SELL,7
2025-10-31,19:20,COAIUSDT,SELL,9
2025-10-31,19:30,COAIUSDT,BUY,16
2025-10-31,19:31,COAIUSDT,BUY,20
2025-10-31,19:31,BTCUSDT,SELL,8
2025-10-31,19:32,BTCUSDT,SELL,9
2025-10-31,19:34,PENGUUSDT,SELL,7
2025-10-31,19:34,ETHUSDT,SELL,7
2025-10-31,19:35,ETHUSDT,SELL,14
2025-10-31,19:35,BCHUSDT,SELL,7
2025-10-31,19:35,SOLUSDT,SELL,7
2025-10-31,19:36,ETHUSDT,SELL,8
2025-10-31,19:37,METUSDT,SELL,7
2025-10-31,19:38,GIGGLEUSDT,BUY,12
2025-10-31,19:38,ETHUSDT,BUY,18
2025-10-31,19:38,ZECUSDT,BUY,9
2025-10-31,19:39,GIGGLEUSDT,BUY,13
2025-10-31,19:39,ZECUSDT,BUY,9
2025-10-31,19:39,ETHUSDT,BUY,26
2025-10-31,19:39,ETHUSDC,BUY,7
2025-10-31,19:39,SOLUSDT,BUY,13
2025-10-31,19:40,XRPUSDT,BUY,7
2025-10-31,19:40,SOLUSDT,BUY,13
2025-10-31,19:40,BTCUSDT,BUY,13
2025-10-31,19:40,ETHUSDT,BUY,17
2025-10-31,19:41,PORT3USDT,SELL,7
2025-10-31,19:46,TACUSDT,SELL,16
2025-10-31,19:47,TACUSDT,SELL,8
2025-10-31,19:48,ZEREBROUSDT,SELL,10
2025-10-31,19:49,BDXNUSDT,BUY,7
2025-10-31,19:49,ZEREBROUSDT,SELL,11
2025-10-31,19:51,VELODROMEUSDT,BUY,7
2025-10-31,19:51,TACUSDT,SELL,8
2025-10-31,19:59,TACUSDT,SELL,7
2025-10-31,20:00,TACUSDT,SELL,10
2025-10-31,20:01,TACUSDT,SELL,14
2025-10-31,20:02,TACUSDT,SELL,8
2025-10-31,20:03,BTCUSDT,SELL,7
2025-10-31,20:03,ETHUSDT,SELL,11
2025-10-31,20:04,ETHUSDT,SELL,8
2025-10-31,20:07,BLESSUSDT,BUY,7
2025-10-31,20:14,AIAUSDT,SELL,7
2025-10-31,20:15,AIAUSDT,SELL,7
2025-10-31,20:16,PORT3USDT,SELL,7
2025-10-31,20:17,PORT3USDT,SELL,7
2025-10-31,20:20,ETHUSDT,BUY,7
2025-10-31,20:20,SOLUSDT,BUY,7
2025-10-31,20:21,ETHUSDT,BUY,7
2025-10-31,20:21,SOLUSDT,BUY,7
2025-10-31,20:21,COAIUSDT,SELL,13
2025-10-31,20:22,COAIUSDT,SELL,13
2025-10-31,20:26,BTCUSDT,BUY,7
2025-10-31,20:26,ETHUSDT,BUY,11
2025-10-31,20:27,ZECUSDT,BUY,9
2025-10-31,20:27,ETHUSDT,BUY,17
2025-10-31,20:28,ZECUSDT,BUY,9
2025-10-31,20:28,ETHUSDT,BUY,17
2025-10-31,20:29,ETHUSDT,BUY,10
2025-10-31,20:32,COAIUSDT,BUY,9
2025-10-31,20:32,VELODROMEUSDT,BUY,7
2025-10-31,20:32,ETHUSDT,BUY,9
2025-10-31,20:33,TRUMPUSDT,BUY,7
2025-10-31,20:33,ETHUSDT,BUY,19
2025-10-31,20:33,SOLUSDT,BUY,7
2025-10-31,20:33,BTCUSDT,BUY,13
2025-10-31,20:34,ETHUSDT,BUY,20
2025-10-31,20:34,BTCUSDT,BUY,20
2025-10-31,20:34,SOLUSDT,BUY,9
2025-10-31,20:34,ETHUSDC,BUY,9
2025-10-31,20:34,BNBUSDT,BUY,8
2025-10-31,20:35,BTCUSDT,BUY,9
2025-10-31,20:36,ICNTUSDT,BUY,7
2025-10-31,20:37,ICNTUSDT,BUY,10
2025-10-31,20:43,XRPUSDT,BUY,8
2025-10-31,20:43,1000PEPEUSDT,BUY,7
2025-10-31,20:44,1000PEPEUSDT,BUY,7
2025-10-31,20:46,PIPPINUSDT,BUY,12
2025-10-31,20:46,AAVEUSDT,BUY,9
2025-10-31,20:46,RSRUSDT,BUY,7
2025-10-31,20:46,SOLUSDT,BUY,8
2025-10-31,20:46,BTCUSDT,BUY,7
2025-10-31,20:47,BTCUSDT,BUY,8
2025-10-31,20:47,PIPPINUSDT,BUY,12
2025-10-31,20:48,ZECUSDT,BUY,10
2025-10-31,20:49,ZECUSDT,BUY,9
2025-10-31,20:49,PIPPINUSDT,BUY,9
2025-10-31,20:50,PIPPINUSDT,BUY,9
2025-10-31,20:50,RIVERUSDT,BUY,9
2025-10-31,20:50,HUSDT,BUY,10
2025-10-31,20:50,PORT3USDT,BUY,7
2025-10-31,20:51,HUSDT,BUY,9
2025-10-31,20:51,RIVERUSDT,BUY,9
2025-10-31,20:51,PIPPINUSDT,BUY,12
2025-10-31,20:52,PIPPINUSDT,BUY,19
2025-10-31,20:53,PIPPINUSDT,BUY,8
2025-10-31,20:55,PUMPUSDT,BUY,8
2025-10-31,20:56,PUMPUSDT,BUY,16
2025-10-31,20:57,PUMPUSDT,BUY,12
2025-10-31,20:57,COAIUSDT,BUY,10
2025-10-31,20:58,XRPUSDT,BUY,9
2025-10-31,20:58,COAIUSDT,BUY,21
2025-10-31,20:59,COAIUSDT,BUY,15
2025-10-31,20:59,PUMPUSDT,BUY,10
2025-10-31,21:00,PUMPUSDT,BUY,11
2025-10-31,21:00,LABUSDT,BUY,7
2025-10-31,21:01,LABUSDT,BUY,7
2025-10-31,21:01,GIGGLEUSDT,BUY,7
2025-10-31,21:02,GIGGLEUSDT,BUY,7
2025-10-31,21:02,PORT3USDT,BUY,12
2025-10-31,21:02,RIVERUSDT,BUY,8
2025-10-31,21:03,PORT3USDT,BUY,8
2025-10-31,21:06,ASRUSDT,BUY,13
2025-10-31,21:07,ASRUSDT,BUY,10
2025-10-31,21:07,PIPPINUSDT,BUY,10
2025-10-31,21:19,PIPPINUSDT,SELL,7
2025-10-31,21:36,ICNTUSDT,SELL,8
2025-10-31,21:37,PIPPINUSDT,BUY,9
2025-10-31,21:39,JELLYJELLYUSDT,SELL,8
2025-10-31,21:47,JELLYJELLYUSDT,SELL,11
2025-10-31,21:48,JELLYJELLYUSDT,SELL,14
2025-10-31,21:50,ETHUSDT,SELL,9
2025-10-31,21:51,ETHUSDT,SELL,14
2025-10-31,21:54,ETHUSDT,SELL,7
2025-10-31,21:55,ETHUSDT,SELL,7
2025-10-31,21:58,ZECUSDT,BUY,7
2025-10-31,22:02,BLESSUSDT,BUY,10
2025-10-31,22:03,BLESSUSDT,BUY,11
2025-10-31,22:07,JELLYJELLYUSDT,SELL,11
2025-10-31,22:12,ZECUSDT,BUY,20
2025-10-31,22:13,ZECUSDT,BUY,26
2025-10-31,22:14,ETHUSDT,SELL,12
2025-10-31,22:14,BTCUSDT,SELL,9
2025-10-31,22:15,ETHUSDT,SELL,10
2025-10-31,22:15,BTCUSDT,SELL,9
2025-10-31,22:16,ZECUSDT,BUY,10
2025-10-31,22:17,ZECUSDT,BUY,9
2025-10-31,22:20,ZECUSDT,BUY,22
2025-10-31,22:21,ZECUSDT,BUY,29
2025-10-31,22:21,JELLYJELLYUSDT,SELL,9
2025-10-31,22:22,ZECUSDT,BUY,16
2025-10-31,22:25,JELLYJELLYUSDT,SELL,8
2025-10-31,22:30,PORT3USDT,BUY,11
2025-10-31,22:31,PORT3USDT,BUY,11
2025-10-31,22:31,TRUMPUSDT,SELL,7
2025-10-31,22:32,ZECUSDT,BUY,12
2025-10-31,22:33,ZECUSDT,BUY,11
2025-10-31,22:33,ASRUSDT,BUY,8
2025-10-31,22:33,PORT3USDT,BUY,16
2025-10-31,22:34,DEGOUSDT,SELL,9
2025-10-31,22:36,PORT3USDT,SELL,8
2025-10-31,22:36,JELLYJELLYUSDT,BUY,11
2025-10-31,22:37,JELLYJELLYUSDT,BUY,12
2025-10-31,22:38,JELLYJELLYUSDT,BUY,7
2025-10-31,22:39,JELLYJELLYUSDT,BUY,9
2025-10-31,22:43,PIPPINUSDT,SELL,9
2025-10-31,22:44,PIPPINUSDT,SELL,9
2025-10-31,22:50,LABUSDT,SELL,8
2025-10-31,22:51,LABUSDT,SELL,13
2025-10-31,23:00,TAOUSDT,BUY,7
2025-10-31,23:01,TAOUSDT,BUY,7
2025-10-31,23:01,HUSDT,BUY,7
2025-10-31,23:03,PUMPUSDT,BUY,8
2025-10-31,23:06,YBUSDT,BUY,7
2025-10-31,23:06,ZEREBROUSDT,BUY,7
2025-10-31,23:11,JELLYJELLYUSDT,BUY,7
2025-10-31,23:12,LABUSDT,SELL,9
2025-10-31,23:14,COAIUSDT,SELL,11
2025-10-31,23:15,COAIUSDT,SELL,12
2025-10-31,23:16,ASRUSDT,SELL,7
2025-10-31,23:17,ASRUSDT,SELL,7
2025-10-31,23:19,JELLYJELLYUSDT,SELL,7
2025-10-31,23:20,JELLYJELLYUSDT,SELL,7
2025-10-31,23:25,BLESSUSDT,BUY,7
2025-10-31,23:25,TACUSDT,SELL,7
2025-10-31,23:26,ZECUSDT,BUY,20
2025-10-31,23:26,TACUSDT,SELL,7
2025-10-31,23:31,TAOUSDT,BUY,8
2025-10-31,23:32,TAOUSDT,BUY,8
2025-10-31,23:32,JELLYJELLYUSDT,BUY,9
2025-10-31,23:33,JELLYJELLYUSDT,BUY,8
2025-11-01,00:00,ZECUSDT,BUY,11
2025-11-01,00:01,PIPPINUSDT,BUY,9
2025-11-01,00:02,4USDT,BUY,8
2025-11-01,00:03,4USDT,BUY,8
2025-11-01,00:05,ICNTUSDT,BUY,9
2025-11-01,00:06,ICNTUSDT,BUY,9
2025-11-01,00:08,ICNTUSDT,BUY,9
2025-11-01,00:09,ICNTUSDT,BUY,10
2025-11-01,00:11,DOODUSDT,BUY,8
2025-11-01,00:12,DOODUSDT,BUY,12
2025-11-01,00:26,DASHUSDT,BUY,8
2025-11-01,00:27,DASHUSDT,BUY,7
2025-11-01,00:28,EVAAUSDT,SELL,8
2025-11-01,00:29,EVAAUSDT,SELL,7
2025-11-01,00:32,COAIUSDT,BUY,11
2025-11-01,00:35,COAIUSDT,BUY,10
2025-11-01,00:36,COAIUSDT,BUY,24
2025-11-01,00:37,COAIUSDT,BUY,25
2025-11-01,00:38,COAIUSDT,BUY,9
2025-11-01,00:45,GIGGLEUSDT,BUY,8
2025-11-01,00:46,ASRUSDT,SELL,8
2025-11-01,00:52,ZENUSDT,BUY,9
2025-11-01,00:52,LABUSDT,BUY,7
2025-11-01,00:53,LABUSDT,BUY,8
2025-11-01,00:53,ZENUSDT,BUY,10
2025-11-01,00:53,DASHUSDT,BUY,9
2025-11-01,00:56,PIPPINUSDT,SELL,7
2025-11-01,00:56,ZENUSDT,BUY,12
2025-11-01,01:01,STRKUSDT,SELL,9
2025-11-01,01:02,STRKUSDT,SELL,9
2025-11-01,01:03,ZENUSDT,SELL,13
2025-11-01,01:04,ASRUSDT,SELL,8
2025-11-01,01:05,JELLYJELLYUSDT,SELL,7
2025-11-01,01:05,ASRUSDT,SELL,9
2025-11-01,01:05,PORT3USDT,SELL,7
2025-11-01,01:06,ASRUSDT,SELL,11
2025-11-01,01:06,ICNTUSDT,SELL,7
2025-11-01,01:07,ICNTUSDT,SELL,8
2025-11-01,01:08,ZECUSDT,BUY,8
2025-11-01,01:08,COAIUSDT,BUY,8
2025-11-01,01:09,COAIUSDT,BUY,9
2025-11-01,01:10,COAIUSDT,BUY,10
2025-11-01,01:11,COAIUSDT,BUY,8
2025-11-01,01:14,COAIUSDT,BUY,13
2025-11-01,01:22,ZENUSDT,BUY,7
2025-11-01,01:22,SOLUSDT,SELL,10
2025-11-01,01:23,SOLUSDT,SELL,9
2025-11-01,01:24,JELLYJELLYUSDT,SELL,7
2025-11-01,01:25,ICNTUSDT,SELL,9
2025-11-01,01:30,JELLYJELLYUSDT,SELL,18
2025-11-01,01:30,BLUAIUSDT,SELL,9
2025-11-01,01:31,JELLYJELLYUSDT,SELL,14
2025-11-01,01:31,BLUAIUSDT,SELL,7
2025-11-01,01:31,VELODROMEUSDT,BUY,8
2025-11-01,01:34,ENAUSDT,SELL,7
2025-11-01,01:35,ENAUSDT,SELL,7
2025-11-01,01:37,JELLYJELLYUSDT,SELL,12
2025-11-01,01:38,JELLYJELLYUSDT,SELL,23
2025-11-01,01:39,JELLYJELLYUSDT,SELL,12
2025-11-01,01:40,ICNTUSDT,SELL,7
2025-11-01,01:41,ICNTUSDT,SELL,8
2025-11-01,01:41,VIRTUALUSDT,BUY,11
2025-11-01,01:42,VIRTUALUSDT,BUY,11
2025-11-01,01:42,JELLYJELLYUSDT,SELL,18
2025-11-01,01:42,PORT3USDT,BUY,7
2025-11-01,01:43,JELLYJELLYUSDT,SELL,9
2025-11-01,01:43,PORT3USDT,BUY,7
2025-11-01,01:43,BLESSUSDT,SELL,12
2025-11-01,01:44,BLESSUSDT,SELL,12
2025-11-01,01:47,VELODROMEUSDT,SELL,8
2025-11-01,01:48,VELODROMEUSDT,SELL,7
2025-11-01,01:48,PORT3USDT,BUY,10
2025-11-01,01:49,JELLYJELLYUSDT,BUY,10
2025-11-01,01:51,PORT3USDT,SELL,11
2025-11-01,01:52,ZECUSDT,BUY,7
2025-11-01,01:53,BLESSUSDT,BUY,7
2025-11-01,01:53,ZECUSDT,BUY,9
2025-11-01,01:55,DASHUSDT,BUY,7
2025-11-01,01:55,GIGGLEUSDT,BUY,8
2025-11-01,01:55,币安人生USDT,BUY,8
2025-11-01,01:56,COAIUSDT,BUY,10
2025-11-01,01:57,COAIUSDT,BUY,16
2025-11-01,01:58,COAIUSDT,BUY,16
2025-11-01,02:01,PORT3USDT,BUY,8
2025-11-01,02:02,PORT3USDT,BUY,8
2025-11-01,02:02,BTCUSDT,BUY,11
2025-11-01,02:03,BTCUSDT,BUY,7
2025-11-01,02:03,VIRTUALUSDT,BUY,7
2025-11-01,02:06,ZECUSDT,BUY,8
2025-11-01,02:07,ZECUSDT,BUY,18
2025-11-01,02:07,VIRTUALUSDT,BUY,7
2025-11-01,02:08,ZECUSDT,BUY,10
2025-11-01,02:08,COAIUSDT,BUY,10
2025-11-01,02:08,PIPPINUSDT,BUY,10
2025-11-01,02:09,COAIUSDT,BUY,10
2025-11-01,02:09,PIPPINUSDT,BUY,9
2025-11-01,02:11,JELLYJELLYUSDT,SELL,7
2025-11-01,02:11,PIPPINUSDT,BUY,7
2025-11-01,02:11,COAIUSDT,BUY,11
2025-11-01,02:14,JELLYJELLYUSDT,SELL,9
2025-11-01,02:15,JELLYJELLYUSDT,SELL,13
2025-11-01,02:17,HUSDT,BUY,14
2025-11-01,02:18,HUSDT,BUY,10
2025-11-01,02:19,ZECUSDT,SELL,8
2025-11-01,02:24,AI16ZUSDT,BUY,7
2025-11-01,02:26,VIRTUALUSDT,BUY,7
2025-11-01,02:27,VIRTUALUSDT,BUY,10
2025-11-01,02:28,ZENUSDT,BUY,9
2025-11-01,02:31,ZENUSDT,BUY,15
2025-11-01,02:34,ZENUSDT,SELL,7
2025-11-01,02:37,ZECUSDT,SELL,10
2025-11-01,02:39,JELLYJELLYUSDT,SELL,7
2025-11-01,02:42,GIGGLEUSDT,BUY,9
2025-11-01,02:42,COAIUSDT,SELL,11
2025-11-01,02:43,COAIUSDT,SELL,9
2025-11-01,02:44,ZECUSDT,BUY,8
2025-11-01,02:45,ZECUSDT,BUY,8
2025-11-01,02:45,ZENUSDT,BUY,7
2025-11-01,02:46,ZENUSDT,BUY,7
2025-11-01,02:46,JELLYJELLYUSDT,BUY,8
2025-11-01,02:47,JELLYJELLYUSDT,BUY,15
2025-11-01,02:48,JELLYJELLYUSDT,BUY,13
2025-11-01,02:48,COAIUSDT,SELL,10
2025-11-01,02:49,COAIUSDT,SELL,7
2025-11-01,02:49,AIAUSDT,SELL,15
2025-11-01,02:49,JELLYJELLYUSDT,BUY,7
2025-11-01,02:50,COAIUSDT,SELL,10
2025-11-01,02:51,COAIUSDT,SELL,10
2025-11-01,02:54,AIAUSDT,SELL,12
2025-11-01,02:57,JELLYJELLYUSDT,SELL,8
2025-11-01,02:58,PIPPINUSDT,SELL,9
2025-11-01,02:59,PIPPINUSDT,SELL,15
2025-11-01,02:59,GIGGLEUSDT,BUY,11
2025-11-01,03:00,GIGGLEUSDT,BUY,16
2025-11-01,03:00,PORT3USDT,BUY,10
2025-11-01,03:01,PORT3USDT,BUY,11
2025-11-01,03:02,ENAUSDT,SELL,12
2025-11-01,03:02,COAIUSDT,SELL,10
2025-11-01,03:02,SOLUSDT,SELL,8
2025-11-01,03:03,ENAUSDT,SELL,16
2025-11-01,03:03,COAIUSDT,SELL,12
2025-11-01,03:03,SOLUSDT,SELL,10
2025-11-01,03:03,ETHUSDT,SELL,7
2025-11-01,03:05,AI16ZUSDT,SELL,7
2025-11-01,03:05,PORT3USDT,SELL,11
2025-11-01,03:06,DOGEUSDT,SELL,7
2025-11-01,03:06,SOLUSDT,SELL,7
2025-11-01,03:06,XRPUSDT,SELL,8
2025-11-01,03:06,AIAUSDT,SELL,7
2025-11-01,03:07,JELLYJELLYUSDT,SELL,13
2025-11-01,03:11,GIGGLEUSDT,BUY,19
2025-11-01,03:12,DASHUSDT,SELL,7
2025-11-01,03:12,GIGGLEUSDT,BUY,20
2025-11-01,03:14,GIGGLEUSDT,SELL,9
2025-11-01,03:15,JELLYJELLYUSDT,SELL,8
2025-11-01,03:15,GIGGLEUSDT,SELL,8
2025-11-01,03:16,GIGGLEUSDT,SELL,8
2025-11-01,03:25,JELLYJELLYUSDT,SELL,11
2025-11-01,03:28,ZECUSDT,BUY,8
2025-11-01,03:28,GIGGLEUSDT,BUY,7
2025-11-01,03:29,GIGGLEUSDT,BUY,7
2025-11-01,03:34,PORT3USDT,BUY,7
2025-11-01,03:35,PORT3USDT,BUY,13
2025-11-01,03:36,PORT3USDT,BUY,9
2025-11-01,03:37,JELLYJELLYUSDT,BUY,12
2025-11-01,03:37,ZENUSDT,SELL,16
2025-11-01,03:43,VIRTUALUSDT,BUY,7
2025-11-01,03:43,JELLYJELLYUSDT,SELL,13
2025-11-01,03:44,JELLYJELLYUSDT,SELL,16
2025-11-01,03:44,VIRTUALUSDT,BUY,12
2025-11-01,03:45,VIRTUALUSDT,BUY,12
2025-11-01,03:46,GIGGLEUSDT,BUY,9
2025-11-01,03:46,COAIUSDT,BUY,10
2025-11-01,03:47,COAIUSDT,BUY,10
2025-11-01,03:48,EVAAUSDT,SELL,10
2025-11-01,03:49,EVAAUSDT,SELL,7
2025-11-01,03:51,币安人生USDT,BUY,8
2025-11-01,03:52,币安人生USDT,BUY,12
2025-11-01,03:52,TAOUSDT,BUY,11
2025-11-01,03:52,LABUSDT,SELL,12
2025-11-01,03:53,LABUSDT,SELL,7
2025-11-01,03:53,GIGGLEUSDT,SELL,7
2025-11-01,03:54,COAIUSDT,BUY,8
2025-11-01,03:54,TAOUSDT,BUY,8
2025-11-01,03:55,COAIUSDT,BUY,11
2025-11-01,03:55,TAOUSDT,BUY,8
2025-11-01,03:57,TAOUSDT,BUY,8
2025-11-01,03:58,TAOUSDT,BUY,15
2025-11-01,03:59,TAOUSDT,BUY,24
2025-11-01,03:59,ZECUSDT,BUY,8
2025-11-01,04:00,ZECUSDT,BUY,7
2025-11-01,04:01,币安人生USDT,SELL,8
2025-11-01,04:01,ZECUSDT,BUY,8
2025-11-01,04:02,ZECUSDT,BUY,26
2025-11-01,04:02,TAOUSDT,BUY,17
2025-11-01,04:03,ZECUSDT,BUY,31
2025-11-01,04:03,TAOUSDT,BUY,28
2025-11-01,04:04,PIPPINUSDT,BUY,10
2025-11-01,04:04,TAOUSDT,BUY,12
2025-11-01,04:04,JELLYJELLYUSDT,BUY,9
2025-11-01,04:04,币安人生USDT,BUY,19
2025-11-01,04:05,PIPPINUSDT,BUY,16
2025-11-01,04:05,PORT3USDT,BUY,12
2025-11-01,04:06,PIPPINUSDT,BUY,19
2025-11-01,04:06,ASTERUSDT,BUY,7
2025-11-01,04:07,DASHUSDT,BUY,8
2025-11-01,04:07,PIPPINUSDT,BUY,13
2025-11-01,04:07,ZENUSDT,BUY,9
2025-11-01,04:08,PIPPINUSDT,BUY,9
2025-11-01,04:08,4USDT,BUY,12
2025-11-01,04:08,DASHUSDT,BUY,8
2025-11-01,04:08,ZENUSDT,BUY,7
2025-11-01,04:08,ZECUSDT,BUY,12
2025-11-01,04:09,SWARMSUSDT,BUY,10
2025-11-01,04:09,JELLYJELLYUSDT,SELL,9
2025-11-01,04:10,JELLYJELLYUSDT,SELL,11
2025-11-01,04:12,PIPPINUSDT,BUY,18
2025-11-01,04:13,PIPPINUSDT,BUY,19
2025-11-01,04:14,PIPPINUSDT,BUY,10
2025-11-01,04:15,JELLYJELLYUSDT,SELL,15
2025-11-01,04:16,JELLYJELLYUSDT,SELL,12
2025-11-01,04:17,PORT3USDT,SELL,7
2025-11-01,04:24,PORT3USDT,BUY,7
2025-11-01,04:24,VIRTUALUSDT,BUY,7
2025-11-01,04:25,VIRTUALUSDT,BUY,9
2025-11-01,04:31,PIPPINUSDT,SELL,10
2025-11-01,04:32,ZECUSDT,BUY,7
2025-11-01,04:32,LABUSDT,BUY,7
2025-11-01,04:33,LABUSDT,BUY,9
2025-11-01,04:34,LABUSDT,BUY,8
2025-11-01,04:37,VIRTUALUSDT,BUY,9
2025-11-01,04:38,VIRTUALUSDT,BUY,9
2025-11-01,04:39,币安人生USDT,SELL,8
2025-11-01,04:41,PIPPINUSDT,BUY,12
2025-11-01,04:41,VIRTUALUSDT,BUY,16
2025-11-01,04:42,VIRTUALUSDT,BUY,11
2025-11-01,04:43,AVAAIUSDT,BUY,7
2025-11-01,04:45,币安人生USDT,BUY,11
2025-11-01,04:45,JELLYJELLYUSDT,BUY,10
2025-11-01,04:46,币安人生USDT,BUY,7
2025-11-01,04:46,JELLYJELLYUSDT,BUY,8
2025-11-01,04:48,VIRTUALUSDT,BUY,12
2025-11-01,04:48,币安人生USDT,BUY,7
2025-11-01,04:49,JELLYJELLYUSDT,BUY,10
2025-11-01,05:02,TACUSDT,SELL,7
2025-11-01,05:03,VIRTUALUSDT,BUY,8
2025-11-01,05:03,TACUSDT,SELL,8
2025-11-01,05:04,VIRTUALUSDT,BUY,7
2025-11-01,05:05,JELLYJELLYUSDT,SELL,8
2025-11-01,05:06,JELLYJELLYUSDT,SELL,7
2025-11-01,05:06,BTCUSDT,BUY,9
2025-11-01,05:07,JELLYJELLYUSDT,SELL,7
2025-11-01,05:07,BTCUSDT,BUY,9
2025-11-01,05:08,ZECUSDT,SELL,7
2025-11-01,05:13,JELLYJELLYUSDT,SELL,7
2025-11-01,05:14,AI16ZUSDT,SELL,11
2025-11-01,05:15,ZECUSDT,SELL,9
2025-11-01,05:16,ZECUSDT,SELL,9
2025-11-01,05:16,PORT3USDT,SELL,8
2025-11-01,05:17,JELLYJELLYUSDT,BUY,17
2025-11-01,05:18,JELLYJELLYUSDT,BUY,9
2025-11-01,05:24,TAOUSDT,BUY,7
2025-11-01,05:25,TAOUSDT,BUY,9
2025-11-01,05:26,VIRTUALUSDT,BUY,14
2025-11-01,05:27,VIRTUALUSDT,BUY,17
2025-11-01,05:31,LABUSDT,SELL,9
2025-11-01,05:41,GIGGLEUSDT,SELL,9
2025-11-01,05:42,GIGGLEUSDT,SELL,9
2025-11-01,05:43,JELLYJELLYUSDT,SELL,16
2025-11-01,05:44,JELLYJELLYUSDT,SELL,14
2025-11-01,05:48,AVNTUSDT,BUY,7
2025-11-01,05:48,PORT3USDT,SELL,11
2025-11-01,05:50,GIGGLEUSDT,SELL,9
2025-11-01,05:51,GIGGLEUSDT,SELL,18
2025-11-01,05:51,币安人生USDT,SELL,7
2025-11-01,05:52,GIGGLEUSDT,SELL,13
2025-11-01,05:53,GIGGLEUSDT,SELL,11
2025-11-01,05:54,GIGGLEUSDT,SELL,13
2025-11-01,05:55,LABUSDT,SELL,17
2025-11-01,05:56,LABUSDT,SELL,17
2025-11-01,05:56,JELLYJELLYUSDT,SELL,7
2025-11-01,05:56,PORT3USDT,SELL,7
2025-11-01,05:57,PORT3USDT,SELL,9
2025-11-01,06:00,PORT3USDT,SELL,22
2025-11-01,06:01,ASRUSDT,BUY,9
2025-11-01,06:03,JELLYJELLYUSDT,SELL,9
2025-11-01,06:04,JELLYJELLYUSDT,SELL,15
2025-11-01,06:04,AI16ZUSDT,SELL,7
2025-11-01,06:05,AIXBTUSDT,SELL,7
2025-11-01,06:05,AI16ZUSDT,SELL,7
2025-11-01,06:09,JELLYJELLYUSDT,BUY,12
2025-11-01,06:09,PORT3USDT,SELL,13
2025-11-01,06:09,VIRTUALUSDT,BUY,7
2025-11-01,06:10,PORT3USDT,SELL,10
2025-11-01,06:10,VIRTUALUSDT,BUY,7
2025-11-01,06:23,PORT3USDT,SELL,7
2025-11-01,06:24,PORT3USDT,SELL,24
2025-11-01,06:24,COAIUSDT,SELL,10
2025-11-01,06:24,GIGGLEUSDT,SELL,14
2025-11-01,06:25,TACUSDT,SELL,7
2025-11-01,06:25,KGENUSDT,SELL,7
2025-11-01,06:30,DASHUSDT,BUY,9
2025-11-01,06:31,TAOUSDT,BUY,12
2025-11-01,06:31,ZECUSDT,BUY,9
2025-11-01,06:31,DASHUSDT,BUY,13
2025-11-01,06:31,JELLYJELLYUSDT,SELL,8
2025-11-01,06:32,TAOUSDT,BUY,11
2025-11-01,06:32,JELLYJELLYUSDT,SELL,7
2025-11-01,06:32,ZECUSDT,BUY,15
2025-11-01,06:33,ZENUSDT,BUY,10
2025-11-01,06:33,ZECUSDT,BUY,14
2025-11-01,06:33,TAOUSDT,BUY,7
2025-11-01,06:34,TAOUSDT,BUY,15
2025-11-01,06:34,ZECUSDT,BUY,9
2025-11-01,06:35,TAOUSDT,BUY,11
2025-11-01,06:35,币安人生USDT,SELL,12
2025-11-01,06:36,币安人生USDT,SELL,7
2025-11-01,06:36,ZECUSDT,BUY,8
2025-11-01,06:36,BIDUSDT,BUY,8
2025-11-01,06:37,BIDUSDT,BUY,8
2025-11-01,06:37,ZECUSDT,BUY,7
2025-11-01,06:37,PORT3USDT,SELL,8
2025-11-01,06:39,DASHUSDT,BUY,9
2025-11-01,06:40,DASHUSDT,BUY,7
2025-11-01,06:40,4USDT,SELL,8
2025-11-01,06:42,COAIUSDT,SELL,8
2025-11-01,06:43,COAIUSDT,SELL,8
2025-11-01,06:44,EIGENUSDT,SELL,8
2025-11-01,06:45,EIGENUSDT,SELL,7
2025-11-01,06:46,ZECUSDT,BUY,13
2025-11-01,06:47,PORT3USDT,SELL,8
2025-11-01,06:47,ZECUSDT,BUY,7
2025-11-01,06:48,COAIUSDT,SELL,8
2025-11-01,06:49,COAIUSDT,SELL,10
2025-11-01,06:49,BLESSUSDT,SELL,9
2025-11-01,06:49,ZECUSDT,BUY,13
2025-11-01,06:49,DASHUSDT,BUY,8
2025-11-01,06:50,DASHUSDT,BUY,7
2025-11-01,06:50,BLESSUSDT,SELL,14
2025-11-01,06:50,COAIUSDT,SELL,7
2025-11-01,06:50,ZECUSDT,BUY,11
2025-11-01,06:50,UBUSDT,SELL,10
2025-11-01,06:51,UBUSDT,SELL,7
2025-11-01,06:51,BLESSUSDT,SELL,9
2025-11-01,06:52,ZECUSDT,BUY,16
2025-11-01,06:52,DASHUSDT,BUY,8
2025-11-01,06:53,ZENUSDT,BUY,7
2025-11-01,06:53,DASHUSDT,BUY,9
2025-11-01,06:55,AI16ZUSDT,BUY,12
2025-11-01,06:56,UBUSDT,SELL,9
2025-11-01,06:56,ETHUSDT,SELL,8
2025-11-01,06:57,ETHUSDT,SELL,7
2025-11-01,06:59,AI16ZUSDT,BUY,8
2025-11-01,07:00,ZECUSDT,BUY,18
2025-11-01,07:00,AI16ZUSDT,BUY,11
2025-11-01,07:01,ZECUSDT,BUY,18
2025-11-01,07:01,PORT3USDT,SELL,9
2025-11-01,07:01,币安人生USDT,SELL,14
2025-11-01,07:02,ZECUSDT,BUY,9
2025-11-01,07:14,PIPPINUSDT,SELL,8
2025-11-01,07:20,JELLYJELLYUSDT,SELL,8
2025-11-01,07:21,JELLYJELLYUSDT,SELL,8
2025-11-01,07:21,GIGGLEUSDT,SELL,7
2025-11-01,07:26,TAOUSDT,BUY,8
2025-11-01,07:27,XPINUSDT,BUY,7
2025-11-01,07:27,ZENUSDT,BUY,7
2025-11-01,07:27,TAOUSDT,BUY,10
2025-11-01,07:27,ZECUSDT,BUY,7
2025-11-01,07:28,ZENUSDT,BUY,8
2025-11-01,07:29,ZENUSDT,BUY,7
2025-11-01,07:30,ZENUSDT,BUY,8
2025-11-01,07:32,ZENUSDT,BUY,11
2025-11-01,07:33,ZENUSDT,BUY,17
2025-11-01,07:33,DASHUSDT,BUY,10
2025-11-01,07:34,PORT3USDT,BUY,7
2025-11-01,07:38,DASHUSDT,BUY,8
2025-11-01,07:38,ZENUSDT,BUY,8
2025-11-01,07:39,ZENUSDT,BUY,10
2025-11-01,08:09,ZENUSDT,BUY,11
2025-11-01,08:11,JELLYJELLYUSDT,SELL,7
2025-11-01,08:12,JELLYJELLYUSDT,SELL,12
2025-11-01,08:13,JELLYJELLYUSDT,SELL,8
2025-11-01,08:14,PIPPINUSDT,SELL,8
2025-11-01,08:16,VIRTUALUSDT,BUY,13
2025-11-01,08:16,PIPPINUSDT,SELL,8
2025-11-01,08:17,VIRTUALUSDT,BUY,12
2025-11-01,08:17,PIPPINUSDT,SELL,13
2025-11-01,08:22,VIRTUALUSDT,BUY,7
2025-11-01,08:23,VIRTUALUSDT,BUY,14
2025-11-01,08:24,ZENUSDT,BUY,9
2025-11-01,08:25,ZENUSDT,BUY,10
2025-11-01,08:25,ZECUSDT,BUY,8
2025-11-01,08:26,VIRTUALUSDT,BUY,14
2025-11-01,08:26,ZECUSDT,BUY,10
2025-11-01,08:26,AI16ZUSDT,BUY,11
2025-11-01,08:26,TAOUSDT,BUY,7
2025-11-01,08:27,VIRTUALUSDT,BUY,12
2025-11-01,08:27,TAOUSDT,BUY,7
2025-11-01,08:27,ZECUSDT,BUY,8
2025-11-01,08:28,ZENUSDT,SELL,8
2025-11-01,08:30,币安人生USDT,BUY,12
2025-11-01,08:32,ZENUSDT,BUY,9
2025-11-01,08:33,ZENUSDT,BUY,9
2025-11-01,08:34,ZENUSDT,BUY,7
2025-11-01,08:39,VIRTUALUSDT,SELL,16
2025-11-01,08:39,ZENUSDT,BUY,18
2025-11-01,08:39,DASHUSDT,BUY,7
2025-11-01,08:40,VIRTUALUSDT,SELL,34
2025-11-01,08:40,AI16ZUSDT,SELL,8
2025-11-01,08:40,AIXBTUSDT,SELL,8
2025-11-01,08:41,AI16ZUSDT,SELL,8
2025-11-01,08:41,AIXBTUSDT,SELL,9
2025-11-01,08:44,TAOUSDT,SELL,8
2025-11-01,08:45,DASHUSDT,SELL,12
2025-11-01,08:46,TRUMPUSDT,SELL,7
2025-11-01,08:46,VIRTUALUSDT,SELL,12
2025-11-01,08:48,JELLYJELLYUSDT,BUY,8
2025-11-01,08:52,JELLYJELLYUSDT,BUY,8
2025-11-01,08:53,JELLYJELLYUSDT,BUY,14
2025-11-01,08:53,WLDUSDT,BUY,8
2025-11-01,08:54,JELLYJELLYUSDT,BUY,9
2025-11-01,08:54,VIRTUALUSDT,BUY,8
2025-11-01,08:54,WLDUSDT,BUY,7
2025-11-01,08:57,VIRTUALUSDT,BUY,8
2025-11-01,08:58,VIRTUALUSDT,BUY,7
2025-11-01,09:00,ZKUSDT,BUY,7
2025-11-01,09:01,COAIUSDT,BUY,30
2025-11-01,09:03,币安人生USDT,BUY,16
2025-11-01,09:08,ZENUSDT,SELL,10
2025-11-01,09:09,VIRTUALUSDT,SELL,7
2025-11-01,09:11,BLESSUSDT,SELL,10
2025-11-01,09:12,BLESSUSDT,SELL,13
2025-11-01,09:13,BLESSUSDT,SELL,10
2025-11-01,09:14,BLESSUSDT,SELL,10
2025-11-01,09:15,ZENUSDT,SELL,22
2025-11-01,09:15,JELLYJELLYUSDT,SELL,7
2025-11-01,09:15,DASHUSDT,SELL,8
2025-11-01,09:16,DASHUSDT,SELL,11
2025-11-01,09:16,ZECUSDT,SELL,8
2025-11-01,09:17,ZECUSDT,SELL,8
2025-11-01,09:18,ZECUSDT,SELL,7
2025-11-01,09:19,ZECUSDT,SELL,13
2025-11-01,09:20,ZECUSDT,SELL,8
2025-11-01,09:21,ZECUSDT,SELL,10
2025-11-01,09:23,ZENUSDT,BUY,8
2025-11-01,09:23,ZECUSDT,BUY,9
2025-11-01,09:24,ZENUSDT,BUY,21
2025-11-01,09:25,ZENUSDT,BUY,16
2025-11-01,09:27,TONUSDT,BUY,7
2025-11-01,09:28,ZENUSDT,BUY,15
2025-11-01,09:28,TONUSDT,BUY,8
2025-11-01,09:29,VIRTUALUSDT,BUY,10
2025-11-01,09:29,BANKUSDT,SELL,7
2025-11-01,09:30,BANKUSDT,SELL,7
2025-11-01,09:30,VIRTUALUSDT,BUY,7
2025-11-01,09:33,ZENUSDT,SELL,7
2025-11-01,09:33,AI16ZUSDT,BUY,10
2025-11-01,09:35,ZENUSDT,BUY,10
2025-11-01,09:36,ZENUSDT,BUY,7
2025-11-01,09:36,ZECUSDT,BUY,7
2025-11-01,09:36,JELLYJELLYUSDT,SELL,7
2025-11-01,09:37,ZENUSDT,BUY,13
2025-11-01,09:37,JELLYJELLYUSDT,SELL,10
2025-11-01,09:41,ZENUSDT,SELL,7
2025-11-01,09:42,ZENUSDT,SELL,13
2025-11-01,09:47,AI16ZUSDT,BUY,7
2025-11-01,09:50,ZECUSDT,SELL,9
2025-11-01,09:56,币安人生USDT,SELL,7
2025-11-01,10:01,VELVETUSDT,BUY,8
2025-11-01,10:02,JELLYJELLYUSDT,SELL,8
2025-11-01,10:04,ZECUSDT,BUY,9
2025-11-01,10:05,ZECUSDT,BUY,11
2025-11-01,10:06,DASHUSDT,BUY,7
2025-11-01,10:06,PIPPINUSDT,SELL,8
2025-11-01,10:09,ZENUSDT,BUY,15
2025-11-01,10:11,DASHUSDT,BUY,17
2025-11-01,10:12,DASHUSDT,BUY,26
2025-11-01,10:17,PIPPINUSDT,SELL,10
2025-11-01,10:17,币安人生USDT,SELL,10
2025-11-01,10:17,JELLYJELLYUSDT,SELL,7
2025-11-01,10:18,PIPPINUSDT,SELL,11
2025-11-01,10:18,JELLYJELLYUSDT,SELL,15
2025-11-01,10:19,ZENUSDT,SELL,14
2025-11-01,10:19,JELLYJELLYUSDT,SELL,9
2025-11-01,10:21,TAOUSDT,BUY,8
2025-11-01,10:22,PIPPINUSDT,SELL,10
2025-11-01,10:26,ZENUSDT,BUY,8
2025-11-01,10:28,DASHUSDT,BUY,15
2025-11-01,10:29,DASHUSDT,BUY,16
2025-11-01,10:30,ASTERUSDT,SELL,7
2025-11-01,10:30,DASHUSDT,BUY,11
2025-11-01,10:31,DASHUSDT,BUY,9
2025-11-01,10:31,ASTERUSDT,SELL,7
2025-11-01,10:31,BASUSDT,SELL,10
2025-11-01,10:31,JELLYJELLYUSDT,SELL,15
2025-11-01,10:31,LABUSDT,SELL,7
2025-11-01,10:32,BASUSDT,SELL,7
2025-11-01,10:32,JELLYJELLYUSDT,SELL,16
2025-11-01,10:32,LABUSDT,SELL,9
2025-11-01,10:32,PIPPINUSDT,SELL,8
2025-11-01,10:35,GIGGLEUSDT,BUY,8
2025-11-01,10:37,LIGHTUSDT,SELL,8
2025-11-01,10:38,LIGHTUSDT,SELL,9
2025-11-01,10:38,LPTUSDT,SELL,9
2025-11-01,10:40,JELLYJELLYUSDT,SELL,9
2025-11-01,10:41,JELLYJELLYUSDT,SELL,15
2025-11-01,10:42,JELLYJELLYUSDT,SELL,10
2025-11-01,10:44,PUMPUSDT,SELL,11
2025-11-01,10:45,PUMPUSDT,SELL,7
2025-11-01,10:46,JELLYJELLYUSDT,BUY,8
2025-11-01,10:46,PIPPINUSDT,SELL,17
2025-11-01,10:56,DASHUSDT,BUY,8
2025-11-01,11:01,JELLYJELLYUSDT,SELL,11
2025-11-01,11:07,BLESSUSDT,SELL,9
2025-11-01,11:08,BLESSUSDT,SELL,16
2025-11-01,11:09,BLESSUSDT,SELL,13
2025-11-01,11:11,PORT3USDT,BUY,7
2025-11-01,11:11,PIPPINUSDT,SELL,7
2025-11-01,11:11,BTCUSDT,SELL,8
2025-11-01,11:12,PIPPINUSDT,SELL,9
2025-11-01,11:12,BTCUSDT,SELL,12
2025-11-01,11:16,AI16ZUSDT,BUY,7
2025-11-01,11:20,PIPPINUSDT,BUY,7
2025-11-01,11:20,DASHUSDT,BUY,8
2025-11-01,11:21,PIPPINUSDT,BUY,9
2025-11-01,11:21,DASHUSDT,BUY,16
2025-11-01,11:22,JELLYJELLYUSDT,SELL,14
2025-11-01,11:22,DASHUSDT,BUY,17
2025-11-01,11:22,PORT3USDT,BUY,7
2025-11-01,11:23,JELLYJELLYUSDT,SELL,19
2025-11-01,11:23,ZENUSDT,BUY,7
2025-11-01,11:24,ZENUSDT,BUY,12
2025-11-01,11:24,COAIUSDT,SELL,7
2025-11-01,11:24,JELLYJELLYUSDT,SELL,7
2025-11-01,11:25,ZENUSDT,BUY,8
2025-11-01,11:26,COAIUSDT,SELL,11
2025-11-01,11:27,COAIUSDT,SELL,8
2025-11-01,11:29,ZENUSDT,BUY,10
2025-11-01,11:36,ZECUSDT,SELL,16
2025-11-01,11:36,COAIUSDT,SELL,9
2025-11-01,11:37,ZECUSDT,SELL,11
2025-11-01,11:37,ZENUSDT,SELL,7
2025-11-01,11:37,COAIUSDT,SELL,7
2025-11-01,11:39,ZECUSDT,SELL,7
2025-11-01,11:41,币安人生USDT,BUY,9
2025-11-01,11:41,JELLYJELLYUSDT,SELL,9
2025-11-01,11:42,币安人生USDT,BUY,8
2025-11-01,11:42,JELLYJELLYUSDT,SELL,19
2025-11-01,11:42,PIPPINUSDT,SELL,7
2025-11-01,11:43,JELLYJELLYUSDT,SELL,10
2025-11-01,11:44,LABUSDT,BUY,13
2025-11-01,11:45,LABUSDT,BUY,12
2025-11-01,11:53,ZENUSDT,BUY,7
2025-11-01,11:58,ZECUSDT,SELL,20
2025-11-01,11:59,DASHUSDT,SELL,9
2025-11-01,12:00,AI16ZUSDT,BUY,9
2025-11-01,12:01,AI16ZUSDT,BUY,13
2025-11-01,12:04,JELLYJELLYUSDT,SELL,9
2025-11-01,12:06,ZENUSDT,BUY,8
2025-11-01,12:07,KDAUSDT,BUY,8
2025-11-01,12:07,AI16ZUSDT,BUY,7
2025-11-01,12:08,KDAUSDT,BUY,9
2025-11-01,12:09,PIPPINUSDT,BUY,8
2025-11-01,12:09,DASHUSDT,SELL,8
2025-11-01,12:10,DASHUSDT,SELL,10
2025-11-01,12:10,ZENUSDT,SELL,8
2025-11-01,12:10,GIGGLEUSDT,SELL,7
2025-11-01,12:11,GIGGLEUSDT,SELL,8
2025-11-01,12:15,ZECUSDT,BUY,17
2025-11-01,12:15,LABUSDT,BUY,9
2025-11-01,12:16,ZECUSDT,BUY,13
2025-11-01,12:16,LABUSDT,BUY,16
2025-11-01,12:17,LABUSDT,BUY,8
2025-11-01,12:20,LABUSDT,BUY,7
2025-11-01,12:21,GIGGLEUSDT,SELL,7
2025-11-01,12:22,GIGGLEUSDT,SELL,7
2025-11-01,12:23,JELLYJELLYUSDT,SELL,7
2025-11-01,12:24,JELLYJELLYUSDT,SELL,11
2025-11-01,12:25,JELLYJELLYUSDT,SELL,8
2025-11-01,12:26,JELLYJELLYUSDT,SELL,7
2025-11-01,12:29,XVGUSDT,SELL,9
2025-11-01,12:30,XVGUSDT,SELL,12
2025-11-01,12:31,XVGUSDT,SELL,13
2025-11-01,12:34,XVGUSDT,BUY,7
2025-11-01,12:37,ZENUSDT,BUY,7
2025-11-01,12:38,ZENUSDT,BUY,7
2025-11-01,12:39,ZENUSDT,BUY,7
2025-11-01,12:39,JELLYJELLYUSDT,SELL,12
2025-11-01,12:40,JELLYJELLYUSDT,SELL,17
2025-11-01,12:41,JELLYJELLYUSDT,SELL,7
2025-11-01,12:42,币安人生USDT,BUY,9
2025-11-01,12:43,JELLYJELLYUSDT,SELL,9
2025-11-01,12:44,JELLYJELLYUSDT,SELL,8
2025-11-01,12:47,VIRTUALUSDT,BUY,10
2025-11-01,12:48,VIRTUALUSDT,BUY,15
2025-11-01,12:48,AIAUSDT,BUY,7
2025-11-01,12:49,VIRTUALUSDT,BUY,7
2025-11-01,12:50,PIPPINUSDT,SELL,11
2025-11-01,12:51,PIPPINUSDT,SELL,8
2025-11-01,12:59,ZENUSDT,BUY,8
2025-11-01,13:00,ZENUSDT,BUY,10
2025-11-01,13:02,VIRTUALUSDT,BUY,9
2025-11-01,13:02,JELLYJELLYUSDT,BUY,13
2025-11-01,13:02,1000RATSUSDT,BUY,11
2025-11-01,13:03,JELLYJELLYUSDT,BUY,16
2025-11-01,13:03,ZENUSDT,BUY,9
2025-11-01,13:04,AIAUSDT,BUY,10
2025-11-01,13:04,LABUSDT,SELL,11
2025-11-01,13:05,LABUSDT,SELL,11
2025-11-01,13:07,LABUSDT,SELL,7
2025-11-01,13:08,LABUSDT,SELL,13
2025-11-01,13:09,LABUSDT,SELL,14
2025-11-01,13:09,JELLYJELLYUSDT,BUY,9
2025-11-01,13:10,JELLYJELLYUSDT,BUY,8
2025-11-01,13:15,PORT3USDT,SELL,10
2025-11-01,13:16,DASHUSDT,BUY,7
2025-11-01,13:17,DASHUSDT,BUY,16
2025-11-01,13:17,JELLYJELLYUSDT,BUY,10
2025-11-01,13:18,JELLYJELLYUSDT,BUY,14
2025-11-01,13:18,ZENUSDT,BUY,9
2025-11-01,13:19,TACUSDT,SELL,7
2025-11-01,13:21,JELLYJELLYUSDT,SELL,8
2025-11-01,13:23,JELLYJELLYUSDT,SELL,10
2025-11-01,13:27,LABUSDT,SELL,9
2025-11-01,13:29,JELLYJELLYUSDT,BUY,7
2025-11-01,13:32,VIRTUALUSDT,BUY,11
2025-11-01,13:33,ZENUSDT,BUY,8
2025-11-01,13:33,VIRTUALUSDT,BUY,11
2025-11-01,13:34,ZENUSDT,BUY,7
2025-11-01,13:35,ZENUSDT,BUY,14
2025-11-01,13:36,ZENUSDT,BUY,13
2025-11-01,13:36,FLMUSDT,BUY,8
2025-11-01,13:37,币安人生USDT,BUY,8
2025-11-01,13:37,EVAAUSDT,SELL,8
2025-11-01,13:37,ZENUSDT,BUY,8
2025-11-01,13:38,币安人生USDT,BUY,9
2025-11-01,13:38,ZKUSDT,BUY,7
2025-11-01,13:38,EVAAUSDT,SELL,11
2025-11-01,13:39,币安人生USDT,BUY,13
2025-11-01,13:39,JELLYJELLYUSDT,SELL,9
2025-11-01,13:40,币安人生USDT,BUY,12
2025-11-01,13:42,PIPPINUSDT,BUY,7
2025-11-01,13:43,PIPPINUSDT,BUY,9
2025-11-01,13:44,PIPPINUSDT,BUY,12
2025-11-01,13:46,JELLYJELLYUSDT,SELL,9
2025-11-01,13:50,DASHUSDT,BUY,11
2025-11-01,13:50,JELLYJELLYUSDT,SELL,7
2025-11-01,13:51,DASHUSDT,BUY,19
2025-11-01,13:51,JELLYJELLYUSDT,SELL,13
2025-11-01,13:52,DASHUSDT,BUY,17
2025-11-01,13:52,JELLYJELLYUSDT,SELL,10
2025-11-01,13:54,JELLYJELLYUSDT,BUY,7
2025-11-01,13:57,DASHUSDT,SELL,9
2025-11-01,13:58,DASHUSDT,SELL,9
2025-11-01,14:01,PORT3USDT,BUY,7
2025-11-01,14:01,COAIUSDT,SELL,7
2025-11-01,14:02,COAIUSDT,SELL,9
2025-11-01,14:02,ZECUSDT,SELL,10
2025-11-01,14:03,PIPPINUSDT,SELL,9
2025-11-01,14:03,币安人生USDT,SELL,8
2025-11-01,14:03,XVGUSDT,SELL,8
2025-11-01,14:04,XVGUSDT,SELL,15
2025-11-01,14:05,DASHUSDT,BUY,7
2025-11-01,14:05,XVGUSDT,SELL,7
2025-11-01,14:05,币安人生USDT,SELL,8
2025-11-01,14:07,COAIUSDT,SELL,10
2025-11-01,14:08,COAIUSDT,SELL,10
2025-11-01,14:09,XVGUSDT,SELL,8
2025-11-01,14:10,XVGUSDT,SELL,8
2025-11-01,14:11,AI16ZUSDT,BUY,17
2025-11-01,14:12,AI16ZUSDT,BUY,18
2025-11-01,14:13,JELLYJELLYUSDT,SELL,8
2025-11-01,14:14,JELLYJELLYUSDT,SELL,7
2025-11-01,14:14,DASHUSDT,BUY,7
2025-11-01,14:16,币安人生USDT,SELL,7
2025-11-01,14:16,ZKUSDT,SELL,9
2025-11-01,14:21,ZKUSDT,SELL,9
2025-11-01,14:22,AI16ZUSDT,BUY,7
2025-11-01,14:23,AI16ZUSDT,BUY,10
2025-11-01,14:23,DASHUSDT,BUY,7
2025-11-01,14:23,ZENUSDT,BUY,10
2025-11-01,14:24,JELLYJELLYUSDT,SELL,11
2025-11-01,14:24,DASHUSDT,BUY,11
2025-11-01,14:25,JELLYJELLYUSDT,SELL,11
2025-11-01,14:25,DASHUSDT,BUY,14
2025-11-01,14:25,ZENUSDT,BUY,10
2025-11-01,14:26,ZENUSDT,BUY,9
2025-11-01,14:27,TACUSDT,SELL,9
2025-11-01,14:28,DASHUSDT,BUY,11
2025-11-01,14:29,JELLYJELLYUSDT,SELL,8
2025-11-01,14:30,ZENUSDT,BUY,13
2025-11-01,14:34,VIRTUALUSDT,SELL,7
2025-11-01,14:34,GIGGLEUSDT,SELL,10
2025-11-01,14:34,币安人生USDT,SELL,19
2025-11-01,14:35,币安人生USDT,SELL,26
2025-11-01,14:35,GIGGLEUSDT,SELL,9
2025-11-01,14:35,VIRTUALUSDT,SELL,9
2025-11-01,14:36,JELLYJELLYUSDT,SELL,10
2025-11-01,14:37,DASHUSDT,SELL,7
2025-11-01,14:40,ZECUSDT,SELL,22
2025-11-01,14:41,币安人生USDT,SELL,17
2025-11-01,14:42,币安人生USDT,SELL,22
2025-11-01,14:42,XRPUSDT,SELL,17
2025-11-01,14:42,BTCUSDT,SELL,14
2025-11-01,14:42,ZEREBROUSDT,SELL,7
2025-11-01,14:42,SOLUSDT,SELL,17
2025-11-01,14:42,XVGUSDT,SELL,8
2025-11-01,14:42,VIRTUALUSDT,SELL,15
2025-11-01,14:42,AVNTUSDT,SELL,7
2025-11-01,14:42,ETHUSDT,SELL,17
2025-11-01,14:42,SUIUSDT,SELL,9
2025-11-01,14:42,TRUMPUSDT,SELL,11
2025-11-01,14:42,AI16ZUSDT,SELL,10
2025-11-01,14:42,STBLUSDT,SELL,9
2025-11-01,14:43,XRPUSDT,SELL,20
2025-11-01,14:43,AVNTUSDT,SELL,8
2025-11-01,14:43,VIRTUALUSDT,SELL,21
2025-11-01,14:43,SOLUSDT,SELL,18
2025-11-01,14:43,TRUMPUSDT,SELL,14
2025-11-01,14:43,ETHUSDT,SELL,23
2025-11-01,14:43,XVGUSDT,SELL,10
2025-11-01,14:43,AI16ZUSDT,SELL,16
2025-11-01,14:43,WLDUSDT,SELL,8
2025-11-01,14:43,DOGEUSDT,SELL,7
2025-11-01,14:43,SUIUSDT,SELL,9
2025-11-01,14:43,ZEREBROUSDT,SELL,9
2025-11-01,14:43,STBLUSDT,SELL,13
2025-11-01,14:43,RECALLUSDT,SELL,11
2025-11-01,14:43,ADAUSDT,SELL,7
2025-11-01,14:43,1000PEPEUSDT,SELL,10
2025-11-01,14:43,COAIUSDT,SELL,9
2025-11-01,14:43,BLESSUSDT,SELL,9
2025-11-01,14:44,ETHUSDT,SELL,7
2025-11-01,14:44,BLESSUSDT,SELL,7
2025-11-01,14:44,VIRTUALUSDT,SELL,7
2025-11-01,14:45,币安人生USDT,BUY,9
2025-11-01,14:45,VIRTUALUSDT,SELL,7
2025-11-01,14:46,DASHUSDT,SELL,12
2025-11-01,14:46,VIRTUALUSDT,SELL,7
2025-11-01,14:48,JELLYJELLYUSDT,BUY,7
2025-11-01,14:48,DASHUSDT,BUY,17
2025-11-01,14:49,DASHUSDT,BUY,15
2025-11-01,14:51,LIGHTUSDT,SELL,8
2025-11-01,14:51,COAIUSDT,SELL,10
2025-11-01,14:52,UBUSDT,SELL,8
2025-11-01,14:52,LIGHTUSDT,SELL,11
2025-11-01,14:52,COAIUSDT,SELL,10
2025-11-01,14:53,JELLYJELLYUSDT,SELL,7
2025-11-01,14:54,UBUSDT,SELL,7
2025-11-01,14:57,COAIUSDT,SELL,13
2025-11-01,14:58,COAIUSDT,SELL,16
2025-11-01,14:58,BLESSUSDT,SELL,11
2025-11-01,14:59,BLESSUSDT,SELL,7
2025-11-01,15:01,ZECUSDT,BUY,10
2025-11-01,15:03,AIOTUSDT,BUY,7
2025-11-01,15:03,LIGHTUSDT,SELL,10
2025-11-01,15:03,METUSDT,SELL,9
2025-11-01,15:04,LIGHTUSDT,SELL,8
2025-11-01,15:04,METUSDT,SELL,13
2025-11-01,15:06,DASHUSDT,SELL,8
2025-11-01,15:07,DASHUSDT,SELL,13
2025-11-01,15:08,DASHUSDT,SELL,8
2025-11-01,15:09,DASHUSDT,SELL,13
2025-11-01,15:09,ZECUSDT,SELL,8
2025-11-01,15:09,LABUSDT,SELL,10
2025-11-01,15:09,VIRTUALUSDT,SELL,10
2025-11-01,15:10,LABUSDT,SELL,11
2025-11-01,15:10,ZECUSDT,SELL,11
2025-11-01,15:10,KGENUSDT,SELL,9
2025-11-01,15:10,PENGUUSDT,SELL,8
2025-11-01,15:10,VIRTUALUSDT,SELL,16
2025-11-01,15:10,4USDT,SELL,7
2025-11-01,15:10,EIGENUSDT,SELL,15
2025-11-01,15:10,LIGHTUSDT,SELL,12
2025-11-01,15:10,XRPUSDT,SELL,7
2025-11-01,15:10,币安人生USDT,SELL,8
2025-11-01,15:10,GIGGLEUSDT,SELL,9
2025-11-01,15:10,SOLUSDT,SELL,7
2025-11-01,15:11,VIRTUALUSDT,SELL,9
2025-11-01,15:11,ZECUSDT,SELL,7
2025-11-01,15:11,LIGHTUSDT,SELL,12
2025-11-01,15:11,LYNUSDT,SELL,7
2025-11-01,15:11,GIGGLEUSDT,SELL,9
2025-11-01,15:11,EIGENUSDT,SELL,12
2025-11-01,15:11,4USDT,SELL,13
2025-11-01,15:11,SOLUSDT,SELL,7
2025-11-01,15:11,XRPUSDT,SELL,8
2025-11-01,15:11,XVGUSDT,SELL,7
2025-11-01,15:11,XPLUSDT,SELL,8
2025-11-01,15:11,COAIUSDT,SELL,7
2025-11-01,15:11,币安人生USDT,SELL,9
2025-11-01,15:12,ASTERUSDT,SELL,8
2025-11-01,15:12,XVGUSDT,SELL,13
2025-11-01,15:12,4USDT,SELL,8
2025-11-01,15:13,ICPUSDT,SELL,7
2025-11-01,15:13,XVGUSDT,SELL,16
2025-11-01,15:13,GIGGLEUSDT,SELL,13
2025-11-01,15:13,ASTERUSDT,SELL,8
2025-11-01,15:13,TRUMPUSDT,SELL,8
2025-11-01,15:13,XRPUSDT,SELL,11
2025-11-01,15:13,DOGEUSDT,SELL,8
2025-11-01,15:13,VELVETUSDT,BUY,7
2025-11-01,15:13,VFYUSDT,SELL,13
2025-11-01,15:13,SOLUSDT,SELL,13
2025-11-01,15:13,LYNUSDT,SELL,7
2025-11-01,15:13,BRUSDT,SELL,8
2025-11-01,15:13,SOLUSDC,SELL,7
2025-11-01,15:13,METUSDT,SELL,10
2025-11-01,15:14,VFYUSDT,SELL,14
2025-11-01,15:14,GIGGLEUSDT,SELL,10
2025-11-01,15:14,BRUSDT,SELL,8
2025-11-01,15:14,SOLUSDT,SELL,14
2025-11-01,15:14,SOLUSDC,SELL,8
2025-11-01,15:14,XRPUSDT,SELL,10
2025-11-01,15:14,TRUMPUSDT,SELL,9
2025-11-01,15:14,ETHUSDT,SELL,8
2025-11-01,15:14,XVGUSDT,SELL,13
2025-11-01,15:14,LYNUSDT,SELL,8
2025-11-01,15:14,METUSDT,SELL,12
2025-11-01,15:15,XNYUSDT,BUY,7
2025-11-01,15:19,LIGHTUSDT,SELL,9
2025-11-01,15:19,XNYUSDT,BUY,13
2025-11-01,15:20,ZENUSDT,BUY,7
2025-11-01,15:21,JELLYJELLYUSDT,SELL,10
2025-11-01,15:21,GIGGLEUSDT,SELL,7
2025-11-01,15:22,JELLYJELLYUSDT,SELL,7
2025-11-01,15:22,XNYUSDT,SELL,8
2025-11-01,15:22,VFYUSDT,SELL,8
2025-11-01,15:24,GIGGLEUSDT,SELL,9
2025-11-01,15:25,XNYUSDT,SELL,11
2025-11-01,15:27,EVAAUSDT,SELL,9
2025-11-01,15:28,EVAAUSDT,SELL,9
2025-11-01,15:30,JELLYJELLYUSDT,SELL,9
2025-11-01,15:31,JELLYJELLYUSDT,SELL,11
2025-11-01,15:31,ZECUSDT,SELL,7
2025-11-01,15:32,JELLYJELLYUSDT,SELL,15
2025-11-01,15:32,AIOTUSDT,BUY,7
2025-11-01,15:33,JELLYJELLYUSDT,SELL,15
2025-11-01,15:33,AIOTUSDT,BUY,8
2025-11-01,15:34,XNYUSDT,BUY,8
2025-11-01,15:37,DASHUSDT,BUY,8
2025-11-01,15:37,AIAUSDT,BUY,8
2025-11-01,15:37,PORT3USDT,BUY,7
2025-11-01,15:38,JELLYJELLYUSDT,SELL,8
2025-11-01,15:38,PORT3USDT,BUY,7
2025-11-01,15:39,JELLYJELLYUSDT,SELL,12
2025-11-01,15:39,BASUSDT,SELL,8
2025-11-01,15:40,BASUSDT,SELL,10
2025-11-01,15:40,JELLYJELLYUSDT,SELL,7
2025-11-01,15:40,FLOCKUSDT,SELL,8
2025-11-01,15:41,ZECUSDT,BUY,13
2025-11-01,15:42,ZENUSDT,BUY,21
2025-11-01,15:42,DASHUSDT,BUY,15
2025-11-01,15:43,ZENUSDT,BUY,26
2025-11-01,15:43,ETHUSDT,BUY,8
2025-11-01,15:44,ETHUSDT,BUY,7
2025-11-01,15:47,币安人生USDT,BUY,7
2025-11-01,15:48,ZECUSDT,SELL,11
2025-11-01,15:49,ZENUSDT,SELL,11
2025-11-01,15:50,BASUSDT,SELL,8
2025-11-01,15:50,AI16ZUSDT,SELL,13
2025-11-01,15:50,LABUSDT,SELL,7
2025-11-01,15:51,AI16ZUSDT,SELL,13
2025-11-01,15:51,LABUSDT,SELL,7
2025-11-01,15:52,VIRTUALUSDT,SELL,8
2025-11-01,15:53,VIRTUALUSDT,SELL,13
2025-11-01,15:53,AI16ZUSDT,SELL,9
2025-11-01,15:54,VIRTUALUSDT,SELL,12
2025-11-01,15:54,AI16ZUSDT,SELL,16
2025-11-01,15:54,TRUMPUSDT,SELL,7
2025-11-01,15:54,LABUSDT,SELL,10
2025-11-01,15:55,JELLYJELLYUSDT,SELL,7
2025-11-01,15:55,AI16ZUSDT,SELL,15
2025-11-01,15:55,LABUSDT,SELL,10
2025-11-01,15:55,BASUSDT,SELL,10
2025-11-01,15:56,ZECUSDT,BUY,14
2025-11-01,15:56,ZENUSDT,BUY,8
2025-11-01,15:56,DASHUSDT,BUY,9
2025-11-01,15:56,BASUSDT,SELL,12
2025-11-01,15:56,JELLYJELLYUSDT,SELL,9
2025-11-01,15:57,ZECUSDT,BUY,13
2025-11-01,15:57,DASHUSDT,BUY,7
2025-11-01,15:59,PIPPINUSDT,BUY,8
2025-11-01,16:00,JELLYJELLYUSDT,SELL,8
2025-11-01,16:00,METUSDT,SELL,7
2025-11-01,16:01,METUSDT,SELL,7
2025-11-01,16:03,METUSDT,SELL,8
2025-11-01,16:03,JELLYJELLYUSDT,SELL,7
2025-11-01,16:03,HUSDT,SELL,8
2025-11-01,16:04,HUSDT,SELL,13
2025-11-01,16:04,EVAAUSDT,SELL,11
2025-11-01,16:05,ETHUSDT,BUY,18
2025-11-01,16:05,XRPUSDT,BUY,7
2025-11-01,16:06,ZECUSDT,BUY,12
2025-11-01,16:06,ETHUSDT,BUY,16
2025-11-01,16:07,ZECUSDT,BUY,19
2025-11-01,16:07,VIRTUALUSDT,BUY,10
2025-11-01,16:08,VIRTUALUSDT,BUY,10
2025-11-01,16:08,BTCUSDT,BUY,15
2025-11-01,16:08,ETHUSDT,BUY,12
2025-11-01,16:08,SOLUSDT,BUY,7
2025-11-01,16:08,XRPUSDT,BUY,8
2025-11-01,16:08,AIAUSDT,BUY,12
2025-11-01,16:09,BTCUSDT,BUY,14
2025-11-01,16:09,ETHUSDC,BUY,8
2025-11-01,16:09,AIAUSDT,BUY,15
2025-11-01,16:09,ETHUSDT,BUY,11
2025-11-01,16:09,DOGEUSDT,BUY,8
2025-11-01,16:12,JELLYJELLYUSDT,SELL,17
2025-11-01,16:12,PIPPINUSDT,BUY,9
2025-11-01,16:13,JELLYJELLYUSDT,SELL,14
2025-11-01,16:14,JELLYJELLYUSDT,SELL,8
2025-11-01,16:15,JELLYJELLYUSDT,SELL,8
2025-11-01,16:16,币安人生USDT,BUY,12
2025-11-01,16:17,币安人生USDT,BUY,7
2025-11-01,16:20,JELLYJELLYUSDT,SELL,14
2025-11-01,16:21,JELLYJELLYUSDT,SELL,20
2025-11-01,16:22,JELLYJELLYUSDT,SELL,11
2025-11-01,16:22,VIRTUALUSDT,SELL,7
2025-11-01,16:22,LABUSDT,SELL,12
2025-11-01,16:22,AI16ZUSDT,SELL,8
2025-11-01,16:23,JELLYJELLYUSDT,SELL,13
2025-11-01,16:23,VIRTUALUSDT,SELL,10
2025-11-01,16:23,GIGGLEUSDT,SELL,11
2025-11-01,16:23,LABUSDT,SELL,24
2025-11-01,16:23,ZEREBROUSDT,SELL,9
2025-11-01,16:24,ZEREBROUSDT,SELL,10
2025-11-01,16:24,LABUSDT,SELL,21
2025-11-01,16:24,GIGGLEUSDT,SELL,8
2025-11-01,16:24,HUSDT,SELL,9
2025-11-01,16:24,4USDT,SELL,10
2025-11-01,16:24,ZKUSDT,SELL,7
2025-11-01,16:25,4USDT,SELL,8
2025-11-01,16:25,LABUSDT,SELL,7
2025-11-01,16:26,DASHUSDT,BUY,7
2025-11-01,16:28,ZECUSDT,BUY,11
2025-11-01,16:29,ZENUSDT,BUY,8
2025-11-01,16:30,ZKUSDT,BUY,7
2025-11-01,16:30,DASHUSDT,BUY,16
2025-11-01,16:30,ZENUSDT,BUY,12
2025-11-01,16:31,ZENUSDT,BUY,12
2025-11-01,16:31,DASHUSDT,BUY,16
2025-11-01,16:32,DASHUSDT,BUY,8
2025-11-01,16:34,JELLYJELLYUSDT,SELL,9
2025-11-01,16:34,币安人生USDT,SELL,8
2025-11-01,16:35,币安人生USDT,SELL,12
2025-11-01,16:38,LABUSDT,SELL,14
2025-11-01,16:38,JELLYJELLYUSDT,SELL,8
2025-11-01,16:38,ZECUSDT,BUY,7
2025-11-01,16:39,LABUSDT,SELL,15
2025-11-01,16:39,ZECUSDT,BUY,9
2025-11-01,16:39,ZKUSDT,BUY,8
2025-11-01,16:40,ZKUSDT,BUY,7
2025-11-01,16:41,ZKUSDT,BUY,9
2025-11-01,16:42,ZKUSDT,BUY,12
2025-11-01,16:43,ZKUSDT,BUY,8
2025-11-01,16:46,JELLYJELLYUSDT,BUY,11
2025-11-01,16:48,币安人生USDT,BUY,7
2025-11-01,16:49,币安人生USDT,BUY,8
2025-11-01,16:53,ZKUSDT,BUY,15
2025-11-01,16:54,ZKUSDT,BUY,15
2025-11-01,16:55,INITUSDT,SELL,8
2025-11-01,16:59,COAIUSDT,BUY,9
2025-11-01,16:59,BATUSDT,BUY,7
2025-11-01,17:00,BATUSDT,BUY,7
2025-11-01,17:00,XNYUSDT,BUY,9
2025-11-01,17:00,JELLYJELLYUSDT,SELL,25
2025-11-01,17:00,LABUSDT,SELL,8
2025-11-01,17:01,JELLYJELLYUSDT,SELL,38
2025-11-01,17:01,MYXUSDT,BUY,8
2025-11-01,17:01,LABUSDT,SELL,13
2025-11-01,17:01,EVAAUSDT,SELL,10
2025-11-01,17:02,JELLYJELLYUSDT,SELL,18
2025-11-01,17:02,EVAAUSDT,SELL,11
2025-11-01,17:02,MYXUSDT,BUY,9
2025-11-01,17:02,XNYUSDT,SELL,20
2025-11-01,17:03,XNYUSDT,SELL,7
2025-11-01,17:03,DOODUSDT,BUY,8
2025-11-01,17:04,XNYUSDT,SELL,8
2025-11-01,17:04,AIAUSDT,BUY,14
2025-11-01,17:04,VELVETUSDT,SELL,10
2025-11-01,17:05,VELVETUSDT,SELL,10
2025-11-01,17:05,AIAUSDT,BUY,9
2025-11-01,17:05,LIGHTUSDT,BUY,8
2025-11-01,17:05,COAIUSDT,BUY,15
2025-11-01,17:05,币安人生USDT,BUY,11
2025-11-01,17:06,COAIUSDT,BUY,18
2025-11-01,17:06,币安人生USDT,BUY,11
2025-11-01,17:06,BTCUSDT,BUY,12
2025-11-01,17:07,VIRTUALUSDT,BUY,8
2025-11-01,17:07,COAIUSDT,BUY,15
2025-11-01,17:07,BTCUSDT,BUY,10
2025-11-01,17:08,VIRTUALUSDT,BUY,7
2025-11-01,17:08,COAIUSDT,BUY,21
2025-11-01,17:08,HUSDT,BUY,8
2025-11-01,17:09,COAIUSDT,BUY,9
2025-11-01,17:09,HUSDT,BUY,11
2025-11-01,17:10,ZECUSDT,SELL,13
2025-11-01,17:10,LABUSDT,SELL,12
2025-11-01,17:11,ZECUSDT,SELL,9
2025-11-01,17:11,LABUSDT,SELL,12
2025-11-01,17:13,AI16ZUSDT,SELL,7
2025-11-01,17:13,LABUSDT,SELL,9
2025-11-01,17:14,AI16ZUSDT,SELL,7
2025-11-01,17:14,LABUSDT,SELL,10
2025-11-01,17:14,ZKUSDT,BUY,10
2025-11-01,17:14,ZENUSDT,SELL,7
2025-11-01,17:15,AIAUSDT,SELL,10
2025-11-01,17:16,AIAUSDT,SELL,9
2025-11-01,17:16,ZKUSDT,BUY,14
2025-11-01,17:16,XNYUSDT,BUY,9
2025-11-01,17:17,XNYUSDT,BUY,7
2025-11-01,17:18,AI16ZUSDT,SELL,8
2025-11-01,17:19,JELLYJELLYUSDT,BUY,7
2025-11-01,17:20,JELLYJELLYUSDT,BUY,16
2025-11-01,17:20,PIPPINUSDT,BUY,8
2025-11-01,17:21,PIPPINUSDT,BUY,8
2025-11-01,17:22,ZKUSDT,BUY,9
2025-11-01,17:23,LABUSDT,SELL,7
2025-11-01,17:24,AIAUSDT,SELL,9
2025-11-01,17:26,AIAUSDT,SELL,9
2025-11-01,17:28,MYXUSDT,BUY,10
2025-11-01,17:29,JELLYJELLYUSDT,SELL,9
2025-11-01,17:31,币安人生USDT,BUY,7
2025-11-01,17:32,JELLYJELLYUSDT,SELL,36
2025-11-01,17:35,LABUSDT,SELL,7
2025-11-01,17:35,PORT3USDT,SELL,7
2025-11-01,17:36,PORT3USDT,SELL,7
2025-11-01,17:36,UBUSDT,BUY,7
2025-11-01,17:37,ZKUSDT,SELL,11
2025-11-01,17:37,UBUSDT,BUY,9
2025-11-01,17:38,JELLYJELLYUSDT,BUY,7
2025-11-01,17:39,JELLYJELLYUSDT,BUY,12
2025-11-01,17:40,JELLYJELLYUSDT,BUY,11
2025-11-01,17:40,ZENUSDT,BUY,9
2025-11-01,17:43,PIPPINUSDT,BUY,8
2025-11-01,17:43,DASHUSDT,BUY,8
2025-11-01,17:44,DASHUSDT,BUY,8
2025-11-01,17:44,JELLYJELLYUSDT,BUY,13
2025-11-01,17:45,LABUSDT,SELL,9
2025-11-01,17:46,ZKUSDT,BUY,9
2025-11-01,17:46,LABUSDT,SELL,10
2025-11-01,17:47,JELLYJELLYUSDT,BUY,10
2025-11-01,17:47,BTCUSDT,BUY,7
2025-11-01,17:48,PIPPINUSDT,BUY,7
2025-11-01,17:48,JELLYJELLYUSDT,BUY,11
2025-11-01,17:48,LABUSDT,SELL,14
2025-11-01,17:49,LABUSDT,SELL,15
2025-11-01,17:50,LABUSDT,SELL,7
2025-11-01,17:51,LABUSDT,SELL,19
2025-11-01,17:52,LABUSDT,SELL,16
2025-11-01,17:52,JELLYJELLYUSDT,SELL,7
2025-11-01,17:57,LABUSDT,BUY,16
2025-11-01,18:00,COAIUSDT,BUY,8
2025-11-01,18:00,ETHUSDT,SELL,9
2025-11-01,18:01,COAIUSDT,BUY,9
2025-11-01,18:01,ETHUSDT,SELL,16
2025-11-01,18:02,ETHUSDT,SELL,7
2025-11-01,18:03,ZECUSDT,BUY,13
2025-11-01,18:04,ZECUSDT,BUY,7
2025-11-01,18:04,JELLYJELLYUSDT,SELL,8
2025-11-01,18:06,ZKUSDT,BUY,15
2025-11-01,18:07,JELLYJELLYUSDT,BUY,10
2025-11-01,18:07,ZECUSDT,BUY,8
2025-11-01,18:08,JELLYJELLYUSDT,BUY,15
2025-11-01,18:08,ZKUSDT,SELL,7
2025-11-01,18:09,JELLYJELLYUSDT,BUY,8
2025-11-01,18:11,MINAUSDT,BUY,7
2025-11-01,18:12,MINAUSDT,BUY,7
2025-11-01,18:14,BLESSUSDT,SELL,8
2025-11-01,18:17,SOLUSDT,SELL,7
2025-11-01,18:18,SOLUSDT,SELL,7
2025-11-01,18:18,EVAAUSDT,SELL,8
2025-11-01,18:19,ZECUSDT,BUY,8
2025-11-01,18:25,JELLYJELLYUSDT,SELL,11
2025-11-01,18:26,JELLYJELLYUSDT,SELL,20
2025-11-01,18:27,JELLYJELLYUSDT,SELL,17
2025-11-01,18:27,MONUSDT,BUY,7
2025-11-01,18:28,MONUSDT,BUY,9
2025-11-01,18:29,EVAAUSDT,SELL,8
2025-11-01,18:30,EVAAUSDT,SELL,12
2025-11-01,18:31,EVAAUSDT,SELL,8
2025-11-01,18:31,LABUSDT,SELL,9
2025-11-01,18:33,ZKUSDT,BUY,7
2025-11-01,18:35,LABUSDT,BUY,7
2025-11-01,18:36,LABUSDT,BUY,7
2025-11-01,18:39,DASHUSDT,BUY,8
2025-11-01,18:40,DASHUSDT,BUY,10
2025-11-01,18:40,ZENUSDT,BUY,9
2025-11-01,18:41,ZENUSDT,BUY,8
2025-11-01,18:41,ZKUSDT,SELL,7
2025-11-01,18:45,YBUSDT,BUY,8
2025-11-01,18:45,LABUSDT,BUY,10
2025-11-01,18:46,YBUSDT,BUY,7
2025-11-01,18:46,LABUSDT,BUY,9
2025-11-01,18:49,ZKUSDT,SELL,13
2025-11-01,18:54,LINKUSDT,SELL,7
2025-11-01,18:58,EVAAUSDT,SELL,7
2025-11-01,19:00,XNYUSDT,SELL,17
2025-11-01,19:01,XNYUSDT,SELL,21
2025-11-01,19:01,DASHUSDT,BUY,9
2025-11-01,19:02,DASHUSDT,BUY,9
2025-11-01,19:02,JELLYJELLYUSDT,SELL,7
2025-11-01,19:03,DASHUSDT,BUY,10
2025-11-01,19:04,MINAUSDT,SELL,9
2025-11-01,19:05,ZENUSDT,BUY,8
2025-11-01,19:08,XNYUSDT,SELL,18
2025-11-01,19:09,ZENUSDT,BUY,10
2025-11-01,19:15,JELLYJELLYUSDT,SELL,14
2025-11-01,19:16,JELLYJELLYUSDT,SELL,14
2025-11-01,19:18,DASHUSDT,BUY,7
2025-11-01,19:21,JELLYJELLYUSDT,BUY,8
2025-11-01,19:25,币安人生USDT,BUY,7
2025-11-01,19:25,DASHUSDT,BUY,9
2025-11-01,19:26,DASHUSDT,BUY,14
2025-11-01,19:26,COAIUSDT,BUY,11
2025-11-01,19:27,COAIUSDT,BUY,30
2025-11-01,19:27,DASHUSDT,BUY,13
2025-11-01,19:27,ZENUSDT,BUY,9
2025-11-01,19:28,COAIUSDT,BUY,19
2025-11-01,19:28,JELLYJELLYUSDT,BUY,8
2025-11-01,19:28,ZENUSDT,BUY,11
2025-11-01,19:28,DASHUSDT,BUY,10
2025-11-01,19:29,ZENUSDT,BUY,8
2025-11-01,19:29,VIRTUALUSDT,BUY,8
2025-11-01,19:29,GIGGLEUSDT,BUY,8
2025-11-01,19:30,VIRTUALUSDT,BUY,7
2025-11-01,19:30,GIGGLEUSDT,BUY,8
2025-11-01,19:31,DASHUSDT,BUY,10
2025-11-01,19:31,LABUSDT,BUY,13
2025-11-01,19:32,AIAUSDT,BUY,7
2025-11-01,19:32,LABUSDT,BUY,14
2025-11-01,19:32,DASHUSDT,BUY,16
2025-11-01,19:32,币安人生USDT,BUY,8
2025-11-01,19:33,ZENUSDT,BUY,12
2025-11-01,19:33,币安人生USDT,BUY,7
2025-11-01,19:34,EVAAUSDT,BUY,26
2025-11-01,19:37,EVAAUSDT,BUY,13
2025-11-01,19:38,MINAUSDT,SELL,7
2025-11-01,19:38,EVAAUSDT,BUY,21
2025-11-01,19:39,MINAUSDT,SELL,7
2025-11-01,19:40,VIRTUALUSDT,BUY,8
2025-11-01,19:41,VIRTUALUSDT,BUY,7
2025-11-01,19:49,COAIUSDT,SELL,7
2025-11-01,19:52,LABUSDT,BUY,8
2025-11-01,19:53,LABUSDT,BUY,10
2025-11-01,19:54,LABUSDT,BUY,7
2025-11-01,19:54,JELLYJELLYUSDT,BUY,10
2025-11-01,19:54,AIOTUSDT,BUY,8
2025-11-01,19:55,AIOTUSDT,BUY,9
2025-11-01,19:55,JELLYJELLYUSDT,BUY,16
2025-11-01,19:56,AIOTUSDT,BUY,8
2025-11-01,20:00,JELLYJELLYUSDT,BUY,8
2025-11-01,20:00,DASHUSDT,SELL,7
2025-11-01,20:01,JELLYJELLYUSDT,BUY,15
2025-11-01,20:02,JELLYJELLYUSDT,BUY,8
2025-11-01,20:03,ZECUSDT,BUY,7
2025-11-01,20:04,JELLYJELLYUSDT,BUY,8
2025-11-01,20:09,ZENUSDT,BUY,7
2025-11-01,20:18,ASTERUSDT,SELL,12
2025-11-01,20:18,MYXUSDT,BUY,8
2025-11-01,20:19,ASTERUSDT,SELL,9
2025-11-01,20:19,MYXUSDT,BUY,7
2025-11-01,20:25,ZKUSDT,BUY,7
2025-11-01,20:31,ZKUSDT,BUY,10
2025-11-01,20:31,VIRTUALUSDT,BUY,8
2025-11-01,20:32,ZKUSDT,BUY,8
2025-11-01,20:32,JELLYJELLYUSDT,SELL,8
2025-11-01,20:32,ZENUSDT,SELL,9
2025-11-01,20:32,MYXUSDT,SELL,8
2025-11-01,20:33,ZENUSDT,SELL,10
2025-11-01,20:33,JELLYJELLYUSDT,SELL,7
2025-11-01,20:33,MYXUSDT,SELL,9
2025-11-01,20:36,ZKUSDT,BUY,10
2025-11-01,20:37,JELLYJELLYUSDT,SELL,9
2025-11-01,20:40,MYXUSDT,SELL,8
2025-11-01,20:43,MYXUSDT,SELL,11
2025-11-01,20:45,ZENUSDT,SELL,8
2025-11-01,20:46,JELLYJELLYUSDT,BUY,7
2025-11-01,20:46,ZENUSDT,SELL,7
2025-11-01,20:48,COAIUSDT,SELL,7
2025-11-01,20:49,COAIUSDT,SELL,8
2025-11-01,20:51,VIRTUALUSDT,BUY,7
2025-11-01,20:57,COAIUSDT,SELL,21
2025-11-01,20:58,COAIUSDT,SELL,21
2025-11-01,21:00,VIRTUALUSDT,BUY,7
2025-11-01,21:03,ZKUSDT,BUY,7
2025-11-01,21:06,ZECUSDT,BUY,8
2025-11-01,21:17,ZKUSDT,BUY,7
2025-11-01,21:17,DASHUSDT,BUY,10
2025-11-01,21:18,DASHUSDT,BUY,7
2025-11-01,21:19,1000000MOGUSDT,BUY,8
2025-11-01,21:24,GIGGLEUSDT,BUY,8
2025-11-01,21:25,GIGGLEUSDT,BUY,8
2025-11-01,21:30,VIRTUALUSDT,BUY,13
2025-11-01,21:31,VIRTUALUSDT,BUY,23
2025-11-01,21:32,VIRTUALUSDT,BUY,15
2025-11-01,21:32,AI16ZUSDT,BUY,7
2025-11-01,21:33,1000000MOGUSDT,BUY,12
2025-11-01,21:34,1000000MOGUSDT,BUY,10
2025-11-01,21:36,1000000MOGUSDT,SELL,8
2025-11-01,21:38,EVAAUSDT,SELL,7
2025-11-01,21:39,EVAAUSDT,SELL,7
2025-11-01,21:44,ZECUSDT,SELL,7
2025-11-01,21:45,ZECUSDT,SELL,7
2025-11-01,21:46,ZECUSDT,SELL,9
2025-11-01,21:48,EVAAUSDT,SELL,7
2025-11-01,21:49,EVAAUSDT,SELL,14
2025-11-01,21:50,EVAAUSDT,SELL,12
2025-11-01,21:53,ZKUSDT,SELL,7
2025-11-01,21:54,ZKUSDT,SELL,9
2025-11-01,21:55,币安人生USDT,BUY,9
2025-11-01,21:56,币安人生USDT,BUY,9
2025-11-01,21:57,币安人生USDT,BUY,7
2025-11-01,21:58,币安人生USDT,BUY,10
2025-11-01,21:58,DASHUSDT,BUY,14
2025-11-01,22:00,GIGGLEUSDT,BUY,8
2025-11-01,22:01,GIGGLEUSDT,BUY,15
2025-11-01,22:01,LABUSDT,BUY,14
2025-11-01,22:02,GIGGLEUSDT,BUY,8
2025-11-01,22:02,LABUSDT,BUY,19
2025-11-01,22:08,ZKUSDT,BUY,7
2025-11-01,22:09,ZKUSDT,BUY,18
2025-11-01,22:10,EVAAUSDT,BUY,8
2025-11-01,22:12,DASHUSDT,BUY,11
2025-11-01,22:13,ZKUSDT,BUY,18
2025-11-01,22:13,DASHUSDT,BUY,21
2025-11-01,22:14,DASHUSDT,BUY,17
2025-11-01,22:20,ZENUSDT,BUY,8
2025-11-01,22:22,1000000MOGUSDT,BUY,10
2025-11-01,22:23,1000000MOGUSDT,BUY,11
2025-11-01,22:23,AIOTUSDT,BUY,12
2025-11-01,22:24,AIOTUSDT,BUY,14
2025-11-01,22:24,1000000MOGUSDT,BUY,12
2025-11-01,22:25,1000000MOGUSDT,BUY,12
2025-11-01,22:27,1000000MOGUSDT,BUY,8
2025-11-01,22:37,0GUSDT,SELL,7
2025-11-01,22:38,0GUSDT,SELL,7
2025-11-01,22:39,ZKUSDT,SELL,7
2025-11-01,22:41,ZKUSDT,BUY,13
2025-11-01,22:43,JELLYJELLYUSDT,SELL,7
2025-11-01,22:45,ZKUSDT,BUY,8
2025-11-01,22:46,ZKUSDT,BUY,16
2025-11-01,22:47,ZKUSDT,BUY,19
2025-11-01,22:48,1000000MOGUSDT,SELL,8
2025-11-01,22:48,BTCUSDT,SELL,7
2025-11-01,22:49,BTCUSDT,SELL,9
2025-11-01,22:51,币安人生USDT,BUY,8
2025-11-01,22:52,DASHUSDT,BUY,7
2025-11-01,22:52,币安人生USDT,BUY,10
2025-11-01,22:56,BTCUSDT,SELL,8
2025-11-01,22:57,BTCUSDT,SELL,14
2025-11-01,22:57,ZECUSDT,SELL,7
2025-11-01,22:58,BTCUSDT,SELL,10
2025-11-01,22:58,SOLUSDT,SELL,9
2025-11-01,22:58,ZECUSDT,SELL,10
2025-11-01,22:59,SOLUSDT,SELL,12
2025-11-01,22:59,BTCUSDT,SELL,16
2025-11-01,22:59,ENAUSDT,SELL,14
2025-11-01,22:59,ETHUSDT,SELL,10
2025-11-01,22:59,ENAUSDC,SELL,7
2025-11-01,23:00,BTCUSDT,SELL,14
2025-11-01,23:00,ENAUSDT,SELL,17
2025-11-01,23:00,ETHUSDT,SELL,11
2025-11-01,23:00,SOLUSDT,SELL,8
2025-11-01,23:00,XNYUSDT,SELL,7
2025-11-01,23:00,ENAUSDC,SELL,9
2025-11-01,23:02,ZKUSDT,BUY,11
2025-11-01,23:02,UBUSDT,BUY,12
2025-11-01,23:03,JELLYJELLYUSDT,SELL,7
2025-11-01,23:03,UBUSDT,BUY,12
2025-11-01,23:03,ZKUSDT,BUY,7
2025-11-01,23:03,ZENUSDT,SELL,9
2025-11-01,23:04,ZENUSDT,SELL,9
2025-11-01,23:06,ZKUSDT,BUY,7
2025-11-01,23:07,ZKUSDT,BUY,10
2025-11-01,23:10,ZKUSDT,SELL,10
2025-11-01,23:12,ZKUSDT,BUY,19
2025-11-01,23:14,TRUMPUSDT,SELL,15
2025-11-01,23:24,1000000MOGUSDT,BUY,7
2025-11-01,23:25,1000000MOGUSDT,BUY,9
2025-11-01,23:55,币安人生USDT,BUY,10
2025-11-01,23:55,JELLYJELLYUSDT,BUY,8
2025-11-01,23:56,币安人生USDT,BUY,20
2025-11-01,23:57,币安人生USDT,BUY,14
2025-11-02,00:00,JELLYJELLYUSDT,BUY,7
2025-11-02,00:00,MINAUSDT,SELL,9
2025-11-02,00:01,MINAUSDT,SELL,8
2025-11-02,00:03,币安人生USDT,BUY,7
2025-11-02,00:07,JELLYJELLYUSDT,BUY,19
2025-11-02,00:07,ZKUSDT,SELL,8
2025-11-02,00:07,1000000MOGUSDT,SELL,13
2025-11-02,00:08,JELLYJELLYUSDT,BUY,26
2025-11-02,00:08,VIRTUALUSDT,BUY,8
2025-11-02,00:10,JELLYJELLYUSDT,SELL,8
2025-11-02,00:14,ZKUSDT,BUY,8
2025-11-02,00:24,ZKUSDT,BUY,7
2025-11-02,00:25,ZKUSDT,BUY,7
2025-11-02,00:25,GIGGLEUSDT,BUY,8
2025-11-02,00:28,ZKUSDT,BUY,7
2025-11-02,00:33,币安人生USDT,BUY,13
2025-11-02,00:36,JELLYJELLYUSDT,SELL,9
2025-11-02,00:40,币安人生USDT,BUY,7
2025-11-02,00:41,LTCUSDT,BUY,8
2025-11-02,00:45,币安人生USDT,BUY,10
2025-11-02,00:46,币安人生USDT,BUY,34
2025-11-02,00:49,币安人生USDT,BUY,23
2025-11-02,00:51,ZKUSDT,BUY,7
2025-11-02,00:51,币安人生USDT,SELL,10
2025-11-02,00:52,1000000MOGUSDT,SELL,16
2025-11-02,00:53,1000000MOGUSDT,SELL,18
2025-11-02,00:54,1000000MOGUSDT,SELL,19
2025-11-02,00:55,1000000MOGUSDT,SELL,9
2025-11-02,00:56,JELLYJELLYUSDT,SELL,7
2025-11-02,00:58,币安人生USDT,SELL,13
2025-11-02,01:02,DASHUSDT,SELL,10
2025-11-02,01:02,ZECUSDT,SELL,20
2025-11-02,01:03,ZECUSDT,SELL,20
2025-11-02,01:03,DASHUSDT,SELL,12
2025-11-02,01:03,ZENUSDT,SELL,7
2025-11-02,01:04,DASHUSDT,SELL,7
2025-11-02,01:04,1000000MOGUSDT,SELL,8
2025-11-02,01:04,ZENUSDT,SELL,7
2025-11-02,01:04,币安人生USDT,BUY,7
2025-11-02,01:05,1000000MOGUSDT,SELL,8
2025-11-02,01:08,1000000MOGUSDT,SELL,9
2025-11-02,01:08,AIOTUSDT,BUY,8
2025-11-02,01:09,TAKEUSDT,SELL,8
2025-11-02,01:09,AIOTUSDT,BUY,8
2025-11-02,01:16,AIAUSDT,SELL,9
2025-11-02,01:16,ZKUSDT,SELL,7
2025-11-02,01:17,AIAUSDT,SELL,9
2025-11-02,01:17,1000000MOGUSDT,SELL,7
2025-11-02,01:18,ZECUSDT,SELL,15
2025-11-02,01:19,ZECUSDT,SELL,11
2025-11-02,01:19,DASHUSDT,SELL,7
2025-11-02,01:22,FLOCKUSDT,BUY,11
2025-11-02,01:22,HYPEUSDT,SELL,7
2025-11-02,01:23,HYPEUSDT,SELL,7
2025-11-02,01:23,FLOCKUSDT,BUY,9
2025-11-02,01:23,币安人生USDT,SELL,9
2025-11-02,01:23,ZKUSDT,SELL,9
2025-11-02,01:24,币安人生USDT,SELL,19
2025-11-02,01:24,ZKUSDT,SELL,17
2025-11-02,01:29,TAKEUSDT,SELL,7
2025-11-02,01:31,币安人生USDT,SELL,9
2025-11-02,01:36,ZENUSDT,BUY,8
2025-11-02,01:37,ZENUSDT,BUY,11
2025-11-02,01:38,DOODUSDT,SELL,8
2025-11-02,01:41,BLESSUSDT,SELL,10
2025-11-02,01:50,EVAAUSDT,SELL,12
2025-11-02,01:50,LPTUSDT,BUY,9
2025-11-02,01:51,EVAAUSDT,SELL,14
2025-11-02,01:52,EVAAUSDT,SELL,10
2025-11-02,01:53,EVAAUSDT,SELL,15
2025-11-02,01:53,ZECUSDT,BUY,7
2025-11-02,01:53,COAIUSDT,SELL,9
2025-11-02,01:54,COAIUSDT,SELL,18
2025-11-02,01:54,EVAAUSDT,SELL,11
2025-11-02,01:55,COAIUSDT,SELL,10
2025-11-02,01:55,LABUSDT,SELL,7
2025-11-02,01:57,LPTUSDT,BUY,8
2025-11-02,01:57,ZKUSDT,SELL,7
2025-11-02,01:57,COAIUSDT,SELL,7
2025-11-02,02:00,币安人生USDT,BUY,8
2025-11-02,02:01,币安人生USDT,BUY,9
2025-11-02,02:02,LABUSDT,SELL,9
2025-11-02,02:04,币安人生USDT,BUY,8
2025-11-02,02:05,币安人生USDT,BUY,8
2025-11-02,02:06,MYXUSDT,SELL,8
2025-11-02,02:07,MYXUSDT,SELL,13
2025-11-02,02:08,MYXUSDT,SELL,7
2025-11-02,02:09,ETHUSDT,SELL,9
2025-11-02,02:11,EVAAUSDT,SELL,9
2025-11-02,02:12,EVAAUSDT,SELL,10
2025-11-02,02:16,MINAUSDT,BUY,14
2025-11-02,02:17,MINAUSDT,BUY,10
2025-11-02,02:18,EVAAUSDT,SELL,8
2025-11-02,02:22,ZECUSDT,BUY,8
2025-11-02,02:23,MINAUSDT,SELL,7
2025-11-02,02:24,MINAUSDT,SELL,11
2025-11-02,02:25,MINAUSDT,SELL,8
2025-11-02,02:26,ZECUSDT,BUY,11
2025-11-02,02:27,ZECUSDT,BUY,8
2025-11-02,02:32,ZKUSDT,SELL,19
2025-11-02,02:33,EVAAUSDT,SELL,7
2025-11-02,02:42,AVAAIUSDT,SELL,15
2025-11-02,02:45,COAIUSDT,BUY,7
2025-11-02,02:46,JELLYJELLYUSDT,SELL,9
2025-11-02,02:47,JELLYJELLYUSDT,SELL,8
2025-11-02,02:47,MYXUSDT,SELL,9
2025-11-02,02:47,VIRTUALUSDT,SELL,8
2025-11-02,02:48,VIRTUALUSDT,SELL,7
2025-11-02,02:48,SOLUSDT,SELL,9
2025-11-02,02:49,SOLUSDT,SELL,8
2025-11-02,02:49,4USDT,BUY,7
2025-11-02,02:51,LABUSDT,BUY,17
2025-11-02,02:52,EVAAUSDT,BUY,13
2025-11-02,02:52,LABUSDT,BUY,32
2025-11-02,02:53,币安人生USDT,SELL,16
2025-11-02,02:53,DASHUSDT,SELL,7
2025-11-02,02:54,币安人生USDT,SELL,13
2025-11-02,02:55,MYXUSDT,SELL,10
2025-11-02,02:56,ZKUSDT,SELL,8
2025-11-02,02:57,ZKUSDT,SELL,8
2025-11-02,02:59,EVAAUSDT,BUY,8
2025-11-02,03:01,ZKUSDT,SELL,7
2025-11-02,03:05,LABUSDT,SELL,7
2025-11-02,03:06,XPINUSDT,SELL,7
2025-11-02,03:07,XPINUSDT,SELL,9
2025-11-02,03:07,JELLYJELLYUSDT,SELL,15
2025-11-02,03:08,JELLYJELLYUSDT,SELL,15
2025-11-02,03:10,4USDT,BUY,7
2025-11-02,03:15,XPINUSDT,SELL,8
2025-11-02,03:16,XPINUSDT,SELL,7
2025-11-02,03:16,ZKUSDT,BUY,11
2025-11-02,03:18,币安人生USDT,SELL,7
2025-11-02,03:19,币安人生USDT,SELL,17
2025-11-02,03:19,ZKUSDT,SELL,9
2025-11-02,03:19,FLOCKUSDT,SELL,7
2025-11-02,03:20,币安人生USDT,SELL,15
2025-11-02,03:20,ZKUSDT,SELL,8
2025-11-02,03:20,FLOCKUSDT,SELL,10
2025-11-02,03:27,EVAAUSDT,BUY,10
2025-11-02,03:28,EVAAUSDT,BUY,9
2025-11-02,03:32,EVAAUSDT,BUY,27
2025-11-02,03:32,ETHUSDT,BUY,9
2025-11-02,03:33,ETHUSDT,BUY,9
2025-11-02,03:33,EVAAUSDT,BUY,24
2025-11-02,03:34,EVAAUSDT,BUY,9
2025-11-02,03:34,BTCUSDT,BUY,8
2025-11-02,03:35,ZKUSDT,BUY,18
2025-11-02,03:35,BTCUSDT,BUY,9
2025-11-02,03:36,ZKUSDT,BUY,12
2025-11-02,03:37,JELLYJELLYUSDT,SELL,7
2025-11-02,03:38,JELLYJELLYUSDT,SELL,10
2025-11-02,03:38,4USDT,BUY,9
2025-11-02,03:38,ZKUSDT,BUY,8
2025-11-02,03:39,4USDT,BUY,8
2025-11-02,03:42,LABUSDT,SELL,7
2025-11-02,03:44,JELLYJELLYUSDT,SELL,9
2025-11-02,03:48,JELLYJELLYUSDT,SELL,18
2025-11-02,03:48,XPINUSDT,SELL,7
2025-11-02,03:48,DASHUSDT,BUY,10
2025-11-02,03:49,JELLYJELLYUSDT,SELL,20
2025-11-02,03:49,DASHUSDT,BUY,11
2025-11-02,03:49,ZECUSDT,BUY,7
2025-11-02,03:50,ZECUSDT,BUY,7
2025-11-02,03:51,DASHUSDT,BUY,15
2025-11-02,03:52,DASHUSDT,BUY,11
2025-11-02,03:53,ZECUSDT,BUY,8
2025-11-02,03:58,4USDT,SELL,7
2025-11-02,03:59,4USDT,SELL,7
2025-11-02,03:59,ZECUSDT,BUY,7
2025-11-02,04:00,ZECUSDT,BUY,8
2025-11-02,04:02,DASHUSDT,BUY,21
2025-11-02,04:02,ZECUSDT,BUY,20
2025-11-02,04:03,ZECUSDT,BUY,33
2025-11-02,04:03,DASHUSDT,BUY,33
2025-11-02,04:03,ZENUSDT,BUY,17
2025-11-02,04:04,ZECUSDT,BUY,16
2025-11-02,04:04,ZENUSDT,BUY,17
2025-11-02,04:04,JELLYJELLYUSDT,SELL,23
2025-11-02,04:07,BUSDT,SELL,7
2025-11-02,04:10,ZKUSDT,SELL,7
2025-11-02,04:12,JELLYJELLYUSDT,SELL,9
2025-11-02,04:13,JELLYJELLYUSDT,SELL,7
2025-11-02,04:22,JELLYJELLYUSDT,BUY,10
2025-11-02,04:23,JELLYJELLYUSDT,BUY,12
2025-11-02,04:24,EVAAUSDT,BUY,10
2025-11-02,04:25,EVAAUSDT,BUY,7
2025-11-02,04:27,ZKUSDT,BUY,7
2025-11-02,04:28,DASHUSDT,BUY,7
2025-11-02,04:28,JELLYJELLYUSDT,SELL,7
2025-11-02,04:28,币安人生USDT,SELL,12
2025-11-02,04:29,币安人生USDT,SELL,12
2025-11-02,04:29,DASHUSDT,BUY,11
2025-11-02,04:38,USELESSUSDT,SELL,7
2025-11-02,04:39,JELLYJELLYUSDT,BUY,7
2025-11-02,04:43,ZENUSDT,SELL,11
2025-11-02,04:49,JELLYJELLYUSDT,SELL,8
2025-11-02,04:49,ZKUSDT,BUY,7
2025-11-02,04:50,JELLYJELLYUSDT,SELL,16
2025-11-02,04:51,JELLYJELLYUSDT,SELL,12
2025-11-02,04:51,AIXBTUSDT,SELL,7
2025-11-02,04:53,VIRTUALUSDT,SELL,7
2025-11-02,04:54,FLOCKUSDT,SELL,8
2025-11-02,04:55,DASHUSDT,SELL,8
2025-11-02,05:00,YBUSDT,BUY,7
2025-11-02,05:01,ZENUSDT,SELL,9
2025-11-02,05:01,ZKUSDT,BUY,7
2025-11-02,05:01,DASHUSDT,SELL,19
2025-11-02,05:01,YBUSDT,BUY,9
2025-11-02,05:02,ZKUSDT,BUY,7
2025-11-02,05:02,DASHUSDT,SELL,14
2025-11-02,05:04,LPTUSDT,SELL,7
2025-11-02,05:07,ZKUSDT,BUY,8
2025-11-02,05:08,ZKUSDT,BUY,16
2025-11-02,05:09,JELLYJELLYUSDT,BUY,8
2025-11-02,05:09,ZKUSDT,BUY,8
2025-11-02,05:11,LPTUSDT,SELL,7
2025-11-02,05:15,BANUSDT,SELL,7
2025-11-02,05:24,ZKUSDT,BUY,7
2025-11-02,05:25,ZKUSDT,BUY,19
2025-11-02,05:26,ZKUSDT,BUY,24
2025-11-02,05:26,JELLYJELLYUSDT,SELL,10
2025-11-02,05:27,JELLYJELLYUSDT,SELL,13
2025-11-02,05:27,ZKUSDT,BUY,17
2025-11-02,05:31,AIOTUSDT,BUY,8
2025-11-02,05:32,JELLYJELLYUSDT,SELL,15
2025-11-02,05:36,ZKUSDT,BUY,10
2025-11-02,05:36,ZENUSDT,SELL,8
2025-11-02,05:37,ZKUSDT,BUY,13
2025-11-02,05:37,JELLYJELLYUSDT,SELL,7
2025-11-02,05:38,ZECUSDT,SELL,7
2025-11-02,05:42,BTCUSDT,BUY,7
2025-11-02,05:43,BTCUSDT,BUY,10
2025-11-02,05:44,BTCUSDT,BUY,13
2025-11-02,05:44,ETHUSDT,BUY,7
2025-11-02,05:46,ZKUSDT,BUY,8
2025-11-02,05:46,BTCUSDT,BUY,8
2025-11-02,05:46,ETHUSDT,BUY,11
2025-11-02,05:46,SOLUSDT,BUY,9
2025-11-02,05:47,BTCUSDT,BUY,8
2025-11-02,05:47,ETHUSDT,BUY,11
2025-11-02,05:47,SOLUSDT,BUY,10
2025-11-02,05:48,ZECUSDT,SELL,10
2025-11-02,05:48,DASHUSDT,SELL,10
2025-11-02,05:49,DASHUSDT,SELL,10
2025-11-02,05:49,ZENUSDT,SELL,9
2025-11-02,05:50,SOLUSDT,BUY,7
2025-11-02,05:51,SOLUSDT,BUY,11
2025-11-02,05:54,币安人生USDT,BUY,8
2025-11-02,05:55,JELLYJELLYUSDT,BUY,10
2025-11-02,05:55,币安人生USDT,BUY,12
2025-11-02,05:56,ETHUSDT,BUY,10
2025-11-02,05:56,BTCUSDT,BUY,9
2025-11-02,05:57,BTCUSDT,BUY,7
2025-11-02,05:59,DASHUSDT,BUY,7
2025-11-02,06:00,DASHUSDT,BUY,7
2025-11-02,06:01,DASHUSDT,BUY,7
2025-11-02,06:01,JELLYJELLYUSDT,BUY,10
2025-11-02,06:02,JELLYJELLYUSDT,BUY,13
2025-11-02,06:05,ZKUSDT,BUY,31
2025-11-02,06:07,ZENUSDT,SELL,7
2025-11-02,06:09,ZENUSDT,SELL,10
2025-11-02,06:10,ZENUSDT,SELL,9
2025-11-02,06:10,4USDT,SELL,7
2025-11-02,06:11,4USDT,SELL,11
2025-11-02,06:16,4USDT,SELL,11
2025-11-02,06:17,4USDT,SELL,11
2025-11-02,06:17,币安人生USDT,SELL,7
2025-11-02,06:19,币安人生USDT,SELL,9
2025-11-02,06:20,币安人生USDT,SELL,11
2025-11-02,06:20,VIRTUALUSDT,SELL,7
2025-11-02,06:24,GIGGLEUSDT,SELL,7
2025-11-02,06:24,VIRTUALUSDT,SELL,8
2025-11-02,06:25,VIRTUALUSDT,SELL,8
2025-11-02,06:28,JELLYJELLYUSDT,BUY,7
2025-11-02,06:35,UBUSDT,BUY,9
2025-11-02,06:36,UBUSDT,BUY,7
2025-11-02,06:37,ZKUSDT,BUY,13
2025-11-02,06:38,ZKUSDT,BUY,11
2025-11-02,06:40,UBUSDT,BUY,12
2025-11-02,06:43,ZKUSDT,BUY,16
2025-11-02,06:43,AI16ZUSDT,SELL,9
2025-11-02,06:43,DASHUSDT,BUY,7
2025-11-02,06:44,ZKUSDT,BUY,24
2025-11-02,06:45,ZKUSDT,BUY,31
2025-11-02,06:45,MINAUSDT,BUY,9
2025-11-02,06:46,MINAUSDT,BUY,12
2025-11-02,06:47,MINAUSDT,BUY,8
2025-11-02,06:50,JELLYJELLYUSDT,BUY,8
2025-11-02,06:51,JELLYJELLYUSDT,BUY,9
2025-11-02,06:52,LPTUSDT,SELL,9
2025-11-02,06:57,ZENUSDT,SELL,7
2025-11-02,07:00,ZENUSDT,SELL,10
2025-11-02,07:01,AIOTUSDT,SELL,12
2025-11-02,07:01,BTRUSDT,SELL,7
2025-11-02,07:02,XNYUSDT,BUY,7
2025-11-02,07:02,ZENUSDT,SELL,9
2025-11-02,07:03,ZENUSDT,SELL,17
2025-11-02,07:04,ZECUSDT,BUY,7
2025-11-02,07:05,COAIUSDT,SELL,7
2025-11-02,07:06,DASHUSDT,BUY,8
2025-11-02,07:07,DASHUSDT,BUY,8
2025-11-02,07:14,ROSEUSDT,BUY,7
2025-11-02,07:15,ROSEUSDT,BUY,8
2025-11-02,07:15,MINAUSDT,BUY,9
2025-11-02,07:15,UBUSDT,BUY,9
2025-11-02,07:16,UBUSDT,BUY,10
2025-11-02,07:18,MINAUSDT,SELL,11
2025-11-02,07:21,DASHUSDT,BUY,7
2025-11-02,07:24,PIPPINUSDT,BUY,10
2025-11-02,07:25,PIPPINUSDT,BUY,9
2025-11-02,07:26,RVVUSDT,SELL,11
2025-11-02,07:27,RVVUSDT,SELL,11
2025-11-02,07:28,JELLYJELLYUSDT,BUY,13
2025-11-02,07:29,JELLYJELLYUSDT,BUY,8
2025-11-02,07:33,COAIUSDT,SELL,10
2025-11-02,07:33,DASHUSDT,BUY,20
2025-11-02,07:33,JELLYJELLYUSDT,BUY,10
2025-11-02,07:34,JELLYJELLYUSDT,BUY,10
2025-11-02,07:39,XVGUSDT,BUY,7
2025-11-02,07:39,DASHUSDT,BUY,27
2025-11-02,07:39,ZENUSDT,BUY,14
2025-11-02,07:40,DASHUSDT,BUY,30
2025-11-02,07:40,ZENUSDT,BUY,18
2025-11-02,07:42,KDAUSDT,BUY,9
2025-11-02,07:42,ZENUSDT,BUY,16
2025-11-02,07:43,ZENUSDT,BUY,18
2025-11-02,07:44,ZECUSDT,BUY,16
2025-11-02,07:45,ZECUSDT,BUY,14
2025-11-02,07:45,KDAUSDT,BUY,7
2025-11-02,07:47,ZENUSDT,BUY,7
2025-11-02,07:47,ZKUSDT,BUY,15
2025-11-02,07:47,DASHUSDT,BUY,7
2025-11-02,07:51,ARUSDT,BUY,8
2025-11-02,07:51,KDAUSDT,BUY,7
2025-11-02,07:52,KDAUSDT,BUY,7
2025-11-02,07:53,DASHUSDT,BUY,13
2025-11-02,07:54,XVGUSDT,BUY,9
2025-11-02,07:55,XVGUSDT,BUY,8
2025-11-02,07:59,JELLYJELLYUSDT,BUY,11
2025-11-02,08:00,DASHUSDT,BUY,28
2025-11-02,08:00,ZENUSDT,BUY,11
2025-11-02,08:01,DASHUSDT,BUY,45
2025-11-02,08:01,ZKUSDT,BUY,32
2025-11-02,08:01,ZENUSDT,BUY,28
2025-11-02,08:01,EVAAUSDT,SELL,10
2025-11-02,08:02,MINAUSDT,BUY,7
2025-11-02,08:02,COAIUSDT,SELL,25
2025-11-02,08:02,EVAAUSDT,SELL,9
2025-11-02,08:03,MINAUSDT,BUY,10
2025-11-02,08:03,COAIUSDT,SELL,20
2025-11-02,08:03,LABUSDT,SELL,18
2025-11-02,08:04,MINAUSDT,BUY,8
2025-11-02,08:04,LABUSDT,SELL,7
2025-11-02,08:05,BLUAIUSDT,SELL,7
2025-11-02,08:07,MINAUSDT,BUY,10
2025-11-02,08:07,DASHUSDT,BUY,11
2025-11-02,08:08,DASHUSDT,BUY,31
2025-11-02,08:08,COAIUSDT,SELL,8
2025-11-02,08:09,ZENUSDT,BUY,15
2025-11-02,08:09,COAIUSDT,SELL,9
2025-11-02,08:09,ZECUSDT,BUY,13
2025-11-02,08:15,JELLYJELLYUSDT,BUY,11
2025-11-02,08:16,JELLYJELLYUSDT,BUY,12
2025-11-02,08:17,TAOUSDT,BUY,10
2025-11-02,08:18,TAOUSDT,BUY,10
2025-11-02,08:23,ZKUSDT,BUY,7
2025-11-02,08:24,JELLYJELLYUSDT,BUY,9
2025-11-02,08:25,JELLYJELLYUSDT,BUY,9
2025-11-02,08:26,XPINUSDT,SELL,8
2025-11-02,08:27,ZENUSDT,BUY,10
2025-11-02,08:28,ZENUSDT,BUY,23
2025-11-02,08:29,ZENUSDT,BUY,13
2025-11-02,08:29,JELLYJELLYUSDT,BUY,13
2025-11-02,08:30,JELLYJELLYUSDT,BUY,20
2025-11-02,08:31,DASHUSDT,BUY,11
2025-11-02,08:31,JELLYJELLYUSDT,BUY,9
2025-11-02,08:32,DASHUSDT,BUY,11
2025-11-02,08:33,XPINUSDT,SELL,7
2025-11-02,08:34,XPINUSDT,SELL,8
2025-11-02,08:34,LIGHTUSDT,SELL,8
2025-11-02,08:35,LIGHTUSDT,SELL,15
2025-11-02,08:35,DASHUSDT,BUY,7
2025-11-02,08:35,ZENUSDT,BUY,17
2025-11-02,08:36,ZENUSDT,BUY,11
2025-11-02,08:36,LIGHTUSDT,SELL,15
2025-11-02,08:37,ZKUSDT,SELL,7
2025-11-02,08:37,JELLYJELLYUSDT,SELL,8
2025-11-02,08:38,ZKUSDT,SELL,15
2025-11-02,08:38,DASHUSDT,SELL,9
2025-11-02,08:40,XPINUSDT,SELL,10
2025-11-02,08:41,XPINUSDT,SELL,7
2025-11-02,08:45,ZENUSDT,BUY,18
2025-11-02,08:49,ZKUSDT,SELL,11
2025-11-02,08:51,ETHUSDT,BUY,9
2025-11-02,08:51,BTCUSDT,BUY,8
2025-11-02,08:52,ETHUSDT,BUY,10
2025-11-02,08:52,ZENUSDT,SELL,9
2025-11-02,08:53,ETHUSDT,BUY,12
2025-11-02,08:53,BTCUSDT,BUY,9
2025-11-02,08:53,DASHUSDT,SELL,15
2025-11-02,08:54,SOLUSDT,BUY,9
2025-11-02,08:54,ETHUSDT,BUY,14
2025-11-02,08:54,TAOUSDT,BUY,8
2025-11-02,08:54,BTCUSDT,BUY,10
2025-11-02,08:55,ETHUSDT,BUY,7
2025-11-02,08:55,ZENUSDT,SELL,7
2025-11-02,08:57,JELLYJELLYUSDT,BUY,9
2025-11-02,08:58,JELLYJELLYUSDT,BUY,9
2025-11-02,08:58,ZKUSDT,BUY,7
2025-11-02,09:01,币安人生USDT,BUY,17
2025-11-02,09:02,币安人生USDT,BUY,14
2025-11-02,09:04,JELLYJELLYUSDT,BUY,8
2025-11-02,09:04,ZECUSDT,BUY,7
2025-11-02,09:05,JELLYJELLYUSDT,BUY,7
2025-11-02,09:06,币安人生USDT,BUY,7
2025-11-02,09:07,币安人生USDT,BUY,7
2025-11-02,09:08,ZKUSDT,BUY,7
2025-11-02,09:09,ZKUSDT,BUY,18
2025-11-02,09:10,JELLYJELLYUSDT,BUY,10
2025-11-02,09:11,LPTUSDT,SELL,7
2025-11-02,09:11,JELLYJELLYUSDT,BUY,13
2025-11-02,09:12,JELLYJELLYUSDT,BUY,12
2025-11-02,09:13,JELLYJELLYUSDT,BUY,27
2025-11-02,09:18,JELLYJELLYUSDT,BUY,12
2025-11-02,09:20,DASHUSDT,BUY,8
2025-11-02,09:21,DASHUSDT,BUY,9
2025-11-02,09:23,ALTUSDT,SELL,8
2025-11-02,09:24,ALTUSDT,SELL,8
2025-11-02,09:25,JELLYJELLYUSDT,SELL,10
2025-11-02,09:25,ZENUSDT,BUY,8
2025-11-02,09:28,DASHUSDT,SELL,11
2025-11-02,09:29,DASHUSDT,SELL,12
2025-11-02,09:31,AIAUSDT,SELL,10
2025-11-02,09:32,DASHUSDT,SELL,8
2025-11-02,09:33,JELLYJELLYUSDT,BUY,15
2025-11-02,09:34,JELLYJELLYUSDT,BUY,22
2025-11-02,09:35,JELLYJELLYUSDT,BUY,8
2025-11-02,09:35,ZKUSDT,BUY,9
2025-11-02,09:37,SCRUSDT,BUY,8
2025-11-02,09:38,SCRUSDT,BUY,9
2025-11-02,09:38,MINAUSDT,SELL,7
2025-11-02,09:39,ALTUSDT,SELL,7
2025-11-02,09:41,DASHUSDT,BUY,8
2025-11-02,09:42,DASHUSDT,BUY,8
2025-11-02,09:43,LABUSDT,SELL,8
2025-11-02,09:45,MINAUSDT,SELL,7
2025-11-02,09:45,EVAAUSDT,SELL,9
2025-11-02,09:46,EVAAUSDT,SELL,9
2025-11-02,09:47,MINAUSDT,SELL,8
2025-11-02,09:48,MINAUSDT,SELL,7
2025-11-02,09:51,GIGGLEUSDT,SELL,8
2025-11-02,09:52,RECALLUSDT,SELL,8
2025-11-02,09:52,GIGGLEUSDT,SELL,14
2025-11-02,09:53,GIGGLEUSDT,SELL,12
2025-11-02,09:53,ZENUSDT,SELL,7
2025-11-02,09:53,EVAAUSDT,SELL,7
2025-11-02,09:56,ZKUSDT,BUY,8
2025-11-02,10:03,ZKUSDT,BUY,10
2025-11-02,10:03,ALTUSDT,SELL,8
2025-11-02,10:04,ALTUSDT,SELL,7
2025-11-02,10:05,ZKUSDT,BUY,7
2025-11-02,10:10,ZKUSDT,BUY,11
2025-11-02,10:13,ZKUSDT,BUY,10
2025-11-02,10:16,DASHUSDT,SELL,9
2025-11-02,10:16,ZENUSDT,SELL,15
2025-11-02,10:16,PUMPUSDT,SELL,9
2025-11-02,10:17,PUMPUSDT,SELL,9
2025-11-02,10:17,XVGUSDT,SELL,8
2025-11-02,10:18,XVGUSDT,SELL,11
2025-11-02,10:20,币安人生USDT,SELL,7
2025-11-02,10:21,币安人生USDT,SELL,7
2025-11-02,10:28,ZKUSDT,SELL,8
2025-11-02,10:28,FILUSDT,BUY,10
2025-11-02,10:29,FILUSDT,BUY,7
2025-11-02,10:29,ZKUSDT,SELL,8
2025-11-02,10:32,ASTERUSDT,SELL,12
2025-11-02,10:32,ETHUSDT,SELL,9
2025-11-02,10:33,ASTERUSDT,SELL,19
2025-11-02,10:33,GIGGLEUSDT,SELL,14
2025-11-02,10:33,XPLUSDT,SELL,8
2025-11-02,10:33,CLOUSDT,SELL,9
2025-11-02,10:33,SOLUSDT,SELL,7
2025-11-02,10:34,XPLUSDT,SELL,7
2025-11-02,10:34,SOLUSDT,SELL,7
2025-11-02,10:34,GIGGLEUSDT,SELL,13
2025-11-02,10:34,ASTERUSDT,SELL,7
2025-11-02,10:35,币安人生USDT,SELL,25
2025-11-02,10:36,币安人生USDT,SELL,31
2025-11-02,10:36,DASHUSDT,BUY,11
2025-11-02,10:37,币安人生USDT,SELL,9
2025-11-02,10:37,ZKUSDT,BUY,9
2025-11-02,10:38,ZKUSDT,BUY,12
2025-11-02,10:38,币安人生USDT,SELL,8
2025-11-02,10:39,币安人生USDT,SELL,19
2025-11-02,10:41,0GUSDT,SELL,12
2025-11-02,10:41,XRPUSDT,SELL,7
2025-11-02,10:41,GIGGLEUSDT,SELL,14
2025-11-02,10:41,TRUMPUSDT,SELL,13
2025-11-02,10:41,COAIUSDT,SELL,8
2025-11-02,10:42,TRUMPUSDT,SELL,13
2025-11-02,10:42,GIGGLEUSDT,SELL,13
2025-11-02,10:42,COAIUSDT,SELL,8
2025-11-02,10:45,SOLUSDT,SELL,7
2025-11-02,10:46,USELESSUSDT,SELL,8
2025-11-02,10:46,SOLUSDT,SELL,8
2025-11-02,10:46,COAIUSDT,SELL,10
2025-11-02,10:47,COAIUSDT,SELL,14
2025-11-02,10:48,COAIUSDT,SELL,7
2025-11-02,10:50,DASHUSDT,BUY,9
2025-11-02,10:52,DASHUSDT,BUY,8
2025-11-02,10:54,GIGGLEUSDT,SELL,13
2025-11-02,10:55,GIGGLEUSDT,SELL,21
2025-11-02,10:56,ZKUSDT,SELL,7
2025-11-02,10:56,JELLYJELLYUSDT,SELL,12
2025-11-02,10:57,JELLYJELLYUSDT,SELL,10
2025-11-02,11:00,DASHUSDT,BUY,9
2025-11-02,11:01,DASHUSDT,BUY,16
2025-11-02,11:06,ZKUSDT,BUY,7
2025-11-02,11:14,DASHUSDT,BUY,17
2025-11-02,11:14,ZECUSDT,BUY,10
2025-11-02,11:14,COAIUSDT,SELL,8
2025-11-02,11:14,AIOTUSDT,BUY,7
2025-11-02,11:14,ZENUSDT,BUY,7
2025-11-02,11:14,ICNTUSDT,BUY,7
2025-11-02,11:15,ZECUSDT,BUY,8
2025-11-02,11:15,COAIUSDT,SELL,9
2025-11-02,11:15,ZENUSDT,BUY,9
2025-11-02,11:15,ICNTUSDT,BUY,9
2025-11-02,11:16,JELLYJELLYUSDT,SELL,9
2025-11-02,11:18,EVAAUSDT,BUY,16
2025-11-02,11:18,VIRTUALUSDT,SELL,8
2025-11-02,11:19,ASTERUSDT,SELL,9
2025-11-02,11:19,VIRTUALUSDT,SELL,11
2025-11-02,11:19,AIAUSDT,SELL,11
2025-11-02,11:19,GIGGLEUSDT,SELL,7
2025-11-02,11:19,SOLUSDT,SELL,8
2025-11-02,11:19,COAIUSDT,SELL,17
2025-11-02,11:19,BASUSDT,SELL,8
2025-11-02,11:19,BNBUSDT,SELL,12
2025-11-02,11:20,BNBUSDT,SELL,12
2025-11-02,11:20,AIAUSDT,SELL,7
2025-11-02,11:20,COAIUSDT,SELL,20
2025-11-02,11:20,ASTERUSDT,SELL,7
2025-11-02,11:20,SOLUSDT,SELL,7
2025-11-02,11:20,GIGGLEUSDT,SELL,8
2025-11-02,11:21,DASHUSDT,BUY,7
2025-11-02,11:21,COAIUSDT,SELL,7
2025-11-02,11:21,KERNELUSDT,SELL,7
2025-11-02,11:22,GIGGLEUSDT,SELL,8
2025-11-02,11:23,GIGGLEUSDT,SELL,10
2025-11-02,11:23,BLESSUSDT,SELL,9
2025-11-02,11:23,DASHUSDT,BUY,25
2025-11-02,11:24,BLESSUSDT,SELL,8
2025-11-02,11:24,DASHUSDT,BUY,29
2025-11-02,11:24,GIGGLEUSDT,SELL,12
2025-11-02,11:25,DASHUSDT,BUY,11
2025-11-02,11:25,GIGGLEUSDT,SELL,11
2025-11-02,11:26,EVAAUSDT,BUY,11
2025-11-02,11:27,EVAAUSDT,BUY,9
2025-11-02,11:28,DOGEUSDT,SELL,9
2025-11-02,11:29,DOGEUSDT,SELL,14
2025-11-02,11:29,GIGGLEUSDT,SELL,8
2025-11-02,11:29,BCHUSDT,SELL,9
2025-11-02,11:29,ASTERUSDT,SELL,15
2025-11-02,11:30,ASTERUSDT,SELL,16
2025-11-02,11:30,DOGEUSDT,SELL,15
2025-11-02,11:30,SOLUSDT,SELL,18
2025-11-02,11:30,EIGENUSDT,SELL,8
2025-11-02,11:30,BCHUSDT,SELL,12
2025-11-02,11:30,PENGUUSDT,SELL,10
2025-11-02,11:30,WLDUSDT,SELL,9
2025-11-02,11:30,WLFIUSDT,SELL,7
2025-11-02,11:30,XPLUSDT,SELL,11
2025-11-02,11:30,GIGGLEUSDT,SELL,12
2025-11-02,11:30,PUMPUSDT,SELL,9
2025-11-02,11:30,ENAUSDT,SELL,8
2025-11-02,11:30,HYPEUSDT,SELL,15
2025-11-02,11:30,XRPUSDT,SELL,7
2025-11-02,11:30,FORMUSDT,SELL,11
2025-11-02,11:30,BNBUSDT,SELL,11
2025-11-02,11:30,ETHUSDT,SELL,14
2025-11-02,11:30,ADAUSDT,SELL,7
2025-11-02,11:30,BLUAIUSDT,SELL,8
2025-11-02,11:30,SUIUSDT,SELL,8
2025-11-02,11:30,TAOUSDT,SELL,7
2025-11-02,11:31,HYPEUSDT,SELL,11
2025-11-02,11:31,PENGUUSDT,SELL,8
2025-11-02,11:31,GIGGLEUSDT,SELL,22
2025-11-02,11:31,BLUAIUSDT,SELL,8
2025-11-02,11:31,DOGEUSDT,SELL,12
2025-11-02,11:31,ETHUSDT,SELL,16
2025-11-02,11:31,SUIUSDT,SELL,7
2025-11-02,11:31,BNBUSDT,SELL,10
2025-11-02,11:31,SOLUSDT,SELL,18
2025-11-02,11:31,XRPUSDT,SELL,7
2025-11-02,11:31,TAOUSDT,SELL,7
2025-11-02,11:31,4USDT,SELL,12
2025-11-02,11:32,GIGGLEUSDT,SELL,14
2025-11-02,11:32,4USDT,SELL,8
2025-11-02,11:32,MAVIAUSDT,SELL,10
2025-11-02,11:32,HYPEUSDT,SELL,14
2025-11-02,11:33,MAVIAUSDT,SELL,9
2025-11-02,11:33,HYPEUSDT,SELL,19
2025-11-02,11:33,GIGGLEUSDT,SELL,12
2025-11-02,11:34,COAIUSDT,SELL,7
2025-11-02,11:34,HYPEUSDT,SELL,8
2025-11-02,11:35,ZECUSDT,SELL,7
2025-11-02,11:36,HYPEUSDT,SELL,8
2025-11-02,11:37,DASHUSDT,BUY,9
2025-11-02,11:37,HYPEUSDT,SELL,8
2025-11-02,11:40,MINAUSDT,BUY,7
2025-11-02,11:40,SOLUSDT,SELL,7
2025-11-02,11:40,ICNTUSDT,SELL,7
2025-11-02,11:41,SOLUSDT,SELL,7
2025-11-02,11:41,DASHUSDT,BUY,7
2025-11-02,11:41,ICNTUSDT,SELL,10
2025-11-02,11:43,ZKUSDT,BUY,12
2025-11-02,11:43,DASHUSDT,BUY,8
2025-11-02,11:45,JELLYJELLYUSDT,SELL,9
2025-11-02,11:46,JELLYJELLYUSDT,SELL,15
2025-11-02,11:46,LIGHTUSDT,BUY,8
2025-11-02,11:47,JELLYJELLYUSDT,SELL,14
2025-11-02,11:47,ZBTUSDT,SELL,11
2025-11-02,11:48,JELLYJELLYUSDT,SELL,8
2025-11-02,11:48,MINAUSDT,SELL,9
2025-11-02,11:48,ZBTUSDT,SELL,11
2025-11-02,11:49,MINAUSDT,SELL,7
2025-11-02,11:54,GIGGLEUSDT,SELL,15
2025-11-02,11:55,GIGGLEUSDT,SELL,13
2025-11-02,12:02,币安人生USDT,SELL,12
2025-11-02,12:02,PIPPINUSDT,SELL,8
2025-11-02,12:04,DASHUSDT,SELL,7
2025-11-02,12:05,IDOLUSDT,BUY,8
2025-11-02,12:06,IDOLUSDT,BUY,13
2025-11-02,12:06,FLOCKUSDT,SELL,13
2025-11-02,12:07,FLOCKUSDT,SELL,7
2025-11-02,12:07,AIOTUSDT,SELL,8
2025-11-02,12:07,IDOLUSDT,BUY,8
2025-11-02,12:08,B2USDT,SELL,7
2025-11-02,12:09,B2USDT,SELL,7
2025-11-02,12:09,AIOTUSDT,SELL,10
2025-11-02,12:10,AIOTUSDT,SELL,9
2025-11-02,12:10,MINAUSDT,BUY,7
2025-11-02,12:19,GIGGLEUSDT,BUY,7
2025-11-02,12:20,GIGGLEUSDT,BUY,7
2025-11-02,12:27,DASHUSDT,SELL,11
2025-11-02,12:27,ZENUSDT,SELL,7
2025-11-02,12:27,ZKUSDT,BUY,7
2025-11-02,12:28,DASHUSDT,SELL,7
2025-11-02,12:32,ZKUSDT,SELL,13
2025-11-02,12:33,ZKUSDT,SELL,11
2025-11-02,12:33,MINAUSDT,BUY,7
2025-11-02,12:36,MINAUSDT,BUY,17
2025-11-02,12:42,XRPUSDT,BUY,9
2025-11-02,12:43,XRPUSDT,BUY,21
2025-11-02,12:44,XRPUSDT,BUY,21
2025-11-02,12:47,MINAUSDT,BUY,18
2025-11-02,12:47,VIRTUALUSDT,SELL,8
2025-11-02,12:49,BTCUSDT,BUY,8
2025-11-02,12:49,ALTUSDT,BUY,8
2025-11-02,12:50,BTCUSDT,BUY,7
2025-11-02,12:51,BTCUSDT,BUY,10
2025-11-02,12:51,DASHUSDT,SELL,11
2025-11-02,12:52,BTCUSDT,BUY,15
2025-11-02,12:52,DASHUSDT,SELL,15
2025-11-02,12:52,ALTUSDT,BUY,8
2025-11-02,12:53,BTCUSDT,BUY,10
2025-11-02,12:53,ALTUSDT,BUY,7
2025-11-02,12:59,EVAAUSDT,BUY,9
2025-11-02,13:00,EVAAUSDT,BUY,9
2025-11-02,13:01,ALTUSDT,BUY,11
2025-11-02,13:02,ALTUSDT,BUY,8
2025-11-02,13:06,COAIUSDT,BUY,13
2025-11-02,13:07,COAIUSDT,BUY,10
2025-11-02,13:07,MINAUSDT,SELL,7
2025-11-02,13:09,ALTUSDT,SELL,14
2025-11-02,13:11,MINAUSDT,BUY,8
2025-11-02,13:12,GIGGLEUSDT,SELL,7
2025-11-02,13:12,MINAUSDT,BUY,9
2025-11-02,13:12,B2USDT,SELL,11
2025-11-02,13:13,B2USDT,SELL,9
2025-11-02,13:16,MINAUSDT,BUY,15
2025-11-02,13:17,MINAUSDT,BUY,9
2025-11-02,13:24,ZKUSDT,BUY,11
2025-11-02,13:25,MINAUSDT,SELL,15
2025-11-02,13:26,MINAUSDT,SELL,13
2025-11-02,13:28,DASHUSDT,SELL,11
2025-11-02,13:29,DASHUSDT,SELL,9
2025-11-02,13:29,ICNTUSDT,BUY,7
2025-11-02,13:30,ICNTUSDT,BUY,10
2025-11-02,13:37,ZKUSDT,BUY,9
2025-11-02,13:37,ETHUSDT,SELL,8
2025-11-02,13:38,币安人生USDT,BUY,9
2025-11-02,13:38,ZENUSDT,SELL,7
2025-11-02,13:38,ZECUSDT,SELL,10
2025-11-02,13:39,币安人生USDT,BUY,7
2025-11-02,13:39,JELLYJELLYUSDT,BUY,7
2025-11-02,13:39,ZECUSDT,SELL,19
2025-11-02,13:40,ZECUSDT,SELL,9
2025-11-02,13:46,MINAUSDT,BUY,7
2025-11-02,13:47,MINAUSDT,BUY,7
2025-11-02,13:47,ZKUSDT,SELL,9
2025-11-02,13:49,币安人生USDT,BUY,7
2025-11-02,13:50,STRKUSDT,BUY,7
2025-11-02,13:51,STRKUSDT,BUY,8
2025-11-02,13:51,ZKUSDT,SELL,17
2025-11-02,13:55,MINAUSDT,SELL,9
2025-11-02,13:56,MINAUSDT,SELL,8
2025-11-02,13:57,ZKUSDT,BUY,8
2025-11-02,13:59,EVAAUSDT,SELL,7
2025-11-02,14:00,EVAAUSDT,SELL,7
2025-11-02,14:01,STRKUSDT,SELL,8
2025-11-02,14:02,STRKUSDT,SELL,12
2025-11-02,14:02,PORT3USDT,SELL,11
2025-11-02,14:03,PORT3USDT,SELL,7
2025-11-02,14:03,MINAUSDT,BUY,8
2025-11-02,14:04,JELLYJELLYUSDT,BUY,8
2025-11-02,14:06,SOLUSDT,SELL,7
2025-11-02,14:06,BTCUSDT,SELL,10
2025-11-02,14:06,ZKJUSDT,BUY,7
2025-11-02,14:06,AIOTUSDT,SELL,7
2025-11-02,14:07,AIOTUSDT,SELL,10
2025-11-02,14:07,BTCUSDT,SELL,7
2025-11-02,14:07,ETHUSDT,SELL,9
2025-11-02,14:08,AIOTUSDT,SELL,12
2025-11-02,14:09,AIOTUSDT,SELL,15
2025-11-02,14:11,FETUSDT,SELL,10
2025-11-02,14:15,ZKJUSDT,BUY,7
2025-11-02,14:15,JELLYJELLYUSDT,BUY,7
2025-11-02,14:17,ETHUSDT,SELL,9
2025-11-02,14:18,ZECUSDT,SELL,17
2025-11-02,14:18,METUSDT,SELL,8
2025-11-02,14:18,ETHUSDT,SELL,12
2025-11-02,14:18,PORT3USDT,SELL,9
2025-11-02,14:18,XRPUSDT,SELL,7
2025-11-02,14:18,SOLUSDT,SELL,8
2025-11-02,14:19,PORT3USDT,SELL,7
2025-11-02,14:19,ZECUSDT,SELL,14
2025-11-02,14:19,SOLUSDT,SELL,9
2025-11-02,14:19,STRKUSDT,SELL,8
2025-11-02,14:20,STRKUSDT,SELL,8
2025-11-02,14:20,BTCUSDT,SELL,7
2025-11-02,14:21,BTCUSDT,SELL,16
2025-11-02,14:21,SOLUSDT,SELL,11
2025-11-02,14:21,ETHUSDT,SELL,10
2025-11-02,14:21,XRPUSDT,SELL,7
2025-11-02,14:21,BASUSDT,SELL,12
2025-11-02,14:22,BTCUSDT,SELL,16
2025-11-02,14:22,SOLUSDT,SELL,14
2025-11-02,14:22,ETHUSDT,SELL,14
2025-11-02,14:22,DOGEUSDT,SELL,7
2025-11-02,14:22,FETUSDT,SELL,8
2025-11-02,14:22,XRPUSDT,SELL,8
2025-11-02,14:22,BASUSDT,SELL,12
2025-11-02,14:22,PUMPUSDT,SELL,7
2025-11-02,14:23,BTCUSDT,SELL,13
2025-11-02,14:23,ZKJUSDT,BUY,9
2025-11-02,14:23,SOLUSDT,SELL,10
2025-11-02,14:23,ZKUSDT,SELL,9
2025-11-02,14:23,FETUSDT,SELL,14
2025-11-02,14:23,ETHUSDT,SELL,12
2025-11-02,14:24,FETUSDT,SELL,8
2025-11-02,14:27,PORT3USDT,SELL,8
2025-11-02,14:28,PORT3USDT,SELL,7
2025-11-02,14:28,METUSDT,SELL,7
2025-11-02,14:31,MINAUSDT,SELL,7
2025-11-02,14:31,LABUSDT,BUY,8
2025-11-02,14:32,LABUSDT,BUY,9
2025-11-02,14:33,LABUSDT,BUY,7
2025-11-02,14:34,ZECUSDT,SELL,7
2025-11-02,14:35,ZECUSDT,SELL,11
2025-11-02,14:35,FETUSDT,SELL,11
2025-11-02,14:35,DASHUSDT,SELL,7
2025-11-02,14:36,FETUSDT,SELL,14
2025-11-02,14:36,DASHUSDT,SELL,7
2025-11-02,14:40,SQDUSDT,BUY,7
2025-11-02,14:41,ZKJUSDT,SELL,9
2025-11-02,14:45,ZKJUSDT,SELL,8
2025-11-02,14:46,ZKJUSDT,SELL,11
2025-11-02,14:46,EDENUSDT,SELL,7
2025-11-02,14:46,ENAUSDT,SELL,8
2025-11-02,14:46,STBLUSDT,SELL,11
2025-11-02,14:47,STBLUSDT,SELL,10
2025-11-02,14:48,DASHUSDT,BUY,9
2025-11-02,14:48,PHBUSDT,SELL,7
2025-11-02,14:49,DASHUSDT,BUY,17
2025-11-02,14:50,DASHUSDT,BUY,14
2025-11-02,14:52,VFYUSDT,SELL,7
2025-11-02,14:54,4USDT,SELL,10
2025-11-02,14:55,ICNTUSDT,SELL,9
2025-11-02,14:56,ZKUSDT,SELL,10
2025-11-02,14:56,ICNTUSDT,SELL,8
2025-11-02,14:58,ICPUSDT,BUY,7
2025-11-02,14:59,ICPUSDT,BUY,7
2025-11-02,15:01,ZECUSDT,SELL,19
2025-11-02,15:01,FUNUSDT,SELL,8
2025-11-02,15:02,ENSOUSDT,SELL,7
2025-11-02,15:02,AIAUSDT,SELL,8
2025-11-02,15:02,METUSDT,SELL,7
2025-11-02,15:03,DASHUSDT,SELL,11
2025-11-02,15:03,ZKUSDT,BUY,14
2025-11-02,15:03,AIAUSDT,SELL,8
2025-11-02,15:03,METUSDT,SELL,8
2025-11-02,15:06,ICPUSDT,BUY,9
2025-11-02,15:06,ZKUSDT,BUY,9
2025-11-02,15:06,ENAUSDT,SELL,12
2025-11-02,15:07,ZKUSDT,BUY,10
2025-11-02,15:07,ENAUSDT,SELL,12
2025-11-02,15:09,ZKUSDT,SELL,7
2025-11-02,15:10,AIAUSDT,SELL,7
2025-11-02,15:11,ZENUSDT,SELL,7
2025-11-02,15:11,AIAUSDT,SELL,8
2025-11-02,15:12,EDUUSDT,SELL,7
2025-11-02,15:12,ASTERUSDT,SELL,9
2025-11-02,15:12,KERNELUSDT,SELL,7
2025-11-02,15:13,ASTERUSDT,SELL,12
2025-11-02,15:13,KERNELUSDT,SELL,8
2025-11-02,15:13,ETHUSDT,SELL,9
2025-11-02,15:13,PORT3USDT,SELL,9
2025-11-02,15:13,BLUAIUSDT,SELL,7
2025-11-02,15:13,4USDT,SELL,7
2025-11-02,15:14,PORT3USDT,SELL,11
2025-11-02,15:14,4USDT,SELL,8
2025-11-02,15:14,ZKUSDT,BUY,11
2025-11-02,15:15,PORT3USDT,SELL,7
2025-11-02,15:16,B2USDT,SELL,9
2025-11-02,15:16,ZENUSDT,SELL,10
2025-11-02,15:17,KGENUSDT,SELL,8
2025-11-02,15:17,B2USDT,SELL,10
2025-11-02,15:17,ZENUSDT,SELL,23
2025-11-02,15:17,ZKUSDT,SELL,7
2025-11-02,15:17,ARIAUSDT,SELL,7
2025-11-02,15:17,DASHUSDT,SELL,8
2025-11-02,15:18,ADAUSDT,SELL,14
2025-11-02,15:18,ASTERUSDT,SELL,14
2025-11-02,15:18,METUSDT,SELL,7
2025-11-02,15:18,NEARUSDT,SELL,9
2025-11-02,15:18,1000PEPEUSDT,SELL,9
2025-11-02,15:18,EIGENUSDT,SELL,10
2025-11-02,15:18,ZKUSDT,SELL,16
2025-11-02,15:18,DASHUSDT,SELL,29
2025-11-02,15:18,AIUSDT,SELL,9
2025-11-02,15:18,AVAXUSDT,SELL,8
2025-11-02,15:18,XANUSDT,SELL,7
2025-11-02,15:18,ENAUSDT,SELL,9
2025-11-02,15:18,TRUMPUSDT,SELL,8
2025-11-02,15:18,TRBUSDT,SELL,7
2025-11-02,15:18,KGENUSDT,SELL,8
2025-11-02,15:18,ZKJUSDT,BUY,11
2025-11-02,15:18,GIGGLEUSDT,SELL,11
2025-11-02,15:18,SOLUSDT,SELL,14
2025-11-02,15:18,ENSOUSDT,SELL,9
2025-11-02,15:18,B2USDT,SELL,7
2025-11-02,15:18,TRADOORUSDT,SELL,7
2025-11-02,15:18,COAIUSDT,SELL,14
2025-11-02,15:18,4USDT,SELL,7
2025-11-02,15:18,RIVERUSDT,SELL,7
2025-11-02,15:18,FUSDT,SELL,8
2025-11-02,15:18,FARTCOINUSDT,SELL,7
2025-11-02,15:18,DOGEUSDT,SELL,15
2025-11-02,15:18,XRPUSDT,SELL,8
2025-11-02,15:18,TREEUSDT,SELL,9
2025-11-02,15:18,WLDUSDT,SELL,9
2025-11-02,15:18,XPLUSDT,SELL,10
2025-11-02,15:18,CRVUSDT,SELL,9
2025-11-02,15:18,TUTUSDT,SELL,7
2025-11-02,15:19,FISUSDT,SELL,7
2025-11-02,15:19,1000PEPEUSDT,SELL,8
2025-11-02,15:19,ASTERUSDT,SELL,11
2025-11-02,15:19,ADAUSDT,SELL,10
2025-11-02,15:19,FARTCOINUSDT,SELL,7
2025-11-02,15:19,COAIUSDT,SELL,14
2025-11-02,15:19,ETHUSDT,SELL,16
2025-11-02,15:19,SOLUSDT,SELL,13
2025-11-02,15:19,DOGEUSDT,SELL,15
2025-11-02,15:19,WLFIUSDT,SELL,7
2025-11-02,15:19,XRPUSDT,SELL,8
2025-11-02,15:19,EIGENUSDT,SELL,7
2025-11-02,15:19,TREEUSDT,SELL,9
2025-11-02,15:19,WLDUSDT,SELL,10
2025-11-02,15:19,NEARUSDT,SELL,8
2025-11-02,15:19,AVAXUSDT,SELL,7
2025-11-02,15:19,XPLUSDT,SELL,10
2025-11-02,15:19,ENSOUSDT,SELL,8
2025-11-02,15:19,GIGGLEUSDT,SELL,9
2025-11-02,15:19,CRVUSDT,SELL,9
2025-11-02,15:19,TRUMPUSDT,SELL,7
2025-11-02,15:19,DASHUSDT,SELL,21
2025-11-02,15:19,TUTUSDT,SELL,7
2025-11-02,15:19,ZKJUSDT,BUY,7
2025-11-02,15:20,HANAUSDT,SELL,10
2025-11-02,15:21,HANAUSDT,SELL,11
2025-11-02,15:21,XPLUSDT,SELL,7
2025-11-02,15:21,XVGUSDT,SELL,8
2025-11-02,15:22,XPLUSDT,SELL,14
2025-11-02,15:22,EDENUSDT,SELL,8
2025-11-02,15:22,XVGUSDT,SELL,9
2025-11-02,15:22,ASTERUSDT,SELL,7
2025-11-02,15:22,DOGEUSDT,SELL,12
2025-11-02,15:22,ZKJUSDT,BUY,17
2025-11-02,15:22,PENGUUSDT,SELL,9
2025-11-02,15:22,PUMPUSDT,SELL,11
2025-11-02,15:23,PENGUUSDT,SELL,9
2025-11-02,15:23,DOGEUSDT,SELL,12
2025-11-02,15:23,EDENUSDT,SELL,7
2025-11-02,15:23,ICPUSDT,SELL,7
2025-11-02,15:23,PUMPUSDT,SELL,12
2025-11-02,15:23,XPLUSDT,SELL,7
2025-11-02,15:26,PUMPUSDT,SELL,9
2025-11-02,15:27,PUMPUSDT,SELL,15
2025-11-02,15:27,ADAUSDT,SELL,7
2025-11-02,15:27,DOGEUSDT,SELL,11
2025-11-02,15:27,PENGUUSDT,SELL,9
2025-11-02,15:27,XPLUSDT,SELL,9
2025-11-02,15:27,SUIUSDT,SELL,7
2025-11-02,15:27,ETHUSDT,SELL,10
2025-11-02,15:27,FARTCOINUSDT,SELL,7
2025-11-02,15:27,1000PEPEUSDT,SELL,8
2025-11-02,15:28,PUMPUSDT,SELL,18
2025-11-02,15:28,ADAUSDT,SELL,9
2025-11-02,15:28,DOGEUSDT,SELL,15
2025-11-02,15:28,XRPUSDT,SELL,10
2025-11-02,15:28,PENGUUSDT,SELL,11
2025-11-02,15:28,XPLUSDT,SELL,9
2025-11-02,15:28,SUIUSDT,SELL,10
2025-11-02,15:28,WLDUSDT,SELL,8
2025-11-02,15:28,APTUSDT,SELL,7
2025-11-02,15:28,ETHUSDT,SELL,21
2025-11-02,15:28,ASTERUSDT,SELL,8
2025-11-02,15:28,RECALLUSDT,SELL,10
2025-11-02,15:28,FARTCOINUSDT,SELL,11
2025-11-02,15:28,1000PEPEUSDT,SELL,12
2025-11-02,15:28,HANAUSDT,SELL,10
2025-11-02,15:28,SOLUSDT,SELL,10
2025-11-02,15:28,ZENUSDT,SELL,7
2025-11-02,15:28,HBARUSDT,SELL,7
2025-11-02,15:28,COAIUSDT,SELL,9
2025-11-02,15:28,BTCUSDT,SELL,10
2025-11-02,15:29,HANAUSDT,SELL,8
2025-11-02,15:29,RECALLUSDT,SELL,8
2025-11-02,15:29,ETHUSDT,SELL,11
2025-11-02,15:29,BTCUSDT,SELL,8
2025-11-02,15:31,EVAAUSDT,BUY,11
2025-11-02,15:31,STBLUSDT,SELL,7
2025-11-02,15:32,ZECUSDT,SELL,8
2025-11-02,15:32,EVAAUSDT,BUY,7
2025-11-02,15:32,MINAUSDT,BUY,10
2025-11-02,15:32,DASHUSDT,BUY,9
2025-11-02,15:32,STBLUSDT,SELL,7
2025-11-02,15:33,DASHUSDT,BUY,15
2025-11-02,15:33,MINAUSDT,BUY,10
2025-11-02,15:35,PORT3USDT,SELL,10
2025-11-02,15:35,STRKUSDT,SELL,8
2025-11-02,15:35,HANAUSDT,SELL,9
2025-11-02,15:37,GIGGLEUSDT,SELL,7
2025-11-02,15:37,JELLYJELLYUSDT,BUY,9
2025-11-02,15:38,JELLYJELLYUSDT,BUY,9
2025-11-02,15:38,GIGGLEUSDT,SELL,11
2025-11-02,15:38,XPLUSDT,SELL,14
2025-11-02,15:38,EIGENUSDT,SELL,7
2025-11-02,15:39,GIGGLEUSDT,SELL,8
2025-11-02,15:39,XPLUSDT,SELL,14
2025-11-02,15:39,EIGENUSDT,SELL,7
2025-11-02,15:40,GIGGLEUSDT,SELL,8
2025-11-02,15:40,ROSEUSDT,SELL,7
2025-11-02,15:41,STRKUSDT,SELL,11
2025-11-02,15:41,币安人生USDT,SELL,8
2025-11-02,15:42,ZENUSDT,SELL,14
2025-11-02,15:42,LABUSDT,SELL,8
2025-11-02,15:42,币安人生USDT,SELL,15
2025-11-02,15:42,GIGGLEUSDT,SELL,20
2025-11-02,15:42,VIRTUALUSDT,SELL,12
2025-11-02,15:42,XVGUSDT,SELL,7
2025-11-02,15:42,ZKJUSDT,SELL,10
2025-11-02,15:43,XVGUSDT,SELL,8
2025-11-02,15:43,ZKJUSDT,SELL,20
2025-11-02,15:43,VIRTUALUSDT,SELL,18
2025-11-02,15:43,MINAUSDT,SELL,7
2025-11-02,15:43,SCRUSDT,SELL,7
2025-11-02,15:44,VIRTUALUSDT,SELL,17
2025-11-02,15:44,ZKJUSDT,SELL,18
2025-11-02,15:44,ENSOUSDT,SELL,9
2025-11-02,15:44,SCRUSDT,SELL,12
2025-11-02,15:44,MINAUSDT,SELL,12
2025-11-02,15:44,LPTUSDT,SELL,15
2025-11-02,15:44,ENAUSDT,SELL,20
2025-11-02,15:44,ZECUSDT,SELL,7
2025-11-02,15:44,AIXBTUSDT,SELL,7
2025-11-02,15:45,LPTUSDT,SELL,12
2025-11-02,15:45,ZKJUSDT,SELL,9
2025-11-02,15:45,SCRUSDT,SELL,18
2025-11-02,15:45,ENAUSDT,SELL,26
2025-11-02,15:45,MINAUSDT,SELL,31
2025-11-02,15:45,ZECUSDT,SELL,11
2025-11-02,15:45,VIRTUALUSDT,SELL,11
2025-11-02,15:45,SUIUSDT,SELL,9
2025-11-02,15:45,AIXBTUSDT,SELL,9
2025-11-02,15:45,ARBUSDT,SELL,7
2025-11-02,15:45,NEARUSDT,SELL,9
2025-11-02,15:45,PHAUSDT,SELL,10
2025-11-02,15:45,EIGENUSDT,SELL,16
2025-11-02,15:45,WLDUSDT,SELL,10
2025-11-02,15:45,XRPUSDT,SELL,9
2025-11-02,15:45,ROSEUSDT,SELL,7
2025-11-02,15:45,ARUSDT,SELL,7
2025-11-02,15:45,DOTUSDT,SELL,9
2025-11-02,15:45,RVVUSDT,SELL,17
2025-11-02,15:45,AVAXUSDT,SELL,8
2025-11-02,15:45,ADAUSDT,SELL,11
2025-11-02,15:45,DOGEUSDT,SELL,8
2025-11-02,15:45,1000PEPEUSDT,SELL,8
2025-11-02,15:45,HBARUSDT,SELL,8
2025-11-02,15:46,RVVUSDT,SELL,12
2025-11-02,15:46,1000PEPEUSDT,SELL,7
2025-11-02,15:46,ADAUSDT,SELL,10
2025-11-02,15:46,HBARUSDT,SELL,8
2025-11-02,15:46,XRPUSDT,SELL,8
2025-11-02,15:46,ENAUSDT,SELL,7
2025-11-02,15:46,SCRUSDT,SELL,14
2025-11-02,15:46,DOTUSDT,SELL,7
2025-11-02,15:46,DOGEUSDT,SELL,8
2025-11-02,15:46,SUIUSDT,SELL,8
2025-11-02,15:46,EIGENUSDT,SELL,14
2025-11-02,15:46,4USDT,SELL,7
2025-11-02,15:47,PENGUUSDT,SELL,7
2025-11-02,15:47,4USDT,SELL,12
2025-11-02,15:47,ZBTUSDT,SELL,8
2025-11-02,15:47,BLUAIUSDT,SELL,9
2025-11-02,15:47,DOGEUSDT,SELL,9
2025-11-02,15:47,SOLUSDT,SELL,13
2025-11-02,15:47,COAIUSDT,SELL,7
2025-11-02,15:47,ALTUSDT,SELL,9
2025-11-02,15:47,XRPUSDT,SELL,13
2025-11-02,15:47,MANTAUSDT,SELL,10
2025-11-02,15:47,ETHUSDT,SELL,7
2025-11-02,15:47,SUIUSDT,SELL,7
2025-11-02,15:47,ADAUSDT,SELL,7
2025-11-02,15:48,SOLUSDT,SELL,13
2025-11-02,15:48,COAIUSDT,SELL,7
2025-11-02,15:48,ALTUSDT,SELL,9
2025-11-02,15:48,XRPUSDT,SELL,13
2025-11-02,15:48,MANTAUSDT,SELL,10
2025-11-02,15:48,ETHUSDT,SELL,7
2025-11-02,15:48,SUIUSDT,SELL,7
2025-11-02,15:48,DOGEUSDT,SELL,8
2025-11-02,15:48,ADAUSDT,SELL,7
2025-11-02,15:48,XPLUSDT,SELL,7
2025-11-02,15:49,BLUAIUSDT,SELL,11
2025-11-02,15:50,BLUAIUSDT,SELL,9
2025-11-02,15:50,AVNTUSDT,BUY,7
2025-11-02,15:50,DASHUSDT,SELL,8
2025-11-02,15:51,DASHUSDT,SELL,7
2025-11-02,15:51,ZENUSDT,SELL,12
2025-11-02,15:51,AVNTUSDT,BUY,7
2025-11-02,15:51,JELLYJELLYUSDT,BUY,9
2025-11-02,15:52,JELLYJELLYUSDT,BUY,13
2025-11-02,15:52,ZECUSDT,BUY,7
2025-11-02,15:53,JELLYJELLYUSDT,BUY,9
2025-11-02,15:53,XPLUSDT,SELL,10
2025-11-02,15:53,ROSEUSDT,SELL,7
2025-11-02,15:54,XPLUSDT,SELL,10
2025-11-02,15:54,ROSEUSDT,SELL,8
2025-11-02,15:55,币安人生USDT,BUY,17
2025-11-02,15:55,SAPIENUSDT,SELL,7
2025-11-02,15:56,币安人生USDT,BUY,26
2025-11-02,15:56,SAPIENUSDT,SELL,8
2025-11-02,15:56,4USDT,BUY,7
2025-11-02,15:56,GIGGLEUSDT,BUY,11
2025-11-02,15:56,METUSDT,SELL,8
2025-11-02,15:56,STRKUSDT,SELL,8
2025-11-02,15:57,METUSDT,SELL,9
2025-11-02,15:57,STRKUSDT,SELL,9
2025-11-02,15:58,ZKUSDT,SELL,12
2025-11-02,15:59,GIGGLEUSDT,BUY,8
2025-11-02,15:59,DASHUSDT,SELL,9
2025-11-02,16:00,ZENUSDT,SELL,12
2025-11-02,16:00,ZECUSDT,SELL,12
2025-11-02,16:00,METUSDT,SELL,8
2025-11-02,16:01,METUSDT,SELL,20
2025-11-02,16:01,ZECUSDT,SELL,25
2025-11-02,16:01,TAOUSDT,SELL,12
2025-11-02,16:01,4USDT,SELL,8
2025-11-02,16:01,KGENUSDT,SELL,11
2025-11-02,16:01,KASUSDT,SELL,8
2025-11-02,16:01,PHAUSDT,SELL,9
2025-11-02,16:02,METUSDT,SELL,14
2025-11-02,16:02,ZECUSDT,SELL,18
2025-11-02,16:02,KASUSDT,SELL,8
2025-11-02,16:02,KGENUSDT,SELL,9
2025-11-02,16:02,PHAUSDT,SELL,12
2025-11-02,16:02,TAOUSDT,SELL,13
2025-11-02,16:04,ASTERUSDT,SELL,8
2025-11-02,16:08,GIGGLEUSDT,BUY,17
2025-11-02,16:09,GIGGLEUSDT,BUY,27
2025-11-02,16:09,ZECUSDT,BUY,12
2025-11-02,16:10,COAIUSDT,BUY,10
2025-11-02,16:12,XPLUSDT,SELL,7
2025-11-02,16:13,XPLUSDT,SELL,7
2025-11-02,16:14,ASTERUSDT,SELL,8
2025-11-02,16:14,LABUSDT,BUY,7
2025-11-02,16:15,ZKUSDT,BUY,20
2025-11-02,16:15,DASHUSDT,BUY,11
2025-11-02,16:16,OGUSDT,SELL,9
2025-11-02,16:17,ASTERUSDT,BUY,7
2025-11-02,16:18,ENAUSDT,SELL,10
2025-11-02,16:19,ENAUSDT,SELL,10
2025-11-02,16:23,币安人生USDT,BUY,13
2025-11-02,16:25,DASHUSDT,BUY,7
2025-11-02,16:25,ICNTUSDT,BUY,10
2025-11-02,16:26,DASHUSDT,BUY,10
2025-11-02,16:26,ICNTUSDT,BUY,12
2025-11-02,16:26,ETHUSDT,BUY,9
2025-11-02,16:26,JELLYJELLYUSDT,SELL,8
2025-11-02,16:26,ZKUSDT,BUY,12
2025-11-02,16:26,MINAUSDT,BUY,7
2025-11-02,16:27,DASHUSDT,BUY,7
2025-11-02,16:27,MINAUSDT,BUY,7
2025-11-02,16:31,ICPUSDT,BUY,8
2025-11-02,16:32,MINAUSDT,BUY,9
2025-11-02,16:32,ZECUSDT,BUY,7
2025-11-02,16:33,ZECUSDT,BUY,9
2025-11-02,16:33,ZENUSDT,BUY,7
2025-11-02,16:34,DASHUSDT,BUY,9
2025-11-02,16:35,DASHUSDT,BUY,8
2025-11-02,16:37,4USDT,BUY,7
2025-11-02,16:38,4USDT,BUY,7
2025-11-02,16:39,JELLYJELLYUSDT,BUY,8
2025-11-02,16:40,JELLYJELLYUSDT,BUY,7
2025-11-02,16:43,ASTERUSDT,BUY,15
2025-11-02,16:46,ASTERUSDT,BUY,13
2025-11-02,16:48,ZECUSDT,SELL,7
