date,time,pair,side,occurrences
2025-10-22,10:38,FETUSDT,SELL,9
2025-10-22,10:38,KDAUSDT,SELL,9
2025-10-22,10:39,COAIUSDT,SELL,8
2025-10-22,10:40,SNXUSDT,SELL,7
2025-10-22,10:41,RIVERUSDT,BUY,8
2025-10-22,10:41,币安人生USDT,SELL,10
2025-10-22,10:42,币安人生USDT,SELL,17
2025-10-22,10:42,ASTERUSDT,SELL,8
2025-10-22,10:42,ETHUSDT,SELL,7
2025-10-22,10:42,XRPUSDT,SELL,8
2025-10-22,10:43,ASTERUSDT,SELL,12
2025-10-22,10:43,4USDT,SELL,8
2025-10-22,10:44,ASTERUSDT,SELL,17
2025-10-22,10:45,ETHUSDT,SELL,14
2025-10-22,10:45,FETUSDT,SELL,10
2025-10-22,10:45,SOLUSDT,SELL,7
2025-10-22,10:45,BNBUSDT,SELL,9
2025-10-22,10:45,BTCUSDT,SELL,12
2025-10-22,10:45,ZECUSDT,SELL,8
2025-10-22,10:45,RIVERUSDT,BUY,12
2025-10-22,10:47,币安人生USDT,SELL,8
2025-10-22,10:48,EVAAUSDT,BUY,8
2025-10-22,10:49,AIAUSDT,SELL,7
2025-10-22,10:51,COAIUSDT,SELL,14
2025-10-22,10:51,AIAUSDT,SELL,10
2025-10-22,10:54,FETUSDT,SELL,12
2025-10-22,10:55,EVAAUSDT,BUY,46
2025-10-22,10:57,EVAAUSDT,BUY,12
2025-10-22,10:59,KDAUSDT,BUY,10
2025-10-22,10:59,RIVERUSDT,BUY,10
2025-10-22,11:00,RVVUSDT,SELL,14
2025-10-22,11:00,RIVERUSDT,BUY,14
2025-10-22,11:00,EVAAUSDT,BUY,36
2025-10-22,11:00,KDAUSDT,BUY,8
2025-10-22,11:00,LIGHTUSDT,SELL,14
2025-10-22,11:01,YBUSDT,SELL,10
2025-10-22,11:01,BNBUSDT,SELL,8
2025-10-22,11:04,EVAAUSDT,SELL,8
2025-10-22,11:06,AIAUSDT,SELL,8
2025-10-22,11:06,COAIUSDT,BUY,14
2025-10-22,11:06,ZECUSDT,BUY,10
2025-10-22,11:07,EVAAUSDT,SELL,8
2025-10-22,11:09,EVAAUSDT,SELL,13
2025-10-22,11:09,ARCUSDT,SELL,17
2025-10-22,11:10,BLUAIUSDT,BUY,8
2025-10-22,11:11,EVAAUSDT,BUY,14
2025-10-22,11:11,RIVERUSDT,BUY,20
2025-10-22,11:11,XPINUSDT,SELL,10
2025-10-22,11:12,EVAAUSDT,BUY,16
2025-10-22,11:12,BASUSDT,BUY,10
2025-10-22,11:13,BLUAIUSDT,BUY,9
2025-10-22,11:13,AIAUSDT,BUY,8
2025-10-22,11:14,RIVERUSDT,BUY,14
2025-10-22,11:14,BLUAIUSDT,BUY,8
2025-10-22,11:14,EVAAUSDT,BUY,12
2025-10-22,11:15,XPINUSDT,BUY,8
2025-10-22,11:16,4USDT,BUY,8
2025-10-22,11:17,NILUSDT,SELL,14
2025-10-22,11:18,KDAUSDT,SELL,14
2025-10-22,11:18,AIAUSDT,SELL,18
2025-10-22,11:19,RIVERUSDT,BUY,14
2025-10-22,11:20,AUCTIONUSDT,SELL,16
2025-10-22,11:21,EVAAUSDT,BUY,16
2025-10-22,11:22,AIAUSDT,SELL,26
2025-10-22,11:23,AIAUSDT,SELL,14
2025-10-22,11:23,EVAAUSDT,SELL,16
2025-10-22,11:23,RIVERUSDT,SELL,10
2025-10-22,11:24,RIVERUSDT,SELL,18
2025-10-22,11:24,EVAAUSDT,SELL,22
2025-10-22,11:24,BLUAIUSDT,SELL,12
2025-10-22,11:25,RIVERUSDT,SELL,36
2025-10-22,11:26,KDAUSDT,SELL,12
2025-10-22,11:28,EVAAUSDT,BUY,28
2025-10-22,11:29,EVAAUSDT,SELL,8
2025-10-22,11:29,币安人生USDT,SELL,10
2025-10-22,11:30,币安人生USDT,SELL,10
2025-10-22,11:32,EVAAUSDT,SELL,10
2025-10-22,11:33,TUTUSDT,SELL,8
2025-10-22,11:33,PORT3USDT,SELL,10
2025-10-22,11:34,RIVERUSDT,BUY,14
2025-10-22,11:34,EVAAUSDT,BUY,12
2025-10-22,11:35,EVAAUSDT,BUY,8
2025-10-22,11:35,1000FLOKIUSDT,SELL,10
2025-10-22,11:35,BLUAIUSDT,SELL,8
2025-10-22,11:36,KDAUSDT,SELL,8
2025-10-22,11:36,NILUSDT,SELL,8
2025-10-22,11:38,LIGHTUSDT,SELL,14
2025-10-22,11:38,TUTUSDT,SELL,8
2025-10-22,11:39,ZBTUSDT,BUY,8
2025-10-22,11:39,QUSDT,BUY,8
2025-10-22,11:40,RIVERUSDT,BUY,12
2025-10-22,11:41,ZECUSDT,SELL,10
2025-10-22,11:41,1000FLOKIUSDT,SELL,8
2025-10-22,11:41,XRPUSDT,SELL,8
2025-10-22,11:41,PAXGUSDT,SELL,8
2025-10-22,11:43,KDAUSDT,BUY,20
2025-10-22,11:43,SOLUSDT,SELL,12
2025-10-22,11:43,ZECUSDT,SELL,10
2025-10-22,11:43,DOGEUSDT,SELL,8
2025-10-22,11:45,LIGHTUSDT,SELL,22
2025-10-22,11:45,EDUUSDT,SELL,8
2025-10-22,11:45,BLUAIUSDT,SELL,8
2025-10-22,11:46,RIVERUSDT,BUY,14
2025-10-22,11:46,SOLUSDT,SELL,10
2025-10-22,11:46,EDUUSDT,SELL,18
2025-10-22,11:47,XPINUSDT,SELL,14
2025-10-22,11:47,BTCUSDT,SELL,10
2025-10-22,11:48,PUMPUSDT,SELL,8
2025-10-22,11:48,XPINUSDT,SELL,14
2025-10-22,11:48,RVVUSDT,SELL,12
2025-10-22,11:49,RVVUSDT,SELL,18
2025-10-22,11:49,AVNTUSDT,BUY,10
2025-10-22,11:49,COAIUSDT,SELL,18
2025-10-22,11:50,DOGEUSDT,SELL,8
2025-10-22,11:50,ETHUSDT,SELL,16
2025-10-22,11:50,BTCUSDT,SELL,16
2025-10-22,11:51,RIVERUSDT,SELL,12
2025-10-22,11:52,币安人生USDT,SELL,10
2025-10-22,11:52,RIVERUSDT,BUY,8
2025-10-22,11:52,LABUSDT,BUY,10
2025-10-22,11:53,LABUSDT,BUY,8
2025-10-22,11:54,币安人生USDT,SELL,8
2025-10-22,11:55,TRXUSDT,SELL,8
2025-10-22,11:56,币安人生USDT,SELL,12
2025-10-22,11:57,币安人生USDT,SELL,22
2025-10-22,11:57,RVVUSDT,SELL,8
2025-10-22,11:58,ETHUSDT,SELL,14
2025-10-22,11:58,BTCUSDT,SELL,8
2025-10-22,11:58,币安人生USDT,SELL,20
2025-10-22,11:58,BLUAIUSDT,SELL,20
2025-10-22,11:59,ETHUSDT,SELL,10
2025-10-22,12:00,CUDISUSDT,SELL,12
2025-10-22,12:01,LABUSDT,BUY,14
2025-10-22,12:02,LABUSDT,BUY,14
2025-10-22,12:02,PAXGUSDT,SELL,14
2025-10-22,12:02,TRUMPUSDT,SELL,12
2025-10-22,12:02,1000PEPEUSDT,SELL,8
2025-10-22,12:02,BTCUSDT,SELL,22
2025-10-22,12:02,DOGEUSDT,SELL,8
2025-10-22,12:02,DOTUSDT,SELL,8
2025-10-22,12:02,ETHUSDC,SELL,8
2025-10-22,12:02,XRPUSDT,SELL,10
2025-10-22,12:02,RIVERUSDT,SELL,8
2025-10-22,12:02,EVAAUSDT,BUY,22
2025-10-22,12:03,EVAAUSDT,BUY,36
2025-10-22,12:03,RVVUSDT,SELL,32
2025-10-22,12:03,BLESSUSDT,SELL,8
2025-10-22,12:03,BNBUSDT,SELL,20
2025-10-22,12:03,RIVERUSDT,BUY,10
2025-10-22,12:03,HANAUSDT,SELL,8
2025-10-22,12:03,LINKUSDT,SELL,14
2025-10-22,12:03,SUIUSDT,SELL,14
2025-10-22,12:03,METUSDT,SELL,16
2025-10-22,12:03,PAXGUSDT,SELL,8
2025-10-22,12:03,BTCUSDC,SELL,18
2025-10-22,12:03,ETHUSDT,SELL,28
2025-10-22,12:03,TRUMPUSDT,SELL,14
2025-10-22,12:03,NEIROUSDT,SELL,8
2025-10-22,12:03,XRPUSDT,SELL,20
2025-10-22,12:03,SOLUSDT,SELL,22
2025-10-22,12:03,SUSDT,SELL,8
2025-10-22,12:03,1000SHIBUSDT,SELL,14
2025-10-22,12:03,HYPEUSDT,SELL,8
2025-10-22,12:03,DOGEUSDT,SELL,18
2025-10-22,12:03,WLDUSDT,SELL,12
2025-10-22,12:03,ASTERUSDT,SELL,14
2025-10-22,12:03,DOTUSDT,SELL,16
2025-10-22,12:03,PENGUUSDT,SELL,14
2025-10-22,12:03,ENAUSDT,SELL,8
2025-10-22,12:03,BCHUSDT,SELL,10
2025-10-22,12:03,ETHUSDC,SELL,16
2025-10-22,12:03,FETUSDT,SELL,12
2025-10-22,12:03,SIGNUSDT,SELL,10
2025-10-22,12:03,GALAUSDT,SELL,16
2025-10-22,12:03,SEIUSDT,SELL,10
2025-10-22,12:03,ADAUSDC,SELL,8
2025-10-22,12:03,LTCUSDT,SELL,12
2025-10-22,12:03,AVAXUSDT,SELL,12
2025-10-22,12:03,OPUSDT,SELL,10
2025-10-22,12:03,MEMEUSDT,SELL,8
2025-10-22,12:03,1000PEPEUSDT,SELL,16
2025-10-22,12:03,ADAUSDT,SELL,12
2025-10-22,12:03,1000PEPEUSDC,SELL,8
2025-10-22,12:03,HBARUSDT,SELL,10
2025-10-22,12:03,LINEAUSDT,SELL,10
2025-10-22,12:03,EIGENUSDT,SELL,14
2025-10-22,12:03,MUBARAKUSDT,SELL,8
2025-10-22,12:03,SNXUSDT,SELL,10
2025-10-22,12:03,CFXUSDT,SELL,8
2025-10-22,12:03,SPKUSDT,SELL,8
2025-10-22,12:03,SOLUSDC,SELL,14
2025-10-22,12:03,1000SATSUSDT,SELL,8
2025-10-22,12:03,DASHUSDT,SELL,8
2025-10-22,12:03,ALGOUSDT,SELL,8
2025-10-22,12:03,CRVUSDT,SELL,12
2025-10-22,12:03,MBOXUSDT,SELL,8
2025-10-22,12:03,KGENUSDT,SELL,8
2025-10-22,12:03,ZBTUSDT,SELL,10
2025-10-22,12:03,AAVEUSDT,SELL,8
2025-10-22,12:03,FILUSDT,SELL,8
2025-10-22,12:03,POLUSDT,SELL,8
2025-10-22,12:03,CAKEUSDT,SELL,10
2025-10-22,12:03,LISTAUSDT,SELL,10
2025-10-22,12:03,ORDIUSDT,SELL,8
2025-10-22,12:03,CELOUSDT,SELL,8
2025-10-22,12:03,TLMUSDT,SELL,8
2025-10-22,12:03,XRPUSDC,SELL,8
2025-10-22,12:03,PNUTUSDT,SELL,8
2025-10-22,12:03,TURBOUSDT,SELL,8
2025-10-22,12:03,SANDUSDT,SELL,8
2025-10-22,12:03,VIRTUALUSDT,SELL,8
2025-10-22,12:03,ARBUSDT,SELL,8
2025-10-22,12:03,ICPUSDT,SELL,8
2025-10-22,12:03,DOGEUSDC,SELL,8
2025-10-22,12:03,ZKUSDT,SELL,8
2025-10-22,12:03,ONDOUSDT,SELL,10
2025-10-22,12:03,NEARUSDT,SELL,10
2025-10-22,12:03,OMUSDT,SELL,10
2025-10-22,12:03,ARKMUSDT,SELL,8
2025-10-22,12:03,RENDERUSDT,SELL,8
2025-10-22,12:03,TIAUSDT,SELL,10
2025-10-22,12:03,TAOUSDT,SELL,8
2025-10-22,12:03,ZILUSDT,SELL,8
2025-10-22,12:03,MANTAUSDT,SELL,8
2025-10-22,12:03,XLMUSDT,SELL,8
2025-10-22,12:03,BIOUSDT,SELL,8
2025-10-22,12:03,1000BONKUSDT,SELL,8
2025-10-22,12:03,UNIUSDT,SELL,8
2025-10-22,12:03,1000FLOKIUSDT,SELL,8
2025-10-22,12:03,INJUSDT,SELL,8
2025-10-22,12:03,SOMIUSDT,SELL,8
2025-10-22,12:04,OPENUSDT,SELL,8
2025-10-22,12:04,AVAXUSDT,SELL,8
2025-10-22,12:04,METUSDT,SELL,12
2025-10-22,12:05,EVAAUSDT,SELL,8
2025-10-22,12:05,BASUSDT,BUY,12
2025-10-22,12:07,RVVUSDT,SELL,34
2025-10-22,12:07,币安人生USDT,SELL,12
2025-10-22,12:07,XPINUSDT,BUY,16
2025-10-22,12:08,EVAAUSDT,BUY,18
2025-10-22,12:09,HUSDT,BUY,8
2025-10-22,12:09,XPINUSDT,BUY,34
2025-10-22,12:10,ETHUSDT,BUY,8
2025-10-22,12:11,BTCUSDT,BUY,18
2025-10-22,12:11,SOLUSDT,BUY,20
2025-10-22,12:11,HUSDT,BUY,16
2025-10-22,12:11,NILUSDT,BUY,8
2025-10-22,12:11,XRPUSDT,BUY,12
2025-10-22,12:12,4USDT,BUY,10
2025-10-22,12:12,KGENUSDT,BUY,12
2025-10-22,12:12,SOLUSDT,BUY,14
2025-10-22,12:12,BTCUSDT,BUY,22
2025-10-22,12:12,ETHUSDT,BUY,24
2025-10-22,12:12,XRPUSDT,BUY,8
2025-10-22,12:12,ZECUSDT,BUY,12
2025-10-22,12:12,BNBUSDT,BUY,8
2025-10-22,12:13,RIVERUSDT,BUY,8
2025-10-22,12:13,ENAUSDT,BUY,8
2025-10-22,12:14,4USDT,BUY,26
2025-10-22,12:14,RIVERUSDT,BUY,22
2025-10-22,12:15,LIGHTUSDT,SELL,14
2025-10-22,12:15,RIVERUSDT,BUY,30
2025-10-22,12:15,UBUSDT,SELL,10
2025-10-22,12:15,LABUSDT,SELL,10
2025-10-22,12:16,RIVERUSDT,BUY,18
2025-10-22,12:16,COAIUSDT,SELL,18
2025-10-22,12:17,ETHUSDT,SELL,10
2025-10-22,12:18,XPINUSDT,BUY,14
2025-10-22,12:18,KDAUSDT,SELL,10
2025-10-22,12:18,BTCUSDT,BUY,12
2025-10-22,12:18,FFUSDT,BUY,10
2025-10-22,12:19,FFUSDT,BUY,8
2025-10-22,12:19,COAIUSDT,SELL,18
2025-10-22,12:20,STBLUSDT,BUY,14
2025-10-22,12:20,SOLUSDT,BUY,10
2025-10-22,12:20,ETHUSDT,BUY,8
2025-10-22,12:20,BTCUSDT,BUY,8
2025-10-22,12:21,ETHUSDT,BUY,10
2025-10-22,12:21,USELESSUSDT,BUY,10
2025-10-22,12:23,RIVERUSDT,SELL,16
2025-10-22,12:24,LIGHTUSDT,SELL,12
2025-10-22,12:24,RIVERUSDT,BUY,28
2025-10-22,12:25,LIGHTUSDT,SELL,16
2025-10-22,12:26,COAIUSDT,SELL,32
2025-10-22,12:27,KGENUSDT,BUY,12
2025-10-22,12:27,COAIUSDT,SELL,8
2025-10-22,12:28,RIVERUSDT,SELL,24
2025-10-22,12:28,BLESSUSDT,SELL,14
2025-10-22,12:28,COAIUSDT,SELL,20
2025-10-22,12:30,KDAUSDT,SELL,8
2025-10-22,12:32,BLESSUSDT,SELL,8
2025-10-22,12:34,KGENUSDT,BUY,8
2025-10-22,12:34,ENAUSDT,BUY,8
2025-10-22,12:35,EVAAUSDT,BUY,22
2025-10-22,12:37,KDAUSDT,SELL,8
2025-10-22,12:37,RIVERUSDT,BUY,12
2025-10-22,12:38,币安人生USDT,BUY,16
2025-10-22,12:38,HUSDT,SELL,8
2025-10-22,12:39,EVAAUSDT,SELL,28
2025-10-22,12:40,RIVERUSDT,SELL,12
2025-10-22,12:41,AIAUSDT,SELL,8
2025-10-22,12:41,COAIUSDT,BUY,10
2025-10-22,12:41,RIVERUSDT,SELL,12
2025-10-22,12:42,BASUSDT,SELL,10
2025-10-22,12:42,XPINUSDT,SELL,10
2025-10-22,12:42,BROCCOLIF3BUSDT,SELL,10
2025-10-22,12:45,BROCCOLIF3BUSDT,SELL,14
2025-10-22,12:46,BTCUSDT,SELL,12
2025-10-22,12:46,BLUAIUSDT,BUY,8
2025-10-22,12:47,BTCUSDT,SELL,12
2025-10-22,12:49,LABUSDT,SELL,12
2025-10-22,12:49,RIVERUSDT,SELL,12
2025-10-22,12:49,BTCUSDT,SELL,10
2025-10-22,12:49,TRUTHUSDT,SELL,12
2025-10-22,12:50,BTCUSDT,SELL,22
2025-10-22,12:50,RIVERUSDT,SELL,16
2025-10-22,12:50,COAIUSDT,SELL,10
2025-10-22,12:50,LABUSDT,SELL,12
2025-10-22,12:50,ETHUSDT,SELL,16
2025-10-22,12:52,LABUSDT,SELL,20
2025-10-22,12:53,BLUAIUSDT,SELL,12
2025-10-22,12:54,LIGHTUSDT,SELL,8
2025-10-22,12:55,TANSSIUSDT,BUY,8
2025-10-22,12:56,TANSSIUSDT,BUY,12
2025-10-22,12:56,LIGHTUSDT,SELL,10
2025-10-22,12:57,RIVERUSDT,BUY,10
2025-10-22,12:58,EVAAUSDT,SELL,10
2025-10-22,13:00,RIVERUSDT,BUY,14
2025-10-22,13:01,RIVERUSDT,BUY,30
2025-10-22,13:01,币安人生USDT,BUY,10
2025-10-22,13:01,KDAUSDT,BUY,10
2025-10-22,13:01,FFUSDT,BUY,8
2025-10-22,13:02,DOODUSDT,BUY,8
2025-10-22,13:03,UBUSDT,SELL,10
2025-10-22,13:05,UBUSDT,SELL,8
2025-10-22,13:05,RIVERUSDT,SELL,12
2025-10-22,13:05,TAUSDT,SELL,8
2025-10-22,13:06,KDAUSDT,BUY,10
2025-10-22,13:06,KGENUSDT,SELL,10
2025-10-22,13:06,EVAAUSDT,BUY,20
2025-10-22,13:07,RVVUSDT,BUY,12
2025-10-22,13:07,EVAAUSDT,BUY,16
2025-10-22,13:08,FUSDT,BUY,18
2025-10-22,13:09,BLUAIUSDT,BUY,8
2025-10-22,13:09,FUSDT,BUY,12
2025-10-22,13:10,FUSDT,BUY,12
2025-10-22,13:10,KDAUSDT,BUY,8
2025-10-22,13:10,RIVERUSDT,SELL,22
2025-10-22,13:12,KDAUSDT,BUY,8
2025-10-22,13:12,AIAUSDT,SELL,10
2025-10-22,13:12,BLUAIUSDT,BUY,14
2025-10-22,13:12,COAIUSDT,BUY,16
2025-10-22,13:13,RIVERUSDT,SELL,18
2025-10-22,13:13,BLUAIUSDT,BUY,26
2025-10-22,13:13,COAIUSDT,BUY,22
2025-10-22,13:15,ETHUSDT,BUY,22
2025-10-22,13:15,ZECUSDT,BUY,14
2025-10-22,13:16,BASUSDT,SELL,8
2025-10-22,13:16,SOLUSDT,BUY,14
2025-10-22,13:16,BTCUSDT,BUY,8
2025-10-22,13:17,AIAUSDT,SELL,10
2025-10-22,13:17,RIVERUSDT,BUY,10
2025-10-22,13:17,1000PEPEUSDT,BUY,10
2025-10-22,13:17,ETHUSDT,BUY,10
2025-10-22,13:17,DAMUSDT,BUY,8
2025-10-22,13:18,XRPUSDT,BUY,8
2025-10-22,13:18,SOLUSDT,BUY,10
2025-10-22,13:18,ETHUSDT,BUY,16
2025-10-22,13:19,RIVERUSDT,BUY,14
2025-10-22,13:22,RVVUSDT,SELL,10
2025-10-22,13:24,币安人生USDT,BUY,8
2025-10-22,13:25,币安人生USDT,BUY,20
2025-10-22,13:25,AIAUSDT,SELL,10
2025-10-22,13:26,AIAUSDT,SELL,18
2025-10-22,13:27,COAIUSDT,BUY,8
2025-10-22,13:27,BTCUSDT,BUY,8
2025-10-22,13:27,YBUSDT,BUY,8
2025-10-22,13:27,RIVERUSDT,BUY,8
2025-10-22,13:27,EVAAUSDT,SELL,8
2025-10-22,13:29,HANAUSDT,SELL,8
2025-10-22,13:29,FUSDT,SELL,12
2025-10-22,13:30,EVAAUSDT,SELL,16
2025-10-22,13:31,UBUSDT,SELL,12
2025-10-22,13:31,币安人生USDT,BUY,8
2025-10-22,13:32,AUCTIONUSDT,SELL,12
2025-10-22,13:32,XPINUSDT,SELL,8
2025-10-22,13:32,AIAUSDT,SELL,10
2025-10-22,13:33,COAIUSDT,BUY,12
2025-10-22,13:33,RIVERUSDT,BUY,8
2025-10-22,13:35,COAIUSDT,BUY,10
2025-10-22,13:38,BLUAIUSDT,BUY,26
2025-10-22,13:39,BTCUSDT,BUY,12
2025-10-22,13:39,EVAAUSDT,BUY,10
2025-10-22,13:40,RIVERUSDT,BUY,14
2025-10-22,13:42,币安人生USDT,BUY,16
2025-10-22,13:42,BTCUSDT,BUY,18
2025-10-22,13:42,ETHUSDT,BUY,10
2025-10-22,13:45,EVAAUSDT,SELL,8
2025-10-22,13:46,币安人生USDT,BUY,12
2025-10-22,13:46,BLUAIUSDT,SELL,8
2025-10-22,13:46,STBLUSDT,SELL,8
2025-10-22,13:47,EVAAUSDT,SELL,18
2025-10-22,13:47,4USDT,SELL,14
2025-10-22,13:48,KDAUSDT,SELL,8
2025-10-22,13:49,EVAAUSDT,SELL,8
2025-10-22,13:50,RIVERUSDT,BUY,20
2025-10-22,13:50,BLUAIUSDT,SELL,10
2025-10-22,13:53,BNBUSDT,BUY,8
2025-10-22,13:54,BLUAIUSDT,BUY,26
2025-10-22,13:54,UBUSDT,SELL,10
2025-10-22,13:54,BLESSUSDT,BUY,14
2025-10-22,13:55,BNBUSDT,BUY,14
2025-10-22,13:55,KGENUSDT,BUY,8
2025-10-22,13:57,BLUAIUSDT,BUY,26
2025-10-22,13:59,EVAAUSDT,BUY,12
2025-10-22,14:00,RIVERUSDT,BUY,12
2025-10-22,14:00,BLUAIUSDT,BUY,10
2025-10-22,14:01,AVNTUSDT,BUY,8
2025-10-22,14:01,EVAAUSDT,BUY,18
2025-10-22,14:02,EVAAUSDT,SELL,8
2025-10-22,14:03,EVAAUSDT,SELL,10
2025-10-22,14:03,BLUAIUSDT,SELL,10
2025-10-22,14:03,SOLUSDT,SELL,10
2025-10-22,14:05,BLUAIUSDT,SELL,18
2025-10-22,14:05,ETHUSDT,SELL,10
2025-10-22,14:07,AIAUSDT,SELL,16
2025-10-22,14:08,4USDT,SELL,8
2025-10-22,14:09,AIAUSDT,SELL,12
2025-10-22,14:09,RVVUSDT,SELL,12
2025-10-22,14:10,AVNTUSDT,BUY,24
2025-10-22,14:11,BLUAIUSDT,BUY,8
2025-10-22,14:11,ETHUSDT,BUY,18
2025-10-22,14:11,BTCUSDT,BUY,8
2025-10-22,14:11,BLESSUSDT,BUY,8
2025-10-22,14:12,COAIUSDT,BUY,10
2025-10-22,14:13,ETHUSDT,BUY,8
2025-10-22,14:13,COAIUSDT,BUY,16
2025-10-22,14:13,AVNTUSDT,BUY,8
2025-10-22,14:13,RIVERUSDT,SELL,8
2025-10-22,14:14,RVVUSDT,BUY,12
2025-10-22,14:15,LIGHTUSDT,SELL,58
2025-10-22,14:15,HUSDT,SELL,10
2025-10-22,14:16,KDAUSDT,SELL,8
2025-10-22,14:16,HANAUSDT,SELL,20
2025-10-22,14:16,EVAAUSDT,SELL,10
2025-10-22,14:17,TAGUSDT,SELL,10
2025-10-22,14:19,AVNTUSDT,BUY,12
2025-10-22,14:20,COAIUSDT,BUY,22
2025-10-22,14:21,QUSDT,SELL,10
2025-10-22,14:22,币安人生USDT,SELL,12
2025-10-22,14:22,AIAUSDT,SELL,10
2025-10-22,14:22,BLUAIUSDT,SELL,24
2025-10-22,14:23,AVNTUSDT,BUY,14
2025-10-22,14:23,币安人生USDT,SELL,10
2025-10-22,14:23,BLUAIUSDT,SELL,12
2025-10-22,14:27,KDAUSDT,SELL,14
2025-10-22,14:28,LIGHTUSDT,SELL,8
2025-10-22,14:29,EVAAUSDT,SELL,8
2025-10-22,14:30,ETHUSDT,SELL,14
2025-10-22,14:32,BTCUSDT,SELL,18
2025-10-22,14:32,ETHUSDT,SELL,14
2025-10-22,14:33,BTCUSDT,SELL,16
2025-10-22,14:33,ETHUSDT,SELL,14
2025-10-22,14:33,HANAUSDT,SELL,32
2025-10-22,14:33,BLUAIUSDT,SELL,26
2025-10-22,14:34,BLUAIUSDT,SELL,26
2025-10-22,14:34,HANAUSDT,SELL,14
2025-10-22,14:34,SOLUSDT,SELL,8
2025-10-22,14:34,ASTERUSDT,SELL,12
2025-10-22,14:34,DOGEUSDT,SELL,8
2025-10-22,14:34,ETHUSDT,SELL,10
2025-10-22,14:34,XPINUSDT,SELL,14
2025-10-22,14:35,BLUAIUSDT,SELL,16
2025-10-22,14:35,BTCUSDT,SELL,8
2025-10-22,14:35,SOLUSDT,SELL,10
2025-10-22,14:35,ASTERUSDT,SELL,10
2025-10-22,14:35,STBLUSDT,SELL,8
2025-10-22,14:36,BASUSDT,BUY,8
2025-10-22,14:36,ETHUSDT,BUY,8
2025-10-22,14:36,RIVERUSDT,BUY,26
2025-10-22,14:37,ETHUSDT,BUY,14
2025-10-22,14:37,ETHUSDC,BUY,8
2025-10-22,14:37,EVAAUSDT,BUY,14
2025-10-22,14:38,BTCUSDT,BUY,10
2025-10-22,14:39,KDAUSDT,BUY,8
2025-10-22,14:39,BTCUSDT,BUY,16
2025-10-22,14:39,SOLUSDT,BUY,10
2025-10-22,14:39,BROCCOLIF3BUSDT,BUY,8
2025-10-22,14:39,EVAAUSDT,BUY,10
2025-10-22,14:41,KDAUSDT,SELL,12
2025-10-22,14:41,YBUSDT,SELL,8
2025-10-22,14:41,EVAAUSDT,BUY,30
2025-10-22,14:41,RIVERUSDT,BUY,20
2025-10-22,14:41,BTCUSDT,SELL,8
2025-10-22,14:42,KDAUSDT,SELL,18
2025-10-22,14:42,AIAUSDT,SELL,10
2025-10-22,14:43,EVAAUSDT,SELL,8
2025-10-22,14:44,KDAUSDT,SELL,10
2025-10-22,14:45,NILUSDT,BUY,10
2025-10-22,14:45,BROCCOLIF3BUSDT,BUY,8
2025-10-22,14:46,EVAAUSDT,SELL,14
2025-10-22,14:47,BTCUSDT,SELL,10
2025-10-22,14:49,币安人生USDT,SELL,24
2025-10-22,14:50,币安人生USDT,SELL,12
2025-10-22,14:51,METUSDT,SELL,8
2025-10-22,14:51,EVAAUSDT,BUY,22
2025-10-22,14:52,BLUAIUSDT,BUY,10
2025-10-22,14:52,EVAAUSDT,BUY,20
2025-10-22,14:54,BTCUSDT,BUY,8
2025-10-22,14:54,YBUSDT,BUY,8
2025-10-22,14:54,BASUSDT,BUY,8
2025-10-22,14:55,BASUSDT,BUY,8
2025-10-22,14:55,BROCCOLIF3BUSDT,SELL,10
2025-10-22,14:56,COAIUSDT,BUY,8
2025-10-22,14:56,RVVUSDT,SELL,10
2025-10-22,14:58,KDAUSDT,BUY,14
2025-10-22,14:58,SOLUSDT,BUY,18
2025-10-22,14:58,BTCUSDT,BUY,26
2025-10-22,14:58,ASTERUSDT,BUY,8
2025-10-22,14:58,ETHUSDT,BUY,20
2025-10-22,14:58,XRPUSDT,BUY,10
2025-10-22,14:58,BTCUSDC,BUY,14
2025-10-22,14:58,DOGEUSDT,BUY,12
2025-10-22,14:58,LINKUSDT,BUY,10
2025-10-22,14:58,GALAUSDT,BUY,8
2025-10-22,14:58,BNBUSDT,BUY,14
2025-10-22,14:58,BNBUSDC,BUY,8
2025-10-22,14:59,COAIUSDT,BUY,46
2025-10-22,14:59,EVAAUSDT,BUY,20
2025-10-22,15:00,COAIUSDT,BUY,34
2025-10-22,15:00,NILUSDT,BUY,14
2025-10-22,15:00,BROCCOLIF3BUSDT,BUY,18
2025-10-22,15:01,NILUSDT,BUY,22
2025-10-22,15:03,RVVUSDT,SELL,24
2025-10-22,15:04,ETHUSDT,SELL,24
2025-10-22,15:04,BTCUSDT,SELL,24
2025-10-22,15:04,SOLUSDT,SELL,12
2025-10-22,15:04,XRPUSDT,SELL,12
2025-10-22,15:05,COAIUSDT,SELL,8
2025-10-22,15:05,4USDT,SELL,8
2025-10-22,15:06,BTCUSDT,SELL,16
2025-10-22,15:06,ETHUSDT,SELL,10
2025-10-22,15:06,SOLUSDT,SELL,8
2025-10-22,15:06,RIVERUSDT,SELL,34
2025-10-22,15:07,RIVERUSDT,SELL,20
2025-10-22,15:07,COAIUSDT,SELL,8
2025-10-22,15:09,BLUAIUSDT,BUY,14
2025-10-22,15:10,4USDT,SELL,20
2025-10-22,15:10,EVAAUSDT,BUY,8
2025-10-22,15:10,B2USDT,SELL,10
2025-10-22,15:10,RIVERUSDT,BUY,10
2025-10-22,15:11,4USDT,SELL,10
2025-10-22,15:11,KDAUSDT,SELL,8
2025-10-22,15:12,XRPUSDT,SELL,8
2025-10-22,15:12,ETHUSDT,SELL,8
2025-10-22,15:12,LIGHTUSDT,SELL,10
2025-10-22,15:13,EVAAUSDT,BUY,10
2025-10-22,15:13,RIVERUSDT,BUY,14
2025-10-22,15:16,RIVERUSDT,SELL,10
2025-10-22,15:17,EVAAUSDT,BUY,10
2025-10-22,15:17,RIVERUSDT,BUY,12
2025-10-22,15:17,AVNTUSDT,BUY,8
2025-10-22,15:18,COAIUSDT,SELL,12
2025-10-22,15:19,RIVERUSDT,BUY,14
2025-10-22,15:19,EVAAUSDT,BUY,16
2025-10-22,15:20,4USDT,SELL,12
2025-10-22,15:21,BASUSDT,SELL,10
2025-10-22,15:21,4USDT,SELL,16
2025-10-22,15:21,BLESSUSDT,SELL,8
2025-10-22,15:21,SOLUSDT,SELL,10
2025-10-22,15:22,STBLUSDT,SELL,8
2025-10-22,15:22,BNBUSDT,SELL,12
2025-10-22,15:22,ASTERUSDT,SELL,24
2025-10-22,15:22,BTCUSDT,SELL,20
2025-10-22,15:22,SOLUSDT,SELL,36
2025-10-22,15:22,AVNTUSDT,SELL,10
2025-10-22,15:22,XRPUSDT,SELL,20
2025-10-22,15:22,OPUSDT,SELL,8
2025-10-22,15:22,LINKUSDT,SELL,12
2025-10-22,15:22,1000PEPEUSDT,SELL,14
2025-10-22,15:22,ETHUSDT,SELL,40
2025-10-22,15:22,SOLUSDC,SELL,12
2025-10-22,15:22,ETHUSDC,SELL,18
2025-10-22,15:22,DOGEUSDT,SELL,14
2025-10-22,15:22,BDXNUSDT,SELL,8
2025-10-22,15:22,ZECUSDT,SELL,10
2025-10-22,15:22,AVAXUSDT,SELL,8
2025-10-22,15:23,ETHUSDT,SELL,42
2025-10-22,15:23,币安人生USDT,SELL,14
2025-10-22,15:23,SOLUSDT,SELL,22
2025-10-22,15:23,ZORAUSDT,SELL,8
2025-10-22,15:23,BNBUSDT,SELL,26
2025-10-22,15:23,ADAUSDT,SELL,14
2025-10-22,15:23,DOGEUSDT,SELL,18
2025-10-22,15:23,1000PEPEUSDT,SELL,16
2025-10-22,15:23,ETHUSDC,SELL,16
2025-10-22,15:23,SOLUSDC,SELL,8
2025-10-22,15:23,LINKUSDT,SELL,16
2025-10-22,15:23,XRPUSDT,SELL,22
2025-10-22,15:23,FETUSDT,SELL,8
2025-10-22,15:23,ENAUSDT,SELL,12
2025-10-22,15:23,BTCUSDT,SELL,24
2025-10-22,15:23,BTCUSDC,SELL,10
2025-10-22,15:23,TAUSDT,SELL,20
2025-10-22,15:23,1000SHIBUSDT,SELL,10
2025-10-22,15:23,SUIUSDT,SELL,10
2025-10-22,15:23,XRPUSDC,SELL,8
2025-10-22,15:23,CLOUSDT,SELL,8
2025-10-22,15:23,HYPEUSDT,SELL,8
2025-10-22,15:23,BLUAIUSDT,SELL,8
2025-10-22,15:23,EPTUSDT,SELL,8
2025-10-22,15:24,ETHUSDC,SELL,8
2025-10-22,15:24,DOGEUSDT,SELL,8
2025-10-22,15:24,BTCUSDT,SELL,12
2025-10-22,15:24,SOLUSDT,SELL,8
2025-10-22,15:24,BLUAIUSDT,SELL,10
2025-10-22,15:24,RIVERUSDT,SELL,12
2025-10-22,15:24,KDAUSDT,BUY,14
2025-10-22,15:25,ETHUSDT,BUY,28
2025-10-22,15:25,BTCUSDT,BUY,16
2025-10-22,15:26,BDXNUSDT,SELL,8
2025-10-22,15:27,SOLUSDT,SELL,14
2025-10-22,15:27,BLUAIUSDT,SELL,14
2025-10-22,15:28,ZECUSDT,SELL,8
2025-10-22,15:28,SOLUSDT,SELL,8
2025-10-22,15:28,RIVERUSDT,BUY,10
2025-10-22,15:29,BROCCOLIF3BUSDT,BUY,10
2025-10-22,15:30,RVVUSDT,SELL,8
2025-10-22,15:30,ETHUSDT,SELL,10
2025-10-22,15:30,SOLUSDT,SELL,10
2025-10-22,15:30,AVNTUSDT,SELL,12
2025-10-22,15:31,BTCUSDT,SELL,10
2025-10-22,15:31,ENAUSDT,SELL,12
2025-10-22,15:31,ETHUSDT,SELL,28
2025-10-22,15:31,SOLUSDT,SELL,36
2025-10-22,15:31,DOGEUSDT,SELL,16
2025-10-22,15:31,XRPUSDT,SELL,18
2025-10-22,15:31,SOLUSDC,SELL,20
2025-10-22,15:34,BROCCOLIF3BUSDT,BUY,8
2025-10-22,15:35,ZECUSDT,SELL,20
2025-10-22,15:35,EVAAUSDT,SELL,8
2025-10-22,15:36,RIVERUSDT,SELL,8
2025-10-22,15:36,YBUSDT,BUY,12
2025-10-22,15:37,币安人生USDT,SELL,22
2025-10-22,15:37,BROCCOLIF3BUSDT,BUY,10
2025-10-22,15:37,ENAUSDT,SELL,8
2025-10-22,15:37,EVAAUSDT,BUY,10
2025-10-22,15:37,BTRUSDT,BUY,12
2025-10-22,15:40,KDAUSDT,BUY,8
2025-10-22,15:40,BASUSDT,SELL,8
2025-10-22,15:40,YBUSDT,BUY,8
2025-10-22,15:41,EVAAUSDT,BUY,8
2025-10-22,15:42,YBUSDT,BUY,34
2025-10-22,15:42,ZECUSDT,SELL,20
2025-10-22,15:43,ETHUSDT,SELL,12
2025-10-22,15:43,ZECUSDT,SELL,8
2025-10-22,15:45,ZECUSDT,SELL,46
2025-10-22,15:45,EVAAUSDT,SELL,8
2025-10-22,15:45,RVVUSDT,SELL,12
2025-10-22,15:45,ENAUSDT,SELL,18
2025-10-22,15:45,ETHUSDT,SELL,10
2025-10-22,15:46,ETHUSDT,SELL,26
2025-10-22,15:46,XVGUSDT,SELL,8
2025-10-22,15:46,BTCUSDT,SELL,8
2025-10-22,15:46,ETHUSDC,SELL,14
2025-10-22,15:46,SOLUSDT,SELL,10
2025-10-22,15:46,1000PEPEUSDT,SELL,8
2025-10-22,15:46,BIDUSDT,SELL,8
2025-10-22,15:47,EVAAUSDT,BUY,28
2025-10-22,15:47,TRUTHUSDT,SELL,8
2025-10-22,15:47,XPINUSDT,BUY,10
2025-10-22,15:48,ETHUSDT,BUY,8
2025-10-22,15:48,BNBUSDT,BUY,10
2025-10-22,15:49,ENAUSDT,SELL,24
2025-10-22,15:49,RVVUSDT,SELL,12
2025-10-22,15:50,ENAUSDT,SELL,44
2025-10-22,15:50,ENAUSDC,SELL,28
2025-10-22,15:50,RIVERUSDT,SELL,24
2025-10-22,15:50,BROCCOLIF3BUSDT,BUY,10
2025-10-22,15:51,KDAUSDT,SELL,8
2025-10-22,15:51,ETHUSDT,BUY,8
2025-10-22,15:52,TRUTHUSDT,SELL,8
2025-10-22,15:53,KDAUSDT,SELL,10
2025-10-22,15:53,AIAUSDT,SELL,22
2025-10-22,15:53,BASUSDT,SELL,22
2025-10-22,15:53,TRUTHUSDT,SELL,12
2025-10-22,15:54,AIAUSDT,SELL,26
2025-10-22,15:54,KDAUSDT,SELL,8
2025-10-22,15:54,ENAUSDT,SELL,8
2025-10-22,15:55,XPLUSDT,BUY,10
2025-10-22,15:55,AIAUSDT,SELL,34
2025-10-22,15:56,BTCUSDT,BUY,24
2025-10-22,15:56,ALCHUSDT,BUY,12
2025-10-22,15:56,ETHUSDT,BUY,34
2025-10-22,15:56,BNBUSDT,BUY,16
2025-10-22,15:56,XPLUSDT,BUY,16
2025-10-22,15:56,1000PEPEUSDT,BUY,10
2025-10-22,15:56,SOLUSDT,BUY,14
2025-10-22,15:56,AIAUSDT,SELL,14
2025-10-22,15:56,KDAUSDT,BUY,8
2025-10-22,15:57,BTCUSDT,BUY,8
2025-10-22,15:57,BROCCOLIF3BUSDT,SELL,22
2025-10-22,15:58,ZECUSDT,BUY,10
2025-10-22,15:58,BTCUSDT,BUY,20
2025-10-22,15:58,ETHUSDT,BUY,14
2025-10-22,15:58,YBUSDT,BUY,8
2025-10-22,15:59,EVAAUSDT,SELL,12
2025-10-22,15:59,ETHUSDT,BUY,22
2025-10-22,15:59,ETHUSDC,BUY,10
2025-10-22,15:59,KGENUSDT,BUY,10
2025-10-22,15:59,BTCUSDT,BUY,12
2025-10-22,16:00,BLESSUSDT,BUY,12
2025-10-22,16:01,KGENUSDT,BUY,10
2025-10-22,16:01,ETHUSDT,BUY,28
2025-10-22,16:01,AVNTUSDT,BUY,10
2025-10-22,16:01,BTCUSDT,BUY,26
2025-10-22,16:01,BLESSUSDT,BUY,12
2025-10-22,16:01,DOGEUSDT,BUY,20
2025-10-22,16:01,SUIUSDT,BUY,8
2025-10-22,16:01,XPLUSDT,BUY,12
2025-10-22,16:01,XRPUSDT,BUY,16
2025-10-22,16:01,SOLUSDC,BUY,10
2025-10-22,16:01,SOLUSDT,BUY,12
2025-10-22,16:01,TAOUSDT,BUY,8
2025-10-22,16:01,DMCUSDT,BUY,8
2025-10-22,16:01,CLOUSDT,BUY,8
2025-10-22,16:02,RVVUSDT,SELL,14
2025-10-22,16:02,BASUSDT,SELL,20
2025-10-22,16:03,RVVUSDT,SELL,10
2025-10-22,16:03,AIAUSDT,SELL,12
2025-10-22,16:03,BLUAIUSDT,SELL,22
2025-10-22,16:03,BASUSDT,SELL,12
2025-10-22,16:04,AIAUSDT,SELL,8
2025-10-22,16:04,IDOLUSDT,BUY,10
2025-10-22,16:05,COAIUSDT,BUY,10
2025-10-22,16:05,RVVUSDT,SELL,18
2025-10-22,16:06,BLUAIUSDT,SELL,40
2025-10-22,16:06,RVVUSDT,SELL,44
2025-10-22,16:06,NILUSDT,SELL,8
2025-10-22,16:06,COAIUSDT,BUY,18
2025-10-22,16:06,QUSDT,SELL,8
2025-10-22,16:06,BASUSDT,SELL,18
2025-10-22,16:07,币安人生USDT,SELL,12
2025-10-22,16:07,BLUAIUSDT,SELL,8
2025-10-22,16:07,BTCUSDT,BUY,8
2025-10-22,16:08,COAIUSDT,BUY,18
2025-10-22,16:09,ETHUSDT,SELL,20
2025-10-22,16:09,COAIUSDT,BUY,16
2025-10-22,16:10,BROCCOLIF3BUSDT,BUY,26
2025-10-22,16:11,AVNTUSDT,BUY,12
2025-10-22,16:12,BASUSDT,SELL,8
2025-10-22,16:12,BROCCOLIF3BUSDT,BUY,10
2025-10-22,16:14,UBUSDT,SELL,8
2025-10-22,16:14,BASUSDT,SELL,20
2025-10-22,16:14,BTCUSDT,SELL,8
2025-10-22,16:15,DOGEUSDT,SELL,8
2025-10-22,16:15,ZECUSDT,SELL,12
2025-10-22,16:15,ETHUSDT,SELL,16
2025-10-22,16:15,BTCUSDT,SELL,8
2025-10-22,16:15,BLUAIUSDT,SELL,8
2025-10-22,16:16,BLESSUSDT,SELL,10
2025-10-22,16:16,LIGHTUSDT,SELL,8
2025-10-22,16:16,ETHUSDT,SELL,22
2025-10-22,16:16,BLUAIUSDT,SELL,36
2025-10-22,16:16,BTCUSDT,SELL,16
2025-10-22,16:16,SOLUSDT,SELL,12
2025-10-22,16:16,BROCCOLIF3BUSDT,SELL,14
2025-10-22,16:16,EVAAUSDT,SELL,8
2025-10-22,16:16,KDAUSDT,SELL,12
2025-10-22,16:16,XPINUSDT,SELL,14
2025-10-22,16:17,BROCCOLIF3BUSDT,SELL,8
2025-10-22,16:17,ETHUSDT,SELL,24
2025-10-22,16:17,BASUSDT,SELL,8
2025-10-22,16:17,币安人生USDT,SELL,8
2025-10-22,16:17,SOLUSDT,SELL,12
2025-10-22,16:17,MYXUSDT,SELL,8
2025-10-22,16:17,BTCUSDT,SELL,14
2025-10-22,16:18,HANAUSDT,SELL,10
2025-10-22,16:18,EVAAUSDT,BUY,8
2025-10-22,16:18,BASUSDT,SELL,30
2025-10-22,16:18,AIAUSDT,SELL,8
2025-10-22,16:18,币安人生USDT,SELL,12
2025-10-22,16:20,EVAAUSDT,BUY,32
2025-10-22,16:21,BASUSDT,BUY,24
2025-10-22,16:21,AIAUSDT,BUY,10
2025-10-22,16:22,AIAUSDT,BUY,10
2025-10-22,16:22,ETHUSDT,SELL,14
2025-10-22,16:22,XRPUSDT,SELL,14
2025-10-22,16:22,SOLUSDT,SELL,10
2025-10-22,16:22,BTCUSDT,SELL,12
2025-10-22,16:22,YBUSDT,SELL,10
2025-10-22,16:22,BLESSUSDT,SELL,14
2025-10-22,16:22,KDAUSDT,BUY,8
2025-10-22,16:22,HANAUSDT,SELL,14
2025-10-22,16:23,BTCUSDT,SELL,22
2025-10-22,16:23,ETHUSDT,SELL,18
2025-10-22,16:23,XRPUSDT,SELL,10
2025-10-22,16:23,SOLUSDT,SELL,12
2025-10-22,16:23,KGENUSDT,SELL,8
2025-10-22,16:23,SNXUSDT,SELL,10
2025-10-22,16:23,1000LUNCUSDT,SELL,8
2025-10-22,16:23,RIVERUSDT,SELL,16
2025-10-22,16:24,LIGHTUSDT,SELL,24
2025-10-22,16:24,BTCUSDT,SELL,8
2025-10-22,16:25,EVAAUSDT,SELL,10
2025-10-22,16:25,RIVERUSDT,BUY,8
2025-10-22,16:27,AVNTUSDT,SELL,8
2025-10-22,16:27,BLUAIUSDT,SELL,8
2025-10-22,16:28,BLUAIUSDT,SELL,22
2025-10-22,16:28,4USDT,SELL,22
2025-10-22,16:28,EVAAUSDT,BUY,10
2025-10-22,16:29,ETHUSDT,SELL,8
2025-10-22,16:29,AIAUSDT,BUY,14
2025-10-22,16:31,EVAAUSDT,SELL,18
2025-10-22,16:32,METUSDT,SELL,12
2025-10-22,16:32,ZECUSDT,SELL,8
2025-10-22,16:33,GIGGLEUSDT,SELL,18
2025-10-22,16:34,EVAAUSDT,BUY,8
2025-10-22,16:34,BASUSDT,SELL,8
2025-10-22,16:35,BROCCOLIF3BUSDT,SELL,20
2025-10-22,16:36,AIAUSDT,SELL,8
2025-10-22,16:39,BTCUSDT,BUY,14
2025-10-22,16:39,RIVERUSDT,BUY,12
2025-10-22,16:39,ETHUSDT,BUY,20
2025-10-22,16:39,XRPUSDT,BUY,8
2025-10-22,16:40,RIVERUSDT,BUY,12
2025-10-22,16:41,COAIUSDT,BUY,26
2025-10-22,16:41,AIAUSDT,BUY,10
2025-10-22,16:42,BROCCOLIF3BUSDT,SELL,10
2025-10-22,16:43,DEGOUSDT,SELL,8
2025-10-22,16:43,BASUSDT,SELL,20
2025-10-22,16:45,SOLUSDT,BUY,8
2025-10-22,16:45,KGENUSDT,BUY,8
2025-10-22,16:45,DOGEUSDT,BUY,8
2025-10-22,16:45,ETHUSDT,BUY,8
2025-10-22,16:46,RIVERUSDT,BUY,8
2025-10-22,16:46,BASUSDT,SELL,14
2025-10-22,16:47,AIAUSDT,BUY,12
2025-10-22,16:47,BROCCOLIF3BUSDT,BUY,8
2025-10-22,16:48,EVAAUSDT,BUY,8
2025-10-22,16:48,BROCCOLIF3BUSDT,BUY,12
2025-10-22,16:48,BASUSDT,SELL,8
2025-10-22,16:49,BASUSDT,SELL,22
2025-10-22,16:49,COAIUSDT,SELL,16
2025-10-22,16:49,HUSDT,SELL,8
2025-10-22,16:50,BLUAIUSDT,SELL,10
2025-10-22,16:50,COAIUSDT,SELL,10
2025-10-22,16:50,RIVERUSDT,BUY,12
2025-10-22,16:51,BLUAIUSDT,SELL,26
2025-10-22,16:51,EVAAUSDT,SELL,10
2025-10-22,16:54,BASUSDT,SELL,16
2025-10-22,16:54,EVAAUSDT,SELL,20
2025-10-22,16:55,EVAAUSDT,BUY,12
2025-10-22,17:00,AIAUSDT,BUY,22
2025-10-22,17:00,RIVERUSDT,BUY,8
2025-10-22,17:00,LIGHTUSDT,BUY,10
2025-10-22,17:01,BASUSDT,SELL,8
2025-10-22,17:02,AVNTUSDT,SELL,8
2025-10-22,17:02,EVAAUSDT,BUY,8
2025-10-22,17:03,RIVERUSDT,BUY,30
2025-10-22,17:03,MUSDT,SELL,8
2025-10-22,17:03,ASTERUSDT,SELL,14
2025-10-22,17:03,BASUSDT,SELL,16
2025-10-22,17:04,MUSDT,SELL,10
2025-10-22,17:04,BASUSDT,BUY,8
2025-10-22,17:04,RIVERUSDT,BUY,10
2025-10-22,17:05,EVAAUSDT,BUY,8
2025-10-22,17:05,BASUSDT,BUY,10
2025-10-22,17:05,RIVERUSDT,BUY,18
2025-10-22,17:06,EVAAUSDT,BUY,20
2025-10-22,17:06,ETHUSDT,BUY,12
2025-10-22,17:07,RIVERUSDT,SELL,8
2025-10-22,17:08,XPINUSDT,SELL,8
2025-10-22,17:09,EVAAUSDT,SELL,16
2025-10-22,17:10,ZBTUSDT,SELL,8
2025-10-22,17:12,GIGGLEUSDT,SELL,10
2025-10-22,17:13,ZBTUSDT,SELL,12
2025-10-22,17:13,SOPHUSDT,BUY,8
2025-10-22,17:13,4USDT,SELL,22
2025-10-22,17:14,4USDT,SELL,24
2025-10-22,17:14,AIAUSDT,SELL,10
2025-10-22,17:14,ASTERUSDT,SELL,12
2025-10-22,17:15,币安人生USDT,SELL,14
2025-10-22,17:15,EVAAUSDT,SELL,34
2025-10-22,17:17,RIVERUSDT,SELL,14
2025-10-22,17:19,AIAUSDT,BUY,8
2025-10-22,17:20,EVAAUSDT,BUY,8
2025-10-22,17:20,SOLUSDT,SELL,18
2025-10-22,17:20,BTCUSDT,SELL,14
2025-10-22,17:20,ASTERUSDT,SELL,26
2025-10-22,17:20,AKTUSDT,SELL,12
2025-10-22,17:20,ETHUSDT,SELL,22
2025-10-22,17:20,ZBTUSDT,SELL,10
2025-10-22,17:21,ETHUSDT,SELL,14
2025-10-22,17:21,SOLUSDT,SELL,10
2025-10-22,17:21,BTCUSDT,SELL,12
2025-10-22,17:21,币安人生USDT,SELL,10
2025-10-22,17:21,XRPUSDT,SELL,10
2025-10-22,17:22,RECALLUSDT,SELL,10
2025-10-22,17:22,币安人生USDT,SELL,8
2025-10-22,17:22,ETHUSDT,SELL,8
2025-10-22,17:22,GIGGLEUSDT,SELL,12
2025-10-22,17:22,METUSDT,SELL,8
2025-10-22,17:23,EVAAUSDT,BUY,14
2025-10-22,17:23,AVNTUSDT,SELL,10
2025-10-22,17:23,GIGGLEUSDT,SELL,10
2025-10-22,17:23,BASUSDT,SELL,8
2025-10-22,17:26,ETHUSDT,BUY,8
2025-10-22,17:26,COAIUSDT,BUY,14
2025-10-22,17:27,AVNTUSDT,SELL,8
2025-10-22,17:28,CLOUSDT,SELL,10
2025-10-22,17:28,EVAAUSDT,BUY,10
2025-10-22,17:29,COAIUSDT,BUY,16
2025-10-22,17:29,TRUTHUSDT,BUY,12
2025-10-22,17:30,XPINUSDT,BUY,16
2025-10-22,17:30,CLOUSDT,SELL,8
2025-10-22,17:30,KDAUSDT,BUY,10
2025-10-22,17:30,COAIUSDT,BUY,22
2025-10-22,17:30,币安人生USDT,SELL,16
2025-10-22,17:30,AIAUSDT,SELL,10
2025-10-22,17:30,BTCUSDT,SELL,12
2025-10-22,17:31,TAUSDT,SELL,12
2025-10-22,17:31,DOGEUSDT,SELL,8
2025-10-22,17:31,币安人生USDT,SELL,38
2025-10-22,17:31,ASTERUSDT,SELL,10
2025-10-22,17:31,USELESSUSDT,SELL,8
2025-10-22,17:31,CLOUSDT,SELL,14
2025-10-22,17:31,4USDT,SELL,10
2025-10-22,17:32,4USDT,SELL,52
2025-10-22,17:32,ASTERUSDT,SELL,8
2025-10-22,17:32,FARTCOINUSDT,SELL,8
2025-10-22,17:32,币安人生USDT,SELL,18
2025-10-22,17:32,METUSDT,SELL,10
2025-10-22,17:32,FHEUSDT,SELL,8
2025-10-22,17:33,RVVUSDT,SELL,10
2025-10-22,17:34,BTCUSDT,BUY,10
2025-10-22,17:34,AVNTUSDT,SELL,10
2025-10-22,17:34,XPINUSDT,BUY,20
2025-10-22,17:34,ETHUSDT,BUY,12
2025-10-22,17:36,KGENUSDT,SELL,8
2025-10-22,17:36,EVAAUSDT,SELL,8
2025-10-22,17:36,AIAUSDT,SELL,10
2025-10-22,17:37,AIAUSDT,SELL,14
2025-10-22,17:37,QUSDT,SELL,24
2025-10-22,17:38,KDAUSDT,SELL,12
2025-10-22,17:38,RVVUSDT,SELL,12
2025-10-22,17:41,COAIUSDT,BUY,7
2025-10-22,17:41,BTCUSDT,BUY,7
2025-10-22,17:41,ETHUSDT,BUY,9
2025-10-22,17:43,QUSDT,SELL,12
2025-10-22,17:44,CLOUSDT,SELL,7
2025-10-22,17:45,AIAUSDT,SELL,7
2025-10-22,17:45,XPINUSDT,BUY,9
2025-10-22,17:46,XPINUSDT,BUY,7
2025-10-22,17:53,BLESSUSDT,SELL,20
2025-10-22,17:53,BLUAIUSDT,SELL,8
2025-10-22,17:55,EVAAUSDT,BUY,7
2025-10-22,17:56,KDAUSDT,SELL,10
2025-10-22,18:00,AIAUSDT,BUY,7
2025-10-22,18:02,LIGHTUSDT,BUY,8
2025-10-22,18:02,XPINUSDT,SELL,9
2025-10-22,18:02,KDAUSDT,SELL,8
2025-10-22,18:02,ASTERUSDT,SELL,7
2025-10-22,18:12,TRUTHUSDT,SELL,11
2025-10-22,18:17,KDAUSDT,SELL,10
2025-10-22,18:19,OMUSDT,SELL,9
2025-10-22,18:19,ASTERUSDT,SELL,7
2025-10-22,18:21,KDAUSDT,SELL,8
2025-10-22,18:22,KDAUSDT,SELL,13
2025-10-22,18:27,BROCCOLIF3BUSDT,BUY,9
2025-10-22,18:30,EVAAUSDT,SELL,7
2025-10-22,18:31,COAIUSDT,BUY,8
2025-10-22,18:32,RIVERUSDT,BUY,7
2025-10-22,18:32,KDAUSDT,BUY,8
2025-10-22,18:33,COAIUSDT,BUY,16
2025-10-22,18:33,BROCCOLIF3BUSDT,BUY,15
2025-10-22,18:33,RIVERUSDT,BUY,12
2025-10-22,18:34,COAIUSDT,BUY,7
2025-10-22,18:37,PORT3USDT,BUY,7
2025-10-22,18:39,RIVERUSDT,BUY,8
2025-10-22,18:39,EVAAUSDT,SELL,8
2025-10-22,18:39,BTCUSDT,SELL,7
2025-10-22,18:42,ETHFIUSDT,SELL,7
2025-10-22,18:42,ETHUSDT,SELL,7
2025-10-22,18:45,ZECUSDT,SELL,10
2025-10-22,18:48,币安人生USDT,SELL,14
2025-10-22,18:51,ETHUSDT,SELL,11
2025-10-22,18:51,SOLUSDT,SELL,8
2025-10-22,18:52,XRPUSDT,SELL,7
2025-10-22,18:53,BTCUSDT,SELL,15
2025-10-22,18:53,ASTERUSDT,SELL,8
2025-10-22,18:53,SOLUSDT,SELL,7
2025-10-22,18:53,ETHUSDT,SELL,8
2025-10-22,18:53,BROCCOLIF3BUSDT,SELL,8
2025-10-22,18:54,ZECUSDT,SELL,14
2025-10-22,18:54,SOLUSDT,SELL,8
2025-10-22,18:54,ETHUSDT,SELL,7
2025-10-22,18:54,币安人生USDT,SELL,7
2025-10-22,18:56,WLDUSDT,SELL,7
2025-10-22,18:56,STBLUSDT,SELL,13
2025-10-22,18:57,ZECUSDT,SELL,12
2025-10-22,19:00,BROCCOLIF3BUSDT,SELL,9
2025-10-22,19:02,EVAAUSDT,BUY,9
2025-10-22,19:05,KDAUSDT,SELL,8
2025-10-22,19:06,KDAUSDT,SELL,7
2025-10-22,19:07,RIVERUSDT,BUY,14
2025-10-22,19:07,币安人生USDT,SELL,16
2025-10-22,19:08,币安人生USDT,SELL,12
2025-10-22,19:14,KDAUSDT,SELL,8
2025-10-22,19:15,KDAUSDT,SELL,10
2025-10-22,19:15,ETHUSDT,SELL,11
2025-10-22,19:15,WLDUSDT,SELL,11
2025-10-22,19:15,AVAXUSDT,SELL,7
2025-10-22,19:15,FARTCOINUSDT,SELL,8
2025-10-22,19:15,SOLUSDT,SELL,14
2025-10-22,19:15,XRPUSDT,SELL,9
2025-10-22,19:15,HANAUSDT,SELL,9
2025-10-22,19:15,BNBUSDT,SELL,11
2025-10-22,19:16,COAIUSDT,SELL,7
2025-10-22,19:16,ETHUSDT,SELL,12
2025-10-22,19:16,ETHFIUSDT,SELL,10
2025-10-22,19:16,KDAUSDT,SELL,14
2025-10-22,19:16,BNBUSDT,SELL,8
2025-10-22,19:16,BTCUSDT,SELL,8
2025-10-22,19:16,SOLUSDT,SELL,8
2025-10-22,19:19,币安人生USDT,SELL,8
2025-10-22,19:23,HANAUSDT,SELL,18
2025-10-22,19:24,PORT3USDT,BUY,10
2025-10-22,19:28,KDAUSDT,BUY,27
2025-10-22,19:28,RIVERUSDT,SELL,7
2025-10-22,19:31,STBLUSDT,SELL,7
2025-10-22,19:33,AIAUSDT,BUY,9
2025-10-22,19:34,KDAUSDT,BUY,7
2025-10-22,19:39,KDAUSDT,BUY,7
2025-10-22,19:41,PUMPUSDT,SELL,9
2025-10-22,19:43,KDAUSDT,BUY,19
2025-10-22,19:47,EVAAUSDT,SELL,7
2025-10-22,19:54,BLESSUSDT,SELL,9
2025-10-22,19:55,BLESSUSDT,SELL,9
2025-10-22,19:56,KDAUSDT,SELL,8
2025-10-22,19:56,ZKCUSDT,SELL,7
2025-10-22,20:01,币安人生USDT,SELL,13
2025-10-22,20:01,KDAUSDT,BUY,14
2025-10-22,20:01,4USDT,BUY,8
2025-10-22,20:05,COAIUSDT,BUY,9
2025-10-22,20:06,COAIUSDT,BUY,17
2025-10-22,20:06,KDAUSDT,SELL,14
2025-10-22,20:06,EVAAUSDT,BUY,7
2025-10-22,20:07,COAIUSDT,BUY,7
2025-10-22,20:15,COAIUSDT,BUY,9
2025-10-22,20:24,RIVERUSDT,SELL,7
2025-10-22,20:32,KDAUSDT,SELL,8
2025-10-22,20:38,COAIUSDT,BUY,21
2025-10-22,20:45,FARTCOINUSDT,SELL,11
2025-10-22,20:45,STBLUSDT,SELL,8
2025-10-22,20:47,EVAAUSDT,SELL,8
2025-10-22,20:52,ETHUSDT,SELL,7
2025-10-22,20:52,SOLUSDT,SELL,15
2025-10-22,20:52,FARTCOINUSDT,SELL,7
2025-10-22,20:53,COAIUSDT,BUY,7
2025-10-22,20:57,XRPUSDT,SELL,13
2025-10-22,20:57,AVAXUSDT,SELL,14
2025-10-22,20:57,SOLUSDT,SELL,11
2025-10-22,20:57,SOLUSDC,SELL,10
2025-10-22,20:57,XPLUSDT,SELL,7
2025-10-22,20:57,WLDUSDT,SELL,7
2025-10-22,20:57,1000PEPEUSDT,SELL,7
2025-10-22,20:57,FETUSDT,SELL,7
2025-10-22,20:57,DOGEUSDT,SELL,9
2025-10-22,20:57,ETHUSDT,SELL,8
2025-10-22,20:57,ASTERUSDT,SELL,7
2025-10-22,20:57,FARTCOINUSDT,SELL,7
2025-10-22,20:57,ADAUSDT,SELL,7
2025-10-22,20:58,FARTCOINUSDT,SELL,9
2025-10-22,20:59,COAIUSDT,BUY,11
2025-10-22,21:01,AIAUSDT,BUY,14
2025-10-22,21:03,AIAUSDT,BUY,9
2025-10-22,21:07,EVAAUSDT,SELL,10
2025-10-22,21:07,AIAUSDT,BUY,7
2025-10-22,21:10,AIAUSDT,BUY,7
2025-10-22,21:14,AIAUSDT,BUY,8
2025-10-22,21:14,BLUAIUSDT,SELL,8
2025-10-22,21:16,COAIUSDT,BUY,9
2025-10-22,21:16,BLESSUSDT,BUY,12
2025-10-22,21:24,EVAAUSDT,SELL,7
2025-10-22,21:28,FFUSDT,SELL,11
2025-10-22,21:33,PENGUUSDT,SELL,10
2025-10-22,21:33,ASTERUSDT,SELL,7
2025-10-22,21:33,DOGEUSDT,SELL,7
2025-10-22,21:33,NEIROUSDT,SELL,8
2025-10-22,21:33,1000PEPEUSDT,SELL,12
2025-10-22,21:33,WLDUSDT,SELL,10
2025-10-22,21:33,ALPINEUSDT,SELL,15
2025-10-22,21:33,1000FLOKIUSDT,SELL,8
2025-10-22,21:33,APTUSDT,SELL,7
2025-10-22,21:33,LINKUSDT,SELL,9
2025-10-22,21:33,XRPUSDT,SELL,9
2025-10-22,21:33,ETHUSDT,SELL,15
2025-10-22,21:33,RESOLVUSDT,SELL,9
2025-10-22,21:33,GALAUSDT,SELL,7
2025-10-22,21:33,BTCUSDT,SELL,10
2025-10-22,21:33,DOTUSDT,SELL,8
2025-10-22,21:33,GRASSUSDT,SELL,10
2025-10-22,21:33,TUTUSDT,SELL,9
2025-10-22,21:33,ADAUSDT,SELL,9
2025-10-22,21:33,ARBUSDT,SELL,7
2025-10-22,21:33,TIAUSDT,SELL,8
2025-10-22,21:35,EVAAUSDT,BUY,11
2025-10-22,21:37,KDAUSDT,SELL,7
2025-10-22,21:46,AIAUSDT,BUY,8
2025-10-22,21:47,RIVERUSDT,BUY,15
2025-10-22,21:47,BLESSUSDT,BUY,11
2025-10-22,21:53,AIAUSDT,SELL,9
2025-10-22,21:53,XPLUSDT,SELL,8
2025-10-22,21:53,PUMPUSDT,SELL,8
2025-10-22,21:53,ZECUSDT,SELL,10
2025-10-22,21:56,BLUAIUSDT,SELL,8
2025-10-22,21:57,EVAAUSDT,BUY,9
2025-10-22,22:01,MINAUSDT,SELL,9
2025-10-22,22:01,CAKEUSDT,SELL,14
2025-10-22,22:01,BIOUSDT,SELL,15
2025-10-22,22:01,WUSDT,SELL,14
2025-10-22,22:01,YGGUSDT,SELL,17
2025-10-22,22:01,BEAMXUSDT,SELL,7
2025-10-22,22:01,NEIROUSDT,SELL,16
2025-10-22,22:01,ARBUSDT,SELL,20
2025-10-22,22:01,2ZUSDT,SELL,11
2025-10-22,22:01,MANAUSDT,SELL,8
2025-10-22,22:01,1000PEPEUSDT,SELL,23
2025-10-22,22:01,MUBARAKUSDT,SELL,11
2025-10-22,22:01,PUMPUSDT,SELL,16
2025-10-22,22:01,DOGSUSDT,SELL,12
2025-10-22,22:01,CELOUSDT,SELL,10
2025-10-22,22:01,ONDOUSDT,SELL,15
2025-10-22,22:01,EIGENUSDT,SELL,19
2025-10-22,22:01,IOUSDT,SELL,10
2025-10-22,22:01,ENAUSDT,SELL,16
2025-10-22,22:01,WIFUSDT,SELL,18
2025-10-22,22:01,ZENUSDT,SELL,17
2025-10-22,22:01,ZKUSDT,SELL,9
2025-10-22,22:01,RVVUSDT,SELL,9
2025-10-22,22:01,MOVEUSDT,SELL,7
2025-10-22,22:01,SPKUSDT,SELL,10
2025-10-22,22:01,API3USDT,SELL,10
2025-10-22,22:01,ICPUSDT,SELL,15
2025-10-22,22:01,DOTUSDT,SELL,19
2025-10-22,22:01,WLDUSDT,SELL,18
2025-10-22,22:01,ALPINEUSDT,SELL,16
2025-10-22,22:01,GRIFFAINUSDT,SELL,7
2025-10-22,22:01,VFYUSDT,SELL,16
2025-10-22,22:01,TUTUSDT,SELL,16
2025-10-22,22:01,VIRTUALUSDT,SELL,7
2025-10-22,22:01,GMTUSDT,SELL,8
2025-10-22,22:01,ORDIUSDT,SELL,12
2025-10-22,22:01,OPUSDT,SELL,13
2025-10-22,22:01,LABUSDT,SELL,8
2025-10-22,22:01,NEARUSDT,SELL,15
2025-10-22,22:01,TIAUSDT,SELL,19
2025-10-22,22:01,RENDERUSDT,SELL,11
2025-10-22,22:01,STXUSDT,SELL,8
2025-10-22,22:01,SUSDT,SELL,11
2025-10-22,22:01,FILUSDT,SELL,14
2025-10-22,22:01,1000FLOKIUSDT,SELL,19
2025-10-22,22:01,DYDXUSDT,SELL,12
2025-10-22,22:01,SUIUSDT,SELL,18
2025-10-22,22:01,TRUMPUSDT,SELL,16
2025-10-22,22:01,BBUSDT,SELL,12
2025-10-22,22:01,HBARUSDT,SELL,16
2025-10-22,22:01,WLFIUSDT,SELL,15
2025-10-22,22:01,1000SHIBUSDT,SELL,16
2025-10-22,22:01,DOGEUSDT,SELL,19
2025-10-22,22:01,ADAUSDT,SELL,22
2025-10-22,22:01,GALAUSDT,SELL,16
2025-10-22,22:01,LDOUSDT,SELL,16
2025-10-22,22:01,1000SATSUSDT,SELL,15
2025-10-22,22:01,VINEUSDT,SELL,7
2025-10-22,22:01,AXSUSDT,SELL,11
2025-10-22,22:01,币安人生USDT,SELL,11
2025-10-22,22:01,TAGUSDT,SELL,10
2025-10-22,22:01,OMUSDT,SELL,20
2025-10-22,22:01,ZORAUSDT,SELL,8
2025-10-22,22:01,ACEUSDT,SELL,7
2025-10-22,22:01,APTUSDT,SELL,13
2025-10-22,22:01,BNBUSDT,SELL,19
2025-10-22,22:01,ETHUSDT,SELL,29
2025-10-22,22:01,AGLDUSDT,SELL,7
2025-10-22,22:01,SNXUSDT,SELL,15
2025-10-22,22:01,1000BONKUSDT,SELL,15
2025-10-22,22:01,ATOMUSDT,SELL,8
2025-10-22,22:01,FUNUSDT,SELL,8
2025-10-22,22:01,AUCTIONUSDT,SELL,11
2025-10-22,22:01,XPLUSDT,SELL,15
2025-10-22,22:01,SEIUSDT,SELL,15
2025-10-22,22:01,1000PEPEUSDC,SELL,9
2025-10-22,22:01,BELUSDT,SELL,13
2025-10-22,22:01,PNUTUSDT,SELL,13
2025-10-22,22:01,TRBUSDT,SELL,11
2025-10-22,22:01,MEMEUSDT,SELL,10
2025-10-22,22:01,1MBABYDOGEUSDT,SELL,12
2025-10-22,22:01,MASKUSDT,SELL,9
2025-10-22,22:01,TAOUSDT,SELL,17
2025-10-22,22:01,ROSEUSDT,SELL,10
2025-10-22,22:01,TURBOUSDT,SELL,10
2025-10-22,22:01,ENSOUSDT,SELL,8
2025-10-22,22:01,SOLUSDT,SELL,22
2025-10-22,22:01,PENGUUSDT,SELL,14
2025-10-22,22:01,TRUTHUSDT,SELL,7
2025-10-22,22:01,PEOPLEUSDT,SELL,11
2025-10-22,22:01,KERNELUSDT,SELL,7
2025-10-22,22:01,1000LUNCUSDT,SELL,14
2025-10-22,22:01,MANTAUSDT,SELL,7
2025-10-22,22:01,TRUUSDT,SELL,7
2025-10-22,22:01,FORMUSDT,SELL,10
2025-10-22,22:01,4USDT,SELL,7
2025-10-22,22:01,FARTCOINUSDT,SELL,19
2025-10-22,22:01,CRVUSDT,SELL,9
2025-10-22,22:01,XVGUSDT,SELL,8
2025-10-22,22:01,AIXBTUSDT,SELL,10
2025-10-22,22:01,YBUSDT,SELL,7
2025-10-22,22:01,SPXUSDT,SELL,8
2025-10-22,22:01,IPUSDT,SELL,11
2025-10-22,22:01,AI16ZUSDT,SELL,9
2025-10-22,22:01,ZILUSDT,SELL,8
2025-10-22,22:01,PENDLEUSDT,SELL,7
2025-10-22,22:01,MOODENGUSDT,SELL,7
2025-10-22,22:01,NOMUSDT,SELL,9
2025-10-22,22:01,CYBERUSDT,SELL,7
2025-10-22,22:01,MIRAUSDT,SELL,10
2025-10-22,22:01,NEOUSDT,SELL,9
2025-10-22,22:01,SUPERUSDT,SELL,7
2025-10-22,22:01,OPENUSDT,SELL,9
2025-10-22,22:01,PYTHUSDT,SELL,7
2025-10-22,22:01,POLUSDT,SELL,7
2025-10-22,22:01,JTOUSDT,SELL,9
2025-10-22,22:01,JASMYUSDT,SELL,7
2025-10-22,22:01,SANDUSDT,SELL,9
2025-10-22,22:01,ZROUSDT,SELL,10
2025-10-22,22:01,MAGICUSDT,SELL,7
2025-10-22,22:01,MITOUSDT,SELL,11
2025-10-22,22:01,ARKMUSDT,SELL,10
2025-10-22,22:01,RAREUSDT,SELL,8
2025-10-22,22:01,FETUSDT,SELL,20
2025-10-22,22:01,TLMUSDT,SELL,9
2025-10-22,22:01,HYPEUSDT,SELL,7
2025-10-22,22:01,ETHFIUSDT,SELL,15
2025-10-22,22:01,SSVUSDT,SELL,8
2025-10-22,22:01,CUSDT,SELL,11
2025-10-22,22:01,XAIUSDT,SELL,8
2025-10-22,22:01,ALTUSDT,SELL,8
2025-10-22,22:01,ALGOUSDT,SELL,7
2025-10-22,22:01,NOTUSDT,SELL,7
2025-10-22,22:01,TONUSDT,SELL,9
2025-10-22,22:01,SAGAUSDT,SELL,10
2025-10-22,22:01,RDNTUSDT,SELL,9
2025-10-22,22:01,USTCUSDT,SELL,11
2025-10-22,22:01,BROCCOLI714USDT,SELL,14
2025-10-22,22:01,HOOKUSDT,SELL,9
2025-10-22,22:01,TREEUSDT,SELL,8
2025-10-22,22:01,NFPUSDT,SELL,9
2025-10-22,22:01,MELANIAUSDT,SELL,9
2025-10-22,22:01,MAVUSDT,SELL,7
2025-10-22,22:01,INITUSDT,SELL,9
2025-10-22,22:01,LUNA2USDT,SELL,7
2025-10-22,22:01,TSTUSDT,SELL,8
2025-10-22,22:01,BMTUSDT,SELL,7
2025-10-22,22:01,VICUSDT,SELL,7
2025-10-22,22:01,WCTUSDT,SELL,8
2025-10-22,22:01,FIOUSDT,SELL,7
2025-10-22,22:01,ZBTUSDT,SELL,7
2025-10-22,22:01,USUALUSDT,SELL,9
2025-10-22,22:01,KOMAUSDT,SELL,7
2025-10-22,22:01,INJUSDT,SELL,9
2025-10-22,22:01,FHEUSDT,SELL,9
2025-10-22,22:01,AVAXUSDT,SELL,20
2025-10-22,22:01,1000CATUSDT,SELL,8
2025-10-22,22:01,ALICEUSDT,SELL,12
2025-10-22,22:01,HANAUSDT,SELL,7
2025-10-22,22:01,XNYUSDT,SELL,8
2025-10-22,22:01,BOMEUSDT,SELL,14
2025-10-22,22:01,ZKCUSDT,SELL,12
2025-10-22,22:01,LINKUSDT,SELL,19
2025-10-22,22:01,THEUSDT,SELL,9
2025-10-22,22:01,LINEAUSDT,SELL,7
2025-10-22,22:01,AIUSDT,SELL,8
2025-10-22,22:01,AAVEUSDT,SELL,9
2025-10-22,22:01,BRETTUSDT,SELL,7
2025-10-22,22:01,XLMUSDT,SELL,9
2025-10-22,22:01,UNIUSDT,SELL,10
2025-10-22,22:01,ETCUSDT,SELL,7
2025-10-22,22:01,KAVAUSDT,SELL,16
2025-10-22,22:01,BCHUSDT,SELL,8
2025-10-22,22:01,SKLUSDT,SELL,7
2025-10-22,22:01,ETHUSDC,SELL,15
2025-10-22,22:01,CFXUSDT,SELL,11
2025-10-22,22:01,SQDUSDT,SELL,11
2025-10-22,22:01,BNBUSDC,SELL,7
2025-10-22,22:01,CHZUSDT,SELL,7
2025-10-22,22:01,CHILLGUYUSDT,SELL,7
2025-10-22,22:01,STBLUSDT,SELL,11
2025-10-22,22:01,SUSHIUSDT,SELL,9
2025-10-22,22:01,MAVIAUSDT,SELL,7
2025-10-22,22:03,AIAUSDT,BUY,7
2025-10-22,22:04,BASUSDT,SELL,8
2025-10-22,22:05,BLESSUSDT,SELL,8
2025-10-22,22:05,AIAUSDT,SELL,10
2025-10-22,22:07,XANUSDT,SELL,9
2025-10-22,22:09,AVNTUSDT,SELL,7
2025-10-22,22:10,XANUSDT,SELL,9
2025-10-22,22:10,AVNTUSDT,SELL,12
2025-10-22,22:10,BASUSDT,SELL,8
2025-10-22,22:11,CUSDT,SELL,11
2025-10-22,22:11,SOLVUSDT,SELL,10
2025-10-22,22:11,1000BONKUSDT,SELL,15
2025-10-22,22:11,TRUMPUSDT,SELL,16
2025-10-22,22:11,ARUSDT,SELL,14
2025-10-22,22:11,API3USDT,SELL,10
2025-10-22,22:11,OPENUSDT,SELL,16
2025-10-22,22:11,VFYUSDT,SELL,8
2025-10-22,22:11,CELOUSDT,SELL,9
2025-10-22,22:11,RENDERUSDT,SELL,12
2025-10-22,22:11,NEIROUSDT,SELL,15
2025-10-22,22:11,2ZUSDT,SELL,11
2025-10-22,22:11,MAVUSDT,SELL,10
2025-10-22,22:11,ARKMUSDT,SELL,10
2025-10-22,22:11,HOOKUSDT,SELL,12
2025-10-22,22:11,BOMEUSDT,SELL,11
2025-10-22,22:11,1000PEPEUSDT,SELL,21
2025-10-22,22:11,CAKEUSDT,SELL,14
2025-10-22,22:11,DOTUSDT,SELL,18
2025-10-22,22:11,CRVUSDT,SELL,14
2025-10-22,22:11,AVAXUSDT,SELL,22
2025-10-22,22:11,BCHUSDT,SELL,13
2025-10-22,22:11,LINKUSDT,SELL,19
2025-10-22,22:11,LTCUSDT,SELL,16
2025-10-22,22:11,SXPUSDT,SELL,8
2025-10-22,22:11,ARBUSDT,SELL,20
2025-10-22,22:11,YGGUSDT,SELL,14
2025-10-22,22:11,XRPUSDT,SELL,27
2025-10-22,22:11,OPUSDT,SELL,16
2025-10-22,22:11,ADAUSDT,SELL,19
2025-10-22,22:11,LDOUSDT,SELL,12
2025-10-22,22:11,币安人生USDT,SELL,17
2025-10-22,22:11,SOLUSDT,SELL,26
2025-10-22,22:11,AVNTUSDT,SELL,11
2025-10-22,22:11,ASTERUSDT,SELL,24
2025-10-22,22:11,SNXUSDT,SELL,20
2025-10-22,22:11,APTUSDT,SELL,14
2025-10-22,22:11,4USDT,SELL,12
2025-10-22,22:11,ORDIUSDT,SELL,14
2025-10-22,22:11,BRETTUSDT,SELL,8
2025-10-22,22:11,INITUSDT,SELL,10
2025-10-22,22:11,MUBARAKUSDT,SELL,10
2025-10-22,22:11,AIUSDT,SELL,15
2025-10-22,22:11,ETHUSDT,SELL,28
2025-10-22,22:11,LISTAUSDT,SELL,7
2025-10-22,22:11,BIOUSDT,SELL,15
2025-10-22,22:11,PNUTUSDT,SELL,11
2025-10-22,22:11,SYNUSDT,SELL,11
2025-10-22,22:11,MEMEUSDT,SELL,13
2025-10-22,22:11,SUSDT,SELL,12
2025-10-22,22:11,PYTHUSDT,SELL,11
2025-10-22,22:11,WIFUSDT,SELL,18
2025-10-22,22:11,DOGEUSDT,SELL,22
2025-10-22,22:11,ALICEUSDT,SELL,12
2025-10-22,22:11,TRUUSDT,SELL,8
2025-10-22,22:11,ACEUSDT,SELL,9
2025-10-22,22:11,GOATUSDT,SELL,9
2025-10-22,22:11,HOLOUSDT,SELL,11
2025-10-22,22:11,HYPEUSDT,SELL,10
2025-10-22,22:11,MOVRUSDT,SELL,8
2025-10-22,22:11,THEUSDT,SELL,15
2025-10-22,22:11,FORMUSDT,SELL,12
2025-10-22,22:11,HEMIUSDT,SELL,7
2025-10-22,22:11,TAOUSDT,SELL,19
2025-10-22,22:11,NOTUSDT,SELL,13
2025-10-22,22:11,ETCUSDT,SELL,11
2025-10-22,22:11,SAGAUSDT,SELL,11
2025-10-22,22:11,SPXUSDT,SELL,15
2025-10-22,22:11,XAIUSDT,SELL,10
2025-10-22,22:11,1000SATSUSDT,SELL,9
2025-10-22,22:11,OMUSDT,SELL,13
2025-10-22,22:11,HOTUSDT,SELL,8
2025-10-22,22:11,CHILLGUYUSDT,SELL,8
2025-10-22,22:11,ADAUSDC,SELL,10
2025-10-22,22:11,ETHFIUSDC,SELL,7
2025-10-22,22:11,BASUSDT,SELL,8
2025-10-22,22:11,KERNELUSDT,SELL,10
2025-10-22,22:11,BANANAUSDT,SELL,9
2025-10-22,22:11,METUSDT,SELL,7
2025-10-22,22:11,MAGICUSDT,SELL,11
2025-10-22,22:11,SEIUSDT,SELL,16
2025-10-22,22:11,TRBUSDT,SELL,8
2025-10-22,22:11,NFPUSDT,SELL,8
2025-10-22,22:11,BNBUSDT,SELL,25
2025-10-22,22:11,GALAUSDT,SELL,17
2025-10-22,22:11,HANAUSDT,SELL,14
2025-10-22,22:11,MITOUSDT,SELL,9
2025-10-22,22:11,FETUSDT,SELL,21
2025-10-22,22:11,BBUSDT,SELL,14
2025-10-22,22:11,BANANAS31USDT,SELL,10
2025-10-22,22:11,XANUSDT,SELL,11
2025-10-22,22:11,ZEREBROUSDT,SELL,7
2025-10-22,22:11,MYXUSDT,SELL,8
2025-10-22,22:11,TRUMPUSDC,SELL,7
2025-10-22,22:11,1000FLOKIUSDT,SELL,16
2025-10-22,22:11,SUIUSDT,SELL,19
2025-10-22,22:11,ROSEUSDT,SELL,12
2025-10-22,22:11,PENGUUSDT,SELL,16
2025-10-22,22:11,WLFIUSDT,SELL,16
2025-10-22,22:11,RAYSOLUSDT,SELL,7
2025-10-22,22:11,TIAUSDT,SELL,18
2025-10-22,22:11,PEOPLEUSDT,SELL,9
2025-10-22,22:11,APEUSDT,SELL,12
2025-10-22,22:11,ALPINEUSDT,SELL,11
2025-10-22,22:11,ZBTUSDT,SELL,10
2025-10-22,22:11,BDXNUSDT,SELL,10
2025-10-22,22:11,ZKCUSDT,SELL,9
2025-10-22,22:11,AXLUSDT,SELL,7
2025-10-22,22:11,EIGENUSDT,SELL,15
2025-10-22,22:11,FARTCOINUSDT,SELL,14
2025-10-22,22:11,XPLUSDT,SELL,11
2025-10-22,22:11,EPTUSDT,SELL,7
2025-10-22,22:11,TRADOORUSDT,SELL,7
2025-10-22,22:11,ERAUSDT,SELL,7
2025-10-22,22:11,GRIFFAINUSDT,SELL,11
2025-10-22,22:11,PHAUSDT,SELL,7
2025-10-22,22:11,ACHUSDT,SELL,11
2025-10-22,22:11,FILUSDT,SELL,14
2025-10-22,22:11,LINEAUSDT,SELL,8
2025-10-22,22:11,1MBABYDOGEUSDT,SELL,11
2025-10-22,22:11,MANAUSDT,SELL,11
2025-10-22,22:11,SUSHIUSDT,SELL,11
2025-10-22,22:11,SANDUSDT,SELL,11
2025-10-22,22:11,XLMUSDT,SELL,12
2025-10-22,22:11,HYPERUSDT,SELL,7
2025-10-22,22:11,ALGOUSDT,SELL,10
2025-10-22,22:11,HFTUSDT,SELL,7
2025-10-22,22:11,POLUSDT,SELL,8
2025-10-22,22:11,HBARUSDT,SELL,12
2025-10-22,22:11,TREEUSDT,SELL,9
2025-10-22,22:11,MOVEUSDT,SELL,9
2025-10-22,22:11,PUMPUSDT,SELL,13
2025-10-22,22:11,JUPUSDT,SELL,7
2025-10-22,22:11,POPCATUSDT,SELL,9
2025-10-22,22:11,ATOMUSDT,SELL,12
2025-10-22,22:11,PENDLEUSDT,SELL,11
2025-10-22,22:11,IOUSDT,SELL,11
2025-10-22,22:11,RSRUSDT,SELL,10
2025-10-22,22:11,MOODENGUSDT,SELL,8
2025-10-22,22:11,ICPUSDT,SELL,14
2025-10-22,22:11,TONUSDT,SELL,14
2025-10-22,22:11,1INCHUSDT,SELL,7
2025-10-22,22:11,STORJUSDT,SELL,8
2025-10-22,22:11,PIXELUSDT,SELL,10
2025-10-22,22:11,THETAUSDT,SELL,9
2025-10-22,22:11,CFXUSDT,SELL,8
2025-10-22,22:11,NEOUSDT,SELL,7
2025-10-22,22:11,SKLUSDT,SELL,10
2025-10-22,22:11,EDENUSDT,SELL,11
2025-10-22,22:11,AAVEUSDT,SELL,10
2025-10-22,22:11,PHBUSDT,SELL,9
2025-10-22,22:11,LUNA2USDT,SELL,9
2025-10-22,22:11,TOKENUSDT,SELL,8
2025-10-22,22:11,AVAXUSDC,SELL,9
2025-10-22,22:11,AUCTIONUSDT,SELL,8
2025-10-22,22:11,SANTOSUSDT,SELL,8
2025-10-22,22:11,MINAUSDT,SELL,9
2025-10-22,22:11,TAUSDT,SELL,10
2025-10-22,22:11,NEARUSDT,SELL,14
2025-10-22,22:11,SPKUSDT,SELL,7
2025-10-22,22:11,JASMYUSDT,SELL,8
2025-10-22,22:11,XRPUSDC,SELL,9
2025-10-22,22:11,GMTUSDT,SELL,7
2025-10-22,22:11,WLDUSDT,SELL,14
2025-10-22,22:11,CYBERUSDT,SELL,8
2025-10-22,22:11,C98USDT,SELL,9
2025-10-22,22:11,RESOLVUSDT,SELL,8
2025-10-22,22:11,AGTUSDT,SELL,10
2025-10-22,22:11,MELANIAUSDT,SELL,9
2025-10-22,22:11,ZKUSDT,SELL,10
2025-10-22,22:11,ENAUSDT,SELL,17
2025-10-22,22:11,BELUSDT,SELL,11
2025-10-22,22:11,TUTUSDT,SELL,8
2025-10-22,22:11,WUSDT,SELL,9
2025-10-22,22:11,BROCCOLI714USDT,SELL,7
2025-10-22,22:11,TSTUSDT,SELL,9
2025-10-22,22:11,INJUSDT,SELL,8
2025-10-22,22:11,REZUSDT,SELL,8
2025-10-22,22:11,ONDOUSDT,SELL,12
2025-10-22,22:11,COMPUSDT,SELL,7
2025-10-22,22:11,KAVAUSDT,SELL,12
2025-10-22,22:11,TLMUSDT,SELL,7
2025-10-22,22:11,SOMIUSDT,SELL,11
2025-10-22,22:11,AI16ZUSDT,SELL,11
2025-10-22,22:11,SSVUSDT,SELL,7
2025-10-22,22:11,DOGSUSDT,SELL,10
2025-10-22,22:11,EGLDUSDT,SELL,7
2025-10-22,22:11,AXSUSDT,SELL,7
2025-10-22,22:11,HMSTRUSDT,SELL,7
2025-10-22,22:11,LAYERUSDT,SELL,7
2025-10-22,22:11,USUALUSDT,SELL,8
2025-10-22,22:11,GRTUSDT,SELL,7
2025-10-22,22:11,BIGTIMEUSDT,SELL,7
2025-10-22,22:11,1000LUNCUSDT,SELL,9
2025-10-22,22:11,VANRYUSDT,SELL,8
2025-10-22,22:11,PORTALUSDT,SELL,8
2025-10-22,22:11,USTCUSDT,SELL,7
2025-10-22,22:11,DOGEUSDC,SELL,9
2025-10-22,22:11,TRXUSDT,SELL,7
2025-10-22,22:11,VETUSDT,SELL,8
2025-10-22,22:11,KASUSDT,SELL,7
2025-10-22,22:11,1000PEPEUSDC,SELL,7
2025-10-22,22:11,STRKUSDT,SELL,11
2025-10-22,22:11,IOTXUSDT,SELL,8
2025-10-22,22:11,SWARMSUSDT,SELL,9
2025-10-22,22:11,MLNUSDT,SELL,7
2025-10-22,22:11,RVVUSDT,SELL,7
2025-10-22,22:11,RDNTUSDT,SELL,7
2025-10-22,22:11,IOTAUSDT,SELL,7
2025-10-22,22:11,UNIUSDT,SELL,13
2025-10-22,22:11,GRASSUSDT,SELL,7
2025-10-22,22:11,DAMUSDT,SELL,16
2025-10-22,22:11,SOLUSDC,SELL,8
2025-10-22,22:11,SKYAIUSDT,SELL,9
2025-10-22,22:11,HUMAUSDT,SELL,8
2025-10-22,22:11,BTCUSDC,SELL,9
2025-10-22,22:11,SKATEUSDT,SELL,10
2025-10-22,22:11,ETHUSDC,SELL,11
2025-10-22,22:11,BNBUSDC,SELL,8
2025-10-22,22:11,XNYUSDT,SELL,10
2025-10-22,22:11,PLUMEUSDT,SELL,7
2025-10-22,22:12,OMUSDT,SELL,8
2025-10-22,22:12,KDAUSDT,SELL,10
2025-10-22,22:16,AIAUSDT,BUY,7
2025-10-22,22:19,LABUSDT,SELL,7
2025-10-22,22:22,BLUAIUSDT,SELL,7
2025-10-22,22:22,币安人生USDT,SELL,10
2025-10-22,22:22,RIVERUSDT,BUY,12
2025-10-22,22:23,币安人生USDT,SELL,27
2025-10-22,22:23,ETHUSDT,SELL,7
2025-10-22,22:24,币安人生USDT,SELL,15
2025-10-22,22:26,KDAUSDT,BUY,8
2025-10-22,22:31,COAIUSDT,SELL,8
2025-10-22,22:32,COAIUSDT,SELL,8
2025-10-22,22:35,NAORISUSDT,SELL,9
2025-10-22,22:38,EVAAUSDT,SELL,9
2025-10-22,22:42,KDAUSDT,BUY,8
2025-10-22,22:42,COAIUSDT,SELL,7
2025-10-22,22:48,EVAAUSDT,BUY,8
2025-10-22,22:50,RIVERUSDT,BUY,12
2025-10-22,22:52,BLESSUSDT,SELL,8
2025-10-22,22:52,BLUAIUSDT,SELL,7
2025-10-22,22:53,EVAAUSDT,BUY,13
2025-10-22,22:54,RIVERUSDT,BUY,9
2025-10-22,23:01,EVAAUSDT,BUY,12
2025-10-22,23:02,BTCUSDT,BUY,8
2025-10-22,23:04,EVAAUSDT,SELL,7
2025-10-22,23:06,BTCUSDT,BUY,7
2025-10-22,23:06,ETHUSDT,BUY,7
2025-10-22,23:18,BLUAIUSDT,SELL,7
2025-10-22,23:18,AIAUSDT,SELL,7
2025-10-22,23:29,ZECUSDT,SELL,8
2025-10-22,23:30,XPLUSDT,SELL,9
2025-10-22,23:37,AIAUSDT,SELL,9
2025-10-22,23:48,AIAUSDT,SELL,13
2025-10-23,00:02,XPINUSDT,SELL,7
2025-10-23,00:04,XPINUSDT,SELL,7
2025-10-23,00:11,BLUAIUSDT,SELL,8
2025-10-23,00:16,BLESSUSDT,SELL,9
2025-10-23,00:18,FUSDT,BUY,14
2025-10-23,00:20,FUSDT,BUY,7
2025-10-23,00:22,UBUSDT,BUY,7
2025-10-23,00:26,BTCUSDT,BUY,14
2025-10-23,00:26,ETHUSDT,BUY,15
2025-10-23,00:26,RIVERUSDT,BUY,7
2025-10-23,00:29,AIAUSDT,SELL,7
2025-10-23,00:30,AIAUSDT,SELL,22
2025-10-23,00:41,币安人生USDT,BUY,7
2025-10-23,01:03,UBUSDT,BUY,11
2025-10-23,01:03,COAIUSDT,SELL,9
2025-10-23,01:07,UBUSDT,SELL,7
2025-10-23,01:09,EVAAUSDT,SELL,7
2025-10-23,01:11,EVAAUSDT,SELL,13
2025-10-23,01:12,EVAAUSDT,SELL,12
2025-10-23,01:19,ETHUSDT,BUY,8
2025-10-23,01:24,币安人生USDT,BUY,7
2025-10-23,01:46,KDAUSDT,SELL,7
2025-10-23,02:02,COAIUSDT,BUY,11
2025-10-23,02:04,COAIUSDT,BUY,9
2025-10-23,02:06,BLUAIUSDT,SELL,8
2025-10-23,02:07,BLUAIUSDT,SELL,8
2025-10-23,02:11,BTCUSDT,BUY,8
2025-10-23,02:12,ETHUSDT,BUY,7
2025-10-23,02:12,RECALLUSDT,BUY,7
2025-10-23,02:15,BROCCOLIF3BUSDT,SELL,7
2025-10-23,02:23,LIGHTUSDT,SELL,10
2025-10-23,02:31,BASUSDT,BUY,7
2025-10-23,02:42,YBUSDT,BUY,8
2025-10-23,02:47,币安人生USDT,SELL,9
2025-10-23,03:05,EVAAUSDT,SELL,8
2025-10-23,03:07,RVVUSDT,SELL,11
2025-10-23,03:09,BASUSDT,BUY,8
2025-10-23,03:10,BASUSDT,BUY,9
2025-10-23,03:15,BASUSDT,BUY,15
2025-10-23,03:17,AIAUSDT,BUY,9
2025-10-23,03:17,COAIUSDT,SELL,8
2025-10-23,03:18,BASUSDT,BUY,13
2025-10-23,03:20,AIAUSDT,BUY,10
2025-10-23,03:30,YBUSDT,BUY,8
2025-10-23,03:32,AIAUSDT,SELL,7
2025-10-23,03:34,RIVERUSDT,BUY,16
2025-10-23,03:34,COAIUSDT,BUY,7
2025-10-23,03:34,RECALLUSDT,SELL,9
2025-10-23,03:35,COAIUSDT,BUY,10
2025-10-23,03:35,AIAUSDT,BUY,7
2025-10-23,03:36,COAIUSDT,BUY,8
2025-10-23,03:36,EVAAUSDT,BUY,8
2025-10-23,03:37,AIAUSDT,BUY,16
2025-10-23,03:37,BASUSDT,BUY,14
2025-10-23,03:38,RIVERUSDT,BUY,18
2025-10-23,03:39,BASUSDT,SELL,10
2025-10-23,03:40,BASUSDT,SELL,9
2025-10-23,03:40,COAIUSDT,BUY,7
2025-10-23,03:47,RIVERUSDT,BUY,13
2025-10-23,03:47,RECALLUSDT,SELL,8
2025-10-23,03:48,RECALLUSDT,SELL,9
2025-10-23,03:48,BASUSDT,SELL,10
2025-10-23,03:49,RECALLUSDT,SELL,17
2025-10-23,03:50,AIAUSDT,BUY,10
2025-10-23,03:52,BASUSDT,SELL,9
2025-10-23,03:58,COAIUSDT,BUY,7
2025-10-23,03:59,COAIUSDT,BUY,13
2025-10-23,03:59,BLUAIUSDT,SELL,10
2025-10-23,04:01,BASUSDT,SELL,16
2025-10-23,04:01,4USDT,BUY,7
2025-10-23,04:03,BASUSDT,SELL,13
2025-10-23,04:04,KGENUSDT,SELL,21
2025-10-23,04:04,AIAUSDT,BUY,18
2025-10-23,04:04,XPINUSDT,BUY,12
2025-10-23,04:04,BASUSDT,SELL,14
2025-10-23,04:08,AIAUSDT,BUY,8
2025-10-23,04:08,ASTERUSDT,BUY,7
2025-10-23,04:09,RIVERUSDT,BUY,8
2025-10-23,04:13,BASUSDT,SELL,17
2025-10-23,04:19,YBUSDT,BUY,13
2025-10-23,04:23,AIAUSDT,BUY,11
2025-10-23,04:32,RIVERUSDT,SELL,9
2025-10-23,04:39,AIAUSDT,SELL,26
2025-10-23,04:39,YBUSDT,SELL,11
2025-10-23,04:47,YBUSDT,SELL,9
2025-10-23,05:00,BASUSDT,SELL,9
2025-10-23,05:01,YBUSDT,BUY,10
2025-10-23,05:02,EVAAUSDT,SELL,7
2025-10-23,05:02,AIAUSDT,BUY,11
2025-10-23,05:02,BASUSDT,SELL,8
2025-10-23,05:03,AIAUSDT,BUY,9
2025-10-23,05:04,RIVERUSDT,BUY,7
2025-10-23,05:05,AIAUSDT,BUY,11
2025-10-23,05:06,UBUSDT,SELL,8
2025-10-23,05:10,BASUSDT,SELL,8
2025-10-23,05:13,BASUSDT,SELL,15
2025-10-23,05:14,KGENUSDT,SELL,8
2025-10-23,05:18,AIAUSDT,SELL,15
2025-10-23,05:21,SOLUSDT,BUY,7
2025-10-23,05:25,XPINUSDT,BUY,17
2025-10-23,05:28,BASUSDT,BUY,12
2025-10-23,05:30,EVAAUSDT,BUY,8
2025-10-23,05:37,RIVERUSDT,BUY,15
2025-10-23,05:37,AIAUSDT,BUY,8
2025-10-23,05:40,BTCUSDT,BUY,12
2025-10-23,05:40,ETHUSDT,BUY,12
2025-10-23,05:42,EVAAUSDT,BUY,11
2025-10-23,05:43,ETHUSDT,BUY,7
2025-10-23,05:50,FUSDT,BUY,9
2025-10-23,05:57,AIAUSDT,BUY,7
2025-10-23,05:59,EVAAUSDT,SELL,7
2025-10-23,05:59,FUSDT,BUY,7
2025-10-23,06:02,EVAAUSDT,SELL,7
2025-10-23,06:03,EVAAUSDT,SELL,10
2025-10-23,06:11,EVAAUSDT,SELL,8
2025-10-23,06:12,XPINUSDT,BUY,8
2025-10-23,06:13,XPINUSDT,BUY,22
2025-10-23,06:13,EVAAUSDT,BUY,9
2025-10-23,06:18,XPINUSDT,BUY,10
2025-10-23,06:19,XPINUSDT,BUY,22
2025-10-23,06:20,RIVERUSDT,BUY,7
2025-10-23,06:40,AIAUSDT,SELL,11
2025-10-23,06:42,XPINUSDT,SELL,10
2025-10-23,06:45,FUSDT,SELL,11
2025-10-23,06:46,EVAAUSDT,SELL,11
2025-10-23,06:48,AIAUSDT,SELL,12
2025-10-23,06:54,XPINUSDT,SELL,8
2025-10-23,06:57,ZECUSDT,SELL,12
2025-10-23,06:58,XPINUSDT,SELL,7
2025-10-23,07:00,LIGHTUSDT,SELL,9
2025-10-23,07:01,ZKJUSDT,BUY,14
2025-10-23,07:05,AIAUSDT,BUY,9
2025-10-23,07:06,RVVUSDT,BUY,7
2025-10-23,07:06,BLUAIUSDT,BUY,7
2025-10-23,07:07,BLUAIUSDT,BUY,8
2025-10-23,07:09,AIAUSDT,BUY,8
2025-10-23,07:10,KDAUSDT,BUY,8
2025-10-23,07:15,SOLUSDT,BUY,17
2025-10-23,07:15,XRPUSDT,BUY,11
2025-10-23,07:15,ETHUSDT,BUY,23
2025-10-23,07:15,BTCUSDT,BUY,19
2025-10-23,07:15,BTCUSDC,BUY,11
2025-10-23,07:15,DOGEUSDT,BUY,13
2025-10-23,07:15,BNBUSDT,BUY,14
2025-10-23,07:15,ETHUSDC,BUY,9
2025-10-23,07:15,EVAAUSDT,BUY,10
2025-10-23,07:16,BTCUSDT,BUY,10
2025-10-23,07:16,ETHUSDT,BUY,7
2025-10-23,07:16,BNBUSDT,BUY,11
2025-10-23,07:16,SOLUSDT,BUY,8
2025-10-23,07:16,RIVERUSDT,BUY,10
2025-10-23,07:17,ETHUSDT,BUY,7
2025-10-23,07:17,BTCUSDT,BUY,8
2025-10-23,07:18,SOLUSDT,BUY,7
2025-10-23,07:18,ETHUSDT,BUY,7
2025-10-23,07:18,4USDT,BUY,7
2025-10-23,07:26,AIAUSDT,BUY,8
2025-10-23,07:31,YBUSDT,SELL,8
2025-10-23,07:38,XPINUSDT,BUY,8
2025-10-23,07:41,XPINUSDT,BUY,13
2025-10-23,07:48,ETHUSDT,BUY,7
2025-10-23,07:49,ZKJUSDT,BUY,7
2025-10-23,07:51,ETHUSDT,BUY,8
2025-10-23,07:52,BTCUSDT,BUY,9
2025-10-23,08:00,EPTUSDT,BUY,7
2025-10-23,08:05,XPINUSDT,BUY,17
2025-10-23,08:05,COAIUSDT,BUY,7
2025-10-23,08:14,BASUSDT,SELL,10
2025-10-23,08:18,METUSDT,SELL,18
2025-10-23,08:18,EVAAUSDT,SELL,10
2025-10-23,08:19,AIAUSDT,SELL,14
2025-10-23,08:20,XPINUSDT,BUY,7
2025-10-23,08:21,XPINUSDT,BUY,14
2025-10-23,08:22,RIVERUSDT,BUY,16
2025-10-23,08:23,BTCUSDT,SELL,8
2025-10-23,08:24,BTCUSDT,SELL,20
2025-10-23,08:24,ETHUSDT,SELL,8
2025-10-23,08:25,XPINUSDT,SELL,11
2025-10-23,08:27,AIAUSDT,SELL,10
2025-10-23,08:30,EVAAUSDT,BUY,7
2025-10-23,08:32,AIAUSDT,SELL,18
2025-10-23,08:39,AIAUSDT,SELL,17
2025-10-23,08:41,ZKJUSDT,SELL,13
2025-10-23,08:41,AIAUSDT,SELL,22
2025-10-23,08:41,BTCUSDT,SELL,7
2025-10-23,08:44,AIAUSDT,BUY,7
2025-10-23,08:47,EVAAUSDT,BUY,11
2025-10-23,08:50,KDAUSDT,SELL,9
2025-10-23,08:56,LABUSDT,BUY,7
2025-10-23,08:59,KGENUSDT,SELL,8
2025-10-23,09:01,EVAAUSDT,SELL,9
2025-10-23,09:04,EPTUSDT,BUY,8
2025-10-23,09:05,SOLUSDT,BUY,11
2025-10-23,09:05,KGENUSDT,SELL,14
2025-10-23,09:08,AIAUSDT,SELL,15
2025-10-23,09:08,KGENUSDT,SELL,7
2025-10-23,09:09,KGENUSDT,SELL,10
2025-10-23,09:10,BNBUSDT,BUY,10
2025-10-23,09:11,BNBUSDT,BUY,7
2025-10-23,09:12,BNBUSDT,BUY,16
2025-10-23,09:15,币安人生USDT,SELL,7
2025-10-23,09:16,AIAUSDT,BUY,12
2025-10-23,09:17,AIAUSDT,BUY,7
2025-10-23,09:19,EVAAUSDT,SELL,9
2025-10-23,09:20,AIAUSDT,BUY,11
2025-10-23,09:20,COAIUSDT,BUY,12
2025-10-23,09:25,4USDT,SELL,8
2025-10-23,09:26,AIAUSDT,SELL,13
2025-10-23,09:31,RIVERUSDT,BUY,9
2025-10-23,09:32,AIAUSDT,SELL,14
2025-10-23,09:43,AIAUSDT,SELL,14
2025-10-23,09:45,RECALLUSDT,SELL,7
2025-10-23,09:47,COAIUSDT,BUY,8
2025-10-23,09:47,XPINUSDT,BUY,7
2025-10-23,09:54,EVAAUSDT,BUY,9
2025-10-23,09:58,RIVERUSDT,BUY,11
2025-10-23,09:59,RIVERUSDT,BUY,15
2025-10-23,09:59,EVAAUSDT,BUY,7
2025-10-23,10:01,AIAUSDT,SELL,12
2025-10-23,10:06,BNBUSDT,SELL,7
2025-10-23,10:07,COAIUSDT,BUY,15
2025-10-23,10:10,LABUSDT,BUY,8
2025-10-23,10:11,BTCUSDT,SELL,7
2025-10-23,10:14,BTCUSDT,SELL,7
2025-10-23,10:15,YBUSDT,BUY,7
2025-10-23,10:22,COAIUSDT,BUY,9
2025-10-23,10:26,METUSDT,SELL,9
2025-10-23,10:31,LABUSDT,BUY,7
2025-10-23,10:31,METUSDT,SELL,9
2025-10-23,10:32,XPINUSDT,BUY,37
2025-10-23,10:32,COAIUSDT,BUY,19
2025-10-23,10:34,COAIUSDT,BUY,15
2025-10-23,10:34,KDAUSDT,SELL,7
2025-10-23,10:35,RECALLUSDT,SELL,8
2025-10-23,10:37,EPTUSDT,BUY,11
2025-10-23,10:41,XPINUSDT,BUY,11
2025-10-23,10:42,METUSDT,SELL,13
2025-10-23,10:47,BLUAIUSDT,SELL,7
2025-10-23,10:48,KDAUSDT,SELL,8
2025-10-23,10:48,BLUAIUSDT,SELL,14
2025-10-23,10:48,XPINUSDT,SELL,8
2025-10-23,10:50,LABUSDT,BUY,7
2025-10-23,10:51,BASUSDT,SELL,7
2025-10-23,10:56,RIVERUSDT,BUY,8
2025-10-23,10:56,XPINUSDT,SELL,22
2025-10-23,10:59,EPTUSDT,SELL,7
2025-10-23,11:01,RIVERUSDT,BUY,26
2025-10-23,11:02,RIVERUSDT,BUY,21
2025-10-23,11:03,EPTUSDT,SELL,7
2025-10-23,11:12,LABUSDT,SELL,14
2025-10-23,11:12,BROCCOLIF3BUSDT,SELL,7
2025-10-23,11:13,LABUSDT,SELL,12
2025-10-23,11:15,AIAUSDT,BUY,11
2025-10-23,11:21,RVVUSDT,BUY,7
2025-10-23,11:22,XPINUSDT,BUY,13
2025-10-23,11:22,EPTUSDT,BUY,12
2025-10-23,11:24,XPINUSDT,BUY,16
2025-10-23,11:27,XPINUSDT,SELL,9
2025-10-23,11:31,XPINUSDT,BUY,24
2025-10-23,11:40,YBUSDT,SELL,7
2025-10-23,11:44,METUSDT,SELL,10
2025-10-23,11:47,LABUSDT,SELL,9
2025-10-23,11:47,XPINUSDT,SELL,16
2025-10-23,11:48,LABUSDT,SELL,11
2025-10-23,11:51,RIVERUSDT,BUY,11
2025-10-23,11:57,LABUSDT,SELL,8
2025-10-23,11:57,RIVERUSDT,BUY,16
2025-10-23,11:58,RIVERUSDT,BUY,14
2025-10-23,11:58,LABUSDT,SELL,7
2025-10-23,11:59,BLUAIUSDT,SELL,13
2025-10-23,12:00,EVAAUSDT,SELL,12
2025-10-23,12:02,COAIUSDT,BUY,24
2025-10-23,12:03,EPTUSDT,SELL,10
2025-10-23,12:04,EVAAUSDT,SELL,9
2025-10-23,12:05,EVAAUSDT,SELL,7
2025-10-23,12:06,LABUSDT,SELL,7
2025-10-23,12:09,EVAAUSDT,SELL,7
2025-10-23,12:12,COAIUSDT,BUY,13
2025-10-23,12:12,XPINUSDT,BUY,11
2025-10-23,12:16,ETHUSDT,SELL,9
2025-10-23,12:16,BNBUSDT,SELL,7
2025-10-23,12:16,XPINUSDT,BUY,8
2025-10-23,12:19,RIVERUSDT,SELL,11
2025-10-23,12:21,EPTUSDT,SELL,7
2025-10-23,12:22,币安人生USDT,SELL,10
2025-10-23,12:22,TRUTHUSDT,SELL,14
2025-10-23,12:23,币安人生USDT,SELL,11
2025-10-23,12:23,TAOUSDT,SELL,7
2025-10-23,12:24,RIVERUSDT,SELL,9
2025-10-23,12:26,XPINUSDT,BUY,10
2025-10-23,12:29,BASUSDT,BUY,8
2025-10-23,12:30,METUSDT,BUY,8
2025-10-23,12:30,RVVUSDT,SELL,12
2025-10-23,12:31,EVAAUSDT,SELL,11
2025-10-23,12:32,BASUSDT,SELL,14
2025-10-23,12:32,RVVUSDT,SELL,13
2025-10-23,12:32,RIVERUSDT,SELL,15
2025-10-23,12:33,FUSDT,BUY,8
2025-10-23,12:34,FUSDT,BUY,8
2025-10-23,12:35,AIAUSDT,SELL,9
2025-10-23,12:35,BTCUSDT,SELL,7
2025-10-23,12:36,币安人生USDT,SELL,12
2025-10-23,12:37,币安人生USDT,SELL,8
2025-10-23,12:37,XPINUSDT,BUY,8
2025-10-23,12:39,AIAUSDT,SELL,11
2025-10-23,12:39,RIVERUSDT,SELL,13
2025-10-23,12:39,AKEUSDT,SELL,9
2025-10-23,12:40,RIVERUSDT,SELL,8
2025-10-23,12:40,XPINUSDT,SELL,14
2025-10-23,12:41,AIAUSDT,SELL,19
2025-10-23,12:43,RIVERUSDT,SELL,7
2025-10-23,12:44,RIVERUSDT,SELL,17
2025-10-23,12:44,ZECUSDT,SELL,8
2025-10-23,12:51,ZECUSDT,SELL,8
2025-10-23,12:51,ETHUSDT,SELL,7
2025-10-23,12:52,RIVERUSDT,BUY,11
2025-10-23,12:56,RIVERUSDT,BUY,7
2025-10-23,12:56,币安人生USDT,SELL,9
2025-10-23,12:57,RIVERUSDT,BUY,8
2025-10-23,12:58,RIVERUSDT,BUY,14
2025-10-23,13:00,RIVERUSDT,BUY,11
2025-10-23,13:00,DOGSUSDT,SELL,12
2025-10-23,13:01,XPINUSDT,BUY,13
2025-10-23,13:01,KDAUSDT,SELL,8
2025-10-23,13:01,ETHUSDT,SELL,10
2025-10-23,13:02,BTCUSDT,SELL,22
2025-10-23,13:02,ETHUSDT,SELL,17
2025-10-23,13:02,ADAUSDT,SELL,7
2025-10-23,13:02,BNBUSDT,SELL,10
2025-10-23,13:02,1000PEPEUSDT,SELL,7
2025-10-23,13:02,XRPUSDT,SELL,7
2025-10-23,13:02,DOGEUSDT,SELL,9
2025-10-23,13:03,DOGEUSDT,SELL,8
2025-10-23,13:03,XPINUSDT,BUY,7
2025-10-23,13:03,SOLUSDT,SELL,7
2025-10-23,13:03,ETHUSDT,SELL,8
2025-10-23,13:04,BTCUSDT,SELL,15
2025-10-23,13:04,XRPUSDT,SELL,12
2025-10-23,13:04,BNBUSDT,SELL,13
2025-10-23,13:04,币安人生USDT,SELL,7
2025-10-23,13:05,币安人生USDT,SELL,14
2025-10-23,13:07,ASTERUSDT,SELL,7
2025-10-23,13:09,RIVERUSDT,SELL,7
2025-10-23,13:10,RIVERUSDT,BUY,9
2025-10-23,13:16,RIVERUSDT,SELL,10
2025-10-23,13:21,AVNTUSDT,BUY,8
2025-10-23,13:26,EVAAUSDT,BUY,10
2025-10-23,13:29,UBUSDT,SELL,7
2025-10-23,13:32,币安人生USDT,SELL,12
2025-10-23,13:38,METUSDT,SELL,12
2025-10-23,13:39,METUSDT,SELL,15
2025-10-23,13:40,KDAUSDT,SELL,9
2025-10-23,13:40,AIAUSDT,SELL,12
2025-10-23,13:41,KDAUSDT,SELL,9
2025-10-23,13:41,AIAUSDT,SELL,15
2025-10-23,13:41,METUSDT,SELL,14
2025-10-23,13:42,COAIUSDT,BUY,15
2025-10-23,13:43,COAIUSDT,BUY,7
2025-10-23,13:44,RVVUSDT,SELL,10
2025-10-23,13:45,AIAUSDT,SELL,7
2025-10-23,13:46,4USDT,SELL,7
2025-10-23,13:54,EVAAUSDT,SELL,7
2025-10-23,13:59,HYPEUSDT,BUY,7
2025-10-23,13:59,METUSDT,BUY,11
2025-10-23,13:59,BASUSDT,BUY,7
2025-10-23,14:01,METUSDT,SELL,22
2025-10-23,14:02,LABUSDT,SELL,8
2025-10-23,14:02,4USDT,SELL,11
2025-10-23,14:03,BELUSDT,BUY,9
2025-10-23,14:03,EVAAUSDT,SELL,9
2025-10-23,14:06,YBUSDT,BUY,7
2025-10-23,14:07,BLUAIUSDT,SELL,8
2025-10-23,14:08,METUSDT,SELL,12
2025-10-23,14:11,METUSDT,SELL,11
2025-10-23,14:12,WALUSDT,BUY,9
2025-10-23,14:12,AIAUSDT,SELL,8
2025-10-23,14:12,YBUSDT,BUY,8
2025-10-23,14:13,METUSDT,SELL,11
2025-10-23,14:14,METUSDT,SELL,8
2025-10-23,14:15,METUSDT,SELL,13
2025-10-23,14:15,SOLUSDT,BUY,8
2025-10-23,14:16,XPINUSDT,SELL,8
2025-10-23,14:16,METUSDT,SELL,8
2025-10-23,14:22,XPINUSDT,SELL,31
2025-10-23,14:23,METUSDT,BUY,7
2025-10-23,14:24,RIVERUSDT,SELL,8
2025-10-23,14:25,XPINUSDT,BUY,17
2025-10-23,14:26,SOLUSDT,BUY,7
2025-10-23,14:29,METUSDT,BUY,7
2025-10-23,14:31,4USDT,SELL,8
2025-10-23,14:31,RIVERUSDT,SELL,9
2025-10-23,14:32,SOLUSDT,BUY,9
2025-10-23,14:34,SOLUSDC,BUY,9
2025-10-23,14:34,DOGEUSDT,BUY,7
2025-10-23,14:34,XPINUSDT,BUY,15
2025-10-23,14:34,SOLUSDT,BUY,18
2025-10-23,14:39,BTCUSDT,BUY,9
2025-10-23,14:39,EVAAUSDT,BUY,11
2025-10-23,14:39,HYPEUSDT,BUY,7
2025-10-23,14:41,BELUSDT,SELL,7
2025-10-23,14:41,ETHUSDT,SELL,9
2025-10-23,14:41,RECALLUSDT,SELL,8
2025-10-23,14:42,ETHUSDT,SELL,10
2025-10-23,14:42,SOLUSDT,SELL,7
2025-10-23,14:44,METUSDT,SELL,8
2025-10-23,14:47,XPINUSDT,BUY,15
2025-10-23,14:48,UBUSDT,BUY,8
2025-10-23,14:48,XPINUSDT,BUY,9
2025-10-23,14:48,AIAUSDT,SELL,12
2025-10-23,14:48,AIOTUSDT,SELL,7
2025-10-23,14:49,EVAAUSDT,BUY,8
2025-10-23,14:51,RIVERUSDT,BUY,8
2025-10-23,14:59,XPINUSDT,BUY,8
2025-10-23,15:00,XPINUSDT,BUY,20
2025-10-23,15:00,YBUSDT,BUY,11
2025-10-23,15:01,4USDT,SELL,7
2025-10-23,15:02,4USDT,SELL,9
2025-10-23,15:02,LIGHTUSDT,BUY,7
2025-10-23,15:03,UBUSDT,SELL,9
2025-10-23,15:05,BNBUSDT,SELL,8
2025-10-23,15:06,BNBUSDT,SELL,11
2025-10-23,15:07,BTCUSDT,SELL,10
2025-10-23,15:07,ETHUSDT,SELL,16
2025-10-23,15:07,BNBUSDT,SELL,15
2025-10-23,15:07,SOLUSDT,SELL,8
2025-10-23,15:10,OMUSDT,BUY,7
2025-10-23,15:11,ETHUSDT,SELL,7
2025-10-23,15:11,4USDT,SELL,8
2025-10-23,15:13,币安人生USDT,SELL,20
2025-10-23,15:13,XPINUSDT,BUY,9
2025-10-23,15:13,GIGGLEUSDT,SELL,7
2025-10-23,15:14,ETHUSDC,SELL,7
2025-10-23,15:14,BTCUSDT,SELL,13
2025-10-23,15:14,ETHUSDT,SELL,17
2025-10-23,15:14,SOLUSDT,SELL,10
2025-10-23,15:14,4USDT,SELL,10
2025-10-23,15:18,FUSDT,SELL,11
2025-10-23,15:19,ASTERUSDT,SELL,7
2025-10-23,15:19,TAUSDT,SELL,7
2025-10-23,15:19,ETHUSDT,SELL,8
2025-10-23,15:24,BASUSDT,SELL,8
2025-10-23,15:27,XPINUSDT,SELL,17
2025-10-23,15:27,YBUSDT,SELL,11
2025-10-23,15:27,COAIUSDT,SELL,10
2025-10-23,15:29,COAIUSDT,SELL,10
2025-10-23,15:34,ETHUSDT,BUY,9
2025-10-23,15:35,SOLUSDT,BUY,8
2025-10-23,15:35,XPINUSDT,BUY,15
2025-10-23,15:35,ETHUSDT,BUY,9
2025-10-23,15:35,BTCUSDT,BUY,7
2025-10-23,15:36,COAIUSDT,BUY,19
2025-10-23,15:37,UBUSDT,SELL,11
2025-10-23,15:42,EVAAUSDT,BUY,11
2025-10-23,15:46,COAIUSDT,SELL,7
2025-10-23,15:50,XPINUSDT,SELL,9
2025-10-23,15:55,币安人生USDT,SELL,12
2025-10-23,15:57,METUSDT,SELL,8
2025-10-23,15:57,PIPPINUSDT,BUY,7
2025-10-23,16:00,CUDISUSDT,BUY,7
2025-10-23,16:00,COAIUSDT,SELL,11
2025-10-23,16:01,EVAAUSDT,SELL,8
2025-10-23,16:01,RVVUSDT,SELL,7
2025-10-23,16:02,GIGGLEUSDT,SELL,8
2025-10-23,16:02,KDAUSDT,BUY,10
2025-10-23,16:02,PIPPINUSDT,BUY,11
2025-10-23,16:03,GIGGLEUSDT,SELL,9
2025-10-23,16:04,KDAUSDT,BUY,13
2025-10-23,16:04,币安人生USDT,SELL,19
2025-10-23,16:09,ETHUSDC,BUY,9
2025-10-23,16:09,ASTERUSDT,BUY,12
2025-10-23,16:09,BNBUSDC,BUY,9
2025-10-23,16:09,XRPUSDT,BUY,7
2025-10-23,16:10,XRPUSDT,BUY,10
2025-10-23,16:10,BNBUSDT,BUY,19
2025-10-23,16:10,BNBUSDC,BUY,8
2025-10-23,16:10,SOLUSDT,BUY,8
2025-10-23,16:12,币安人生USDT,BUY,9
2025-10-23,16:12,PIPPINUSDT,BUY,10
2025-10-23,16:12,KDAUSDT,SELL,7
2025-10-23,16:12,METUSDT,SELL,8
2025-10-23,16:13,METUSDT,SELL,8
2025-10-23,16:14,RIVERUSDT,SELL,13
2025-10-23,16:14,4USDT,BUY,12
2025-10-23,16:15,ASTERUSDT,BUY,8
2025-10-23,16:16,METUSDT,SELL,11
2025-10-23,16:18,BNBUSDT,SELL,10
2025-10-23,16:18,4USDT,SELL,10
2025-10-23,16:18,ETHUSDT,SELL,7
2025-10-23,16:20,BNBUSDT,SELL,8
2025-10-23,16:20,RIVERUSDT,SELL,13
2025-10-23,16:20,币安人生USDT,SELL,13
2025-10-23,16:21,ASTERUSDT,SELL,7
2025-10-23,16:22,4USDT,BUY,7
2025-10-23,16:27,RIVERUSDT,SELL,10
2025-10-23,16:29,ASTERUSDT,BUY,9
2025-10-23,16:30,币安人生USDT,BUY,8
2025-10-23,16:31,EVAAUSDT,BUY,7
2025-10-23,16:32,BNBUSDT,BUY,16
2025-10-23,16:32,ETHUSDT,BUY,7
2025-10-23,16:33,ETHUSDT,BUY,9
2025-10-23,16:33,BNBUSDT,BUY,16
2025-10-23,16:33,ZECUSDT,BUY,8
2025-10-23,16:34,BNBUSDT,BUY,10
2025-10-23,16:38,XPINUSDT,BUY,8
2025-10-23,16:38,RIVERUSDT,BUY,8
2025-10-23,16:39,RIVERUSDT,BUY,7
2025-10-23,16:40,XPINUSDT,BUY,8
2025-10-23,16:43,BNBUSDT,SELL,8
2025-10-23,16:44,BNBUSDT,SELL,12
2025-10-23,16:44,PIPPINUSDT,SELL,7
2025-10-23,16:45,YBUSDT,SELL,7
2025-10-23,16:46,YBUSDT,SELL,9
2025-10-23,16:46,XPINUSDT,BUY,10
2025-10-23,16:47,币安人生USDT,SELL,12
2025-10-23,16:47,PIPPINUSDT,BUY,16
2025-10-23,16:50,RIVERUSDT,BUY,14
2025-10-23,16:51,XPINUSDT,BUY,11
2025-10-23,16:52,XPINUSDT,BUY,8
2025-10-23,16:52,BASUSDT,SELL,7
2025-10-23,16:52,RIVERUSDT,BUY,19
2025-10-23,16:52,COAIUSDT,BUY,9
2025-10-23,16:53,COAIUSDT,BUY,7
2025-10-23,16:53,XPINUSDT,BUY,16
2025-10-23,16:55,币安人生USDT,SELL,20
2025-10-23,16:55,PIPPINUSDT,SELL,8
2025-10-23,16:56,4USDT,SELL,7
2025-10-23,16:57,BNBUSDT,SELL,7
2025-10-23,16:58,RIVERUSDT,SELL,12
2025-10-23,16:59,XPINUSDT,BUY,21
2025-10-23,17:00,AVNTUSDT,SELL,10
2025-10-23,17:01,AVNTUSDT,SELL,7
2025-10-23,17:01,RIVERUSDT,SELL,9
2025-10-23,17:04,4USDT,BUY,12
2025-10-23,17:05,COAIUSDT,BUY,10
2025-10-23,17:10,UBUSDT,SELL,7
2025-10-23,17:14,XPINUSDT,BUY,7
2025-10-23,17:19,LABUSDT,BUY,8
2025-10-23,17:25,COAIUSDT,BUY,18
2025-10-23,17:25,RIVERUSDT,BUY,10
2025-10-23,17:27,XPINUSDT,BUY,9
2025-10-23,17:28,COAIUSDT,BUY,9
2025-10-23,17:28,WALUSDT,SELL,9
2025-10-23,17:29,币安人生USDT,SELL,7
2025-10-23,17:31,BLESSUSDT,SELL,7
2025-10-23,17:32,币安人生USDT,SELL,12
2025-10-23,17:35,COAIUSDT,BUY,7
2025-10-23,17:37,AIAUSDT,SELL,7
2025-10-23,17:37,METUSDT,SELL,9
2025-10-23,17:38,XPINUSDT,SELL,10
2025-10-23,17:39,XPINUSDT,SELL,8
2025-10-23,17:40,METUSDT,SELL,12
2025-10-23,17:44,PIPPINUSDT,SELL,8
2025-10-23,17:45,XPINUSDT,SELL,20
2025-10-23,17:46,ETHUSDT,BUY,7
2025-10-23,17:47,SYNUSDT,BUY,12
2025-10-23,17:48,SYNUSDT,BUY,13
2025-10-23,17:49,SYNUSDT,SELL,15
2025-10-23,17:49,EDUUSDT,SELL,8
2025-10-23,17:50,SYNUSDT,SELL,7
2025-10-23,17:51,XPINUSDT,BUY,7
2025-10-23,17:52,SOLUSDT,BUY,7
2025-10-23,17:52,ETHUSDT,BUY,7
2025-10-23,17:53,BTCUSDT,BUY,13
2025-10-23,17:54,FARTCOINUSDT,BUY,8
2025-10-23,17:54,ADAUSDT,BUY,10
2025-10-23,17:54,ETHUSDT,BUY,26
2025-10-23,17:54,XRPUSDT,BUY,9
2025-10-23,17:54,SOLUSDT,BUY,14
2025-10-23,17:54,BTCUSDT,BUY,22
2025-10-23,17:54,DOGEUSDT,BUY,13
2025-10-23,17:54,BTCUSDC,BUY,7
2025-10-23,17:54,1000PEPEUSDT,BUY,8
2025-10-23,17:54,ETHUSDC,BUY,13
2025-10-23,17:54,BNBUSDT,BUY,11
2025-10-23,17:56,XPINUSDT,SELL,22
2025-10-23,17:58,WLFIUSDT,SELL,8
2025-10-23,18:00,SYNUSDT,SELL,14
2025-10-23,18:00,WLFIUSDT,SELL,9
2025-10-23,18:02,RIVERUSDT,BUY,7
2025-10-23,18:04,EVAAUSDT,BUY,7
2025-10-23,18:07,XPINUSDT,BUY,14
2025-10-23,18:08,ETHUSDT,SELL,7
2025-10-23,18:08,BTCUSDT,SELL,9
2025-10-23,18:08,币安人生USDT,SELL,12
2025-10-23,18:12,XPINUSDT,BUY,11
2025-10-23,18:13,XPINUSDT,BUY,17
2025-10-23,18:20,TANSSIUSDT,BUY,8
2025-10-23,18:20,EVAAUSDT,BUY,7
2025-10-23,18:22,RIVERUSDT,BUY,7
2025-10-23,18:22,EVAAUSDT,BUY,13
2025-10-23,18:35,BTCUSDT,BUY,18
2025-10-23,18:35,ETHUSDT,BUY,15
2025-10-23,18:35,SOLUSDT,BUY,14
2025-10-23,18:35,ZECUSDT,BUY,11
2025-10-23,18:35,BTCUSDC,BUY,8
2025-10-23,18:35,XRPUSDT,BUY,8
2025-10-23,18:35,SUIUSDT,BUY,7
2025-10-23,18:38,BTCUSDT,BUY,11
2025-10-23,18:38,ZROUSDT,BUY,7
2025-10-23,18:38,ETHUSDT,BUY,7
2025-10-23,18:38,XPINUSDT,BUY,7
2025-10-23,18:38,ZECUSDT,BUY,8
2025-10-23,18:39,SOLUSDT,BUY,8
2025-10-23,18:43,PIPPINUSDT,BUY,9
2025-10-23,18:45,PIPPINUSDT,BUY,13
2025-10-23,18:47,FARTCOINUSDT,BUY,7
2025-10-23,18:48,BTCUSDT,BUY,9
2025-10-23,18:49,PIPPINUSDT,SELL,7
2025-10-23,18:56,XPINUSDT,BUY,10
2025-10-23,18:56,COAIUSDT,SELL,14
2025-10-23,18:59,COAIUSDT,SELL,14
2025-10-23,19:01,LIGHTUSDT,BUY,14
2025-10-23,19:04,XPINUSDT,SELL,7
2025-10-23,19:05,COAIUSDT,BUY,7
2025-10-23,19:14,ETHUSDT,SELL,9
2025-10-23,19:14,BNBUSDT,SELL,8
2025-10-23,19:19,XPINUSDT,BUY,8
2025-10-23,19:22,XPINUSDT,BUY,8
2025-10-23,19:25,RIVERUSDT,BUY,11
2025-10-23,19:28,XPINUSDT,SELL,7
2025-10-23,19:31,币安人生USDT,SELL,7
2025-10-23,19:31,XPINUSDT,BUY,8
2025-10-23,19:35,LIGHTUSDT,SELL,10
2025-10-23,19:35,BNBUSDT,SELL,7
2025-10-23,19:46,BNBUSDT,SELL,9
2025-10-23,19:48,BNBUSDT,SELL,9
2025-10-23,19:48,BTCUSDT,SELL,8
2025-10-23,19:48,ETHUSDT,SELL,7
2025-10-23,19:51,BNBUSDT,SELL,7
2025-10-23,19:53,LIGHTUSDT,BUY,8
2025-10-23,19:53,XPINUSDT,BUY,7
2025-10-23,19:54,LIGHTUSDT,BUY,7
2025-10-23,19:56,BNBUSDT,SELL,8
2025-10-23,19:57,EVAAUSDT,SELL,7
2025-10-23,20:00,LIGHTUSDT,BUY,8
2025-10-23,20:02,ETHUSDT,SELL,7
2025-10-23,20:04,ETHUSDT,SELL,19
2025-10-23,20:04,SOLUSDT,SELL,7
2025-10-23,20:04,BNBUSDT,SELL,8
2025-10-23,20:20,PIPPINUSDT,BUY,10
2025-10-23,20:22,XPINUSDT,SELL,8
2025-10-23,20:23,LIGHTUSDT,BUY,7
2025-10-23,20:27,币安人生USDT,SELL,9
2025-10-23,20:28,PIPPINUSDT,SELL,8
2025-10-23,20:32,币安人生USDT,SELL,7
2025-10-23,20:48,PIPPINUSDT,SELL,7
2025-10-23,20:56,METUSDT,SELL,7
2025-10-23,20:57,4USDT,BUY,12
2025-10-23,20:59,4USDT,BUY,8
2025-10-23,20:59,AIAUSDT,SELL,16
2025-10-23,21:00,BTCUSDT,SELL,7
2025-10-23,21:01,XPINUSDT,SELL,7
2025-10-23,21:02,BTCUSDT,SELL,8
2025-10-23,21:04,4USDT,BUY,7
2025-10-23,21:06,AIAUSDT,SELL,8
2025-10-23,21:07,AIAUSDT,SELL,19
2025-10-23,21:12,SOLUSDT,SELL,9
2025-10-23,21:12,LIGHTUSDT,SELL,9
2025-10-23,21:13,ETHUSDT,SELL,8
2025-10-23,21:15,LIGHTUSDT,SELL,11
2025-10-23,21:18,YBUSDT,SELL,11
2025-10-23,21:25,BASUSDT,BUY,12
2025-10-23,21:25,币安人生USDT,SELL,20
2025-10-23,21:26,XPINUSDT,SELL,13
2025-10-23,21:27,XPINUSDT,SELL,7
2025-10-23,21:33,LIGHTUSDT,BUY,7
2025-10-23,21:47,BTCUSDT,SELL,7
2025-10-23,21:58,SUIUSDT,SELL,9
2025-10-23,21:58,ENAUSDT,SELL,8
2025-10-23,21:58,1000PEPEUSDT,SELL,12
2025-10-23,21:58,BTCUSDT,SELL,21
2025-10-23,21:58,DOGEUSDT,SELL,16
2025-10-23,21:58,LINKUSDT,SELL,11
2025-10-23,21:58,SOLUSDT,SELL,16
2025-10-23,21:58,ETHUSDT,SELL,20
2025-10-23,21:58,ETHFIUSDT,SELL,7
2025-10-23,21:58,DOTUSDT,SELL,9
2025-10-23,21:58,ADAUSDT,SELL,10
2025-10-23,21:58,XRPUSDT,SELL,14
2025-10-23,21:58,ARBUSDT,SELL,7
2025-10-23,21:58,LTCUSDT,SELL,7
2025-10-23,21:58,ZENUSDT,SELL,9
2025-10-23,21:58,FILUSDT,SELL,8
2025-10-23,21:58,PENGUUSDT,SELL,7
2025-10-23,21:58,ETHUSDC,SELL,7
2025-10-23,22:01,RIVERUSDT,BUY,8
2025-10-23,22:20,BASUSDT,BUY,11
2025-10-23,22:28,BASUSDT,SELL,7
2025-10-23,22:32,BASUSDT,SELL,10
2025-10-23,22:33,BASUSDT,SELL,18
2025-10-23,22:35,YBUSDT,SELL,7
2025-10-23,22:43,BTCUSDT,SELL,8
2025-10-23,22:46,BASUSDT,SELL,13
2025-10-23,22:57,BASUSDT,SELL,7
2025-10-23,23:06,METUSDT,SELL,8
2025-10-23,23:08,RVVUSDT,SELL,7
2025-10-23,23:09,BLESSUSDT,SELL,9
2025-10-23,23:12,币安人生USDT,BUY,11
2025-10-23,23:13,COAIUSDT,SELL,10
2025-10-23,23:16,4USDT,BUY,7
2025-10-23,23:24,COAIUSDT,SELL,10
2025-10-23,23:25,XPINUSDT,BUY,15
2025-10-23,23:28,EVAAUSDT,SELL,8
2025-10-23,23:30,SOLUSDT,BUY,7
2025-10-23,23:30,BTCUSDT,BUY,8
2025-10-23,23:30,4USDT,BUY,8
2025-10-23,23:33,4USDT,BUY,8
2025-10-23,23:40,4USDT,BUY,11
2025-10-23,23:41,4USDT,BUY,12
2025-10-24,00:10,币安人生USDT,BUY,8
2025-10-24,00:14,4USDT,SELL,10
2025-10-24,00:15,4USDT,SELL,8
2025-10-24,00:17,EVAAUSDT,BUY,15
2025-10-24,00:24,4USDT,BUY,7
2025-10-24,00:28,COAIUSDT,SELL,16
2025-10-24,00:30,4USDT,BUY,8
2025-10-24,00:32,COAIUSDT,SELL,14
2025-10-24,00:33,COAIUSDT,SELL,8
2025-10-24,00:34,COAIUSDT,SELL,12
2025-10-24,00:38,COAIUSDT,SELL,8
2025-10-24,00:41,COAIUSDT,SELL,13
2025-10-24,00:42,COAIUSDT,SELL,8
2025-10-24,00:47,COAIUSDT,SELL,12
2025-10-24,00:48,COAIUSDT,SELL,12
2025-10-24,00:49,COAIUSDT,SELL,10
2025-10-24,00:55,RIVERUSDT,BUY,18
2025-10-24,00:56,DEGOUSDT,BUY,9
2025-10-24,00:56,RIVERUSDT,BUY,8
2025-10-24,00:56,XPINUSDT,BUY,11
2025-10-24,00:56,RVVUSDT,BUY,9
2025-10-24,00:58,RIVERUSDT,BUY,10
2025-10-24,00:59,COAIUSDT,BUY,10
2025-10-24,00:59,RIVERUSDT,BUY,11
2025-10-24,01:00,EVAAUSDT,BUY,10
2025-10-24,01:04,COAIUSDT,BUY,10
2025-10-24,01:04,BLUAIUSDT,BUY,7
2025-10-24,01:05,COAIUSDT,BUY,14
2025-10-24,01:06,XPINUSDT,SELL,10
2025-10-24,01:08,BLUAIUSDT,BUY,7
2025-10-24,01:11,KDAUSDT,SELL,8
2025-10-24,01:13,RVVUSDT,SELL,7
2025-10-24,01:13,ASTERUSDT,BUY,8
2025-10-24,01:16,4USDT,SELL,9
2025-10-24,01:23,4USDT,SELL,8
2025-10-24,01:31,币安人生USDT,SELL,8
2025-10-24,01:33,FARTCOINUSDT,BUY,7
2025-10-24,01:39,SOLUSDT,BUY,7
2025-10-24,01:41,4USDT,BUY,10
2025-10-24,01:42,ASTERUSDT,BUY,7
2025-10-24,01:43,DEGOUSDT,SELL,12
2025-10-24,01:46,RIVERUSDT,BUY,8
2025-10-24,01:47,ASTERUSDT,BUY,7
2025-10-24,01:50,BTCUSDT,BUY,7
2025-10-24,01:51,ZECUSDT,BUY,11
2025-10-24,01:53,ZECUSDT,BUY,7
2025-10-24,02:03,4USDT,BUY,8
2025-10-24,02:04,HUSDT,BUY,7
2025-10-24,02:07,4USDT,BUY,7
2025-10-24,02:08,4USDT,BUY,7
2025-10-24,02:08,COAIUSDT,BUY,8
2025-10-24,02:09,4USDT,BUY,8
2025-10-24,02:30,4USDT,SELL,7
2025-10-24,02:35,4USDT,SELL,7
2025-10-24,02:36,AIAUSDT,SELL,7
2025-10-24,02:37,FUSDT,BUY,9
2025-10-24,02:39,FUSDT,BUY,7
2025-10-24,02:43,FUSDT,BUY,9
2025-10-24,02:45,AIAUSDT,SELL,7
2025-10-24,02:52,FUSDT,BUY,8
2025-10-24,02:55,FUSDT,BUY,15
2025-10-24,03:15,EVAAUSDT,BUY,8
2025-10-24,03:15,LIGHTUSDT,SELL,8
2025-10-24,03:22,ASTERUSDT,SELL,8
2025-10-24,03:24,METUSDT,BUY,8
2025-10-24,03:25,币安人生USDT,SELL,7
2025-10-24,03:26,DOODUSDT,BUY,7
2025-10-24,03:32,XPINUSDT,BUY,8
2025-10-24,03:35,EPTUSDT,BUY,9
2025-10-24,03:35,METUSDT,BUY,9
2025-10-24,03:35,XPINUSDT,SELL,7
2025-10-24,03:42,BASUSDT,SELL,11
2025-10-24,03:42,SOLUSDT,BUY,9
2025-10-24,03:44,DEGOUSDT,SELL,10
2025-10-24,03:45,FUSDT,BUY,7
2025-10-24,03:46,COAIUSDT,SELL,7
2025-10-24,03:49,DEGOUSDT,SELL,14
2025-10-24,03:53,4USDT,SELL,8
2025-10-24,03:56,DEGOUSDT,BUY,9
2025-10-24,03:57,LYNUSDT,SELL,7
2025-10-24,04:01,TACUSDT,BUY,7
2025-10-24,04:01,4USDT,SELL,9
2025-10-24,04:02,4USDT,SELL,10
2025-10-24,04:03,ZBTUSDT,SELL,7
2025-10-24,04:03,4USDT,SELL,8
2025-10-24,04:04,4USDT,SELL,23
2025-10-24,04:04,ASTERUSDT,SELL,8
2025-10-24,04:05,FUSDT,BUY,17
2025-10-24,04:11,EVAAUSDT,SELL,7
2025-10-24,04:12,BASUSDT,SELL,8
2025-10-24,04:15,BLUAIUSDT,SELL,7
2025-10-24,04:16,EVAAUSDT,SELL,18
2025-10-24,04:18,COAIUSDT,BUY,13
2025-10-24,04:22,币安人生USDT,BUY,7
2025-10-24,04:23,币安人生USDT,BUY,11
2025-10-24,04:27,COAIUSDT,BUY,8
2025-10-24,04:28,COAIUSDT,BUY,14
2025-10-24,04:32,RVVUSDT,SELL,9
2025-10-24,04:32,AKEUSDT,SELL,9
2025-10-24,04:33,COAIUSDT,BUY,7
2025-10-24,04:35,XPINUSDT,SELL,7
2025-10-24,04:36,EVAAUSDT,BUY,7
2025-10-24,04:42,UBUSDT,BUY,8
2025-10-24,04:43,FUSDT,BUY,13
2025-10-24,04:44,FUSDT,BUY,15
2025-10-24,05:00,XPINUSDT,SELL,8
2025-10-24,05:01,FUSDT,BUY,11
2025-10-24,05:06,COAIUSDT,BUY,9
2025-10-24,05:07,RIVERUSDT,BUY,7
2025-10-24,05:13,EVAAUSDT,BUY,7
2025-10-24,05:23,SOLUSDT,BUY,8
2025-10-24,05:23,ETHUSDT,BUY,8
2025-10-24,05:26,BTCUSDT,BUY,9
2025-10-24,05:26,ETHUSDT,BUY,7
2025-10-24,05:27,UBUSDT,SELL,7
2025-10-24,05:30,PROVEUSDT,BUY,7
2025-10-24,05:31,DEGOUSDT,SELL,10
2025-10-24,05:31,COAIUSDT,BUY,11
2025-10-24,05:31,EVAAUSDT,BUY,13
2025-10-24,05:31,ETHUSDT,BUY,12
2025-10-24,05:31,BTCUSDT,BUY,10
2025-10-24,05:32,COAIUSDT,BUY,11
2025-10-24,05:33,XRPUSDT,BUY,12
2025-10-24,05:33,ETHUSDT,BUY,18
2025-10-24,05:33,BTCUSDT,BUY,18
2025-10-24,05:33,ETHUSDC,BUY,8
2025-10-24,05:33,DOGEUSDT,BUY,7
2025-10-24,05:33,1000PEPEUSDT,BUY,8
2025-10-24,05:34,RVVUSDT,BUY,10
2025-10-24,05:34,BTCUSDT,BUY,8
2025-10-24,05:34,BNBUSDT,BUY,9
2025-10-24,05:34,SOLUSDT,BUY,8
2025-10-24,05:34,ETHUSDT,BUY,9
2025-10-24,05:34,COAIUSDT,BUY,10
2025-10-24,05:35,ZECUSDT,BUY,10
2025-10-24,05:40,FUSDT,BUY,8
2025-10-24,05:42,FUSDT,BUY,14
2025-10-24,05:43,FUSDT,BUY,12
2025-10-24,05:46,ETHUSDT,BUY,9
2025-10-24,05:46,COAIUSDT,BUY,9
2025-10-24,05:49,EVAAUSDT,BUY,19
2025-10-24,05:50,XPINUSDT,SELL,16
2025-10-24,05:51,COAIUSDT,BUY,7
2025-10-24,05:52,ZECUSDT,BUY,9
2025-10-24,05:54,ETHUSDT,BUY,7
2025-10-24,05:57,COAIUSDT,BUY,8
2025-10-24,06:07,COAIUSDT,BUY,18
2025-10-24,06:07,BLESSUSDT,BUY,14
2025-10-24,06:07,RIVERUSDT,BUY,8
2025-10-24,06:08,COAIUSDT,BUY,8
2025-10-24,06:08,RIVERUSDT,BUY,8
2025-10-24,06:09,XPINUSDT,BUY,8
2025-10-24,06:09,COAIUSDT,BUY,8
2025-10-24,06:15,BLESSUSDT,BUY,7
2025-10-24,06:38,COAIUSDT,BUY,14
2025-10-24,06:40,COAIUSDT,BUY,7
2025-10-24,06:40,HANAUSDT,SELL,8
2025-10-24,06:42,EPTUSDT,SELL,10
2025-10-24,06:42,COAIUSDT,BUY,12
2025-10-24,06:49,ETHUSDT,BUY,12
2025-10-24,06:51,FUSDT,SELL,11
2025-10-24,06:51,COAIUSDT,BUY,13
2025-10-24,06:59,4USDT,SELL,12
2025-10-24,07:02,4USDT,SELL,15
2025-10-24,07:03,PAXGUSDT,SELL,8
2025-10-24,07:03,RVVUSDT,SELL,7
2025-10-24,07:03,4USDT,SELL,9
2025-10-24,07:04,RVVUSDT,SELL,10
2025-10-24,07:05,4USDT,SELL,9
2025-10-24,07:05,XPINUSDT,SELL,11
2025-10-24,07:06,XPINUSDT,SELL,12
2025-10-24,07:07,XPINUSDT,SELL,11
2025-10-24,07:08,EPTUSDT,SELL,11
2025-10-24,07:10,BELUSDT,BUY,8
2025-10-24,07:15,PROVEUSDT,BUY,7
2025-10-24,07:16,FUSDT,SELL,9
2025-10-24,07:18,EPTUSDT,SELL,13
2025-10-24,07:20,COAIUSDT,BUY,9
2025-10-24,07:25,4USDT,BUY,7
2025-10-24,07:25,COAIUSDT,SELL,11
2025-10-24,07:26,FUSDT,SELL,13
2025-10-24,07:30,COAIUSDT,BUY,8
2025-10-24,07:32,ORDERUSDT,SELL,10
2025-10-24,07:35,EVAAUSDT,SELL,7
2025-10-24,07:38,XPINUSDT,BUY,10
2025-10-24,07:38,币安人生USDT,SELL,9
2025-10-24,07:39,XPINUSDT,BUY,8
2025-10-24,07:42,4USDT,SELL,7
2025-10-24,07:45,AIAUSDT,SELL,10
2025-10-24,07:46,BLESSUSDT,SELL,15
2025-10-24,07:49,BLESSUSDT,SELL,13
2025-10-24,07:49,AVNTUSDT,BUY,14
2025-10-24,07:58,COAIUSDT,BUY,9
2025-10-24,08:00,XPINUSDT,BUY,15
2025-10-24,08:07,XPINUSDT,SELL,7
2025-10-24,08:08,ORDERUSDT,BUY,8
2025-10-24,08:13,BANKUSDT,SELL,9
2025-10-24,08:14,ORDERUSDT,SELL,7
2025-10-24,08:15,BANKUSDT,SELL,17
2025-10-24,08:17,BANKUSDT,SELL,7
2025-10-24,08:19,BANKUSDT,SELL,7
2025-10-24,08:22,BASUSDT,SELL,10
2025-10-24,08:25,METUSDT,SELL,8
2025-10-24,08:37,ETHUSDT,SELL,8
2025-10-24,08:38,PIPPINUSDT,BUY,9
2025-10-24,08:44,BTCUSDT,SELL,10
2025-10-24,08:44,ASTERUSDT,SELL,7
2025-10-24,08:45,ETHUSDT,SELL,19
2025-10-24,08:45,BTCUSDT,SELL,12
2025-10-24,08:45,DOGEUSDT,SELL,10
2025-10-24,08:45,SOLUSDT,SELL,10
2025-10-24,08:45,BNBUSDT,SELL,11
2025-10-24,08:53,PIPPINUSDT,BUY,9
2025-10-24,08:55,DEGOUSDT,SELL,10
2025-10-24,08:58,XPINUSDT,BUY,8
2025-10-24,08:59,DEGOUSDT,SELL,10
2025-10-24,09:01,XPINUSDT,BUY,8
2025-10-24,09:01,PIPPINUSDT,BUY,9
2025-10-24,09:01,FUSDT,BUY,7
2025-10-24,09:02,XPINUSDT,BUY,7
2025-10-24,09:02,BASUSDT,BUY,7
2025-10-24,09:04,ETHUSDT,SELL,7
2025-10-24,09:08,BANKUSDT,SELL,12
2025-10-24,09:10,LIGHTUSDT,BUY,7
2025-10-24,09:11,LIGHTUSDT,BUY,9
2025-10-24,09:15,EVAAUSDT,SELL,9
2025-10-24,09:19,BASUSDT,SELL,21
2025-10-24,09:21,ORDERUSDT,SELL,8
2025-10-24,09:22,RVVUSDT,SELL,8
2025-10-24,09:26,AIAUSDT,SELL,7
2025-10-24,09:28,XPINUSDT,BUY,8
2025-10-24,09:34,PIPPINUSDT,BUY,10
2025-10-24,09:35,NAORISUSDT,SELL,9
2025-10-24,09:37,NAORISUSDT,SELL,7
2025-10-24,09:37,XPINUSDT,SELL,8
2025-10-24,09:42,BDXNUSDT,SELL,7
2025-10-24,09:43,XRPUSDT,BUY,7
2025-10-24,09:45,CATIUSDT,BUY,7
2025-10-24,09:48,4USDT,SELL,7
2025-10-24,09:48,LIGHTUSDT,SELL,7
2025-10-24,09:49,LIGHTUSDT,SELL,12
2025-10-24,09:52,KDAUSDT,SELL,8
2025-10-24,09:55,4USDT,SELL,9
2025-10-24,09:56,4USDT,SELL,8
2025-10-24,09:57,XPINUSDT,SELL,13
2025-10-24,09:58,AIAUSDT,SELL,11
2025-10-24,09:59,VIRTUALUSDT,BUY,7
2025-10-24,09:59,ORDERUSDT,SELL,8
2025-10-24,10:01,ORDERUSDT,SELL,7
2025-10-24,10:03,ORDERUSDT,SELL,7
2025-10-24,10:04,CLOUSDT,SELL,8
2025-10-24,10:05,XPINUSDT,SELL,8
2025-10-24,10:06,COAIUSDT,BUY,10
2025-10-24,10:06,ARCUSDT,SELL,7
2025-10-24,10:12,KDAUSDT,SELL,7
2025-10-24,10:16,UBUSDT,BUY,7
2025-10-24,10:19,BLESSUSDT,BUY,7
2025-10-24,10:32,FUSDT,BUY,9
2025-10-24,10:33,CLOUSDT,SELL,16
2025-10-24,10:33,XPINUSDT,SELL,7
2025-10-24,10:33,FUSDT,BUY,7
2025-10-24,10:43,EVAAUSDT,SELL,9
2025-10-24,10:44,币安人生USDT,SELL,9
2025-10-24,10:51,XPINUSDT,SELL,16
2025-10-24,10:52,KDAUSDT,SELL,11
2025-10-24,10:55,4USDT,SELL,11
2025-10-24,10:58,FUSDT,BUY,7
2025-10-24,11:00,FUSDT,BUY,10
2025-10-24,11:02,FUSDT,BUY,16
2025-10-24,11:03,RIVERUSDT,BUY,7
2025-10-24,11:03,FUSDT,BUY,7
2025-10-24,11:03,ENAUSDT,BUY,7
2025-10-24,11:05,FUSDT,BUY,15
2025-10-24,11:07,CLOUSDT,SELL,12
2025-10-24,11:08,PIPPINUSDT,SELL,10
2025-10-24,11:12,RVVUSDT,SELL,16
2025-10-24,11:21,CLOUSDT,SELL,11
2025-10-24,11:22,YBUSDT,SELL,10
2025-10-24,11:24,4USDT,SELL,14
2025-10-24,11:28,4USDT,SELL,12
2025-10-24,11:28,HUSDT,BUY,8
2025-10-24,11:31,XPINUSDT,SELL,8
2025-10-24,11:31,CLOUSDT,SELL,7
2025-10-24,11:32,FUSDT,BUY,13
2025-10-24,11:33,BLESSUSDT,SELL,7
2025-10-24,11:41,BLESSUSDT,SELL,8
2025-10-24,11:41,CLOUSDT,SELL,8
2025-10-24,11:41,EVAAUSDT,SELL,12
2025-10-24,11:43,CLOUSDT,SELL,7
2025-10-24,11:45,LIGHTUSDT,BUY,7
2025-10-24,11:46,FUSDT,BUY,8
2025-10-24,11:46,COAIUSDT,BUY,8
2025-10-24,11:50,TRUTHUSDT,SELL,8
2025-10-24,11:52,FUSDT,BUY,10
2025-10-24,11:53,FUSDT,BUY,11
2025-10-24,11:53,BLESSUSDT,SELL,9
2025-10-24,11:55,FUSDT,BUY,9
2025-10-24,12:01,BLESSUSDT,SELL,9
2025-10-24,12:03,币安人生USDT,SELL,8
2025-10-24,12:06,LABUSDT,SELL,7
2025-10-24,12:09,FUSDT,SELL,15
2025-10-24,12:10,币安人生USDT,SELL,12
2025-10-24,12:11,RIVERUSDT,SELL,8
2025-10-24,12:13,RIVERUSDT,BUY,7
2025-10-24,12:15,RIVERUSDT,BUY,8
2025-10-24,12:21,AIAUSDT,SELL,8
2025-10-24,12:22,TAGUSDT,SELL,7
2025-10-24,12:22,RECALLUSDT,SELL,8
2025-10-24,12:23,4USDT,SELL,10
2025-10-24,12:31,BTCUSDT,SELL,14
2025-10-24,12:31,ASTERUSDT,SELL,7
2025-10-24,12:33,SNXUSDT,SELL,7
2025-10-24,12:33,ASTERUSDT,SELL,14
2025-10-24,12:33,SOLUSDT,SELL,18
2025-10-24,12:33,XRPUSDT,SELL,7
2025-10-24,12:33,ETHUSDT,SELL,22
2025-10-24,12:33,BTCUSDT,SELL,15
2025-10-24,12:33,BNBUSDT,SELL,13
2025-10-24,12:42,FUSDT,BUY,8
2025-10-24,12:45,PIPPINUSDT,BUY,11
2025-10-24,12:46,HUSDT,BUY,8
2025-10-24,12:48,HUSDT,BUY,10
2025-10-24,12:55,HUSDT,BUY,8
2025-10-24,13:01,PIPPINUSDT,BUY,12
2025-10-24,13:01,FUSDT,BUY,7
2025-10-24,13:02,EVAAUSDT,SELL,8
2025-10-24,13:02,FUSDT,BUY,16
2025-10-24,13:07,BELUSDT,BUY,17
2025-10-24,13:08,FUSDT,SELL,8
2025-10-24,13:11,PIPPINUSDT,BUY,9
2025-10-24,13:16,4USDT,SELL,8
2025-10-24,13:17,QUSDT,SELL,12
2025-10-24,13:18,QUSDT,SELL,10
2025-10-24,13:20,FUSDT,SELL,7
2025-10-24,13:21,HUSDT,BUY,7
2025-10-24,13:24,PIPPINUSDT,BUY,8
2025-10-24,13:25,RIVERUSDT,SELL,8
2025-10-24,13:30,ETCUSDT,BUY,7
2025-10-24,13:30,HBARUSDT,BUY,7
2025-10-24,13:30,XRPUSDT,BUY,18
2025-10-24,13:30,SOLUSDT,BUY,21
2025-10-24,13:30,DOGEUSDT,BUY,12
2025-10-24,13:30,OPUSDT,BUY,8
2025-10-24,13:30,BCHUSDT,BUY,8
2025-10-24,13:30,LTCUSDT,BUY,10
2025-10-24,13:30,1000FLOKIUSDT,BUY,7
2025-10-24,13:30,DOTUSDT,BUY,10
2025-10-24,13:30,1000PEPEUSDT,BUY,15
2025-10-24,13:30,PENGUUSDT,BUY,10
2025-10-24,13:30,SUIUSDT,BUY,12
2025-10-24,13:30,FUSDT,BUY,10
2025-10-24,13:30,ZECUSDT,BUY,13
2025-10-24,13:30,SOLUSDC,BUY,9
2025-10-24,13:30,XRPUSDC,BUY,9
2025-10-24,13:30,LINKUSDT,BUY,11
2025-10-24,13:30,ADAUSDT,BUY,11
2025-10-24,13:30,FILUSDT,BUY,9
2025-10-24,13:30,TAOUSDT,BUY,8
2025-10-24,13:30,PUMPUSDT,BUY,9
2025-10-24,13:30,ASTERUSDT,BUY,16
2025-10-24,13:30,SPXUSDT,BUY,9
2025-10-24,13:30,EGLDUSDT,BUY,7
2025-10-24,13:30,APTUSDT,BUY,7
2025-10-24,13:30,ENAUSDT,BUY,16
2025-10-24,13:30,SEIUSDT,BUY,10
2025-10-24,13:30,AVAXUSDT,BUY,11
2025-10-24,13:30,JTOUSDT,BUY,8
2025-10-24,13:30,DOGEUSDC,BUY,7
2025-10-24,13:30,ARBUSDT,BUY,7
2025-10-24,13:30,INJUSDT,BUY,7
2025-10-24,13:30,XPINUSDT,BUY,8
2025-10-24,13:30,FARTCOINUSDT,BUY,10
2025-10-24,13:31,ASTERUSDT,BUY,9
2025-10-24,13:32,ZECUSDT,BUY,11
2025-10-24,13:33,ETHUSDT,SELL,9
2025-10-24,13:36,EDENUSDT,BUY,11
2025-10-24,13:38,ETHUSDT,SELL,9
2025-10-24,13:43,STBLUSDT,BUY,7
2025-10-24,13:47,ETHUSDT,SELL,9
2025-10-24,13:48,ETHUSDT,SELL,7
2025-10-24,13:56,QUSDT,BUY,10
2025-10-24,14:00,PIPPINUSDT,BUY,9
2025-10-24,14:03,XPINUSDT,SELL,8
2025-10-24,14:04,TACUSDT,BUY,7
2025-10-24,14:10,COAIUSDT,BUY,7
2025-10-24,14:11,COAIUSDT,BUY,10
2025-10-24,14:18,COAIUSDT,BUY,13
2025-10-24,14:19,COAIUSDT,BUY,12
2025-10-24,14:28,FUSDT,BUY,7
2025-10-24,14:31,HUSDT,BUY,7
2025-10-24,14:31,XRPUSDT,BUY,7
2025-10-24,14:34,FUSDT,BUY,13
2025-10-24,14:34,XRPUSDT,BUY,11
2025-10-24,14:38,BTCUSDT,SELL,8
2025-10-24,14:38,ETHUSDT,SELL,7
2025-10-24,14:39,LABUSDT,SELL,9
2025-10-24,14:39,ETHUSDT,SELL,7
2025-10-24,14:39,BNBUSDT,SELL,9
2025-10-24,14:39,BTCUSDT,SELL,7
2025-10-24,14:39,QUSDT,BUY,7
2025-10-24,14:39,BLUAIUSDT,SELL,7
2025-10-24,14:41,AIAUSDT,SELL,12
2025-10-24,14:44,ETHUSDT,SELL,13
2025-10-24,14:44,SOLUSDT,SELL,8
2025-10-24,14:45,AIAUSDT,SELL,9
2025-10-24,14:45,ZECUSDT,SELL,7
2025-10-24,14:47,ORDERUSDT,SELL,10
2025-10-24,14:47,RVVUSDT,SELL,7
2025-10-24,14:48,BNBUSDT,SELL,9
2025-10-24,14:48,ETHUSDT,SELL,14
2025-10-24,14:48,BTCUSDT,SELL,16
2025-10-24,14:48,ASTERUSDT,SELL,8
2025-10-24,14:49,FUSDT,SELL,8
2025-10-24,14:57,BLUAIUSDT,BUY,8
2025-10-24,14:57,币安人生USDT,SELL,7
2025-10-24,15:02,BLUAIUSDT,BUY,12
2025-10-24,15:04,ETHUSDT,SELL,7
2025-10-24,15:06,XPINUSDT,SELL,10
2025-10-24,15:08,TRUTHUSDT,SELL,10
2025-10-24,15:10,AVNTUSDT,BUY,10
2025-10-24,15:18,GIGGLEUSDT,SELL,10
2025-10-24,15:18,BNBUSDT,SELL,9
2025-10-24,15:18,BTCUSDT,SELL,8
2025-10-24,15:19,BTCUSDT,SELL,14
2025-10-24,15:19,SOLUSDT,SELL,10
2025-10-24,15:19,XRPUSDT,SELL,7
2025-10-24,15:20,4USDT,SELL,9
2025-10-24,15:21,ETHUSDT,SELL,11
2025-10-24,15:21,BNBUSDT,SELL,11
2025-10-24,15:21,METUSDT,SELL,7
2025-10-24,15:21,SOLUSDT,SELL,8
2025-10-24,15:21,DOGEUSDT,SELL,8
2025-10-24,15:21,BTCUSDT,SELL,7
2025-10-24,15:22,4USDT,SELL,12
2025-10-24,15:25,SOLUSDT,SELL,15
2025-10-24,15:25,ETHUSDT,SELL,13
2025-10-24,15:25,AVAXUSDT,SELL,8
2025-10-24,15:25,BTCUSDT,SELL,10
2025-10-24,15:25,DASHUSDT,SELL,8
2025-10-24,15:25,BNBUSDT,SELL,7
2025-10-24,15:26,ASTERUSDT,SELL,10
2025-10-24,15:27,1000PEPEUSDT,SELL,9
2025-10-24,15:27,DOGEUSDT,SELL,7
2025-10-24,15:27,ETHUSDT,SELL,8
2025-10-24,15:27,BLESSUSDT,SELL,8
2025-10-24,15:27,BNBUSDT,SELL,9
2025-10-24,15:27,METUSDT,SELL,9
2025-10-24,15:27,HANAUSDT,SELL,12
2025-10-24,15:31,RIVERUSDT,SELL,7
2025-10-24,15:35,RIVERUSDT,SELL,7
2025-10-24,15:35,币安人生USDT,SELL,7
2025-10-24,15:36,FORMUSDT,SELL,7
2025-10-24,15:36,BELUSDT,BUY,7
2025-10-24,15:37,ETHUSDT,SELL,9
2025-10-24,15:37,BNBUSDT,SELL,7
2025-10-24,15:37,4USDT,SELL,8
2025-10-24,15:41,BELUSDT,BUY,11
2025-10-24,15:42,PIPPINUSDT,BUY,8
2025-10-24,15:43,ETHUSDT,BUY,7
2025-10-24,15:44,BELUSDT,BUY,12
2025-10-24,15:44,币安人生USDT,SELL,8
2025-10-24,15:46,BELUSDT,SELL,9
2025-10-24,15:53,ETHUSDT,SELL,8
2025-10-24,16:00,币安人生USDT,SELL,7
2025-10-24,16:01,BLUAIUSDT,SELL,7
2025-10-24,16:01,COAIUSDT,SELL,21
2025-10-24,16:01,EVAAUSDT,SELL,7
2025-10-24,16:03,EVAAUSDT,SELL,7
2025-10-24,16:05,EDENUSDT,BUY,11
2025-10-24,16:11,RIVERUSDT,BUY,8
2025-10-24,16:16,EDENUSDT,SELL,7
2025-10-24,16:16,FUSDT,SELL,13
2025-10-24,16:17,XPINUSDT,SELL,10
2025-10-24,16:19,FUSDT,SELL,8
2025-10-24,16:22,FUSDT,SELL,7
2025-10-24,16:23,AVNTUSDT,SELL,7
2025-10-24,16:28,RIVERUSDT,BUY,12
2025-10-24,16:30,XPINUSDT,BUY,9
2025-10-24,16:33,SOLUSDT,SELL,7
2025-10-24,16:34,SOLUSDT,SELL,8
2025-10-24,16:35,KGENUSDT,SELL,7
2025-10-24,16:36,4USDT,SELL,8
2025-10-24,16:39,BASUSDT,SELL,8
2025-10-24,16:41,4USDT,SELL,15
2025-10-24,16:41,PUMPBTCUSDT,SELL,7
2025-10-24,16:42,4USDT,SELL,10
2025-10-24,16:42,LYNUSDT,SELL,10
2025-10-24,16:45,ETHUSDT,SELL,9
2025-10-24,16:45,ASTERUSDT,SELL,7
2025-10-24,16:46,ETHUSDT,SELL,8
2025-10-24,16:51,AVNTUSDT,SELL,7
2025-10-24,16:52,币安人生USDT,SELL,7
2025-10-24,16:52,PIPPINUSDT,BUY,8
2025-10-24,16:52,DEGOUSDT,SELL,10
2025-10-24,16:57,RIVERUSDT,BUY,7
2025-10-24,16:58,XPINUSDT,BUY,7
2025-10-24,16:58,PIPPINUSDT,BUY,7
2025-10-24,17:00,PIPPINUSDT,BUY,24
2025-10-24,17:00,FUSDT,BUY,10
2025-10-24,17:00,AIAUSDT,SELL,9
2025-10-24,17:00,AVNTUSDT,SELL,8
2025-10-24,17:01,BNBUSDT,SELL,10
2025-10-24,17:02,BNBUSDT,SELL,8
2025-10-24,17:02,COAIUSDT,BUY,9
2025-10-24,17:02,CAKEUSDT,SELL,7
2025-10-24,17:02,XPINUSDT,BUY,12
2025-10-24,17:03,ASTERUSDT,SELL,15
2025-10-24,17:04,BASUSDT,SELL,10
2025-10-24,17:04,EVAAUSDT,BUY,7
2025-10-24,17:04,PIPPINUSDT,BUY,8
2025-10-24,17:04,ZECUSDT,SELL,10
2025-10-24,17:05,UBUSDT,SELL,7
2025-10-24,17:05,COAIUSDT,BUY,11
2025-10-24,17:05,BNBUSDT,SELL,7
2025-10-24,17:05,ETHUSDT,SELL,11
2025-10-24,17:08,TRUTHUSDT,SELL,7
2025-10-24,17:09,BLESSUSDT,SELL,7
2025-10-24,17:10,KGENUSDT,BUY,8
2025-10-24,17:16,RVVUSDT,SELL,17
2025-10-24,17:17,HUSDT,BUY,12
2025-10-24,17:18,BASUSDT,SELL,12
2025-10-24,17:19,RIVERUSDT,BUY,8
2025-10-24,17:19,BASUSDT,SELL,7
2025-10-24,17:28,4USDT,BUY,7
2025-10-24,17:31,DEGOUSDT,BUY,7
2025-10-24,17:33,ETHUSDT,SELL,7
2025-10-24,17:33,XRPUSDT,SELL,7
2025-10-24,17:34,币安人生USDT,SELL,12
2025-10-24,17:38,RVVUSDT,SELL,12
2025-10-24,17:39,RVVUSDT,SELL,8
2025-10-24,17:41,ETHUSDT,SELL,8
2025-10-24,17:46,KGENUSDT,BUY,10
2025-10-24,17:48,RIVERUSDT,SELL,8
2025-10-24,17:57,AIAUSDT,SELL,8
2025-10-24,18:01,PIPPINUSDT,BUY,14
2025-10-24,18:01,EVAAUSDT,SELL,10
2025-10-24,18:02,HUSDT,BUY,7
2025-10-24,18:04,ETHUSDT,BUY,9
2025-10-24,18:04,HUSDT,BUY,10
2025-10-24,18:05,HUSDT,BUY,14
2025-10-24,18:07,XPINUSDT,BUY,11
2025-10-24,18:09,KGENUSDT,SELL,15
2025-10-24,18:09,ETHUSDT,SELL,10
2025-10-24,18:12,AIAUSDT,SELL,10
2025-10-24,18:22,PIPPINUSDT,BUY,7
2025-10-24,18:24,FUSDT,SELL,8
2025-10-24,18:36,LIGHTUSDT,SELL,8
2025-10-24,18:37,4USDT,SELL,10
2025-10-24,18:40,PIPPINUSDT,SELL,13
2025-10-24,18:41,BELUSDT,SELL,11
2025-10-24,18:47,PIPPINUSDT,BUY,12
2025-10-24,18:55,XANUSDT,SELL,9
2025-10-24,18:57,HUSDT,BUY,7
2025-10-24,19:00,4USDT,SELL,7
2025-10-24,19:01,PORT3USDT,SELL,7
2025-10-24,19:02,PORT3USDT,BUY,8
2025-10-24,19:03,PIPPINUSDT,BUY,9
2025-10-24,19:03,XPINUSDT,SELL,7
2025-10-24,19:06,PIPPINUSDT,SELL,11
2025-10-24,19:16,PORT3USDT,SELL,10
2025-10-24,19:23,PIPPINUSDT,SELL,7
2025-10-24,19:25,PIPPINUSDT,SELL,12
2025-10-24,19:31,4USDT,SELL,8
2025-10-24,19:34,4USDT,SELL,9
2025-10-24,19:35,HUSDT,BUY,8
2025-10-24,19:35,4USDT,SELL,7
2025-10-24,19:37,COAIUSDT,SELL,10
2025-10-24,19:38,COAIUSDT,SELL,23
2025-10-24,19:39,HUSDT,BUY,17
2025-10-24,19:41,HUSDT,BUY,9
2025-10-24,19:46,HUSDT,BUY,10
2025-10-24,19:47,KGENUSDT,BUY,10
2025-10-24,19:47,HUSDT,BUY,21
2025-10-24,19:49,LIGHTUSDT,SELL,8
2025-10-24,19:49,PIPPINUSDT,SELL,8
2025-10-24,19:50,PIPPINUSDT,SELL,15
2025-10-24,19:51,KGENUSDT,BUY,11
2025-10-24,19:52,HUSDT,BUY,26
2025-10-24,19:52,RIVERUSDT,BUY,7
2025-10-24,19:53,KGENUSDT,BUY,8
2025-10-24,19:58,PIPPINUSDT,SELL,8
2025-10-24,19:59,PIPPINUSDT,SELL,7
2025-10-24,20:00,PIPPINUSDT,SELL,9
2025-10-24,20:01,PIPPINUSDT,SELL,17
2025-10-24,20:02,HUSDT,SELL,10
2025-10-24,20:05,HUSDT,BUY,9
2025-10-24,20:07,XRPUSDT,BUY,9
2025-10-24,20:08,HUSDT,BUY,8
2025-10-24,20:08,SOLUSDT,BUY,12
2025-10-24,20:08,BTCUSDT,BUY,8
2025-10-24,20:10,PIPPINUSDT,BUY,8
2025-10-24,20:12,PIPPINUSDT,SELL,19
2025-10-24,20:14,PIPPINUSDT,BUY,9
2025-10-24,20:14,AIOUSDT,BUY,7
2025-10-24,20:19,HUSDT,SELL,8
2025-10-24,20:20,HUSDT,SELL,9
2025-10-24,20:21,KGENUSDT,SELL,11
2025-10-24,20:22,KGENUSDT,SELL,8
2025-10-24,20:26,HUSDT,SELL,11
2025-10-24,20:29,ZECUSDT,BUY,7
2025-10-24,20:38,PIPPINUSDT,SELL,7
2025-10-24,20:48,PUMPBTCUSDT,SELL,8
2025-10-24,20:53,SPKUSDT,SELL,18
2025-10-24,20:57,BELUSDT,SELL,7
2025-10-24,21:16,EVAAUSDT,BUY,7
2025-10-24,21:29,PIPPINUSDT,SELL,9
2025-10-24,21:32,EVAAUSDT,BUY,12
2025-10-24,21:33,EVAAUSDT,BUY,10
2025-10-24,21:38,EVAAUSDT,BUY,11
2025-10-24,21:44,RIVERUSDT,SELL,8
2025-10-24,21:56,COAIUSDT,BUY,8
2025-10-24,21:57,COAIUSDT,BUY,7
2025-10-24,21:57,HUSDT,BUY,8
2025-10-24,22:03,4USDT,SELL,8
2025-10-24,22:03,EVAAUSDT,BUY,8
2025-10-24,22:04,HUSDT,BUY,15
2025-10-24,22:12,4USDT,SELL,16
2025-10-24,22:25,BANKUSDT,BUY,7
2025-10-24,22:26,RIVERUSDT,SELL,9
2025-10-24,22:34,HUSDT,BUY,7
2025-10-24,22:36,RIVERUSDT,BUY,14
2025-10-24,22:41,KGENUSDT,BUY,10
2025-10-24,22:51,BANKUSDT,BUY,7
2025-10-24,22:58,VIRTUALUSDT,BUY,13
2025-10-24,23:04,HUSDT,BUY,9
2025-10-24,23:05,COAIUSDT,BUY,10
2025-10-24,23:06,KGENUSDT,BUY,9
2025-10-24,23:13,EVAAUSDT,BUY,20
2025-10-24,23:15,AVNTUSDT,SELL,7
2025-10-24,23:19,HUSDT,SELL,8
2025-10-24,23:23,AVNTUSDT,SELL,7
2025-10-24,23:28,COAIUSDT,BUY,8
2025-10-24,23:30,AVNTUSDT,SELL,9
2025-10-24,23:30,COAIUSDT,BUY,12
2025-10-24,23:31,AVNTUSDT,SELL,15
2025-10-24,23:48,ZECUSDT,BUY,7
2025-10-25,00:00,LIGHTUSDT,BUY,9
2025-10-25,00:04,BLUAIUSDT,SELL,7
2025-10-25,00:05,HUSDT,BUY,10
2025-10-25,00:07,HUSDT,BUY,18
2025-10-25,00:08,XPINUSDT,BUY,14
2025-10-25,00:08,FUSDT,BUY,10
2025-10-25,00:08,LIGHTUSDT,BUY,7
2025-10-25,00:12,HUSDT,SELL,9
2025-10-25,00:25,COAIUSDT,BUY,10
2025-10-25,00:26,COAIUSDT,BUY,7
2025-10-25,00:27,COAIUSDT,BUY,11
2025-10-25,00:29,COAIUSDT,BUY,10
2025-10-25,00:30,PUMPBTCUSDT,BUY,9
2025-10-25,00:30,HUSDT,BUY,9
2025-10-25,00:37,COAIUSDT,BUY,7
2025-10-25,00:43,KGENUSDT,SELL,8
2025-10-25,00:49,EVAAUSDT,BUY,17
2025-10-25,00:49,HUSDT,BUY,7
2025-10-25,00:51,EVAAUSDT,BUY,8
2025-10-25,00:57,EVAAUSDT,BUY,11
2025-10-25,01:00,COAIUSDT,BUY,7
2025-10-25,01:02,EVAAUSDT,BUY,12
2025-10-25,01:02,HUSDT,SELL,13
2025-10-25,01:02,COAIUSDT,BUY,8
2025-10-25,01:07,DEGOUSDT,SELL,17
2025-10-25,01:08,LIGHTUSDT,BUY,10
2025-10-25,01:09,FUSDT,BUY,10
2025-10-25,01:11,PUMPBTCUSDT,SELL,15
2025-10-25,01:12,COAIUSDT,BUY,19
2025-10-25,01:12,FUSDT,BUY,12
2025-10-25,01:14,EVAAUSDT,SELL,7
2025-10-25,01:18,COAIUSDT,BUY,8
2025-10-25,01:22,COAIUSDT,BUY,11
2025-10-25,01:24,DEGOUSDT,BUY,10
2025-10-25,01:31,HUSDT,BUY,7
2025-10-25,01:33,VIRTUALUSDT,BUY,12
2025-10-25,01:35,VIRTUALUSDT,BUY,8
2025-10-25,01:38,XRPUSDT,BUY,7
2025-10-25,01:44,HUSDT,BUY,8
2025-10-25,01:44,COAIUSDT,BUY,9
2025-10-25,01:45,COAIUSDT,BUY,7
2025-10-25,01:45,FUSDT,BUY,13
2025-10-25,01:47,XRPUSDT,BUY,15
2025-10-25,01:47,KGENUSDT,BUY,7
2025-10-25,01:47,FUSDT,BUY,9
2025-10-25,01:48,XRPUSDT,BUY,7
2025-10-25,01:48,FUSDT,BUY,12
2025-10-25,01:51,HUSDT,BUY,10
2025-10-25,01:51,EVAAUSDT,BUY,16
2025-10-25,01:51,FUSDT,BUY,8
2025-10-25,01:55,FUSDT,BUY,13
2025-10-25,01:55,TRXUSDT,SELL,8
2025-10-25,01:59,COAIUSDT,BUY,13
2025-10-25,02:00,EVAAUSDT,BUY,8
2025-10-25,02:01,FUSDT,BUY,13
2025-10-25,02:02,EVAAUSDT,BUY,8
2025-10-25,02:02,TRXUSDT,SELL,11
2025-10-25,02:03,EVAAUSDT,BUY,8
2025-10-25,02:10,EVAAUSDT,SELL,8
2025-10-25,02:10,BANKUSDT,BUY,8
2025-10-25,02:11,BLESSUSDT,BUY,9
2025-10-25,02:13,HUSDT,SELL,10
2025-10-25,02:14,XRPUSDT,BUY,12
2025-10-25,02:15,BLESSUSDT,BUY,7
2025-10-25,02:16,HUSDT,SELL,9
2025-10-25,02:17,HUSDT,SELL,16
2025-10-25,02:17,MYXUSDT,SELL,7
2025-10-25,02:21,EVAAUSDT,BUY,8
2025-10-25,02:21,GIGGLEUSDT,SELL,10
2025-10-25,02:26,EVAAUSDT,BUY,12
2025-10-25,02:28,XRPUSDT,BUY,10
2025-10-25,02:28,XPINUSDT,BUY,8
2025-10-25,02:29,HUSDT,BUY,9
2025-10-25,02:31,BLUAIUSDT,BUY,9
2025-10-25,02:31,BTCUSDT,BUY,10
2025-10-25,02:31,XRPUSDT,BUY,8
2025-10-25,02:31,ETHUSDT,BUY,8
2025-10-25,02:31,SOLUSDT,BUY,9
2025-10-25,02:35,EVAAUSDT,BUY,8
2025-10-25,02:43,HUSDT,BUY,9
2025-10-25,02:44,HUSDT,BUY,9
2025-10-25,02:45,HUSDT,BUY,12
2025-10-25,02:50,FUSDT,BUY,14
2025-10-25,02:50,HUSDT,BUY,7
2025-10-25,02:53,HUSDT,BUY,8
2025-10-25,02:54,HUSDT,BUY,11
2025-10-25,02:54,BLESSUSDT,BUY,9
2025-10-25,02:55,KGENUSDT,BUY,12
2025-10-25,02:55,IDOLUSDT,BUY,7
2025-10-25,03:01,BLESSUSDT,BUY,9
2025-10-25,03:04,HUSDT,BUY,7
2025-10-25,03:08,DOODUSDT,BUY,7
2025-10-25,03:13,HUSDT,BUY,15
2025-10-25,03:14,HUSDT,BUY,7
2025-10-25,03:14,COAIUSDT,SELL,8
2025-10-25,03:19,EVAAUSDT,BUY,12
2025-10-25,03:20,METUSDT,SELL,10
2025-10-25,03:22,币安人生USDT,SELL,7
2025-10-25,03:24,EVAAUSDT,BUY,11
2025-10-25,03:26,KGENUSDT,SELL,8
2025-10-25,03:26,BLUAIUSDT,SELL,8
2025-10-25,03:27,TREEUSDT,BUY,7
2025-10-25,03:27,KGENUSDT,SELL,20
2025-10-25,03:30,DOODUSDT,BUY,10
2025-10-25,03:32,FUSDT,SELL,8
2025-10-25,03:36,DEGOUSDT,BUY,7
2025-10-25,03:38,METUSDT,SELL,12
2025-10-25,03:39,EVAAUSDT,SELL,7
2025-10-25,03:40,VIRTUALUSDT,BUY,16
2025-10-25,03:44,4USDT,SELL,12
2025-10-25,03:45,VIRTUALUSDT,BUY,9
2025-10-25,03:45,EVAAUSDT,SELL,8
2025-10-25,03:46,PUMPBTCUSDT,SELL,11
2025-10-25,03:47,KGENUSDT,SELL,11
2025-10-25,03:48,VIRTUALUSDT,BUY,9
2025-10-25,03:55,4USDT,SELL,23
2025-10-25,04:01,EVAAUSDT,BUY,7
2025-10-25,04:02,METUSDT,SELL,7
2025-10-25,04:03,GIGGLEUSDT,BUY,28
2025-10-25,04:03,4USDT,BUY,10
2025-10-25,04:04,4USDT,BUY,22
2025-10-25,04:04,币安人生USDT,BUY,13
2025-10-25,04:05,4USDT,BUY,9
2025-10-25,04:05,币安人生USDT,BUY,9
2025-10-25,04:08,PUMPBTCUSDT,SELL,9
2025-10-25,04:09,币安人生USDT,BUY,7
2025-10-25,04:10,币安人生USDT,BUY,13
2025-10-25,04:10,VIRTUALUSDT,SELL,8
2025-10-25,04:10,GIGGLEUSDT,BUY,10
2025-10-25,04:10,4USDT,BUY,8
2025-10-25,04:11,COAIUSDT,SELL,11
2025-10-25,04:12,EVAAUSDT,BUY,7
2025-10-25,04:12,4USDT,BUY,10
2025-10-25,04:12,FUSDT,BUY,8
2025-10-25,04:13,币安人生USDT,BUY,7
2025-10-25,04:13,4USDT,BUY,9
2025-10-25,04:13,LIGHTUSDT,SELL,7
2025-10-25,04:14,币安人生USDT,SELL,11
2025-10-25,04:15,DOODUSDT,BUY,7
2025-10-25,04:16,GIGGLEUSDT,BUY,17
2025-10-25,04:20,FUSDT,BUY,7
2025-10-25,04:23,HUSDT,BUY,8
2025-10-25,04:24,HUSDT,BUY,8
2025-10-25,04:24,EVAAUSDT,BUY,15
2025-10-25,04:25,COAIUSDT,SELL,16
2025-10-25,04:25,币安人生USDT,SELL,12
2025-10-25,04:26,COAIUSDT,SELL,12
2025-10-25,04:26,TREEUSDT,SELL,10
2025-10-25,04:28,GIGGLEUSDT,SELL,7
2025-10-25,04:30,COAIUSDT,SELL,15
2025-10-25,04:31,GIGGLEUSDT,BUY,13
2025-10-25,04:32,GIGGLEUSDT,BUY,14
2025-10-25,04:36,VIRTUALUSDT,SELL,12
2025-10-25,04:36,EVAAUSDT,BUY,7
2025-10-25,04:37,BLUAIUSDT,SELL,9
2025-10-25,04:39,BLUAIUSDT,SELL,8
2025-10-25,04:40,PIPPINUSDT,SELL,11
2025-10-25,04:45,RIVERUSDT,BUY,8
2025-10-25,04:47,FUSDT,SELL,9
2025-10-25,04:47,COAIUSDT,SELL,16
2025-10-25,05:00,RIVERUSDT,BUY,9
2025-10-25,05:00,EVAAUSDT,BUY,11
2025-10-25,05:01,COAIUSDT,SELL,10
2025-10-25,05:02,COAIUSDT,SELL,13
2025-10-25,05:03,4USDT,BUY,12
2025-10-25,05:03,COAIUSDT,SELL,10
2025-10-25,05:04,COAIUSDT,SELL,19
2025-10-25,05:05,GIGGLEUSDT,SELL,7
2025-10-25,05:06,GIGGLEUSDT,SELL,8
2025-10-25,05:07,GIGGLEUSDT,SELL,17
2025-10-25,05:07,4USDT,SELL,9
2025-10-25,05:08,UBUSDT,SELL,7
2025-10-25,05:11,币安人生USDT,BUY,14
2025-10-25,05:15,EPTUSDT,BUY,7
2025-10-25,05:16,COAIUSDT,SELL,11
2025-10-25,05:18,HUSDT,BUY,9
2025-10-25,05:18,BTCUSDT,BUY,10
2025-10-25,05:20,COAIUSDT,BUY,11
2025-10-25,05:21,HUSDT,BUY,8
2025-10-25,05:25,HUSDT,BUY,21
2025-10-25,05:26,币安人生USDT,SELL,8
2025-10-25,05:26,XRPUSDT,BUY,11
2025-10-25,05:32,COAIUSDT,SELL,13
2025-10-25,05:33,BLUAIUSDT,SELL,9
2025-10-25,05:34,COAIUSDT,BUY,7
2025-10-25,05:36,HUSDT,BUY,7
2025-10-25,05:43,METUSDT,SELL,9
2025-10-25,05:43,币安人生USDT,SELL,15
2025-10-25,05:49,COAIUSDT,BUY,8
2025-10-25,05:50,COAIUSDT,BUY,8
2025-10-25,05:50,TRXUSDT,SELL,9
2025-10-25,05:50,XPINUSDT,BUY,10
2025-10-25,05:51,BLUAIUSDT,SELL,9
2025-10-25,05:52,COAIUSDT,BUY,13
2025-10-25,05:52,XPINUSDT,BUY,7
2025-10-25,05:53,GIGGLEUSDT,SELL,8
2025-10-25,05:54,GIGGLEUSDT,SELL,9
2025-10-25,05:57,COAIUSDT,SELL,8
2025-10-25,06:01,BLUAIUSDT,SELL,11
2025-10-25,06:02,BLUAIUSDT,SELL,9
2025-10-25,06:05,AIAUSDT,SELL,9
2025-10-25,06:05,KGENUSDT,SELL,7
2025-10-25,06:06,KGENUSDT,SELL,7
2025-10-25,06:11,TRXUSDT,SELL,7
2025-10-25,06:11,4USDT,SELL,7
2025-10-25,06:11,AIAUSDT,SELL,7
2025-10-25,06:13,COAIUSDT,SELL,10
2025-10-25,06:14,COAIUSDT,SELL,15
2025-10-25,06:15,COAIUSDT,SELL,11
2025-10-25,06:15,EVAAUSDT,SELL,13
2025-10-25,06:16,BLUAIUSDT,SELL,12
2025-10-25,06:16,KDAUSDT,SELL,7
2025-10-25,06:17,COAIUSDT,SELL,18
2025-10-25,06:17,BLUAIUSDT,SELL,18
2025-10-25,06:17,KDAUSDT,SELL,8
2025-10-25,06:20,COAIUSDT,BUY,10
2025-10-25,06:24,4USDT,SELL,15
2025-10-25,06:30,BANKUSDT,SELL,10
2025-10-25,06:33,METUSDT,SELL,8
2025-10-25,06:40,GIGGLEUSDT,SELL,7
2025-10-25,06:42,BTRUSDT,SELL,8
2025-10-25,06:44,BANKUSDT,SELL,8
2025-10-25,06:45,RIVERUSDT,SELL,9
2025-10-25,06:45,BANKUSDT,SELL,7
2025-10-25,06:47,SOLUSDT,BUY,7
2025-10-25,06:47,BANKUSDT,SELL,14
2025-10-25,06:55,HUSDT,SELL,8
2025-10-25,06:58,HUSDT,SELL,12
2025-10-25,07:02,FUSDT,SELL,14
2025-10-25,07:03,币安人生USDT,SELL,9
2025-10-25,07:06,KDAUSDT,SELL,9
2025-10-25,07:07,GIGGLEUSDT,BUY,12
2025-10-25,07:14,FUSDT,BUY,12
2025-10-25,07:14,4USDT,SELL,7
2025-10-25,07:16,4USDT,SELL,16
2025-10-25,07:16,GIGGLEUSDT,SELL,13
2025-10-25,07:16,KGENUSDT,SELL,9
2025-10-25,07:19,DEGOUSDT,BUY,9
2025-10-25,07:20,FUSDT,SELL,8
2025-10-25,07:22,GIGGLEUSDT,BUY,16
2025-10-25,07:30,FUSDT,BUY,9
2025-10-25,07:38,COAIUSDT,BUY,18
2025-10-25,07:39,INUSDT,BUY,7
2025-10-25,07:43,FUSDT,BUY,7
2025-10-25,07:45,ASTERUSDT,SELL,11
2025-10-25,07:45,COAIUSDT,SELL,9
2025-10-25,07:46,FUSDT,BUY,13
2025-10-25,07:47,FUSDT,BUY,13
2025-10-25,07:53,GIGGLEUSDT,BUY,8
2025-10-25,07:54,GIGGLEUSDT,BUY,8
2025-10-25,07:57,LIGHTUSDT,SELL,9
2025-10-25,07:58,GIGGLEUSDT,BUY,10
2025-10-25,08:04,B2USDT,SELL,7
2025-10-25,08:04,EVAAUSDT,BUY,21
2025-10-25,08:06,FUSDT,BUY,8
2025-10-25,08:06,COAIUSDT,SELL,10
2025-10-25,08:07,COAIUSDT,SELL,13
2025-10-25,08:09,COAIUSDT,SELL,7
2025-10-25,08:12,BLESSUSDT,BUY,9
2025-10-25,08:13,LIGHTUSDT,SELL,12
2025-10-25,08:23,GIGGLEUSDT,BUY,11
2025-10-25,08:24,UBUSDT,BUY,7
2025-10-25,08:31,GIGGLEUSDT,BUY,8
2025-10-25,08:33,ETHUSDT,BUY,8
2025-10-25,08:38,KGENUSDT,SELL,8
2025-10-25,08:40,QUSDT,SELL,9
2025-10-25,08:50,PIPPINUSDT,BUY,7
2025-10-25,08:56,B2USDT,BUY,10
2025-10-25,08:57,4USDT,BUY,7
2025-10-25,09:02,ENSOUSDT,BUY,11
2025-10-25,09:05,UBUSDT,BUY,8
2025-10-25,09:07,VIRTUALUSDT,BUY,7
2025-10-25,09:15,GIGGLEUSDT,SELL,9
2025-10-25,09:16,RECALLUSDT,SELL,10
2025-10-25,09:18,DOODUSDT,SELL,9
2025-10-25,09:21,BLESSUSDT,BUY,17
2025-10-25,09:22,BLESSUSDT,BUY,8
2025-10-25,09:22,SOLUSDT,BUY,7
2025-10-25,09:23,BLESSUSDT,BUY,17
2025-10-25,09:27,FUSDT,SELL,12
2025-10-25,09:28,COAIUSDT,BUY,12
2025-10-25,09:39,COAIUSDT,BUY,10
2025-10-25,09:39,EVAAUSDT,SELL,9
2025-10-25,09:45,BLESSUSDT,BUY,10
2025-10-25,09:45,COAIUSDT,BUY,11
2025-10-25,09:46,VIRTUALUSDT,BUY,13
2025-10-25,09:49,COAIUSDT,BUY,9
2025-10-25,09:50,GIGGLEUSDT,BUY,14
2025-10-25,09:51,PIPPINUSDT,BUY,8
2025-10-25,09:52,HUSDT,BUY,8
2025-10-25,09:53,FUSDT,SELL,7
2025-10-25,09:54,FUSDT,SELL,8
2025-10-25,09:54,ENSOUSDT,SELL,9
2025-10-25,09:54,HUSDT,BUY,8
2025-10-25,09:55,BLESSUSDT,BUY,10
2025-10-25,09:57,PIPPINUSDT,BUY,8
2025-10-25,09:58,HUSDT,BUY,11
2025-10-25,09:59,BLESSUSDT,SELL,12
2025-10-25,10:00,GIGGLEUSDT,BUY,11
2025-10-25,10:01,BLESSUSDT,SELL,15
2025-10-25,10:02,COAIUSDT,BUY,12
2025-10-25,10:03,COAIUSDT,BUY,13
2025-10-25,10:03,BLUAIUSDT,SELL,8
2025-10-25,10:05,BLESSUSDT,BUY,7
2025-10-25,10:05,EDENUSDT,BUY,7
2025-10-25,10:06,BLESSUSDT,BUY,8
2025-10-25,10:08,COAIUSDT,BUY,19
2025-10-25,10:10,COAIUSDT,SELL,12
2025-10-25,10:13,VIRTUALUSDT,BUY,10
2025-10-25,10:18,COAIUSDT,BUY,9
2025-10-25,10:20,BLESSUSDT,SELL,9
2025-10-25,10:31,EVAAUSDT,SELL,11
2025-10-25,10:38,COAIUSDT,SELL,11
2025-10-25,10:44,KAITOUSDT,BUY,8
2025-10-25,10:44,VIRTUALUSDT,BUY,7
2025-10-25,10:46,HUSDT,SELL,8
2025-10-25,10:46,BLESSUSDT,BUY,7
2025-10-25,10:46,FUSDT,SELL,10
2025-10-25,10:50,SOLUSDT,SELL,15
2025-10-25,10:50,GIGGLEUSDT,SELL,8
2025-10-25,10:51,GIGGLEUSDT,SELL,9
2025-10-25,10:54,EVAAUSDT,SELL,13
2025-10-25,10:56,4USDT,SELL,7
2025-10-25,10:58,币安人生USDT,BUY,11
2025-10-25,11:00,币安人生USDT,BUY,8
2025-10-25,11:01,HUSDT,SELL,7
2025-10-25,11:01,BLESSUSDT,BUY,8
2025-10-25,11:02,EVAAUSDT,SELL,11
2025-10-25,11:04,ZKCUSDT,BUY,7
2025-10-25,11:06,VIRTUALUSDT,SELL,8
2025-10-25,11:06,SOLUSDT,SELL,7
2025-10-25,11:07,GIGGLEUSDT,SELL,10
2025-10-25,11:09,4USDT,BUY,17
2025-10-25,11:09,FUSDT,BUY,7
2025-10-25,11:16,SIGNUSDT,BUY,8
2025-10-25,11:18,HUSDT,SELL,8
2025-10-25,11:19,GIGGLEUSDT,BUY,9
2025-10-25,11:20,GIGGLEUSDT,BUY,7
2025-10-25,11:21,COAIUSDT,SELL,13
2025-10-25,11:23,BLESSUSDT,BUY,7
2025-10-25,11:23,4USDT,BUY,7
2025-10-25,11:25,币安人生USDT,BUY,7
2025-10-25,11:29,BASUSDT,BUY,7
2025-10-25,11:29,GIGGLEUSDT,BUY,8
2025-10-25,11:30,GIGGLEUSDT,BUY,8
2025-10-25,11:30,COAIUSDT,SELL,9
2025-10-25,11:31,4USDT,BUY,10
2025-10-25,11:31,COAIUSDT,SELL,7
2025-10-25,11:32,HUSDT,SELL,7
2025-10-25,11:35,BLESSUSDT,SELL,8
2025-10-25,11:35,DEGOUSDT,BUY,8
2025-10-25,11:45,HUSDT,SELL,14
2025-10-25,11:46,XRPUSDT,BUY,8
2025-10-25,11:46,币安人生USDT,SELL,8
2025-10-25,11:46,BLESSUSDT,BUY,18
2025-10-25,11:50,GIGGLEUSDT,SELL,8
2025-10-25,11:51,GIGGLEUSDT,BUY,8
2025-10-25,11:52,GIGGLEUSDT,BUY,19
2025-10-25,11:52,VIRTUALUSDT,SELL,7
2025-10-25,12:02,EVAAUSDT,SELL,9
2025-10-25,12:04,COAIUSDT,SELL,9
2025-10-25,12:07,QUSDT,SELL,10
2025-10-25,12:14,BLESSUSDT,SELL,17
2025-10-25,12:15,4USDT,SELL,11
2025-10-25,12:16,BASUSDT,SELL,9
2025-10-25,12:18,BLESSUSDT,SELL,11
2025-10-25,12:18,ARIAUSDT,SELL,8
2025-10-25,12:19,BLESSUSDT,SELL,11
2025-10-25,12:19,COAIUSDT,SELL,7
2025-10-25,12:22,4USDT,SELL,12
2025-10-25,12:26,RVVUSDT,SELL,15
2025-10-25,12:28,PIPPINUSDT,SELL,11
2025-10-25,12:34,PUMPBTCUSDT,SELL,11
2025-10-25,12:36,GIGGLEUSDT,BUY,7
2025-10-25,12:36,PIPPINUSDT,SELL,7
2025-10-25,12:44,COAIUSDT,BUY,7
2025-10-25,12:47,VIRTUALUSDT,SELL,8
2025-10-25,12:47,EDENUSDT,BUY,8
2025-10-25,12:50,GIGGLEUSDT,SELL,10
2025-10-25,12:51,EDENUSDT,BUY,14
2025-10-25,12:52,BLESSUSDT,BUY,13
2025-10-25,12:53,BLESSUSDT,BUY,7
2025-10-25,13:00,BLESSUSDT,BUY,11
2025-10-25,13:02,EDENUSDT,BUY,17
2025-10-25,13:08,GIGGLEUSDT,BUY,7
2025-10-25,13:13,EDENUSDT,SELL,14
2025-10-25,13:13,BLESSUSDT,SELL,7
2025-10-25,13:15,BLESSUSDT,BUY,7
2025-10-25,13:18,HUSDT,SELL,7
2025-10-25,13:24,VIRTUALUSDT,BUY,8
2025-10-25,13:25,EVAAUSDT,SELL,10
2025-10-25,13:33,GIGGLEUSDT,SELL,17
2025-10-25,13:35,XRPUSDT,BUY,14
2025-10-25,13:36,AVNTUSDT,SELL,8
2025-10-25,13:40,HUSDT,BUY,14
2025-10-25,13:48,VIRTUALUSDT,BUY,15
2025-10-25,13:48,ZECUSDT,BUY,7
2025-10-25,13:48,BTCUSDT,BUY,10
2025-10-25,13:50,AVNTUSDT,SELL,10
2025-10-25,13:52,GIGGLEUSDT,SELL,9
2025-10-25,13:55,COAIUSDT,SELL,30
2025-10-25,13:55,BLESSUSDT,SELL,7
2025-10-25,13:55,币安人生USDT,SELL,7
2025-10-25,13:56,GIGGLEUSDT,BUY,8
2025-10-25,13:58,BLESSUSDT,SELL,7
2025-10-25,14:00,EVAAUSDT,SELL,13
2025-10-25,14:00,BLESSUSDT,SELL,22
2025-10-25,14:00,PIPPINUSDT,SELL,11
2025-10-25,14:01,AIAUSDT,SELL,14
2025-10-25,14:01,HUSDT,SELL,8
2025-10-25,14:01,ASTERUSDT,SELL,8
2025-10-25,14:02,AIAUSDT,SELL,21
2025-10-25,14:03,EVAAUSDT,SELL,8
2025-10-25,14:03,BLESSUSDT,SELL,11
2025-10-25,14:03,ASTERUSDT,SELL,8
2025-10-25,14:03,AIAUSDT,SELL,7
2025-10-25,14:03,RVVUSDT,SELL,8
2025-10-25,14:08,EDENUSDT,BUY,8
2025-10-25,14:09,4USDT,SELL,9
2025-10-25,14:10,4USDT,SELL,8
2025-10-25,14:16,COAIUSDT,BUY,9
2025-10-25,14:17,VIRTUALUSDT,BUY,7
2025-10-25,14:19,GIGGLEUSDT,SELL,11
2025-10-25,14:21,4USDT,SELL,8
2025-10-25,14:21,VIRTUALUSDT,BUY,8
2025-10-25,14:22,4USDT,SELL,18
2025-10-25,14:23,币安人生USDT,SELL,13
2025-10-25,14:25,COAIUSDT,BUY,8
2025-10-25,14:27,EDENUSDT,BUY,13
2025-10-25,14:28,4USDT,SELL,7
2025-10-25,14:32,XPINUSDT,SELL,30
2025-10-25,14:38,EDENUSDT,BUY,7
2025-10-25,14:39,VIRTUALUSDT,BUY,7
2025-10-25,14:41,BLESSUSDT,BUY,10
2025-10-25,14:46,EDENUSDT,SELL,14
2025-10-25,14:46,4USDT,SELL,9
2025-10-25,14:50,GIGGLEUSDT,SELL,9
2025-10-25,14:51,XRPUSDT,BUY,9
2025-10-25,14:52,XRPUSDT,BUY,8
2025-10-25,14:53,GIGGLEUSDT,BUY,7
2025-10-25,14:56,GIGGLEUSDT,BUY,8
2025-10-25,14:57,币安人生USDT,BUY,7
2025-10-25,15:01,BLESSUSDT,SELL,9
2025-10-25,15:03,RVVUSDT,SELL,7
2025-10-25,15:04,4USDT,BUY,7
2025-10-25,15:04,EDENUSDT,BUY,7
2025-10-25,15:07,FUSDT,SELL,7
2025-10-25,15:07,XRPUSDT,BUY,8
2025-10-25,15:07,GIGGLEUSDT,SELL,11
2025-10-25,15:09,GIGGLEUSDT,BUY,7
2025-10-25,15:11,4USDT,SELL,9
2025-10-25,15:16,VIRTUALUSDT,BUY,8
2025-10-25,15:17,COAIUSDT,BUY,8
2025-10-25,15:18,VIRTUALUSDT,BUY,8
2025-10-25,15:20,VIRTUALUSDT,BUY,9
2025-10-25,15:21,EDENUSDT,BUY,10
2025-10-25,15:25,SWARMSUSDT,SELL,7
2025-10-25,15:26,VIRTUALUSDT,BUY,9
2025-10-25,15:28,EDENUSDT,SELL,7
2025-10-25,15:28,KGENUSDT,SELL,15
2025-10-25,15:29,RVVUSDT,SELL,8
2025-10-25,15:30,FUSDT,SELL,12
2025-10-25,15:31,VIRTUALUSDT,BUY,9
2025-10-25,15:31,BLESSUSDT,SELL,8
2025-10-25,15:32,BLESSUSDT,SELL,24
2025-10-25,15:32,RVVUSDT,SELL,8
2025-10-25,15:33,GIGGLEUSDT,BUY,7
2025-10-25,15:35,BLESSUSDT,BUY,9
2025-10-25,15:37,XRPUSDT,BUY,15
2025-10-25,15:41,EDENUSDT,SELL,9
2025-10-25,15:42,ZKCUSDT,SELL,8
2025-10-25,15:43,HUSDT,BUY,9
2025-10-25,15:46,EDENUSDT,SELL,9
2025-10-25,15:46,EVAAUSDT,BUY,19
2025-10-25,15:47,EDENUSDT,SELL,14
2025-10-25,15:49,EVAAUSDT,BUY,7
2025-10-25,15:50,EVAAUSDT,SELL,9
2025-10-25,16:02,SYSUSDT,SELL,9
2025-10-25,16:03,HUSDT,SELL,7
2025-10-25,16:05,HUSDT,BUY,13
2025-10-25,16:05,EDENUSDT,SELL,17
2025-10-25,16:12,GIGGLEUSDT,SELL,8
2025-10-25,16:14,EDENUSDT,SELL,10
2025-10-25,16:14,GIGGLEUSDT,SELL,19
2025-10-25,16:15,EVAAUSDT,BUY,11
2025-10-25,16:17,HUSDT,SELL,8
2025-10-25,16:17,VIRTUALUSDT,SELL,7
2025-10-25,16:17,RIVERUSDT,BUY,7
2025-10-25,16:19,RIVERUSDT,BUY,13
2025-10-25,16:19,GIGGLEUSDT,SELL,11
2025-10-25,16:21,ENSOUSDT,SELL,8
2025-10-25,16:24,GIGGLEUSDT,BUY,7
2025-10-25,16:25,4USDT,BUY,9
2025-10-25,16:29,BLESSUSDT,BUY,8
2025-10-25,16:31,UBUSDT,BUY,7
2025-10-25,16:32,GIGGLEUSDT,BUY,7
2025-10-25,16:37,HUSDT,SELL,9
2025-10-25,16:42,VIRTUALUSDT,BUY,9
2025-10-25,16:43,币安人生USDT,BUY,7
2025-10-25,16:47,COAIUSDT,SELL,11
2025-10-25,16:49,RIVERUSDT,SELL,10
2025-10-25,16:51,GIGGLEUSDT,SELL,7
2025-10-25,16:56,STBLUSDT,SELL,10
2025-10-25,17:00,ENSOUSDT,SELL,9
2025-10-25,17:00,FHEUSDT,BUY,9
2025-10-25,17:01,COAIUSDT,SELL,9
2025-10-25,17:02,COAIUSDT,SELL,8
2025-10-25,17:02,AIAUSDT,SELL,7
2025-10-25,17:02,HUSDT,BUY,10
2025-10-25,17:04,BLESSUSDT,BUY,11
2025-10-25,17:04,HUSDT,BUY,11
2025-10-25,17:05,HUSDT,BUY,11
2025-10-25,17:09,币安人生USDT,BUY,7
2025-10-25,17:10,FUSDT,SELL,8
2025-10-25,17:11,FUSDT,SELL,9
2025-10-25,17:12,BLESSUSDT,SELL,11
2025-10-25,17:16,HUSDT,SELL,10
2025-10-25,17:19,AIXBTUSDT,SELL,12
2025-10-25,17:19,HUSDT,SELL,8
2025-10-25,17:21,HUSDT,SELL,10
2025-10-25,17:21,DOODUSDT,SELL,7
2025-10-25,17:23,UBUSDT,SELL,7
2025-10-25,17:23,VIRTUALUSDT,BUY,8
2025-10-25,17:27,HUSDT,SELL,8
2025-10-25,17:31,VIRTUALUSDT,BUY,17
2025-10-25,17:31,FUSDT,SELL,7
2025-10-25,17:34,GIGGLEUSDT,BUY,7
2025-10-25,17:36,BIDUSDT,SELL,9
2025-10-25,17:37,BLESSUSDT,SELL,13
2025-10-25,17:37,币安人生USDT,SELL,7
2025-10-25,17:37,XANUSDT,SELL,8
2025-10-25,17:38,BLESSUSDT,SELL,15
2025-10-25,17:40,币安人生USDT,BUY,15
2025-10-25,17:42,币安人生USDT,BUY,11
2025-10-25,17:44,币安人生USDT,BUY,10
2025-10-25,17:45,VIRTUALUSDT,SELL,13
2025-10-25,17:47,XRPUSDT,SELL,9
2025-10-25,17:48,VIRTUALUSDT,BUY,7
2025-10-25,17:49,BLESSUSDT,SELL,7
2025-10-25,17:49,GIGGLEUSDT,BUY,11
2025-10-25,17:50,BANKUSDT,BUY,7
2025-10-25,17:50,GIGGLEUSDT,BUY,11
2025-10-25,17:53,XNYUSDT,SELL,7
2025-10-25,17:59,币安人生USDT,SELL,14
2025-10-25,18:04,BIOUSDT,BUY,7
2025-10-25,18:16,COAIUSDT,BUY,10
2025-10-25,18:21,GIGGLEUSDT,BUY,10
2025-10-25,18:25,COAIUSDT,BUY,8
2025-10-25,18:29,PIPPINUSDT,SELL,7
2025-10-25,18:31,YBUSDT,BUY,7
2025-10-25,18:31,币安人生USDT,BUY,9
2025-10-25,18:33,GIGGLEUSDT,SELL,8
2025-10-25,18:36,GIGGLEUSDT,SELL,10
2025-10-25,18:39,PIPPINUSDT,BUY,10
2025-10-25,18:41,PIPPINUSDT,BUY,12
2025-10-25,18:45,PIPPINUSDT,BUY,7
2025-10-25,18:46,COAIUSDT,BUY,8
2025-10-25,18:46,币安人生USDT,SELL,12
2025-10-25,18:46,PIPPINUSDT,BUY,11
2025-10-25,18:48,HUSDT,SELL,7
2025-10-25,18:49,PIPPINUSDT,BUY,8
2025-10-25,18:52,PIPPINUSDT,BUY,11
2025-10-25,19:00,EVAAUSDT,BUY,7
2025-10-25,19:01,4USDT,SELL,7
2025-10-25,19:04,PIPPINUSDT,BUY,14
2025-10-25,19:05,PIPPINUSDT,BUY,8
2025-10-25,19:10,GIGGLEUSDT,BUY,9
2025-10-25,19:16,GIGGLEUSDT,BUY,7
2025-10-25,19:24,ETHUSDT,BUY,7
2025-10-25,19:29,SUIUSDT,BUY,7
2025-10-25,19:31,ETHUSDT,BUY,8
2025-10-25,19:39,XRPUSDT,BUY,9
2025-10-25,19:44,SAPIENUSDT,BUY,7
2025-10-25,19:45,XRPUSDT,BUY,16
2025-10-25,19:46,币安人生USDT,BUY,9
2025-10-25,19:50,XRPUSDT,BUY,17
2025-10-25,19:51,币安人生USDT,BUY,19
2025-10-25,19:52,币安人生USDT,BUY,8
2025-10-25,19:58,BLESSUSDT,SELL,7
2025-10-25,20:00,4USDT,BUY,7
2025-10-25,20:04,HUSDT,BUY,9
2025-10-25,20:05,PIPPINUSDT,BUY,7
2025-10-25,20:09,币安人生USDT,SELL,9
2025-10-25,20:27,币安人生USDT,SELL,11
2025-10-25,20:35,PIPPINUSDT,SELL,7
2025-10-25,20:43,BLESSUSDT,BUY,9
2025-10-25,20:43,PIPPINUSDT,BUY,12
2025-10-25,20:52,币安人生USDT,SELL,8
2025-10-25,20:58,AIXBTUSDT,BUY,8
2025-10-25,21:01,PIPPINUSDT,BUY,8
2025-10-25,21:22,PIPPINUSDT,SELL,9
2025-10-25,21:38,PIPPINUSDT,SELL,16
2025-10-25,21:44,PIPPINUSDT,BUY,7
2025-10-25,21:45,PIPPINUSDT,BUY,9
2025-10-25,22:00,PIPPINUSDT,BUY,10
2025-10-25,22:01,PIPPINUSDT,SELL,8
2025-10-25,22:05,PIPPINUSDT,BUY,16
2025-10-25,22:15,币安人生USDT,SELL,8
2025-10-25,22:15,PIPPINUSDT,SELL,12
2025-10-25,22:22,ESPORTSUSDT,BUY,8
2025-10-25,22:23,币安人生USDT,SELL,9
2025-10-25,22:26,PIPPINUSDT,SELL,8
2025-10-25,22:30,HIPPOUSDT,SELL,11
2025-10-25,22:33,BLESSUSDT,SELL,7
2025-10-25,22:35,HIPPOUSDT,SELL,8
2025-10-25,22:37,GIGGLEUSDT,SELL,9
2025-10-25,22:40,PIPPINUSDT,SELL,7
2025-10-25,22:46,XRPUSDT,SELL,7
2025-10-25,22:51,PIPPINUSDT,BUY,8
2025-10-25,22:52,XPINUSDT,BUY,9
2025-10-25,22:54,PIPPINUSDT,BUY,10
2025-10-25,23:05,币安人生USDT,SELL,7
2025-10-25,23:06,币安人生USDT,SELL,14
2025-10-25,23:07,FORTHUSDT,SELL,8
2025-10-25,23:09,PIPPINUSDT,BUY,8
2025-10-25,23:11,COAIUSDT,SELL,7
2025-10-25,23:12,AIXBTUSDT,SELL,7
2025-10-25,23:12,COAIUSDT,SELL,8
2025-10-25,23:13,ZECUSDT,BUY,8
2025-10-25,23:14,FORTHUSDT,SELL,9
2025-10-25,23:23,币安人生USDT,SELL,7
2025-10-25,23:25,币安人生USDT,SELL,8
2025-10-25,23:27,4USDT,SELL,7
2025-10-25,23:28,ZECUSDT,BUY,11
2025-10-25,23:29,币安人生USDT,SELL,8
2025-10-25,23:29,ZECUSDT,BUY,9
2025-10-25,23:31,ZECUSDT,BUY,10
2025-10-25,23:31,EVAAUSDT,SELL,13
2025-10-25,23:35,BLESSUSDT,SELL,8
2025-10-25,23:45,PIPPINUSDT,BUY,7
2025-10-26,00:10,PIPPINUSDT,SELL,7
2025-10-26,00:31,BLUAIUSDT,BUY,10
2025-10-26,00:35,PIPPINUSDT,BUY,12
2025-10-26,00:44,BLUAIUSDT,BUY,10
2025-10-26,00:45,BLUAIUSDT,BUY,9
2025-10-26,00:52,币安人生USDT,BUY,7
2025-10-26,00:57,BLUAIUSDT,BUY,13
2025-10-26,01:00,HUSDT,BUY,7
2025-10-26,01:01,SOLUSDT,SELL,7
2025-10-26,01:03,COAIUSDT,BUY,8
2025-10-26,01:05,币安人生USDT,BUY,8
2025-10-26,01:09,BLUAIUSDT,SELL,8
2025-10-26,01:12,AIXBTUSDT,SELL,7
2025-10-26,01:29,XRPUSDT,BUY,8
2025-10-26,01:31,FUSDT,BUY,7
2025-10-26,01:36,INUSDT,BUY,7
2025-10-26,01:39,BTCUSDT,BUY,8
2025-10-26,01:47,BLUAIUSDT,BUY,9
2025-10-26,01:48,FUSDT,BUY,10
2025-10-26,01:51,AIXBTUSDT,BUY,8
2025-10-26,01:56,AIXBTUSDT,BUY,8
2025-10-26,02:00,SNXUSDT,SELL,10
2025-10-26,02:00,BLUAIUSDT,BUY,7
2025-10-26,02:01,AVNTUSDT,BUY,9
2025-10-26,02:05,BANKUSDT,SELL,8
2025-10-26,02:11,AIXBTUSDT,SELL,7
2025-10-26,02:12,币安人生USDT,BUY,12
2025-10-26,02:18,币安人生USDT,BUY,8
2025-10-26,02:22,4USDT,BUY,11
2025-10-26,02:24,币安人生USDT,SELL,9
2025-10-26,02:25,ASTERUSDT,BUY,7
2025-10-26,02:29,PIPPINUSDT,SELL,7
2025-10-26,02:30,PIPPINUSDT,SELL,8
2025-10-26,02:30,币安人生USDT,SELL,7
2025-10-26,02:33,PIPPINUSDT,SELL,12
2025-10-26,02:33,币安人生USDT,SELL,16
2025-10-26,02:34,GIGGLEUSDT,SELL,7
2025-10-26,02:34,YBUSDT,BUY,7
2025-10-26,02:35,YBUSDT,BUY,7
2025-10-26,02:35,PIPPINUSDT,SELL,7
2025-10-26,02:36,PIPPINUSDT,SELL,17
2025-10-26,02:36,AIXBTUSDT,SELL,8
2025-10-26,02:39,AIOUSDT,SELL,7
2025-10-26,02:40,COAIUSDT,SELL,8
2025-10-26,02:42,PUMPBTCUSDT,SELL,8
2025-10-26,02:45,4USDT,SELL,7
2025-10-26,02:52,XANUSDT,SELL,8
2025-10-26,02:56,ETHUSDT,SELL,14
2025-10-26,02:56,ETHUSDC,SELL,7
2025-10-26,02:56,4USDT,SELL,9
2025-10-26,02:56,DOGEUSDT,SELL,9
2025-10-26,02:56,SOLUSDT,SELL,8
2025-10-26,02:57,4USDT,SELL,9
2025-10-26,03:06,GIGGLEUSDT,BUY,9
2025-10-26,03:06,BLESSUSDT,SELL,8
2025-10-26,03:07,GIGGLEUSDT,BUY,9
2025-10-26,03:10,PIPPINUSDT,SELL,7
2025-10-26,03:11,BLESSUSDT,SELL,8
2025-10-26,03:11,EDENUSDT,SELL,9
2025-10-26,03:13,VIRTUALUSDT,SELL,13
2025-10-26,03:17,XANUSDT,SELL,8
2025-10-26,03:18,FUNUSDT,SELL,10
2025-10-26,03:21,币安人生USDT,SELL,8
2025-10-26,03:24,GIGGLEUSDT,BUY,8
2025-10-26,03:33,BLESSUSDT,SELL,10
2025-10-26,03:34,BLUAIUSDT,BUY,13
2025-10-26,03:35,COAIUSDT,SELL,7
2025-10-26,03:36,BLESSUSDT,SELL,17
2025-10-26,03:47,PIPPINUSDT,SELL,7
2025-10-26,03:47,HUSDT,SELL,7
2025-10-26,03:48,PIPPINUSDT,SELL,7
2025-10-26,03:50,PIPPINUSDT,SELL,7
2025-10-26,03:55,币安人生USDT,SELL,15
2025-10-26,03:59,币安人生USDT,SELL,18
2025-10-26,04:03,币安人生USDT,SELL,16
2025-10-26,04:14,AIXBTUSDT,SELL,7
2025-10-26,04:14,PIPPINUSDT,SELL,9
2025-10-26,04:15,GIGGLEUSDT,SELL,7
2025-10-26,04:16,PIPPINUSDT,SELL,13
2025-10-26,04:16,GIGGLEUSDT,SELL,10
2025-10-26,04:17,AIXBTUSDT,SELL,8
2025-10-26,04:18,VIRTUALUSDT,SELL,7
2025-10-26,04:24,ZECUSDT,BUY,11
2025-10-26,04:32,GIGGLEUSDT,SELL,7
2025-10-26,04:33,BLUAIUSDT,SELL,7
2025-10-26,04:37,BLUAIUSDT,SELL,7
2025-10-26,04:39,BLUAIUSDT,SELL,15
2025-10-26,04:41,ZECUSDT,BUY,8
2025-10-26,04:42,COAIUSDT,SELL,29
2025-10-26,04:44,VIRTUALUSDT,SELL,9
2025-10-26,04:55,ZECUSDT,BUY,7
2025-10-26,04:55,BLUAIUSDT,BUY,7
2025-10-26,05:00,GIGGLEUSDT,BUY,7
2025-10-26,05:01,HUSDT,SELL,10
2025-10-26,05:02,PIPPINUSDT,SELL,9
2025-10-26,05:09,RECALLUSDT,BUY,7
2025-10-26,05:12,RECALLUSDT,SELL,10
2025-10-26,05:17,PIPPINUSDT,SELL,13
2025-10-26,05:28,币安人生USDT,BUY,7
2025-10-26,05:38,BLESSUSDT,SELL,11
2025-10-26,05:41,AIXBTUSDT,BUY,8
2025-10-26,05:41,币安人生USDT,BUY,7
2025-10-26,05:44,AVNTUSDT,BUY,9
2025-10-26,05:51,PIPPINUSDT,SELL,9
2025-10-26,06:00,BLUAIUSDT,BUY,8
2025-10-26,06:15,BLUAIUSDT,BUY,7
2025-10-26,06:19,RVVUSDT,SELL,7
2025-10-26,06:41,PIPPINUSDT,SELL,8
2025-10-26,06:51,AIXBTUSDT,BUY,12
2025-10-26,06:52,AIXBTUSDT,BUY,9
2025-10-26,06:54,XPINUSDT,BUY,8
2025-10-26,06:55,4USDT,SELL,9
2025-10-26,06:55,COAIUSDT,SELL,11
2025-10-26,07:04,GIGGLEUSDT,BUY,7
2025-10-26,07:05,币安人生USDT,SELL,9
2025-10-26,07:09,PIPPINUSDT,SELL,9
2025-10-26,07:27,币安人生USDT,BUY,9
2025-10-26,07:29,ZECUSDT,BUY,12
2025-10-26,07:31,PUMPUSDT,SELL,7
2025-10-26,07:35,VIRTUALUSDT,SELL,9
2025-10-26,07:42,ZECUSDT,BUY,8
2025-10-26,07:52,PIPPINUSDT,SELL,8
2025-10-26,08:01,AIXBTUSDT,SELL,7
2025-10-26,08:02,KDAUSDT,BUY,12
2025-10-26,08:04,PIPPINUSDT,SELL,11
2025-10-26,08:09,B3USDT,SELL,8
2025-10-26,08:14,DEGOUSDT,SELL,7
2025-10-26,08:18,COAIUSDT,BUY,10
2025-10-26,08:20,DASHUSDT,BUY,7
2025-10-26,08:24,TRADOORUSDT,SELL,8
2025-10-26,08:26,KDAUSDT,BUY,7
2025-10-26,08:33,LABUSDT,SELL,7
2025-10-26,08:36,KDAUSDT,BUY,7
2025-10-26,08:37,EVAAUSDT,SELL,20
2025-10-26,08:37,GIGGLEUSDT,SELL,7
2025-10-26,08:41,KDAUSDT,SELL,7
2025-10-26,08:42,币安人生USDT,SELL,11
2025-10-26,08:46,AIXBTUSDT,BUY,7
2025-10-26,08:48,KDAUSDT,SELL,7
2025-10-26,08:49,AIOUSDT,SELL,7
2025-10-26,08:49,BLUAIUSDT,SELL,9
2025-10-26,08:50,AIOUSDT,SELL,8
2025-10-26,08:52,BLUAIUSDT,SELL,9
2025-10-26,08:52,AIOUSDT,SELL,7
2025-10-26,08:53,AIOUSDT,SELL,9
2025-10-26,09:01,COAIUSDT,SELL,11
2025-10-26,09:01,PIPPINUSDT,SELL,9
2025-10-26,09:03,PIPPINUSDT,SELL,7
2025-10-26,09:04,EVAAUSDT,BUY,7
2025-10-26,09:04,COAIUSDT,SELL,10
2025-10-26,09:06,AIXBTUSDT,BUY,8
2025-10-26,09:07,COAIUSDT,SELL,13
2025-10-26,09:07,AIXBTUSDT,BUY,12
2025-10-26,09:11,TRUTHUSDT,SELL,7
2025-10-26,09:15,KDAUSDT,SELL,8
2025-10-26,09:15,4USDT,BUY,7
2025-10-26,09:16,BIDUSDT,SELL,7
2025-10-26,09:16,EVAAUSDT,BUY,7
2025-10-26,09:17,COAIUSDT,SELL,15
2025-10-26,09:22,GIGGLEUSDT,SELL,8
2025-10-26,09:28,ZECUSDT,BUY,16
2025-10-26,09:31,COAIUSDT,SELL,10
2025-10-26,09:40,XRPUSDT,BUY,8
2025-10-26,09:43,AIXBTUSDT,SELL,12
2025-10-26,09:43,KDAUSDT,BUY,12
2025-10-26,09:46,GIGGLEUSDT,SELL,15
2025-10-26,09:47,ZECUSDT,BUY,10
2025-10-26,09:58,KDAUSDT,SELL,7
2025-10-26,09:59,B2USDT,BUY,9
2025-10-26,10:00,ZECUSDT,BUY,7
2025-10-26,10:01,币安人生USDT,SELL,10
2025-10-26,10:01,GIGGLEUSDT,SELL,8
2025-10-26,10:01,KDAUSDT,SELL,7
2025-10-26,10:02,币安人生USDT,SELL,7
2025-10-26,10:07,GIGGLEUSDT,SELL,7
2025-10-26,10:09,币安人生USDT,SELL,14
2025-10-26,10:14,GIGGLEUSDT,BUY,7
2025-10-26,10:15,4USDT,BUY,7
